2025-06-08 21:43:33,274 - INFO - ============================================================
2025-06-08 21:43:33,274 - INFO - STARTING DQN-LSTM TRADING EXPERIMENT
2025-06-08 21:43:33,274 - INFO - Log file: ../data/logs/dqn_lstm/training_20250608_214333.log
2025-06-08 21:43:33,274 - INFO - ============================================================
2025-06-08 21:43:33,292 - INFO - Loaded data from: ../data/04_feature/analytical_base_table_01.parquet
2025-06-08 21:43:33,293 - INFO - Data split: 1304 training rows, 559 validation rows
2025-06-08 21:43:33,294 - INFO - Training period: 2020-02-18 00:00:00 to 2023-09-13 00:00:00
2025-06-08 21:43:33,294 - INFO - Validation period: 2023-09-14 00:00:00 to 2025-03-25 00:00:00
2025-06-08 21:43:33,301 - INFO - ============================================================
2025-06-08 21:43:33,301 - INFO - STARTING DQN-LSTM TRAINING
2025-06-08 21:43:33,301 - INFO - ============================================================
2025-06-08 21:43:33,301 - INFO - Device: cuda
2025-06-08 21:43:33,301 - INFO - Episodes: 1000
2025-06-08 21:43:33,301 - INFO - Batch size: 32
2025-06-08 21:43:33,301 - INFO - Learning rate: 0.0001
2025-06-08 21:43:33,301 - INFO - Hidden size: 128
2025-06-08 21:43:33,301 - INFO - LSTM layers: 2
2025-06-08 21:43:33,301 - INFO - Dropout: 0.2
2025-06-08 21:43:33,301 - INFO - Window size: 21
2025-06-08 21:43:33,301 - INFO - ============================================================
2025-06-08 21:43:38,457 - INFO - Episode 1: Reward = -2.5414, Portfolio = $649.03, Return = -93.51%, Cash = $401.34, Crypto = 0.009588, Steps = 1282
2025-06-08 21:43:40,720 - INFO - Step 2000: Target network updated
2025-06-08 21:43:42,489 - INFO - Episode 2: Reward = -2.7547, Portfolio = $1070.76, Return = -89.29%, Cash = $472.02, Crypto = 0.023177, Steps = 1282
2025-06-08 21:43:46,543 - INFO - Episode 3: Reward = -2.2735, Portfolio = $795.19, Return = -92.05%, Cash = $546.09, Crypto = 0.009643, Steps = 1282
2025-06-08 21:43:47,036 - INFO - Step 4000: Target network updated
2025-06-08 21:43:50,799 - INFO - Episode 4: Reward = -2.7243, Portfolio = $479.63, Return = -95.20%, Cash = $443.92, Crypto = 0.001382, Steps = 1282
2025-06-08 21:43:53,571 - INFO - Step 6000: Target network updated
2025-06-08 21:43:54,868 - INFO - Episode 5: Reward = -2.2454, Portfolio = $730.05, Return = -92.70%, Cash = $374.26, Crypto = 0.013773, Steps = 1282
2025-06-08 21:43:58,960 - INFO - Episode 6: Reward = -2.7578, Portfolio = $438.32, Return = -95.62%, Cash = $106.28, Crypto = 0.012853, Steps = 1282
2025-06-08 21:43:59,941 - INFO - Step 8000: Target network updated
2025-06-08 21:44:03,091 - INFO - Episode 7: Reward = -2.4369, Portfolio = $684.16, Return = -93.16%, Cash = $68.07, Crypto = 0.023849, Steps = 1282
2025-06-08 21:44:06,511 - INFO - Step 10000: Loss = 0.027763, Epsilon = 0.9904
2025-06-08 21:44:06,511 - INFO - Step 10000: Target network updated
2025-06-08 21:44:07,713 - INFO - Episode 8: Reward = -2.0829, Portfolio = $717.64, Return = -92.82%, Cash = $401.99, Crypto = 0.012219, Steps = 1282
2025-06-08 21:44:11,256 - INFO - Step 11000: Loss = 0.002593, Epsilon = 0.9894
2025-06-08 21:44:13,801 - INFO - Episode 9: Reward = -2.9164, Portfolio = $418.95, Return = -95.81%, Cash = $138.55, Crypto = 0.010854, Steps = 1282
2025-06-08 21:44:16,002 - INFO - Step 12000: Loss = 0.002607, Epsilon = 0.9884
2025-06-08 21:44:16,002 - INFO - Step 12000: Target network updated
2025-06-08 21:44:19,910 - INFO - Episode 10: Reward = -1.9457, Portfolio = $761.38, Return = -92.39%, Cash = $297.07, Crypto = 0.017973, Steps = 1282
2025-06-08 21:44:19,910 - INFO - Episode 10 Summary: Avg Reward (100 eps) = -2.4679, Avg Portfolio (100 eps) = $674.51, Epsilon = 0.988
2025-06-08 21:44:20,774 - INFO - Step 13000: Loss = 0.001085, Epsilon = 0.9875
2025-06-08 21:44:25,586 - INFO - Step 14000: Loss = 0.001057, Epsilon = 0.9865
2025-06-08 21:44:25,586 - INFO - Step 14000: Target network updated
2025-06-08 21:44:26,070 - INFO - Episode 11: Reward = -2.2190, Portfolio = $596.61, Return = -94.03%, Cash = $399.75, Crypto = 0.007621, Steps = 1282
2025-06-08 21:44:30,353 - INFO - Step 15000: Loss = 0.001321, Epsilon = 0.9855
2025-06-08 21:44:32,152 - INFO - Episode 12: Reward = -2.2680, Portfolio = $723.01, Return = -92.77%, Cash = $146.64, Crypto = 0.022311, Steps = 1282
2025-06-08 21:44:35,117 - INFO - Step 16000: Loss = 0.000529, Epsilon = 0.9846
2025-06-08 21:44:35,118 - INFO - Step 16000: Target network updated
2025-06-08 21:44:38,313 - INFO - Episode 13: Reward = -2.2232, Portfolio = $619.65, Return = -93.80%, Cash = $452.64, Crypto = 0.006465, Steps = 1282
2025-06-08 21:44:39,915 - INFO - Step 17000: Loss = 0.000718, Epsilon = 0.9836
2025-06-08 21:44:44,456 - INFO - Episode 14: Reward = -2.8279, Portfolio = $762.65, Return = -92.37%, Cash = $292.29, Crypto = 0.018208, Steps = 1282
2025-06-08 21:44:44,705 - INFO - Step 18000: Loss = 0.000780, Epsilon = 0.9826
2025-06-08 21:44:44,705 - INFO - Step 18000: Target network updated
2025-06-08 21:44:49,637 - INFO - Step 19000: Loss = 0.000751, Epsilon = 0.9817
2025-06-08 21:44:50,767 - INFO - Episode 15: Reward = -2.4872, Portfolio = $604.96, Return = -93.95%, Cash = $269.70, Crypto = 0.012978, Steps = 1282
2025-06-08 21:44:54,461 - INFO - Step 20000: Loss = 0.000670, Epsilon = 0.9807
2025-06-08 21:44:54,462 - INFO - Step 20000: Target network updated
2025-06-08 21:44:56,897 - INFO - Episode 16: Reward = -3.0256, Portfolio = $654.33, Return = -93.46%, Cash = $317.68, Crypto = 0.013032, Steps = 1282
2025-06-08 21:44:59,111 - INFO - Step 21000: Loss = 0.000782, Epsilon = 0.9797
2025-06-08 21:45:02,790 - INFO - Episode 17: Reward = -2.4582, Portfolio = $506.12, Return = -94.94%, Cash = $267.64, Crypto = 0.009231, Steps = 1282
2025-06-08 21:45:03,749 - INFO - Step 22000: Loss = 0.000212, Epsilon = 0.9788
2025-06-08 21:45:03,750 - INFO - Step 22000: Target network updated
2025-06-08 21:45:08,553 - INFO - Step 23000: Loss = 0.000299, Epsilon = 0.9778
2025-06-08 21:45:08,914 - INFO - Episode 18: Reward = -3.6949, Portfolio = $493.79, Return = -95.06%, Cash = $218.03, Crypto = 0.010675, Steps = 1282
2025-06-08 21:45:13,340 - INFO - Step 24000: Loss = 0.000487, Epsilon = 0.9769
2025-06-08 21:45:13,340 - INFO - Step 24000: Target network updated
2025-06-08 21:45:15,046 - INFO - Episode 19: Reward = -2.2522, Portfolio = $1012.86, Return = -89.87%, Cash = $406.23, Crypto = 0.023483, Steps = 1282
2025-06-08 21:45:18,134 - INFO - Step 25000: Loss = 0.000300, Epsilon = 0.9759
2025-06-08 21:45:21,198 - INFO - Episode 20: Reward = -2.3220, Portfolio = $1017.42, Return = -89.83%, Cash = $464.17, Crypto = 0.021416, Steps = 1282
2025-06-08 21:45:21,198 - INFO - Episode 20 Summary: Avg Reward (100 eps) = -2.5229, Avg Portfolio (100 eps) = $686.83, Epsilon = 0.975
2025-06-08 21:45:22,922 - INFO - Step 26000: Loss = 0.000168, Epsilon = 0.9749
2025-06-08 21:45:22,923 - INFO - Step 26000: Target network updated
2025-06-08 21:45:27,304 - INFO - Episode 21: Reward = -3.1104, Portfolio = $735.90, Return = -92.64%, Cash = $520.28, Crypto = 0.008346, Steps = 1282
2025-06-08 21:45:27,681 - INFO - Step 27000: Loss = 0.000291, Epsilon = 0.9740
2025-06-08 21:45:32,469 - INFO - Step 28000: Loss = 0.000119, Epsilon = 0.9730
2025-06-08 21:45:32,469 - INFO - Step 28000: Target network updated
2025-06-08 21:45:33,449 - INFO - Episode 22: Reward = -3.1131, Portfolio = $686.39, Return = -93.14%, Cash = $493.53, Crypto = 0.007466, Steps = 1282
2025-06-08 21:45:37,280 - INFO - Step 29000: Loss = 0.000139, Epsilon = 0.9720
2025-06-08 21:45:39,596 - INFO - Episode 23: Reward = -3.1135, Portfolio = $485.05, Return = -95.15%, Cash = $222.13, Crypto = 0.010178, Steps = 1282
2025-06-08 21:45:42,060 - INFO - Step 30000: Loss = 0.000625, Epsilon = 0.9711
2025-06-08 21:45:42,060 - INFO - Step 30000: Target network updated
2025-06-08 21:45:45,748 - INFO - Episode 24: Reward = -2.5334, Portfolio = $656.85, Return = -93.43%, Cash = $258.44, Crypto = 0.015422, Steps = 1282
2025-06-08 21:45:46,863 - INFO - Step 31000: Loss = 0.000491, Epsilon = 0.9701
2025-06-08 21:45:51,641 - INFO - Step 32000: Loss = 0.000071, Epsilon = 0.9691
2025-06-08 21:45:51,642 - INFO - Step 32000: Target network updated
2025-06-08 21:45:51,873 - INFO - Episode 25: Reward = -2.2505, Portfolio = $850.83, Return = -91.49%, Cash = $456.56, Crypto = 0.015262, Steps = 1282
2025-06-08 21:45:56,088 - INFO - Step 33000: Loss = 0.000116, Epsilon = 0.9682
2025-06-08 21:45:57,664 - INFO - Episode 26: Reward = -2.4575, Portfolio = $982.49, Return = -90.18%, Cash = $597.68, Crypto = 0.014896, Steps = 1282
2025-06-08 21:46:00,883 - INFO - Step 34000: Loss = 0.000180, Epsilon = 0.9672
2025-06-08 21:46:00,883 - INFO - Step 34000: Target network updated
2025-06-08 21:46:03,805 - INFO - Episode 27: Reward = -2.2696, Portfolio = $551.09, Return = -94.49%, Cash = $403.09, Crypto = 0.005729, Steps = 1282
2025-06-08 21:46:05,665 - INFO - Step 35000: Loss = 0.000045, Epsilon = 0.9662
2025-06-08 21:46:09,955 - INFO - Episode 28: Reward = -2.4519, Portfolio = $498.83, Return = -95.01%, Cash = $160.69, Crypto = 0.013089, Steps = 1282
2025-06-08 21:46:10,460 - INFO - Step 36000: Loss = 0.000597, Epsilon = 0.9653
2025-06-08 21:46:10,461 - INFO - Step 36000: Target network updated
2025-06-08 21:46:15,247 - INFO - Step 37000: Loss = 0.000084, Epsilon = 0.9643
2025-06-08 21:46:16,092 - INFO - Episode 29: Reward = -2.5887, Portfolio = $468.32, Return = -95.32%, Cash = $262.96, Crypto = 0.007949, Steps = 1282
2025-06-08 21:46:20,017 - INFO - Step 38000: Loss = 0.000091, Epsilon = 0.9633
2025-06-08 21:46:20,017 - INFO - Step 38000: Target network updated
2025-06-08 21:46:22,218 - INFO - Episode 30: Reward = -3.2280, Portfolio = $398.91, Return = -96.01%, Cash = $146.90, Crypto = 0.009755, Steps = 1282
2025-06-08 21:46:22,218 - INFO - Episode 30 Summary: Avg Reward (100 eps) = -2.5858, Avg Portfolio (100 eps) = $668.37, Epsilon = 0.963
2025-06-08 21:46:24,815 - INFO - Step 39000: Loss = 0.000038, Epsilon = 0.9624
2025-06-08 21:46:28,461 - INFO - Episode 31: Reward = -2.3498, Portfolio = $680.37, Return = -93.20%, Cash = $315.57, Crypto = 0.014121, Steps = 1282
2025-06-08 21:46:29,709 - INFO - Step 40000: Loss = 0.000134, Epsilon = 0.9614
2025-06-08 21:46:29,709 - INFO - Step 40000: Target network updated
2025-06-08 21:46:34,616 - INFO - Step 41000: Loss = 0.000076, Epsilon = 0.9605
2025-06-08 21:46:34,729 - INFO - Episode 32: Reward = -2.3476, Portfolio = $802.64, Return = -91.97%, Cash = $150.42, Crypto = 0.025247, Steps = 1282
2025-06-08 21:46:39,451 - INFO - Step 42000: Loss = 0.000054, Epsilon = 0.9595
2025-06-08 21:46:39,452 - INFO - Step 42000: Target network updated
2025-06-08 21:46:40,921 - INFO - Episode 33: Reward = -2.9114, Portfolio = $646.17, Return = -93.54%, Cash = $225.65, Crypto = 0.016278, Steps = 1282
2025-06-08 21:46:43,955 - INFO - Step 43000: Loss = 0.000028, Epsilon = 0.9585
2025-06-08 21:46:46,738 - INFO - Episode 34: Reward = -2.0479, Portfolio = $534.42, Return = -94.66%, Cash = $309.93, Crypto = 0.008690, Steps = 1282
2025-06-08 21:46:48,729 - INFO - Step 44000: Loss = 0.000053, Epsilon = 0.9576
2025-06-08 21:46:48,730 - INFO - Step 44000: Target network updated
2025-06-08 21:46:52,981 - INFO - Episode 35: Reward = -2.7412, Portfolio = $562.20, Return = -94.38%, Cash = $289.48, Crypto = 0.010557, Steps = 1282
2025-06-08 21:46:53,614 - INFO - Step 45000: Loss = 0.000044, Epsilon = 0.9566
2025-06-08 21:46:58,475 - INFO - Step 46000: Loss = 0.000027, Epsilon = 0.9556
2025-06-08 21:46:58,476 - INFO - Step 46000: Target network updated
2025-06-08 21:46:59,188 - INFO - Episode 36: Reward = -2.8756, Portfolio = $520.72, Return = -94.79%, Cash = $65.98, Crypto = 0.017603, Steps = 1282
2025-06-08 21:47:03,376 - INFO - Step 47000: Loss = 0.000038, Epsilon = 0.9547
2025-06-08 21:47:05,421 - INFO - Episode 37: Reward = -4.8302, Portfolio = $291.25, Return = -97.09%, Cash = $158.08, Crypto = 0.005155, Steps = 1282
2025-06-08 21:47:08,093 - INFO - Step 48000: Loss = 0.000325, Epsilon = 0.9537
2025-06-08 21:47:08,093 - INFO - Step 48000: Target network updated
2025-06-08 21:47:11,290 - INFO - Episode 38: Reward = -2.5183, Portfolio = $881.75, Return = -91.18%, Cash = $696.57, Crypto = 0.007168, Steps = 1282
2025-06-08 21:47:12,517 - INFO - Step 49000: Loss = 0.000060, Epsilon = 0.9527
2025-06-08 21:47:17,282 - INFO - Episode 39: Reward = -3.3516, Portfolio = $756.10, Return = -92.44%, Cash = $172.25, Crypto = 0.022601, Steps = 1282
2025-06-08 21:47:17,299 - INFO - Step 50000: Loss = 0.000092, Epsilon = 0.9518
2025-06-08 21:47:17,300 - INFO - Step 50000: Target network updated
2025-06-08 21:47:22,172 - INFO - Step 51000: Loss = 0.000020, Epsilon = 0.9508
2025-06-08 21:47:23,510 - INFO - Episode 40: Reward = -3.3265, Portfolio = $356.78, Return = -96.43%, Cash = $227.99, Crypto = 0.004986, Steps = 1282
2025-06-08 21:47:23,510 - INFO - Episode 40 Summary: Avg Reward (100 eps) = -2.6718, Avg Portfolio (100 eps) = $652.09, Epsilon = 0.951
2025-06-08 21:47:26,926 - INFO - Step 52000: Loss = 0.000025, Epsilon = 0.9498
2025-06-08 21:47:26,927 - INFO - Step 52000: Target network updated
2025-06-08 21:47:29,614 - INFO - Episode 41: Reward = -2.1138, Portfolio = $743.00, Return = -92.57%, Cash = $305.70, Crypto = 0.016928, Steps = 1282
2025-06-08 21:47:31,741 - INFO - Step 53000: Loss = 0.000027, Epsilon = 0.9489
2025-06-08 21:47:35,846 - INFO - Episode 42: Reward = -3.4552, Portfolio = $470.06, Return = -95.30%, Cash = $110.85, Crypto = 0.013905, Steps = 1282
2025-06-08 21:47:36,609 - INFO - Step 54000: Loss = 0.000039, Epsilon = 0.9479
2025-06-08 21:47:36,610 - INFO - Step 54000: Target network updated
2025-06-08 21:47:41,585 - INFO - Step 55000: Loss = 0.000034, Epsilon = 0.9470
2025-06-08 21:47:42,174 - INFO - Episode 43: Reward = -3.5240, Portfolio = $420.35, Return = -95.80%, Cash = $155.71, Crypto = 0.010244, Steps = 1282
2025-06-08 21:47:46,423 - INFO - Step 56000: Loss = 0.000032, Epsilon = 0.9460
2025-06-08 21:47:46,424 - INFO - Step 56000: Target network updated
2025-06-08 21:47:48,404 - INFO - Episode 44: Reward = -2.3256, Portfolio = $668.12, Return = -93.32%, Cash = $423.89, Crypto = 0.009454, Steps = 1282
2025-06-08 21:47:51,641 - INFO - Step 57000: Loss = 0.000025, Epsilon = 0.9450
2025-06-08 21:47:55,542 - INFO - Episode 45: Reward = -2.2663, Portfolio = $788.48, Return = -92.12%, Cash = $564.75, Crypto = 0.008660, Steps = 1282
2025-06-08 21:47:57,093 - INFO - Step 58000: Loss = 0.000021, Epsilon = 0.9441
2025-06-08 21:47:57,093 - INFO - Step 58000: Target network updated
2025-06-08 21:48:01,843 - INFO - Episode 46: Reward = -3.4606, Portfolio = $529.84, Return = -94.70%, Cash = $302.76, Crypto = 0.008790, Steps = 1282
2025-06-08 21:48:01,987 - INFO - Step 59000: Loss = 0.000333, Epsilon = 0.9431
2025-06-08 21:48:07,022 - INFO - Step 60000: Loss = 0.000305, Epsilon = 0.9421
2025-06-08 21:48:07,023 - INFO - Step 60000: Target network updated
2025-06-08 21:48:08,313 - INFO - Episode 47: Reward = -2.4196, Portfolio = $715.19, Return = -92.85%, Cash = $239.98, Crypto = 0.018395, Steps = 1282
2025-06-08 21:48:12,042 - INFO - Step 61000: Loss = 0.000040, Epsilon = 0.9412
2025-06-08 21:48:14,686 - INFO - Episode 48: Reward = -2.4226, Portfolio = $701.87, Return = -92.98%, Cash = $417.59, Crypto = 0.011004, Steps = 1282
2025-06-08 21:48:16,959 - INFO - Step 62000: Loss = 0.000045, Epsilon = 0.9402
2025-06-08 21:48:16,960 - INFO - Step 62000: Target network updated
2025-06-08 21:48:20,660 - INFO - Episode 49: Reward = -3.9723, Portfolio = $730.46, Return = -92.70%, Cash = $298.52, Crypto = 0.016720, Steps = 1282
2025-06-08 21:48:21,583 - INFO - Step 63000: Loss = 0.000045, Epsilon = 0.9392
2025-06-08 21:48:26,396 - INFO - Step 64000: Loss = 0.000358, Epsilon = 0.9383
2025-06-08 21:48:26,396 - INFO - Step 64000: Target network updated
2025-06-08 21:48:26,889 - INFO - Episode 50: Reward = -2.3643, Portfolio = $717.00, Return = -92.83%, Cash = $306.02, Crypto = 0.015909, Steps = 1282
2025-06-08 21:48:26,890 - INFO - Episode 50 Summary: Avg Reward (100 eps) = -2.7040, Avg Portfolio (100 eps) = $651.36, Epsilon = 0.938
2025-06-08 21:48:26,890 - INFO - 
Detailed steps for Episode 50:
2025-06-08 21:48:26,890 - INFO - Step | Action | Price    | RSI   | PnL%   | Cash%  | Pos%   | Reward    | Portfolio
2025-06-08 21:48:26,890 - INFO - ----------------------------------------------------------------------------------------------------
2025-06-08 21:48:26,890 - INFO -    0 | SELL |  7909.73 |  21.9 |   0.00 |  100.0 |    0.0 |   -0.1000 | $  10000.00
2025-06-08 21:48:26,890 - INFO -    1 | HOLD |  7911.43 |  24.3 |   0.00 |  100.0 |    0.0 |    0.0000 | $  10000.00
2025-06-08 21:48:26,890 - INFO -    2 | SELL |  4970.79 |  29.9 |   0.00 |  100.0 |    0.0 |   -0.1000 | $  10000.00
2025-06-08 21:48:26,890 - INFO -    3 | BUY  |  5563.71 |  13.1 |   0.00 |  100.0 |    0.0 |   -0.0049 | $   9950.98
2025-06-08 21:48:26,890 - INFO -    4 | BUY  |  5200.37 |  22.5 |   0.00 |   75.0 |   24.5 |   -0.0198 | $   9754.15
2025-06-08 21:48:26,890 - INFO -    5 | SELL |  5392.31 |  21.4 |  -3.73 |   56.2 |   41.3 |    0.0101 | $   9853.04
2025-06-08 21:48:26,890 - INFO -    6 | BUY  |  5014.48 |  24.0 |  -0.18 |   66.4 |   32.1 |   -0.0261 | $   9595.48
2025-06-08 21:48:26,890 - INFO -    7 | BUY  |  5225.63 |  18.7 |  -4.76 |   49.8 |   46.1 |    0.0177 | $   9765.35
2025-06-08 21:48:26,890 - INFO -    8 | SELL |  5238.44 |  21.7 |  -0.60 |   37.4 |   60.3 |   -0.0062 | $   9704.58
2025-06-08 21:48:26,890 - INFO -    9 | BUY  |  6191.19 |  22.0 |  -0.36 |   51.7 |   45.3 |    0.0823 | $  10503.69
2025-06-08 21:48:26,890 - INFO -   ...    ...      ...       ...     ...     ...      ...      ...         ...
2025-06-08 21:48:26,890 - INFO - 1272 | BUY  | 25969.57 |  47.6 |  -2.30 |    1.9 |    5.5 |   -0.0036 | $    736.25
2025-06-08 21:48:26,890 - INFO - 1273 | HOLD | 25812.42 |  47.7 |  -1.78 |    1.4 |    5.9 |   -0.0035 | $    732.65
2025-06-08 21:48:26,890 - INFO - 1274 | HOLD | 25779.98 |  46.8 |  -2.37 |    1.4 |    5.9 |   -0.0032 | $    731.91
2025-06-08 21:48:26,890 - INFO - 1275 | BUY  | 25753.24 |  47.4 |  -2.49 |    1.4 |    5.9 |   -0.0027 | $    730.61
2025-06-08 21:48:26,890 - INFO - 1276 | BUY  | 26240.20 |  42.4 |  -2.45 |    1.1 |    6.2 |   -0.1000 | $    741.89
2025-06-08 21:48:26,890 - INFO - 1277 | HOLD | 25905.65 |  50.8 |  -0.59 |    0.8 |    6.6 |   -0.0020 | $    733.45
2025-06-08 21:48:26,890 - INFO - 1278 | HOLD | 25895.68 |  48.5 |  -1.85 |    0.8 |    6.5 |   -0.0021 | $    733.20
2025-06-08 21:48:26,890 - INFO - 1279 | SELL | 25832.23 |  48.8 |  -1.89 |    0.8 |    6.5 |   -0.0023 | $    723.45
2025-06-08 21:48:26,890 - INFO - 1280 | BUY  | 25162.65 |  47.3 |  -2.13 |    2.3 |    4.9 |   -0.0028 | $    709.62
2025-06-08 21:48:26,890 - INFO - 1281 | SELL | 25833.34 |  41.4 |  -4.19 |    1.8 |    5.3 |   -0.0025 | $    717.00
2025-06-08 21:48:26,890 - INFO - 
Action distribution for Episode 50:
2025-06-08 21:48:26,890 - INFO -   HOLD:  442 ( 34.5%)
2025-06-08 21:48:26,890 - INFO -   BUY:   440 ( 34.3%)
2025-06-08 21:48:26,890 - INFO -   SELL:  400 ( 31.2%)
2025-06-08 21:48:26,890 - INFO - ----------------------------------------------------------------------------------------------------
2025-06-08 21:48:31,544 - INFO - Step 65000: Loss = 0.000045, Epsilon = 0.9373
2025-06-08 21:48:33,391 - INFO - Episode 51: Reward = -2.1002, Portfolio = $782.85, Return = -92.17%, Cash = $382.97, Crypto = 0.015479, Steps = 1282
2025-06-08 21:48:36,439 - INFO - Step 66000: Loss = 0.000043, Epsilon = 0.9363
2025-06-08 21:48:36,440 - INFO - Step 66000: Target network updated
2025-06-08 21:48:39,779 - INFO - Episode 52: Reward = -3.0820, Portfolio = $617.38, Return = -93.83%, Cash = $426.33, Crypto = 0.007396, Steps = 1282
2025-06-08 21:48:41,587 - INFO - Step 67000: Loss = 0.000721, Epsilon = 0.9354
2025-06-08 21:48:46,270 - INFO - Episode 53: Reward = -2.4433, Portfolio = $537.91, Return = -94.62%, Cash = $312.30, Crypto = 0.008733, Steps = 1282
2025-06-08 21:48:46,544 - INFO - Step 68000: Loss = 0.000052, Epsilon = 0.9344
2025-06-08 21:48:46,544 - INFO - Step 68000: Target network updated
2025-06-08 21:48:51,473 - INFO - Step 69000: Loss = 0.000043, Epsilon = 0.9334
2025-06-08 21:48:52,588 - INFO - Episode 54: Reward = -2.8713, Portfolio = $492.19, Return = -95.08%, Cash = $351.07, Crypto = 0.005463, Steps = 1282
2025-06-08 21:48:56,471 - INFO - Step 70000: Loss = 0.000045, Epsilon = 0.9325
2025-06-08 21:48:56,471 - INFO - Step 70000: Target network updated
2025-06-08 21:48:59,003 - INFO - Episode 55: Reward = -2.3470, Portfolio = $528.38, Return = -94.72%, Cash = $323.97, Crypto = 0.007913, Steps = 1282
2025-06-08 21:49:01,474 - INFO - Step 71000: Loss = 0.000386, Epsilon = 0.9315
2025-06-08 21:49:05,423 - INFO - Episode 56: Reward = -2.3591, Portfolio = $556.00, Return = -94.44%, Cash = $261.64, Crypto = 0.011394, Steps = 1282
2025-06-08 21:49:06,445 - INFO - Step 72000: Loss = 0.000059, Epsilon = 0.9306
2025-06-08 21:49:06,445 - INFO - Step 72000: Target network updated
2025-06-08 21:49:11,361 - INFO - Step 73000: Loss = 0.000105, Epsilon = 0.9296
2025-06-08 21:49:11,715 - INFO - Episode 57: Reward = -2.2767, Portfolio = $918.30, Return = -90.82%, Cash = $574.65, Crypto = 0.013302, Steps = 1282
2025-06-08 21:49:16,330 - INFO - Step 74000: Loss = 0.000062, Epsilon = 0.9286
2025-06-08 21:49:16,330 - INFO - Step 74000: Target network updated
2025-06-08 21:49:18,082 - INFO - Episode 58: Reward = -2.6909, Portfolio = $622.23, Return = -93.78%, Cash = $435.61, Crypto = 0.007224, Steps = 1282
2025-06-08 21:49:21,221 - INFO - Step 75000: Loss = 0.000020, Epsilon = 0.9277
2025-06-08 21:49:24,461 - INFO - Episode 59: Reward = -2.1084, Portfolio = $702.66, Return = -92.97%, Cash = $386.31, Crypto = 0.012246, Steps = 1282
2025-06-08 21:49:26,249 - INFO - Step 76000: Loss = 0.000029, Epsilon = 0.9267
2025-06-08 21:49:26,250 - INFO - Step 76000: Target network updated
2025-06-08 21:49:30,721 - INFO - Episode 60: Reward = -1.9454, Portfolio = $811.94, Return = -91.88%, Cash = $513.90, Crypto = 0.011537, Steps = 1282
2025-06-08 21:49:30,721 - INFO - Episode 60 Summary: Avg Reward (100 eps) = -2.6570, Avg Portfolio (100 eps) = $652.30, Epsilon = 0.926
2025-06-08 21:49:31,114 - INFO - Step 77000: Loss = 0.000047, Epsilon = 0.9257
2025-06-08 21:49:36,072 - INFO - Step 78000: Loss = 0.000034, Epsilon = 0.9248
2025-06-08 21:49:36,072 - INFO - Step 78000: Target network updated
2025-06-08 21:49:37,050 - INFO - Episode 61: Reward = -2.5261, Portfolio = $792.53, Return = -92.07%, Cash = $370.69, Crypto = 0.016329, Steps = 1282
2025-06-08 21:49:40,997 - INFO - Step 79000: Loss = 0.000040, Epsilon = 0.9238
2025-06-08 21:49:43,347 - INFO - Episode 62: Reward = -2.6976, Portfolio = $538.07, Return = -94.62%, Cash = $271.19, Crypto = 0.010331, Steps = 1282
2025-06-08 21:49:45,874 - INFO - Step 80000: Loss = 0.000025, Epsilon = 0.9228
2025-06-08 21:49:45,875 - INFO - Step 80000: Target network updated
2025-06-08 21:49:49,636 - INFO - Episode 63: Reward = -2.3730, Portfolio = $754.75, Return = -92.45%, Cash = $254.42, Crypto = 0.019368, Steps = 1282
2025-06-08 21:49:50,776 - INFO - Step 81000: Loss = 0.000341, Epsilon = 0.9219
2025-06-08 21:49:55,691 - INFO - Step 82000: Loss = 0.000068, Epsilon = 0.9209
2025-06-08 21:49:55,692 - INFO - Step 82000: Target network updated
2025-06-08 21:49:55,924 - INFO - Episode 64: Reward = -2.0960, Portfolio = $880.71, Return = -91.19%, Cash = $437.81, Crypto = 0.017145, Steps = 1282
2025-06-08 21:50:00,636 - INFO - Step 83000: Loss = 0.000054, Epsilon = 0.9199
2025-06-08 21:50:02,227 - INFO - Episode 65: Reward = -2.3705, Portfolio = $609.84, Return = -93.90%, Cash = $234.16, Crypto = 0.014542, Steps = 1282
2025-06-08 21:50:05,500 - INFO - Step 84000: Loss = 0.000046, Epsilon = 0.9190
2025-06-08 21:50:05,500 - INFO - Step 84000: Target network updated
2025-06-08 21:50:08,440 - INFO - Episode 66: Reward = -2.1130, Portfolio = $886.25, Return = -91.14%, Cash = $535.26, Crypto = 0.013587, Steps = 1282
2025-06-08 21:50:10,306 - INFO - Step 85000: Loss = 0.000043, Epsilon = 0.9180
2025-06-08 21:50:14,604 - INFO - Episode 67: Reward = -3.5382, Portfolio = $423.28, Return = -95.77%, Cash = $259.64, Crypto = 0.006335, Steps = 1282
2025-06-08 21:50:15,126 - INFO - Step 86000: Loss = 0.000052, Epsilon = 0.9170
2025-06-08 21:50:15,127 - INFO - Step 86000: Target network updated
2025-06-08 21:50:19,954 - INFO - Step 87000: Loss = 0.000093, Epsilon = 0.9161
2025-06-08 21:50:20,798 - INFO - Episode 68: Reward = -2.2319, Portfolio = $1096.87, Return = -89.03%, Cash = $348.63, Crypto = 0.028964, Steps = 1282
2025-06-08 21:50:24,773 - INFO - Step 88000: Loss = 0.000044, Epsilon = 0.9151
2025-06-08 21:50:24,773 - INFO - Step 88000: Target network updated
2025-06-08 21:50:26,950 - INFO - Episode 69: Reward = -2.7217, Portfolio = $575.04, Return = -94.25%, Cash = $339.04, Crypto = 0.009135, Steps = 1282
2025-06-08 21:50:29,573 - INFO - Step 89000: Loss = 0.000051, Epsilon = 0.9142
2025-06-08 21:50:33,158 - INFO - Episode 70: Reward = -3.1185, Portfolio = $672.04, Return = -93.28%, Cash = $75.24, Crypto = 0.023102, Steps = 1282
2025-06-08 21:50:33,158 - INFO - Episode 70 Summary: Avg Reward (100 eps) = -2.6458, Avg Portfolio (100 eps) = $662.39, Epsilon = 0.913
2025-06-08 21:50:34,424 - INFO - Step 90000: Loss = 0.000072, Epsilon = 0.9132
2025-06-08 21:50:34,424 - INFO - Step 90000: Target network updated
2025-06-08 21:50:39,281 - INFO - Step 91000: Loss = 0.000220, Epsilon = 0.9122
2025-06-08 21:50:39,382 - INFO - Episode 71: Reward = -2.1586, Portfolio = $837.22, Return = -91.63%, Cash = $468.05, Crypto = 0.014290, Steps = 1282
2025-06-08 21:50:44,124 - INFO - Step 92000: Loss = 0.000051, Epsilon = 0.9113
2025-06-08 21:50:44,125 - INFO - Step 92000: Target network updated
2025-06-08 21:50:45,590 - INFO - Episode 72: Reward = -3.1473, Portfolio = $1107.42, Return = -88.93%, Cash = $944.57, Crypto = 0.006304, Steps = 1282
2025-06-08 21:50:48,986 - INFO - Step 93000: Loss = 0.000089, Epsilon = 0.9103
2025-06-08 21:50:51,933 - INFO - Episode 73: Reward = -2.0533, Portfolio = $570.76, Return = -94.29%, Cash = $327.72, Crypto = 0.009408, Steps = 1282
2025-06-08 21:50:54,023 - INFO - Step 94000: Loss = 0.000872, Epsilon = 0.9093
2025-06-08 21:50:54,024 - INFO - Step 94000: Target network updated
2025-06-08 21:50:58,233 - INFO - Episode 74: Reward = -2.1154, Portfolio = $771.65, Return = -92.28%, Cash = $266.82, Crypto = 0.019542, Steps = 1282
2025-06-08 21:50:58,883 - INFO - Step 95000: Loss = 0.000304, Epsilon = 0.9084
2025-06-08 21:51:03,760 - INFO - Step 96000: Loss = 0.000053, Epsilon = 0.9074
2025-06-08 21:51:03,760 - INFO - Step 96000: Target network updated
2025-06-08 21:51:04,492 - INFO - Episode 75: Reward = -3.0732, Portfolio = $531.10, Return = -94.69%, Cash = $198.02, Crypto = 0.012894, Steps = 1282
2025-06-08 21:51:09,078 - INFO - Step 97000: Loss = 0.000078, Epsilon = 0.9064
2025-06-08 21:51:11,192 - INFO - Episode 76: Reward = -2.0120, Portfolio = $1133.87, Return = -88.66%, Cash = $442.56, Crypto = 0.026760, Steps = 1282
2025-06-08 21:51:13,980 - INFO - Step 98000: Loss = 0.000213, Epsilon = 0.9055
2025-06-08 21:51:13,981 - INFO - Step 98000: Target network updated
2025-06-08 21:51:17,476 - INFO - Episode 77: Reward = -2.4901, Portfolio = $641.04, Return = -93.59%, Cash = $309.52, Crypto = 0.012833, Steps = 1282
2025-06-08 21:51:18,890 - INFO - Step 99000: Loss = 0.000225, Epsilon = 0.9045
2025-06-08 21:51:23,759 - INFO - Episode 78: Reward = -1.9094, Portfolio = $745.52, Return = -92.54%, Cash = $333.37, Crypto = 0.015954, Steps = 1282
2025-06-08 21:51:23,783 - INFO - Step 100000: Loss = 0.000108, Epsilon = 0.9035
2025-06-08 21:51:23,784 - INFO - Step 100000: Target network updated
2025-06-08 21:51:28,695 - INFO - Step 101000: Loss = 0.000146, Epsilon = 0.9026
2025-06-08 21:51:30,053 - INFO - Episode 79: Reward = -1.9286, Portfolio = $845.37, Return = -91.55%, Cash = $664.08, Crypto = 0.007018, Steps = 1282
2025-06-08 21:51:33,594 - INFO - Step 102000: Loss = 0.000098, Epsilon = 0.9016
2025-06-08 21:51:33,594 - INFO - Step 102000: Target network updated
2025-06-08 21:51:36,406 - INFO - Episode 80: Reward = -2.0885, Portfolio = $711.84, Return = -92.88%, Cash = $454.16, Crypto = 0.009975, Steps = 1282
2025-06-08 21:51:36,406 - INFO - Episode 80 Summary: Avg Reward (100 eps) = -2.6023, Avg Portfolio (100 eps) = $678.29, Epsilon = 0.901
2025-06-08 21:51:38,587 - INFO - Step 103000: Loss = 0.000061, Epsilon = 0.9007
2025-06-08 21:51:42,716 - INFO - Episode 81: Reward = -2.5802, Portfolio = $625.60, Return = -93.74%, Cash = $423.70, Crypto = 0.007815, Steps = 1282
2025-06-08 21:51:43,594 - INFO - Step 104000: Loss = 0.000113, Epsilon = 0.8997
2025-06-08 21:51:43,594 - INFO - Step 104000: Target network updated
2025-06-08 21:51:48,885 - INFO - Step 105000: Loss = 0.000342, Epsilon = 0.8987
2025-06-08 21:51:49,492 - INFO - Episode 82: Reward = -2.3555, Portfolio = $957.51, Return = -90.42%, Cash = $311.63, Crypto = 0.025002, Steps = 1282
2025-06-08 21:51:53,793 - INFO - Step 106000: Loss = 0.000247, Epsilon = 0.8978
2025-06-08 21:51:53,794 - INFO - Step 106000: Target network updated
2025-06-08 21:51:55,774 - INFO - Episode 83: Reward = -2.6492, Portfolio = $753.00, Return = -92.47%, Cash = $199.79, Crypto = 0.021415, Steps = 1282
2025-06-08 21:51:58,726 - INFO - Step 107000: Loss = 0.000073, Epsilon = 0.8968
2025-06-08 21:52:02,104 - INFO - Episode 84: Reward = -2.3305, Portfolio = $942.96, Return = -90.57%, Cash = $684.69, Crypto = 0.009997, Steps = 1282
2025-06-08 21:52:03,644 - INFO - Step 108000: Loss = 0.000068, Epsilon = 0.8958
2025-06-08 21:52:03,645 - INFO - Step 108000: Target network updated
2025-06-08 21:52:08,440 - INFO - Episode 85: Reward = -2.4654, Portfolio = $645.92, Return = -93.54%, Cash = $306.12, Crypto = 0.013153, Steps = 1282
2025-06-08 21:52:08,596 - INFO - Step 109000: Loss = 0.000420, Epsilon = 0.8949
2025-06-08 21:52:13,499 - INFO - Step 110000: Loss = 0.000099, Epsilon = 0.8939
2025-06-08 21:52:13,499 - INFO - Step 110000: Target network updated
2025-06-08 21:52:14,728 - INFO - Episode 86: Reward = -1.8737, Portfolio = $1045.95, Return = -89.54%, Cash = $660.84, Crypto = 0.014907, Steps = 1282
2025-06-08 21:52:18,407 - INFO - Step 111000: Loss = 0.000092, Epsilon = 0.8929
2025-06-08 21:52:20,920 - INFO - Episode 87: Reward = -2.0866, Portfolio = $841.25, Return = -91.59%, Cash = $330.19, Crypto = 0.019783, Steps = 1282
2025-06-08 21:52:23,199 - INFO - Step 112000: Loss = 0.000106, Epsilon = 0.8920
2025-06-08 21:52:23,200 - INFO - Step 112000: Target network updated
2025-06-08 21:52:27,135 - INFO - Episode 88: Reward = -2.3213, Portfolio = $767.35, Return = -92.33%, Cash = $416.37, Crypto = 0.013586, Steps = 1282
2025-06-08 21:52:28,030 - INFO - Step 113000: Loss = 0.000113, Epsilon = 0.8910
2025-06-08 21:52:32,835 - INFO - Step 114000: Loss = 0.000061, Epsilon = 0.8900
2025-06-08 21:52:32,835 - INFO - Step 114000: Target network updated
2025-06-08 21:52:33,274 - INFO - Episode 89: Reward = -2.5190, Portfolio = $884.77, Return = -91.15%, Cash = $549.04, Crypto = 0.012996, Steps = 1282
2025-06-08 21:52:37,486 - INFO - Step 115000: Loss = 0.000132, Epsilon = 0.8891
2025-06-08 21:52:39,211 - INFO - Episode 90: Reward = -2.2140, Portfolio = $992.04, Return = -90.08%, Cash = $386.65, Crypto = 0.023435, Steps = 1282
2025-06-08 21:52:39,211 - INFO - Episode 90 Summary: Avg Reward (100 eps) = -2.5731, Avg Portfolio (100 eps) = $696.88, Epsilon = 0.889
2025-06-08 21:52:42,030 - INFO - Step 116000: Loss = 0.000213, Epsilon = 0.8881
2025-06-08 21:52:42,030 - INFO - Step 116000: Target network updated
2025-06-08 21:52:45,042 - INFO - Episode 91: Reward = -2.2666, Portfolio = $701.21, Return = -92.99%, Cash = $408.71, Crypto = 0.011323, Steps = 1282
2025-06-08 21:52:46,586 - INFO - Step 117000: Loss = 0.000072, Epsilon = 0.8871
2025-06-08 21:52:50,856 - INFO - Episode 92: Reward = -2.1339, Portfolio = $1010.82, Return = -89.89%, Cash = $195.81, Crypto = 0.031549, Steps = 1282
2025-06-08 21:52:51,112 - INFO - Step 118000: Loss = 0.000400, Epsilon = 0.8862
2025-06-08 21:52:51,112 - INFO - Step 118000: Target network updated
2025-06-08 21:52:55,682 - INFO - Step 119000: Loss = 0.000057, Epsilon = 0.8852
2025-06-08 21:52:56,794 - INFO - Episode 93: Reward = -1.9696, Portfolio = $777.93, Return = -92.22%, Cash = $586.59, Crypto = 0.007407, Steps = 1282
2025-06-08 21:53:00,598 - INFO - Step 120000: Loss = 0.000232, Epsilon = 0.8843
2025-06-08 21:53:00,598 - INFO - Step 120000: Target network updated
2025-06-08 21:53:03,075 - INFO - Episode 94: Reward = -3.2276, Portfolio = $677.81, Return = -93.22%, Cash = $271.85, Crypto = 0.015714, Steps = 1282
2025-06-08 21:53:05,477 - INFO - Step 121000: Loss = 0.000492, Epsilon = 0.8833
2025-06-08 21:53:09,331 - INFO - Episode 95: Reward = -2.0017, Portfolio = $850.90, Return = -91.49%, Cash = $664.28, Crypto = 0.007224, Steps = 1282
2025-06-08 21:53:10,360 - INFO - Step 122000: Loss = 0.000108, Epsilon = 0.8823
2025-06-08 21:53:10,361 - INFO - Step 122000: Target network updated
2025-06-08 21:53:15,224 - INFO - Step 123000: Loss = 0.000118, Epsilon = 0.8814
2025-06-08 21:53:15,570 - INFO - Episode 96: Reward = -2.6513, Portfolio = $456.70, Return = -95.43%, Cash = $330.95, Crypto = 0.004867, Steps = 1282
2025-06-08 21:53:20,100 - INFO - Step 124000: Loss = 0.000097, Epsilon = 0.8804
2025-06-08 21:53:20,100 - INFO - Step 124000: Target network updated
2025-06-08 21:53:21,820 - INFO - Episode 97: Reward = -2.1841, Portfolio = $601.36, Return = -93.99%, Cash = $462.24, Crypto = 0.005385, Steps = 1282
2025-06-08 21:53:25,010 - INFO - Step 125000: Loss = 0.000391, Epsilon = 0.8794
2025-06-08 21:53:28,103 - INFO - Episode 98: Reward = -2.5412, Portfolio = $405.09, Return = -95.95%, Cash = $186.99, Crypto = 0.008443, Steps = 1282
2025-06-08 21:53:29,879 - INFO - Step 126000: Loss = 0.000218, Epsilon = 0.8785
2025-06-08 21:53:29,879 - INFO - Step 126000: Target network updated
2025-06-08 21:53:34,358 - INFO - Episode 99: Reward = -2.3002, Portfolio = $716.14, Return = -92.84%, Cash = $403.77, Crypto = 0.012092, Steps = 1282
2025-06-08 21:53:34,763 - INFO - Step 127000: Loss = 0.000442, Epsilon = 0.8775
2025-06-08 21:53:39,649 - INFO - Step 128000: Loss = 0.000105, Epsilon = 0.8765
2025-06-08 21:53:39,649 - INFO - Step 128000: Target network updated
2025-06-08 21:53:40,610 - INFO - Episode 100: Reward = -2.0487, Portfolio = $1293.64, Return = -87.06%, Cash = $864.51, Crypto = 0.016612, Steps = 1282
2025-06-08 21:53:40,610 - INFO - Episode 100 Summary: Avg Reward (100 eps) = -2.5491, Avg Portfolio (100 eps) = $702.11, Epsilon = 0.876
2025-06-08 21:53:40,610 - INFO - 
Detailed steps for Episode 100:
2025-06-08 21:53:40,610 - INFO - Step | Action | Price    | RSI   | PnL%   | Cash%  | Pos%   | Reward    | Portfolio
2025-06-08 21:53:40,610 - INFO - ----------------------------------------------------------------------------------------------------
2025-06-08 21:53:40,610 - INFO -    0 | SELL |  7909.73 |  21.9 |   0.00 |  100.0 |    0.0 |   -0.1000 | $  10000.00
2025-06-08 21:53:40,610 - INFO -    1 | BUY  |  7911.43 |  24.3 |   0.00 |  100.0 |    0.0 |   -0.0049 | $   9950.98
2025-06-08 21:53:40,610 - INFO -    2 | HOLD |  4970.79 |  29.9 |   0.00 |   75.0 |   24.5 |   -0.0916 | $   9039.96
2025-06-08 21:53:40,610 - INFO -    3 | HOLD |  5563.71 |  13.1 | -37.17 |   75.0 |   15.4 |    0.0203 | $   9223.65
2025-06-08 21:53:40,610 - INFO -    4 | SELL |  5200.37 |  22.5 | -29.68 |   75.0 |   17.2 |   -0.0144 | $   9090.95
2025-06-08 21:53:40,610 - INFO -    5 | HOLD |  5392.31 |  21.4 | -34.27 |   78.8 |   12.1 |    0.0049 | $   9135.55
2025-06-08 21:53:40,610 - INFO -    6 | HOLD |  5014.48 |  24.0 | -31.84 |   78.8 |   12.5 |   -0.0096 | $   9047.76
2025-06-08 21:53:40,610 - INFO -    7 | SELL |  5225.63 |  18.7 | -36.62 |   78.8 |   11.7 |    0.0037 | $   9081.64
2025-06-08 21:53:40,610 - INFO -    8 | BUY  |  5238.44 |  21.7 | -33.95 |   81.7 |    9.1 |   -0.0042 | $   9043.82
2025-06-08 21:53:40,610 - INFO -    9 | HOLD |  6191.19 |  22.0 | -13.78 |   61.3 |   29.2 |    0.0586 | $   9574.09
2025-06-08 21:53:40,610 - INFO -   ...    ...      ...       ...     ...     ...      ...      ...         ...
2025-06-08 21:53:40,610 - INFO - 1272 | BUY  | 25969.57 |  47.6 |  -3.35 |    7.1 |    6.3 |   -0.0030 | $   1338.57
2025-06-08 21:53:40,610 - INFO - 1273 | SELL | 25812.42 |  47.7 |  -2.35 |    5.3 |    8.1 |   -0.0033 | $   1323.68
2025-06-08 21:53:40,610 - INFO - 1274 | HOLD | 25779.98 |  46.8 |  -2.94 |    7.2 |    6.0 |   -0.0030 | $   1322.92
2025-06-08 21:53:40,610 - INFO - 1275 | BUY  | 25753.24 |  47.4 |  -3.06 |    7.2 |    6.0 |   -0.0022 | $   1318.76
2025-06-08 21:53:40,610 - INFO - 1276 | SELL | 26240.20 |  42.4 |  -2.46 |    5.4 |    7.8 |   -0.0017 | $   1323.55
2025-06-08 21:53:40,610 - INFO - 1277 | HOLD | 25905.65 |  50.8 |  -0.61 |    7.3 |    5.9 |   -0.0018 | $   1315.98
2025-06-08 21:53:40,610 - INFO - 1278 | BUY  | 25895.68 |  48.5 |  -1.88 |    7.3 |    5.9 |   -0.0019 | $   1312.18
2025-06-08 21:53:40,611 - INFO - 1279 | SELL | 25832.23 |  48.8 |  -1.48 |    5.5 |    7.6 |   -0.0021 | $   1300.77
2025-06-08 21:53:40,611 - INFO - 1280 | HOLD | 25162.65 |  47.3 |  -1.72 |    7.3 |    5.7 |   -0.0024 | $   1285.94
2025-06-08 21:53:40,611 - INFO - 1281 | SELL | 25833.34 |  41.4 |  -4.26 |    7.3 |    5.6 |   -0.0022 | $   1293.64
2025-06-08 21:53:40,611 - INFO - 
Action distribution for Episode 100:
2025-06-08 21:53:40,611 - INFO -   HOLD:  465 ( 36.3%)
2025-06-08 21:53:40,611 - INFO -   BUY:   407 ( 31.7%)
2025-06-08 21:53:40,611 - INFO -   SELL:  410 ( 32.0%)
2025-06-08 21:53:40,611 - INFO - ----------------------------------------------------------------------------------------------------
2025-06-08 21:53:44,474 - INFO - Step 129000: Loss = 0.000060, Epsilon = 0.8756
2025-06-08 21:53:46,801 - INFO - Episode 101: Reward = -1.9166, Portfolio = $1078.64, Return = -89.21%, Cash = $702.01, Crypto = 0.014579, Steps = 1282
2025-06-08 21:53:49,308 - INFO - Step 130000: Loss = 0.000112, Epsilon = 0.8746
2025-06-08 21:53:49,309 - INFO - Step 130000: Target network updated
2025-06-08 21:53:53,004 - INFO - Episode 102: Reward = -2.8932, Portfolio = $440.51, Return = -95.59%, Cash = $226.49, Crypto = 0.008285, Steps = 1282
2025-06-08 21:53:54,159 - INFO - Step 131000: Loss = 0.000172, Epsilon = 0.8736
2025-06-08 21:53:58,906 - INFO - Step 132000: Loss = 0.000076, Epsilon = 0.8727
2025-06-08 21:53:58,906 - INFO - Step 132000: Target network updated
2025-06-08 21:53:59,124 - INFO - Episode 103: Reward = -2.8174, Portfolio = $606.50, Return = -93.94%, Cash = $231.47, Crypto = 0.014517, Steps = 1282
2025-06-08 21:54:03,767 - INFO - Step 133000: Loss = 0.000086, Epsilon = 0.8717
2025-06-08 21:54:05,368 - INFO - Episode 104: Reward = -2.0745, Portfolio = $863.30, Return = -91.37%, Cash = $355.77, Crypto = 0.019646, Steps = 1282
2025-06-08 21:54:08,658 - INFO - Step 134000: Loss = 0.000151, Epsilon = 0.8708
2025-06-08 21:54:08,659 - INFO - Step 134000: Target network updated
2025-06-08 21:54:11,651 - INFO - Episode 105: Reward = -1.6594, Portfolio = $1142.90, Return = -88.57%, Cash = $533.68, Crypto = 0.023583, Steps = 1282
2025-06-08 21:54:13,560 - INFO - Step 135000: Loss = 0.000098, Epsilon = 0.8698
2025-06-08 21:54:17,926 - INFO - Episode 106: Reward = -1.8169, Portfolio = $1038.79, Return = -89.61%, Cash = $417.39, Crypto = 0.024054, Steps = 1282
2025-06-08 21:54:18,460 - INFO - Step 136000: Loss = 0.000125, Epsilon = 0.8688
2025-06-08 21:54:18,461 - INFO - Step 136000: Target network updated
2025-06-08 21:54:23,329 - INFO - Step 137000: Loss = 0.000122, Epsilon = 0.8679
2025-06-08 21:54:24,176 - INFO - Episode 107: Reward = -1.9010, Portfolio = $858.23, Return = -91.42%, Cash = $511.74, Crypto = 0.013412, Steps = 1282
2025-06-08 21:54:28,216 - INFO - Step 138000: Loss = 0.000138, Epsilon = 0.8669
2025-06-08 21:54:28,217 - INFO - Step 138000: Target network updated
2025-06-08 21:54:30,440 - INFO - Episode 108: Reward = -2.2960, Portfolio = $586.57, Return = -94.13%, Cash = $258.87, Crypto = 0.012685, Steps = 1282
2025-06-08 21:54:33,102 - INFO - Step 139000: Loss = 0.000144, Epsilon = 0.8659
2025-06-08 21:54:36,750 - INFO - Episode 109: Reward = -2.4092, Portfolio = $665.30, Return = -93.35%, Cash = $579.13, Crypto = 0.003336, Steps = 1282
2025-06-08 21:54:38,043 - INFO - Step 140000: Loss = 0.000531, Epsilon = 0.8650
2025-06-08 21:54:38,044 - INFO - Step 140000: Target network updated
2025-06-08 21:54:42,941 - INFO - Step 141000: Loss = 0.000080, Epsilon = 0.8640
2025-06-08 21:54:43,037 - INFO - Episode 110: Reward = -2.5563, Portfolio = $928.59, Return = -90.71%, Cash = $705.44, Crypto = 0.008638, Steps = 1282
2025-06-08 21:54:43,037 - INFO - Episode 110 Summary: Avg Reward (100 eps) = -2.5257, Avg Portfolio (100 eps) = $716.75, Epsilon = 0.864
2025-06-08 21:54:47,936 - INFO - Step 142000: Loss = 0.000119, Epsilon = 0.8630
2025-06-08 21:54:47,937 - INFO - Step 142000: Target network updated
2025-06-08 21:54:49,372 - INFO - Episode 111: Reward = -2.0450, Portfolio = $980.44, Return = -90.20%, Cash = $680.21, Crypto = 0.011622, Steps = 1282
2025-06-08 21:54:52,852 - INFO - Step 143000: Loss = 0.000104, Epsilon = 0.8621
2025-06-08 21:54:55,736 - INFO - Episode 112: Reward = -1.9516, Portfolio = $1331.81, Return = -86.68%, Cash = $962.79, Crypto = 0.014285, Steps = 1282
2025-06-08 21:54:57,674 - INFO - Step 144000: Loss = 0.000058, Epsilon = 0.8611
2025-06-08 21:54:57,674 - INFO - Step 144000: Target network updated
2025-06-08 21:55:01,867 - INFO - Episode 113: Reward = -2.0325, Portfolio = $850.92, Return = -91.49%, Cash = $444.53, Crypto = 0.015731, Steps = 1282
2025-06-08 21:55:02,531 - INFO - Step 145000: Loss = 0.000192, Epsilon = 0.8601
2025-06-08 21:55:07,372 - INFO - Step 146000: Loss = 0.000124, Epsilon = 0.8592
2025-06-08 21:55:07,373 - INFO - Step 146000: Target network updated
2025-06-08 21:55:08,144 - INFO - Episode 114: Reward = -1.9390, Portfolio = $888.88, Return = -91.11%, Cash = $410.76, Crypto = 0.018508, Steps = 1282
2025-06-08 21:55:12,362 - INFO - Step 147000: Loss = 0.000141, Epsilon = 0.8582
2025-06-08 21:55:14,444 - INFO - Episode 115: Reward = -3.3241, Portfolio = $840.56, Return = -91.59%, Cash = $417.59, Crypto = 0.016373, Steps = 1282
2025-06-08 21:55:17,204 - INFO - Step 148000: Loss = 0.000105, Epsilon = 0.8572
2025-06-08 21:55:17,204 - INFO - Step 148000: Target network updated
2025-06-08 21:55:20,658 - INFO - Episode 116: Reward = -2.3347, Portfolio = $569.06, Return = -94.31%, Cash = $287.54, Crypto = 0.010897, Steps = 1282
2025-06-08 21:55:22,056 - INFO - Step 149000: Loss = 0.000225, Epsilon = 0.8563
2025-06-08 21:55:26,865 - INFO - Episode 117: Reward = -2.9276, Portfolio = $474.41, Return = -95.26%, Cash = $206.18, Crypto = 0.010383, Steps = 1282
2025-06-08 21:55:26,899 - INFO - Step 150000: Loss = 0.000177, Epsilon = 0.8553
2025-06-08 21:55:26,900 - INFO - Step 150000: Target network updated
2025-06-08 21:55:31,760 - INFO - Step 151000: Loss = 0.000169, Epsilon = 0.8544
2025-06-08 21:55:33,097 - INFO - Episode 118: Reward = -2.6620, Portfolio = $514.34, Return = -94.86%, Cash = $296.87, Crypto = 0.008418, Steps = 1282
2025-06-08 21:55:36,613 - INFO - Step 152000: Loss = 0.000221, Epsilon = 0.8534
2025-06-08 21:55:36,614 - INFO - Step 152000: Target network updated
2025-06-08 21:55:39,334 - INFO - Episode 119: Reward = -1.8808, Portfolio = $619.02, Return = -93.81%, Cash = $345.16, Crypto = 0.010601, Steps = 1282
2025-06-08 21:55:41,493 - INFO - Step 153000: Loss = 0.000111, Epsilon = 0.8524
2025-06-08 21:55:45,570 - INFO - Episode 120: Reward = -1.7337, Portfolio = $1280.15, Return = -87.20%, Cash = $824.11, Crypto = 0.017653, Steps = 1282
2025-06-08 21:55:45,571 - INFO - Episode 120 Summary: Avg Reward (100 eps) = -2.4962, Avg Portfolio (100 eps) = $730.33, Epsilon = 0.852
2025-06-08 21:55:46,350 - INFO - Step 154000: Loss = 0.000150, Epsilon = 0.8515
2025-06-08 21:55:46,351 - INFO - Step 154000: Target network updated
2025-06-08 21:55:51,233 - INFO - Step 155000: Loss = 0.000097, Epsilon = 0.8505
2025-06-08 21:55:51,820 - INFO - Episode 121: Reward = -2.2526, Portfolio = $711.40, Return = -92.89%, Cash = $280.31, Crypto = 0.016688, Steps = 1282
2025-06-08 21:55:56,107 - INFO - Step 156000: Loss = 0.000113, Epsilon = 0.8495
2025-06-08 21:55:56,107 - INFO - Step 156000: Target network updated
2025-06-08 21:55:58,100 - INFO - Episode 122: Reward = -1.9188, Portfolio = $979.55, Return = -90.20%, Cash = $675.71, Crypto = 0.011761, Steps = 1282
2025-06-08 21:56:01,037 - INFO - Step 157000: Loss = 0.000070, Epsilon = 0.8486
2025-06-08 21:56:04,412 - INFO - Episode 123: Reward = -1.9996, Portfolio = $1020.92, Return = -89.79%, Cash = $813.35, Crypto = 0.008035, Steps = 1282
2025-06-08 21:56:05,970 - INFO - Step 158000: Loss = 0.000110, Epsilon = 0.8476
2025-06-08 21:56:05,970 - INFO - Step 158000: Target network updated
2025-06-08 21:56:10,703 - INFO - Episode 124: Reward = -1.6211, Portfolio = $1529.32, Return = -84.71%, Cash = $778.21, Crypto = 0.029075, Steps = 1282
2025-06-08 21:56:10,864 - INFO - Step 159000: Loss = 0.000475, Epsilon = 0.8466
2025-06-08 21:56:15,772 - INFO - Step 160000: Loss = 0.000180, Epsilon = 0.8457
2025-06-08 21:56:15,772 - INFO - Step 160000: Target network updated
2025-06-08 21:56:16,986 - INFO - Episode 125: Reward = -2.2414, Portfolio = $675.44, Return = -93.25%, Cash = $579.02, Crypto = 0.003732, Steps = 1282
2025-06-08 21:56:20,647 - INFO - Step 161000: Loss = 0.000133, Epsilon = 0.8447
2025-06-08 21:56:23,230 - INFO - Episode 126: Reward = -1.7877, Portfolio = $894.58, Return = -91.05%, Cash = $542.86, Crypto = 0.013615, Steps = 1282
2025-06-08 21:56:25,522 - INFO - Step 162000: Loss = 0.000212, Epsilon = 0.8437
2025-06-08 21:56:25,523 - INFO - Step 162000: Target network updated
2025-06-08 21:56:29,483 - INFO - Episode 127: Reward = -2.2447, Portfolio = $675.44, Return = -93.25%, Cash = $496.26, Crypto = 0.006936, Steps = 1282
2025-06-08 21:56:30,400 - INFO - Step 163000: Loss = 0.000132, Epsilon = 0.8428
2025-06-08 21:56:35,306 - INFO - Step 164000: Loss = 0.000152, Epsilon = 0.8418
2025-06-08 21:56:35,306 - INFO - Step 164000: Target network updated
2025-06-08 21:56:35,777 - INFO - Episode 128: Reward = -2.0340, Portfolio = $1300.04, Return = -87.00%, Cash = $886.00, Crypto = 0.016027, Steps = 1282
2025-06-08 21:56:40,194 - INFO - Step 165000: Loss = 0.000131, Epsilon = 0.8409
2025-06-08 21:56:42,013 - INFO - Episode 129: Reward = -2.5233, Portfolio = $738.67, Return = -92.61%, Cash = $239.89, Crypto = 0.019307, Steps = 1282
2025-06-08 21:56:45,082 - INFO - Step 166000: Loss = 0.000491, Epsilon = 0.8399
2025-06-08 21:56:45,082 - INFO - Step 166000: Target network updated
2025-06-08 21:56:48,289 - INFO - Episode 130: Reward = -2.2074, Portfolio = $765.75, Return = -92.34%, Cash = $392.85, Crypto = 0.014435, Steps = 1282
2025-06-08 21:56:48,289 - INFO - Episode 130 Summary: Avg Reward (100 eps) = -2.4333, Avg Portfolio (100 eps) = $760.10, Epsilon = 0.839
2025-06-08 21:56:49,951 - INFO - Step 167000: Loss = 0.000222, Epsilon = 0.8389
2025-06-08 21:56:54,529 - INFO - Episode 131: Reward = -2.3319, Portfolio = $590.45, Return = -94.10%, Cash = $491.00, Crypto = 0.003850, Steps = 1282
2025-06-08 21:56:54,820 - INFO - Step 168000: Loss = 0.000143, Epsilon = 0.8380
2025-06-08 21:56:54,820 - INFO - Step 168000: Target network updated
2025-06-08 21:56:59,734 - INFO - Step 169000: Loss = 0.000085, Epsilon = 0.8370
2025-06-08 21:57:00,832 - INFO - Episode 132: Reward = -2.1468, Portfolio = $865.54, Return = -91.34%, Cash = $574.57, Crypto = 0.011263, Steps = 1282
2025-06-08 21:57:04,705 - INFO - Step 170000: Loss = 0.000168, Epsilon = 0.8360
2025-06-08 21:57:04,705 - INFO - Step 170000: Target network updated
2025-06-08 21:57:07,232 - INFO - Episode 133: Reward = -2.3324, Portfolio = $873.32, Return = -91.27%, Cash = $358.79, Crypto = 0.019917, Steps = 1282
2025-06-08 21:57:09,649 - INFO - Step 171000: Loss = 0.000198, Epsilon = 0.8351
2025-06-08 21:57:13,707 - INFO - Episode 134: Reward = -1.7020, Portfolio = $1162.42, Return = -88.38%, Cash = $750.50, Crypto = 0.015945, Steps = 1282
2025-06-08 21:57:14,774 - INFO - Step 172000: Loss = 0.000083, Epsilon = 0.8341
2025-06-08 21:57:14,774 - INFO - Step 172000: Target network updated
2025-06-08 21:57:19,748 - INFO - Step 173000: Loss = 0.000092, Epsilon = 0.8331
2025-06-08 21:57:20,089 - INFO - Episode 135: Reward = -2.0090, Portfolio = $1023.83, Return = -89.76%, Cash = $218.21, Crypto = 0.031185, Steps = 1282
2025-06-08 21:57:24,726 - INFO - Step 174000: Loss = 0.000412, Epsilon = 0.8322
2025-06-08 21:57:24,726 - INFO - Step 174000: Target network updated
2025-06-08 21:57:26,475 - INFO - Episode 136: Reward = -1.9177, Portfolio = $1007.66, Return = -89.92%, Cash = $701.63, Crypto = 0.011846, Steps = 1282
2025-06-08 21:57:29,724 - INFO - Step 175000: Loss = 0.000059, Epsilon = 0.8312
2025-06-08 21:57:32,842 - INFO - Episode 137: Reward = -1.9361, Portfolio = $805.62, Return = -91.94%, Cash = $698.69, Crypto = 0.004139, Steps = 1282
2025-06-08 21:57:34,650 - INFO - Step 176000: Loss = 0.000485, Epsilon = 0.8302
2025-06-08 21:57:34,651 - INFO - Step 176000: Target network updated
2025-06-08 21:57:38,834 - INFO - Episode 138: Reward = -2.1899, Portfolio = $655.18, Return = -93.45%, Cash = $500.59, Crypto = 0.005984, Steps = 1282
2025-06-08 21:57:39,250 - INFO - Step 177000: Loss = 0.000078, Epsilon = 0.8293
2025-06-08 21:57:44,199 - INFO - Step 178000: Loss = 0.000106, Epsilon = 0.8283
2025-06-08 21:57:44,199 - INFO - Step 178000: Target network updated
2025-06-08 21:57:45,175 - INFO - Episode 139: Reward = -1.9065, Portfolio = $985.22, Return = -90.15%, Cash = $449.52, Crypto = 0.020737, Steps = 1282
2025-06-08 21:57:49,146 - INFO - Step 179000: Loss = 0.000049, Epsilon = 0.8273
2025-06-08 21:57:51,504 - INFO - Episode 140: Reward = -2.1452, Portfolio = $571.38, Return = -94.29%, Cash = $205.72, Crypto = 0.014154, Steps = 1282
2025-06-08 21:57:51,504 - INFO - Episode 140 Summary: Avg Reward (100 eps) = -2.3465, Avg Portfolio (100 eps) = $785.18, Epsilon = 0.827
2025-06-08 21:57:54,070 - INFO - Step 180000: Loss = 0.000152, Epsilon = 0.8264
2025-06-08 21:57:54,071 - INFO - Step 180000: Target network updated
2025-06-08 21:57:57,761 - INFO - Episode 141: Reward = -2.3963, Portfolio = $601.81, Return = -93.98%, Cash = $282.69, Crypto = 0.012353, Steps = 1282
2025-06-08 21:57:58,938 - INFO - Step 181000: Loss = 0.000041, Epsilon = 0.8254
2025-06-08 21:58:03,821 - INFO - Step 182000: Loss = 0.000150, Epsilon = 0.8245
2025-06-08 21:58:03,821 - INFO - Step 182000: Target network updated
2025-06-08 21:58:04,035 - INFO - Episode 142: Reward = -2.8150, Portfolio = $635.32, Return = -93.65%, Cash = $301.61, Crypto = 0.012918, Steps = 1282
2025-06-08 21:58:08,750 - INFO - Step 183000: Loss = 0.000118, Epsilon = 0.8235
2025-06-08 21:58:10,344 - INFO - Episode 143: Reward = -2.3705, Portfolio = $604.69, Return = -93.95%, Cash = $324.86, Crypto = 0.010832, Steps = 1282
2025-06-08 21:58:13,672 - INFO - Step 184000: Loss = 0.000065, Epsilon = 0.8225
2025-06-08 21:58:13,673 - INFO - Step 184000: Target network updated
2025-06-08 21:58:16,670 - INFO - Episode 144: Reward = -1.7578, Portfolio = $1215.31, Return = -87.85%, Cash = $741.46, Crypto = 0.018342, Steps = 1282
2025-06-08 21:58:18,609 - INFO - Step 185000: Loss = 0.000530, Epsilon = 0.8216
2025-06-08 21:58:22,953 - INFO - Episode 145: Reward = -2.2327, Portfolio = $996.09, Return = -90.04%, Cash = $769.96, Crypto = 0.008753, Steps = 1282
2025-06-08 21:58:23,497 - INFO - Step 186000: Loss = 0.000078, Epsilon = 0.8206
2025-06-08 21:58:23,497 - INFO - Step 186000: Target network updated
2025-06-08 21:58:28,414 - INFO - Step 187000: Loss = 0.000086, Epsilon = 0.8196
2025-06-08 21:58:29,255 - INFO - Episode 146: Reward = -2.0760, Portfolio = $849.93, Return = -91.50%, Cash = $500.79, Crypto = 0.013515, Steps = 1282
2025-06-08 21:58:33,336 - INFO - Step 188000: Loss = 0.000128, Epsilon = 0.8187
2025-06-08 21:58:33,336 - INFO - Step 188000: Target network updated
2025-06-08 21:58:35,591 - INFO - Episode 147: Reward = -2.0771, Portfolio = $689.57, Return = -93.10%, Cash = $422.11, Crypto = 0.010353, Steps = 1282
2025-06-08 21:58:38,294 - INFO - Step 189000: Loss = 0.000068, Epsilon = 0.8177
2025-06-08 21:58:41,899 - INFO - Episode 148: Reward = -2.0431, Portfolio = $761.09, Return = -92.39%, Cash = $305.20, Crypto = 0.017647, Steps = 1282
2025-06-08 21:58:43,197 - INFO - Step 190000: Loss = 0.000096, Epsilon = 0.8167
2025-06-08 21:58:43,197 - INFO - Step 190000: Target network updated
2025-06-08 21:58:48,128 - INFO - Step 191000: Loss = 0.000087, Epsilon = 0.8158
2025-06-08 21:58:48,211 - INFO - Episode 149: Reward = -1.6319, Portfolio = $1475.33, Return = -85.25%, Cash = $690.82, Crypto = 0.030368, Steps = 1282
2025-06-08 21:58:53,015 - INFO - Step 192000: Loss = 0.000068, Epsilon = 0.8148
2025-06-08 21:58:53,015 - INFO - Step 192000: Target network updated
2025-06-08 21:58:54,486 - INFO - Episode 150: Reward = -2.3961, Portfolio = $1132.07, Return = -88.68%, Cash = $575.18, Crypto = 0.021557, Steps = 1282
2025-06-08 21:58:54,486 - INFO - Episode 150 Summary: Avg Reward (100 eps) = -2.2812, Avg Portfolio (100 eps) = $809.95, Epsilon = 0.815
2025-06-08 21:58:54,486 - INFO - 
Detailed steps for Episode 150:
2025-06-08 21:58:54,486 - INFO - Step | Action | Price    | RSI   | PnL%   | Cash%  | Pos%   | Reward    | Portfolio
2025-06-08 21:58:54,486 - INFO - ----------------------------------------------------------------------------------------------------
2025-06-08 21:58:54,486 - INFO -    0 | HOLD |  7909.73 |  21.9 |   0.00 |  100.0 |    0.0 |    0.0000 | $  10000.00
2025-06-08 21:58:54,486 - INFO -    1 | SELL |  7911.43 |  24.3 |   0.00 |  100.0 |    0.0 |   -0.1000 | $  10000.00
2025-06-08 21:58:54,486 - INFO -    2 | SELL |  4970.79 |  29.9 |   0.00 |  100.0 |    0.0 |   -0.1000 | $  10000.00
2025-06-08 21:58:54,486 - INFO -    3 | SELL |  5563.71 |  13.1 |   0.00 |  100.0 |    0.0 |   -0.1000 | $  10000.00
2025-06-08 21:58:54,486 - INFO -    4 | HOLD |  5200.37 |  22.5 |   0.00 |  100.0 |    0.0 |    0.0000 | $  10000.00
2025-06-08 21:58:54,486 - INFO -    5 | BUY  |  5392.31 |  21.4 |   0.00 |  100.0 |    0.0 |   -0.0049 | $   9950.98
2025-06-08 21:58:54,486 - INFO -    6 | HOLD |  5014.48 |  24.0 |   0.00 |   75.0 |   24.5 |   -0.0173 | $   9779.24
2025-06-08 21:58:54,486 - INFO -    7 | SELL |  5225.63 |  18.7 |  -7.01 |   75.0 |   22.8 |    0.0068 | $   9845.53
2025-06-08 21:58:54,486 - INFO -    8 | BUY  |  5238.44 |  21.7 |  -3.09 |   80.6 |   17.8 |   -0.0036 | $   9810.36
2025-06-08 21:58:54,486 - INFO -    9 | BUY  |  6191.19 |  22.0 |  -1.38 |   60.5 |   37.6 |    0.0667 | $  10464.99
2025-06-08 21:58:54,486 - INFO -   ...    ...      ...       ...     ...     ...      ...      ...         ...
2025-06-08 21:58:54,487 - INFO - 1272 | BUY  | 25969.57 |  47.6 |  -2.69 |    7.0 |    4.7 |   -0.0055 | $   1163.50
2025-06-08 21:58:54,487 - INFO - 1273 | BUY  | 25812.42 |  47.7 |  -1.71 |    5.2 |    6.4 |   -0.0052 | $   1157.06
2025-06-08 21:58:54,487 - INFO - 1274 | BUY  | 25779.98 |  46.8 |  -1.93 |    3.9 |    7.7 |   -0.0049 | $   1154.18
2025-06-08 21:58:54,487 - INFO - 1275 | SELL | 25753.24 |  47.4 |  -1.83 |    2.9 |    8.6 |   -0.0056 | $   1142.54
2025-06-08 21:58:54,487 - INFO - 1276 | HOLD | 26240.20 |  42.4 |  -1.93 |    5.0 |    6.4 |   -0.0035 | $   1154.73
2025-06-08 21:58:54,487 - INFO - 1277 | SELL | 25905.65 |  50.8 |  -0.07 |    5.0 |    6.6 |   -0.0042 | $   1138.25
2025-06-08 21:58:54,487 - INFO - 1278 | HOLD | 25895.68 |  48.5 |  -1.35 |    6.5 |    4.9 |   -0.0038 | $   1138.06
2025-06-08 21:58:54,487 - INFO - 1279 | SELL | 25832.23 |  48.8 |  -1.38 |    6.5 |    4.9 |   -0.0041 | $   1130.80
2025-06-08 21:58:54,487 - INFO - 1280 | BUY  | 25162.65 |  47.3 |  -1.63 |    7.7 |    3.6 |   -0.0043 | $   1117.61
2025-06-08 21:58:54,487 - INFO - 1281 | HOLD | 25833.34 |  41.4 |  -2.77 |    5.8 |    5.4 |   -0.0031 | $   1132.07
2025-06-08 21:58:54,487 - INFO - 
Action distribution for Episode 150:
2025-06-08 21:58:54,487 - INFO -   HOLD:  575 ( 44.9%)
2025-06-08 21:58:54,487 - INFO -   BUY:   355 ( 27.7%)
2025-06-08 21:58:54,487 - INFO -   SELL:  352 ( 27.5%)
2025-06-08 21:58:54,487 - INFO - ----------------------------------------------------------------------------------------------------
2025-06-08 21:58:57,951 - INFO - Step 193000: Loss = 0.000088, Epsilon = 0.8138
2025-06-08 21:59:00,817 - INFO - Episode 151: Reward = -2.0113, Portfolio = $995.13, Return = -90.05%, Cash = $805.01, Crypto = 0.007360, Steps = 1282
2025-06-08 21:59:02,891 - INFO - Step 194000: Loss = 0.000045, Epsilon = 0.8129
2025-06-08 21:59:02,891 - INFO - Step 194000: Target network updated
2025-06-08 21:59:07,145 - INFO - Episode 152: Reward = -2.2793, Portfolio = $898.96, Return = -91.01%, Cash = $784.65, Crypto = 0.004425, Steps = 1282
2025-06-08 21:59:07,821 - INFO - Step 195000: Loss = 0.000125, Epsilon = 0.8119
2025-06-08 21:59:12,716 - INFO - Step 196000: Loss = 0.000105, Epsilon = 0.8110
2025-06-08 21:59:12,717 - INFO - Step 196000: Target network updated
2025-06-08 21:59:13,431 - INFO - Episode 153: Reward = -1.7107, Portfolio = $785.61, Return = -92.14%, Cash = $347.46, Crypto = 0.016961, Steps = 1282
2025-06-08 21:59:17,634 - INFO - Step 197000: Loss = 0.000089, Epsilon = 0.8100
2025-06-08 21:59:19,749 - INFO - Episode 154: Reward = -2.0635, Portfolio = $770.93, Return = -92.29%, Cash = $707.96, Crypto = 0.002437, Steps = 1282
2025-06-08 21:59:22,551 - INFO - Step 198000: Loss = 0.000062, Epsilon = 0.8090
2025-06-08 21:59:22,551 - INFO - Step 198000: Target network updated
2025-06-08 21:59:26,022 - INFO - Episode 155: Reward = -1.9811, Portfolio = $1320.26, Return = -86.80%, Cash = $747.44, Crypto = 0.022174, Steps = 1282
2025-06-08 21:59:27,579 - INFO - Step 199000: Loss = 0.000221, Epsilon = 0.8081
2025-06-08 21:59:32,643 - INFO - Episode 156: Reward = -2.4651, Portfolio = $700.28, Return = -93.00%, Cash = $318.72, Crypto = 0.014770, Steps = 1282
2025-06-08 21:59:32,686 - INFO - Step 200000: Loss = 0.000084, Epsilon = 0.8071
2025-06-08 21:59:32,687 - INFO - Step 200000: Target network updated
2025-06-08 21:59:37,617 - INFO - Step 201000: Loss = 0.000057, Epsilon = 0.8061
2025-06-08 21:59:38,963 - INFO - Episode 157: Reward = -2.1042, Portfolio = $1135.08, Return = -88.65%, Cash = $752.08, Crypto = 0.014826, Steps = 1282
2025-06-08 21:59:42,546 - INFO - Step 202000: Loss = 0.000152, Epsilon = 0.8052
2025-06-08 21:59:42,547 - INFO - Step 202000: Target network updated
2025-06-08 21:59:45,275 - INFO - Episode 158: Reward = -1.8095, Portfolio = $956.44, Return = -90.44%, Cash = $631.49, Crypto = 0.012579, Steps = 1282
2025-06-08 21:59:47,464 - INFO - Step 203000: Loss = 0.000063, Epsilon = 0.8042
2025-06-08 21:59:51,536 - INFO - Episode 159: Reward = -2.0980, Portfolio = $836.22, Return = -91.64%, Cash = $431.92, Crypto = 0.015651, Steps = 1282
2025-06-08 21:59:52,333 - INFO - Step 204000: Loss = 0.000062, Epsilon = 0.8032
2025-06-08 21:59:52,333 - INFO - Step 204000: Target network updated
2025-06-08 21:59:57,233 - INFO - Step 205000: Loss = 0.000070, Epsilon = 0.8023
2025-06-08 21:59:57,825 - INFO - Episode 160: Reward = -1.7903, Portfolio = $1049.10, Return = -89.51%, Cash = $481.06, Crypto = 0.021988, Steps = 1282
2025-06-08 21:59:57,825 - INFO - Episode 160 Summary: Avg Reward (100 eps) = -2.2421, Avg Portfolio (100 eps) = $838.73, Epsilon = 0.802
2025-06-08 22:00:02,197 - INFO - Step 206000: Loss = 0.000148, Epsilon = 0.8013
2025-06-08 22:00:02,198 - INFO - Step 206000: Target network updated
2025-06-08 22:00:04,180 - INFO - Episode 161: Reward = -2.2224, Portfolio = $815.03, Return = -91.85%, Cash = $598.60, Crypto = 0.008378, Steps = 1282
2025-06-08 22:00:07,140 - INFO - Step 207000: Loss = 0.000065, Epsilon = 0.8003
2025-06-08 22:00:10,517 - INFO - Episode 162: Reward = -1.8093, Portfolio = $967.50, Return = -90.32%, Cash = $453.79, Crypto = 0.019886, Steps = 1282
2025-06-08 22:00:12,079 - INFO - Step 208000: Loss = 0.000071, Epsilon = 0.7994
2025-06-08 22:00:12,080 - INFO - Step 208000: Target network updated
2025-06-08 22:00:16,855 - INFO - Episode 163: Reward = -2.0665, Portfolio = $971.53, Return = -90.28%, Cash = $460.81, Crypto = 0.019770, Steps = 1282
2025-06-08 22:00:17,027 - INFO - Step 209000: Loss = 0.000038, Epsilon = 0.7984
2025-06-08 22:00:21,917 - INFO - Step 210000: Loss = 0.000121, Epsilon = 0.7974
2025-06-08 22:00:21,917 - INFO - Step 210000: Target network updated
2025-06-08 22:00:23,121 - INFO - Episode 164: Reward = -2.1399, Portfolio = $796.36, Return = -92.04%, Cash = $547.34, Crypto = 0.009640, Steps = 1282
2025-06-08 22:00:26,765 - INFO - Step 211000: Loss = 0.000309, Epsilon = 0.7965
2025-06-08 22:00:29,338 - INFO - Episode 165: Reward = -1.8378, Portfolio = $1121.74, Return = -88.78%, Cash = $124.98, Crypto = 0.038584, Steps = 1282
2025-06-08 22:00:31,631 - INFO - Step 212000: Loss = 0.000108, Epsilon = 0.7955
2025-06-08 22:00:31,632 - INFO - Step 212000: Target network updated
2025-06-08 22:00:35,362 - INFO - Episode 166: Reward = -2.0590, Portfolio = $1191.52, Return = -88.08%, Cash = $470.24, Crypto = 0.027921, Steps = 1282
2025-06-08 22:00:36,268 - INFO - Step 213000: Loss = 0.000094, Epsilon = 0.7946
2025-06-08 22:00:41,158 - INFO - Step 214000: Loss = 0.000046, Epsilon = 0.7936
2025-06-08 22:00:41,158 - INFO - Step 214000: Target network updated
2025-06-08 22:00:41,608 - INFO - Episode 167: Reward = -1.7632, Portfolio = $1256.46, Return = -87.44%, Cash = $828.74, Crypto = 0.016557, Steps = 1282
2025-06-08 22:00:46,050 - INFO - Step 215000: Loss = 0.000097, Epsilon = 0.7926
2025-06-08 22:00:47,876 - INFO - Episode 168: Reward = -1.8485, Portfolio = $839.08, Return = -91.61%, Cash = $653.31, Crypto = 0.007191, Steps = 1282
2025-06-08 22:00:50,926 - INFO - Step 216000: Loss = 0.000062, Epsilon = 0.7917
2025-06-08 22:00:50,926 - INFO - Step 216000: Target network updated
2025-06-08 22:00:54,139 - INFO - Episode 169: Reward = -2.0089, Portfolio = $975.94, Return = -90.24%, Cash = $355.09, Crypto = 0.024033, Steps = 1282
2025-06-08 22:00:55,820 - INFO - Step 217000: Loss = 0.000116, Epsilon = 0.7907
2025-06-08 22:01:00,449 - INFO - Episode 170: Reward = -1.7255, Portfolio = $1208.01, Return = -87.92%, Cash = $974.85, Crypto = 0.009026, Steps = 1282
2025-06-08 22:01:00,449 - INFO - Episode 170 Summary: Avg Reward (100 eps) = -2.1791, Avg Portfolio (100 eps) = $867.87, Epsilon = 0.790
2025-06-08 22:01:00,747 - INFO - Step 218000: Loss = 0.000081, Epsilon = 0.7897
2025-06-08 22:01:00,747 - INFO - Step 218000: Target network updated
2025-06-08 22:01:05,680 - INFO - Step 219000: Loss = 0.000089, Epsilon = 0.7888
2025-06-08 22:01:06,769 - INFO - Episode 171: Reward = -2.5293, Portfolio = $642.48, Return = -93.58%, Cash = $142.68, Crypto = 0.019347, Steps = 1282
2025-06-08 22:01:10,652 - INFO - Step 220000: Loss = 0.000063, Epsilon = 0.7878
2025-06-08 22:01:10,652 - INFO - Step 220000: Target network updated
2025-06-08 22:01:13,127 - INFO - Episode 172: Reward = -2.2100, Portfolio = $1111.13, Return = -88.89%, Cash = $731.75, Crypto = 0.014686, Steps = 1282
2025-06-08 22:01:15,562 - INFO - Step 221000: Loss = 0.000079, Epsilon = 0.7868
2025-06-08 22:01:19,433 - INFO - Episode 173: Reward = -2.2257, Portfolio = $1154.36, Return = -88.46%, Cash = $232.60, Crypto = 0.035681, Steps = 1282
2025-06-08 22:01:20,489 - INFO - Step 222000: Loss = 0.000048, Epsilon = 0.7859
2025-06-08 22:01:20,489 - INFO - Step 222000: Target network updated
2025-06-08 22:01:25,395 - INFO - Step 223000: Loss = 0.000108, Epsilon = 0.7849
2025-06-08 22:01:25,725 - INFO - Episode 174: Reward = -2.5484, Portfolio = $1368.25, Return = -86.32%, Cash = $1036.16, Crypto = 0.012855, Steps = 1282
2025-06-08 22:01:30,299 - INFO - Step 224000: Loss = 0.000028, Epsilon = 0.7839
2025-06-08 22:01:30,300 - INFO - Step 224000: Target network updated
2025-06-08 22:01:32,017 - INFO - Episode 175: Reward = -2.5252, Portfolio = $651.50, Return = -93.48%, Cash = $349.20, Crypto = 0.011702, Steps = 1282
2025-06-08 22:01:35,184 - INFO - Step 225000: Loss = 0.000043, Epsilon = 0.7830
2025-06-08 22:01:38,293 - INFO - Episode 176: Reward = -2.2021, Portfolio = $1167.94, Return = -88.32%, Cash = $251.96, Crypto = 0.035457, Steps = 1282
2025-06-08 22:01:40,102 - INFO - Step 226000: Loss = 0.000070, Epsilon = 0.7820
2025-06-08 22:01:40,103 - INFO - Step 226000: Target network updated
2025-06-08 22:01:44,575 - INFO - Episode 177: Reward = -1.6973, Portfolio = $1434.75, Return = -85.65%, Cash = $850.83, Crypto = 0.022603, Steps = 1282
2025-06-08 22:01:45,007 - INFO - Step 227000: Loss = 0.000076, Epsilon = 0.7811
2025-06-08 22:01:49,921 - INFO - Step 228000: Loss = 0.000123, Epsilon = 0.7801
2025-06-08 22:01:49,922 - INFO - Step 228000: Target network updated
2025-06-08 22:01:50,877 - INFO - Episode 178: Reward = -2.2374, Portfolio = $629.46, Return = -93.71%, Cash = $363.96, Crypto = 0.010277, Steps = 1282
2025-06-08 22:01:54,821 - INFO - Step 229000: Loss = 0.000063, Epsilon = 0.7791
2025-06-08 22:01:57,154 - INFO - Episode 179: Reward = -2.0113, Portfolio = $1100.03, Return = -89.00%, Cash = $273.24, Crypto = 0.032005, Steps = 1282
2025-06-08 22:01:59,735 - INFO - Step 230000: Loss = 0.000145, Epsilon = 0.7782
2025-06-08 22:01:59,735 - INFO - Step 230000: Target network updated
2025-06-08 22:02:03,458 - INFO - Episode 180: Reward = -1.8490, Portfolio = $1488.36, Return = -85.12%, Cash = $699.26, Crypto = 0.030546, Steps = 1282
2025-06-08 22:02:03,458 - INFO - Episode 180 Summary: Avg Reward (100 eps) = -2.1697, Avg Portfolio (100 eps) = $896.39, Epsilon = 0.777
2025-06-08 22:02:04,637 - INFO - Step 231000: Loss = 0.000360, Epsilon = 0.7772
2025-06-08 22:02:09,552 - INFO - Step 232000: Loss = 0.000035, Epsilon = 0.7762
2025-06-08 22:02:09,553 - INFO - Step 232000: Target network updated
2025-06-08 22:02:09,752 - INFO - Episode 181: Reward = -1.8244, Portfolio = $1046.68, Return = -89.53%, Cash = $208.63, Crypto = 0.032440, Steps = 1282
2025-06-08 22:02:14,415 - INFO - Step 233000: Loss = 0.000129, Epsilon = 0.7753
2025-06-08 22:02:15,989 - INFO - Episode 182: Reward = -2.0829, Portfolio = $877.63, Return = -91.22%, Cash = $534.98, Crypto = 0.013264, Steps = 1282
2025-06-08 22:02:19,301 - INFO - Step 234000: Loss = 0.000104, Epsilon = 0.7743
2025-06-08 22:02:19,302 - INFO - Step 234000: Target network updated
2025-06-08 22:02:22,256 - INFO - Episode 183: Reward = -1.9224, Portfolio = $925.49, Return = -90.75%, Cash = $574.03, Crypto = 0.013605, Steps = 1282
2025-06-08 22:02:24,188 - INFO - Step 235000: Loss = 0.000098, Epsilon = 0.7733
2025-06-08 22:02:28,400 - INFO - Episode 184: Reward = -2.4205, Portfolio = $562.50, Return = -94.38%, Cash = $295.60, Crypto = 0.010332, Steps = 1282
2025-06-08 22:02:28,920 - INFO - Step 236000: Loss = 0.000061, Epsilon = 0.7724
2025-06-08 22:02:28,921 - INFO - Step 236000: Target network updated
2025-06-08 22:02:33,481 - INFO - Step 237000: Loss = 0.000087, Epsilon = 0.7714
2025-06-08 22:02:34,265 - INFO - Episode 185: Reward = -2.0347, Portfolio = $755.90, Return = -92.44%, Cash = $401.63, Crypto = 0.013713, Steps = 1282
2025-06-08 22:02:38,331 - INFO - Step 238000: Loss = 0.000055, Epsilon = 0.7704
2025-06-08 22:02:38,331 - INFO - Step 238000: Target network updated
2025-06-08 22:02:40,539 - INFO - Episode 186: Reward = -2.9796, Portfolio = $1326.02, Return = -86.74%, Cash = $1074.17, Crypto = 0.009749, Steps = 1282
2025-06-08 22:02:43,230 - INFO - Step 239000: Loss = 0.000069, Epsilon = 0.7695
2025-06-08 22:02:46,811 - INFO - Episode 187: Reward = -1.5213, Portfolio = $1054.66, Return = -89.45%, Cash = $300.29, Crypto = 0.029201, Steps = 1282
2025-06-08 22:02:48,127 - INFO - Step 240000: Loss = 0.000058, Epsilon = 0.7685
2025-06-08 22:02:48,127 - INFO - Step 240000: Target network updated
2025-06-08 22:02:53,030 - INFO - Step 241000: Loss = 0.000042, Epsilon = 0.7675
2025-06-08 22:02:53,107 - INFO - Episode 188: Reward = -2.5451, Portfolio = $1244.89, Return = -87.55%, Cash = $158.52, Crypto = 0.042053, Steps = 1282
2025-06-08 22:02:57,937 - INFO - Step 242000: Loss = 0.000106, Epsilon = 0.7666
2025-06-08 22:02:57,937 - INFO - Step 242000: Target network updated
2025-06-08 22:02:59,408 - INFO - Episode 189: Reward = -1.7842, Portfolio = $957.20, Return = -90.43%, Cash = $681.28, Crypto = 0.010681, Steps = 1282
2025-06-08 22:03:02,853 - INFO - Step 243000: Loss = 0.000315, Epsilon = 0.7656
2025-06-08 22:03:05,684 - INFO - Episode 190: Reward = -2.1913, Portfolio = $1212.44, Return = -87.88%, Cash = $45.31, Crypto = 0.045179, Steps = 1282
2025-06-08 22:03:05,684 - INFO - Episode 190 Summary: Avg Reward (100 eps) = -2.1488, Avg Portfolio (100 eps) = $911.46, Epsilon = 0.765
2025-06-08 22:03:07,768 - INFO - Step 244000: Loss = 0.000082, Epsilon = 0.7647
2025-06-08 22:03:07,769 - INFO - Step 244000: Target network updated
2025-06-08 22:03:12,224 - INFO - Episode 191: Reward = -2.6348, Portfolio = $1162.41, Return = -88.38%, Cash = $719.43, Crypto = 0.017148, Steps = 1282
2025-06-08 22:03:12,943 - INFO - Step 245000: Loss = 0.000121, Epsilon = 0.7637
2025-06-08 22:03:18,095 - INFO - Step 246000: Loss = 0.000651, Epsilon = 0.7627
2025-06-08 22:03:18,096 - INFO - Step 246000: Target network updated
2025-06-08 22:03:18,791 - INFO - Episode 192: Reward = -2.0715, Portfolio = $1389.98, Return = -86.10%, Cash = $763.30, Crypto = 0.024259, Steps = 1282
2025-06-08 22:03:23,243 - INFO - Step 247000: Loss = 0.000299, Epsilon = 0.7618
2025-06-08 22:03:25,415 - INFO - Episode 193: Reward = -2.4915, Portfolio = $1052.97, Return = -89.47%, Cash = $703.18, Crypto = 0.013540, Steps = 1282
2025-06-08 22:03:28,247 - INFO - Step 248000: Loss = 0.000066, Epsilon = 0.7608
2025-06-08 22:03:28,248 - INFO - Step 248000: Target network updated
2025-06-08 22:03:31,721 - INFO - Episode 194: Reward = -2.0119, Portfolio = $970.22, Return = -90.30%, Cash = $316.98, Crypto = 0.025287, Steps = 1282
2025-06-08 22:03:33,159 - INFO - Step 249000: Loss = 0.000039, Epsilon = 0.7598
2025-06-08 22:03:38,063 - INFO - Episode 195: Reward = -2.2829, Portfolio = $994.03, Return = -90.06%, Cash = $311.33, Crypto = 0.026427, Steps = 1282
2025-06-08 22:03:38,119 - INFO - Step 250000: Loss = 0.000139, Epsilon = 0.7589
2025-06-08 22:03:38,120 - INFO - Step 250000: Target network updated
2025-06-08 22:03:43,168 - INFO - Step 251000: Loss = 0.000070, Epsilon = 0.7579
2025-06-08 22:03:44,532 - INFO - Episode 196: Reward = -2.2668, Portfolio = $1454.94, Return = -85.45%, Cash = $555.39, Crypto = 0.034821, Steps = 1282
2025-06-08 22:03:48,208 - INFO - Step 252000: Loss = 0.000035, Epsilon = 0.7569
2025-06-08 22:03:48,208 - INFO - Step 252000: Target network updated
2025-06-08 22:03:51,058 - INFO - Episode 197: Reward = -2.0713, Portfolio = $1153.10, Return = -88.47%, Cash = $556.71, Crypto = 0.023086, Steps = 1282
2025-06-08 22:03:53,416 - INFO - Step 253000: Loss = 0.000049, Epsilon = 0.7560
2025-06-08 22:03:57,800 - INFO - Episode 198: Reward = -2.3764, Portfolio = $959.48, Return = -90.41%, Cash = $481.67, Crypto = 0.018496, Steps = 1282
2025-06-08 22:03:58,705 - INFO - Step 254000: Loss = 0.000119, Epsilon = 0.7550
2025-06-08 22:03:58,705 - INFO - Step 254000: Target network updated
2025-06-08 22:04:03,441 - INFO - Step 255000: Loss = 0.000165, Epsilon = 0.7540
2025-06-08 22:04:04,027 - INFO - Episode 199: Reward = -2.2311, Portfolio = $1352.13, Return = -86.48%, Cash = $418.07, Crypto = 0.036157, Steps = 1282
2025-06-08 22:04:08,532 - INFO - Step 256000: Loss = 0.000072, Epsilon = 0.7531
2025-06-08 22:04:08,533 - INFO - Step 256000: Target network updated
2025-06-08 22:04:10,607 - INFO - Episode 200: Reward = -1.7545, Portfolio = $1967.75, Return = -80.32%, Cash = $1372.19, Crypto = 0.023054, Steps = 1282
2025-06-08 22:04:10,607 - INFO - Episode 200 Summary: Avg Reward (100 eps) = -2.1375, Avg Portfolio (100 eps) = $961.12, Epsilon = 0.753
2025-06-08 22:04:10,608 - INFO - 
Detailed steps for Episode 200:
2025-06-08 22:04:10,608 - INFO - Step | Action | Price    | RSI   | PnL%   | Cash%  | Pos%   | Reward    | Portfolio
2025-06-08 22:04:10,608 - INFO - ----------------------------------------------------------------------------------------------------
2025-06-08 22:04:10,608 - INFO -    0 | SELL |  7909.73 |  21.9 |   0.00 |  100.0 |    0.0 |   -0.1000 | $  10000.00
2025-06-08 22:04:10,608 - INFO -    1 | HOLD |  7911.43 |  24.3 |   0.00 |  100.0 |    0.0 |    0.0000 | $  10000.00
2025-06-08 22:04:10,608 - INFO -    2 | BUY  |  4970.79 |  29.9 |   0.00 |  100.0 |    0.0 |   -0.0049 | $   9950.98
2025-06-08 22:04:10,608 - INFO -    3 | BUY  |  5563.71 |  13.1 |   0.00 |   75.0 |   24.5 |    0.0257 | $  10206.57
2025-06-08 22:04:10,608 - INFO -    4 | HOLD |  5200.37 |  22.5 |   6.82 |   56.2 |   45.8 |   -0.0293 | $   9907.37
2025-06-08 22:04:10,608 - INFO -    5 | SELL |  5392.31 |  21.4 |  -0.16 |   56.2 |   42.8 |    0.0104 | $  10009.93
2025-06-08 22:04:10,608 - INFO -    6 | SELL |  5014.48 |  24.0 |   3.53 |   66.8 |   33.3 |   -0.0272 | $   9737.86
2025-06-08 22:04:10,608 - INFO -    7 | BUY  |  5225.63 |  18.7 |  -3.73 |   74.2 |   23.2 |    0.0063 | $   9799.32
2025-06-08 22:04:10,608 - INFO -    8 | HOLD |  5238.44 |  21.7 |   0.19 |   55.6 |   42.4 |    0.0011 | $   9809.71
2025-06-08 22:04:10,608 - INFO -    9 | HOLD |  6191.19 |  22.0 |   0.43 |   55.6 |   42.5 |    0.0788 | $  10582.39
2025-06-08 22:04:10,608 - INFO -   ...    ...      ...       ...     ...     ...      ...      ...         ...
2025-06-08 22:04:10,608 - INFO - 1272 | BUY  | 25969.57 |  47.6 |  -9.48 |    7.3 |   13.1 |   -0.0035 | $   2041.79
2025-06-08 22:04:10,608 - INFO - 1273 | BUY  | 25812.42 |  47.7 |  -8.12 |    5.5 |   15.0 |   -0.0034 | $   2030.06
2025-06-08 22:04:10,608 - INFO - 1274 | SELL | 25779.98 |  46.8 |  -8.02 |    4.1 |   16.2 |   -0.0034 | $   2007.79
2025-06-08 22:04:10,608 - INFO - 1275 | BUY  | 25753.24 |  47.4 |  -8.14 |    7.9 |   12.1 |   -0.0025 | $   2002.64
2025-06-08 22:04:10,608 - INFO - 1276 | HOLD | 26240.20 |  42.4 |  -7.18 |    6.0 |   14.1 |   -0.0014 | $   2029.25
2025-06-08 22:04:10,608 - INFO - 1277 | SELL | 25905.65 |  50.8 |  -5.42 |    6.0 |   14.3 |   -0.0020 | $   1993.27
2025-06-08 22:04:10,608 - INFO - 1278 | SELL | 25895.68 |  48.5 |  -6.63 |    9.3 |   10.6 |   -0.0023 | $   1979.60
2025-06-08 22:04:10,608 - INFO - 1279 | SELL | 25832.23 |  48.8 |  -6.66 |   11.8 |    8.0 |   -0.0024 | $   1967.72
2025-06-08 22:04:10,608 - INFO - 1280 | HOLD | 25162.65 |  47.3 |  -6.89 |   13.7 |    6.0 |   -0.0025 | $   1952.28
2025-06-08 22:04:10,608 - INFO - 1281 | HOLD | 25833.34 |  41.4 |  -9.30 |   13.7 |    5.8 |   -0.0028 | $   1967.75
2025-06-08 22:04:10,608 - INFO - 
Action distribution for Episode 200:
2025-06-08 22:04:10,608 - INFO -   HOLD:  576 ( 44.9%)
2025-06-08 22:04:10,608 - INFO -   BUY:   402 ( 31.4%)
2025-06-08 22:04:10,608 - INFO -   SELL:  304 ( 23.7%)
2025-06-08 22:04:10,608 - INFO - ----------------------------------------------------------------------------------------------------
2025-06-08 22:04:13,687 - INFO - Step 257000: Loss = 0.000045, Epsilon = 0.7521
2025-06-08 22:04:17,287 - INFO - Episode 201: Reward = -2.1693, Portfolio = $761.11, Return = -92.39%, Cash = $401.57, Crypto = 0.013918, Steps = 1282
2025-06-08 22:04:18,914 - INFO - Step 258000: Loss = 0.000085, Epsilon = 0.7511
2025-06-08 22:04:18,914 - INFO - Step 258000: Target network updated
2025-06-08 22:04:23,682 - INFO - Episode 202: Reward = -1.9930, Portfolio = $2006.21, Return = -79.94%, Cash = $948.23, Crypto = 0.040954, Steps = 1282
2025-06-08 22:04:23,868 - INFO - Step 259000: Loss = 0.000044, Epsilon = 0.7502
2025-06-08 22:04:28,829 - INFO - Step 260000: Loss = 0.000114, Epsilon = 0.7492
2025-06-08 22:04:28,830 - INFO - Step 260000: Target network updated
2025-06-08 22:04:30,025 - INFO - Episode 203: Reward = -2.6570, Portfolio = $1221.94, Return = -87.78%, Cash = $876.12, Crypto = 0.013387, Steps = 1282
2025-06-08 22:04:33,608 - INFO - Step 261000: Loss = 0.000473, Epsilon = 0.7483
2025-06-08 22:04:36,362 - INFO - Episode 204: Reward = -1.9744, Portfolio = $1443.73, Return = -85.56%, Cash = $1027.99, Crypto = 0.016093, Steps = 1282
2025-06-08 22:04:38,792 - INFO - Step 262000: Loss = 0.000070, Epsilon = 0.7473
2025-06-08 22:04:38,793 - INFO - Step 262000: Target network updated
2025-06-08 22:04:42,851 - INFO - Episode 205: Reward = -1.9384, Portfolio = $1134.40, Return = -88.66%, Cash = $491.37, Crypto = 0.024892, Steps = 1282
2025-06-08 22:04:43,803 - INFO - Step 263000: Loss = 0.000054, Epsilon = 0.7463
2025-06-08 22:04:48,880 - INFO - Step 264000: Loss = 0.000062, Epsilon = 0.7454
2025-06-08 22:04:48,880 - INFO - Step 264000: Target network updated
2025-06-08 22:04:49,344 - INFO - Episode 206: Reward = -2.3883, Portfolio = $721.72, Return = -92.78%, Cash = $461.69, Crypto = 0.010066, Steps = 1282
2025-06-08 22:04:53,928 - INFO - Step 265000: Loss = 0.000111, Epsilon = 0.7444
2025-06-08 22:04:55,814 - INFO - Episode 207: Reward = -1.7645, Portfolio = $1716.40, Return = -82.84%, Cash = $794.18, Crypto = 0.035699, Steps = 1282
2025-06-08 22:04:59,036 - INFO - Step 266000: Loss = 0.000073, Epsilon = 0.7434
2025-06-08 22:04:59,036 - INFO - Step 266000: Target network updated
2025-06-08 22:05:02,314 - INFO - Episode 208: Reward = -1.6283, Portfolio = $1814.70, Return = -81.85%, Cash = $458.03, Crypto = 0.052516, Steps = 1282
2025-06-08 22:05:04,005 - INFO - Step 267000: Loss = 0.000037, Epsilon = 0.7425
2025-06-08 22:05:08,615 - INFO - Episode 209: Reward = -2.0403, Portfolio = $1921.09, Return = -80.79%, Cash = $498.88, Crypto = 0.055053, Steps = 1282
2025-06-08 22:05:08,907 - INFO - Step 268000: Loss = 0.000087, Epsilon = 0.7415
2025-06-08 22:05:08,907 - INFO - Step 268000: Target network updated
2025-06-08 22:05:13,735 - INFO - Step 269000: Loss = 0.000064, Epsilon = 0.7405
2025-06-08 22:05:14,807 - INFO - Episode 210: Reward = -2.0596, Portfolio = $1202.19, Return = -87.98%, Cash = $958.81, Crypto = 0.009421, Steps = 1282
2025-06-08 22:05:14,807 - INFO - Episode 210 Summary: Avg Reward (100 eps) = -2.1202, Avg Portfolio (100 eps) = $1018.46, Epsilon = 0.740
2025-06-08 22:05:18,642 - INFO - Step 270000: Loss = 0.000086, Epsilon = 0.7396
2025-06-08 22:05:18,642 - INFO - Step 270000: Target network updated
2025-06-08 22:05:21,100 - INFO - Episode 211: Reward = -2.3621, Portfolio = $1680.44, Return = -83.20%, Cash = $1023.26, Crypto = 0.025439, Steps = 1282
2025-06-08 22:05:23,545 - INFO - Step 271000: Loss = 0.000072, Epsilon = 0.7386
2025-06-08 22:05:27,390 - INFO - Episode 212: Reward = -2.3815, Portfolio = $1157.10, Return = -88.43%, Cash = $723.02, Crypto = 0.016803, Steps = 1282
2025-06-08 22:05:28,463 - INFO - Step 272000: Loss = 0.000072, Epsilon = 0.7376
2025-06-08 22:05:28,464 - INFO - Step 272000: Target network updated
2025-06-08 22:05:33,511 - INFO - Step 273000: Loss = 0.000110, Epsilon = 0.7367
2025-06-08 22:05:33,827 - INFO - Episode 213: Reward = -2.7570, Portfolio = $970.66, Return = -90.29%, Cash = $546.80, Crypto = 0.016407, Steps = 1282
2025-06-08 22:05:38,461 - INFO - Step 274000: Loss = 0.000121, Epsilon = 0.7357
2025-06-08 22:05:38,462 - INFO - Step 274000: Target network updated
2025-06-08 22:05:40,191 - INFO - Episode 214: Reward = -2.1149, Portfolio = $1346.18, Return = -86.54%, Cash = $496.92, Crypto = 0.032874, Steps = 1282
2025-06-08 22:05:43,428 - INFO - Step 275000: Loss = 0.000052, Epsilon = 0.7348
2025-06-08 22:05:46,541 - INFO - Episode 215: Reward = -1.5939, Portfolio = $1239.44, Return = -87.61%, Cash = $202.75, Crypto = 0.040130, Steps = 1282
2025-06-08 22:05:48,484 - INFO - Step 276000: Loss = 0.000045, Epsilon = 0.7338
2025-06-08 22:05:48,484 - INFO - Step 276000: Target network updated
2025-06-08 22:05:52,996 - INFO - Episode 216: Reward = -2.2153, Portfolio = $930.56, Return = -90.69%, Cash = $284.98, Crypto = 0.024990, Steps = 1282
2025-06-08 22:05:53,435 - INFO - Step 277000: Loss = 0.000067, Epsilon = 0.7328
2025-06-08 22:05:58,409 - INFO - Step 278000: Loss = 0.000093, Epsilon = 0.7319
2025-06-08 22:05:58,409 - INFO - Step 278000: Target network updated
2025-06-08 22:05:59,359 - INFO - Episode 217: Reward = -1.5742, Portfolio = $1644.87, Return = -83.55%, Cash = $376.69, Crypto = 0.049091, Steps = 1282
2025-06-08 22:06:03,410 - INFO - Step 279000: Loss = 0.000101, Epsilon = 0.7309
2025-06-08 22:06:05,740 - INFO - Episode 218: Reward = -1.9208, Portfolio = $1722.30, Return = -82.78%, Cash = $691.20, Crypto = 0.039914, Steps = 1282
2025-06-08 22:06:08,327 - INFO - Step 280000: Loss = 0.000329, Epsilon = 0.7299
2025-06-08 22:06:08,327 - INFO - Step 280000: Target network updated
2025-06-08 22:06:11,948 - INFO - Episode 219: Reward = -2.4334, Portfolio = $2063.40, Return = -79.37%, Cash = $1484.71, Crypto = 0.022401, Steps = 1282
2025-06-08 22:06:13,070 - INFO - Step 281000: Loss = 0.000152, Epsilon = 0.7290
2025-06-08 22:06:17,652 - INFO - Step 282000: Loss = 0.000134, Epsilon = 0.7280
2025-06-08 22:06:17,652 - INFO - Step 282000: Target network updated
2025-06-08 22:06:17,847 - INFO - Episode 220: Reward = -2.1304, Portfolio = $1406.43, Return = -85.94%, Cash = $202.47, Crypto = 0.046605, Steps = 1282
2025-06-08 22:06:17,847 - INFO - Episode 220 Summary: Avg Reward (100 eps) = -2.1067, Avg Portfolio (100 eps) = $1076.58, Epsilon = 0.728
2025-06-08 22:06:22,558 - INFO - Step 283000: Loss = 0.000131, Epsilon = 0.7270
2025-06-08 22:06:24,140 - INFO - Episode 221: Reward = -2.9095, Portfolio = $809.54, Return = -91.90%, Cash = $374.60, Crypto = 0.016836, Steps = 1282
2025-06-08 22:06:27,482 - INFO - Step 284000: Loss = 0.000068, Epsilon = 0.7261
2025-06-08 22:06:27,483 - INFO - Step 284000: Target network updated
2025-06-08 22:06:30,474 - INFO - Episode 222: Reward = -2.0000, Portfolio = $1652.05, Return = -83.48%, Cash = $1056.32, Crypto = 0.023061, Steps = 1282
2025-06-08 22:06:32,433 - INFO - Step 285000: Loss = 0.000079, Epsilon = 0.7251
2025-06-08 22:06:36,783 - INFO - Episode 223: Reward = -2.0392, Portfolio = $884.26, Return = -91.16%, Cash = $799.32, Crypto = 0.003288, Steps = 1282
2025-06-08 22:06:37,349 - INFO - Step 286000: Loss = 0.000103, Epsilon = 0.7241
2025-06-08 22:06:37,349 - INFO - Step 286000: Target network updated
2025-06-08 22:06:42,302 - INFO - Step 287000: Loss = 0.000044, Epsilon = 0.7232
2025-06-08 22:06:43,130 - INFO - Episode 224: Reward = -2.4665, Portfolio = $643.27, Return = -93.57%, Cash = $343.79, Crypto = 0.011593, Steps = 1282
2025-06-08 22:06:47,252 - INFO - Step 288000: Loss = 0.000036, Epsilon = 0.7222
2025-06-08 22:06:47,252 - INFO - Step 288000: Target network updated
2025-06-08 22:06:49,476 - INFO - Episode 225: Reward = -2.7437, Portfolio = $823.19, Return = -91.77%, Cash = $665.23, Crypto = 0.006114, Steps = 1282
2025-06-08 22:06:52,205 - INFO - Step 289000: Loss = 0.000081, Epsilon = 0.7212
2025-06-08 22:06:55,808 - INFO - Episode 226: Reward = -1.4480, Portfolio = $1509.72, Return = -84.90%, Cash = $464.60, Crypto = 0.040456, Steps = 1282
2025-06-08 22:06:57,149 - INFO - Step 290000: Loss = 0.000053, Epsilon = 0.7203
2025-06-08 22:06:57,150 - INFO - Step 290000: Target network updated
2025-06-08 22:07:02,113 - INFO - Step 291000: Loss = 0.000042, Epsilon = 0.7193
2025-06-08 22:07:02,180 - INFO - Episode 227: Reward = -1.9843, Portfolio = $906.50, Return = -90.94%, Cash = $415.71, Crypto = 0.018998, Steps = 1282
2025-06-08 22:07:07,069 - INFO - Step 292000: Loss = 0.000063, Epsilon = 0.7184
2025-06-08 22:07:07,069 - INFO - Step 292000: Target network updated
2025-06-08 22:07:08,527 - INFO - Episode 228: Reward = -2.0452, Portfolio = $1647.65, Return = -83.52%, Cash = $1196.40, Crypto = 0.017468, Steps = 1282
2025-06-08 22:07:12,002 - INFO - Step 293000: Loss = 0.000041, Epsilon = 0.7174
2025-06-08 22:07:14,842 - INFO - Episode 229: Reward = -2.3119, Portfolio = $1515.36, Return = -84.85%, Cash = $519.36, Crypto = 0.038555, Steps = 1282
2025-06-08 22:07:16,937 - INFO - Step 294000: Loss = 0.000060, Epsilon = 0.7164
2025-06-08 22:07:16,938 - INFO - Step 294000: Target network updated
2025-06-08 22:07:21,175 - INFO - Episode 230: Reward = -2.0898, Portfolio = $1403.14, Return = -85.97%, Cash = $747.59, Crypto = 0.025376, Steps = 1282
2025-06-08 22:07:21,175 - INFO - Episode 230 Summary: Avg Reward (100 eps) = -2.1188, Avg Portfolio (100 eps) = $1101.61, Epsilon = 0.716
2025-06-08 22:07:21,862 - INFO - Step 295000: Loss = 0.000038, Epsilon = 0.7155
2025-06-08 22:07:26,802 - INFO - Step 296000: Loss = 0.000409, Epsilon = 0.7145
2025-06-08 22:07:26,803 - INFO - Step 296000: Target network updated
2025-06-08 22:07:27,498 - INFO - Episode 231: Reward = -2.3912, Portfolio = $1610.51, Return = -83.89%, Cash = $1382.86, Crypto = 0.008812, Steps = 1282
2025-06-08 22:07:31,755 - INFO - Step 297000: Loss = 0.000040, Epsilon = 0.7135
2025-06-08 22:07:33,868 - INFO - Episode 232: Reward = -1.8165, Portfolio = $1510.32, Return = -84.90%, Cash = $674.65, Crypto = 0.032348, Steps = 1282
2025-06-08 22:07:36,739 - INFO - Step 298000: Loss = 0.000044, Epsilon = 0.7126
2025-06-08 22:07:36,739 - INFO - Step 298000: Target network updated
2025-06-08 22:07:40,232 - INFO - Episode 233: Reward = -1.9296, Portfolio = $1737.63, Return = -82.62%, Cash = $657.69, Crypto = 0.041804, Steps = 1282
2025-06-08 22:07:41,692 - INFO - Step 299000: Loss = 0.000142, Epsilon = 0.7116
2025-06-08 22:07:46,569 - INFO - Episode 234: Reward = -1.5019, Portfolio = $1478.77, Return = -85.21%, Cash = $924.68, Crypto = 0.021448, Steps = 1282
2025-06-08 22:07:46,631 - INFO - Step 300000: Loss = 0.000054, Epsilon = 0.7106
2025-06-08 22:07:46,632 - INFO - Step 300000: Target network updated
2025-06-08 22:07:51,523 - INFO - Step 301000: Loss = 0.000071, Epsilon = 0.7097
2025-06-08 22:07:52,858 - INFO - Episode 235: Reward = -1.9875, Portfolio = $958.03, Return = -90.42%, Cash = $368.45, Crypto = 0.022822, Steps = 1282
2025-06-08 22:07:56,484 - INFO - Step 302000: Loss = 0.000329, Epsilon = 0.7087
2025-06-08 22:07:56,484 - INFO - Step 302000: Target network updated
2025-06-08 22:07:59,234 - INFO - Episode 236: Reward = -2.6393, Portfolio = $1082.64, Return = -89.17%, Cash = $636.57, Crypto = 0.017267, Steps = 1282
2025-06-08 22:08:01,461 - INFO - Step 303000: Loss = 0.000138, Epsilon = 0.7077
2025-06-08 22:08:05,561 - INFO - Episode 237: Reward = -2.1619, Portfolio = $997.68, Return = -90.02%, Cash = $275.99, Crypto = 0.027936, Steps = 1282
2025-06-08 22:08:06,387 - INFO - Step 304000: Loss = 0.000038, Epsilon = 0.7068
2025-06-08 22:08:06,387 - INFO - Step 304000: Target network updated
2025-06-08 22:08:11,170 - INFO - Step 305000: Loss = 0.000073, Epsilon = 0.7058
2025-06-08 22:08:11,729 - INFO - Episode 238: Reward = -1.5413, Portfolio = $1244.91, Return = -87.55%, Cash = $1068.62, Crypto = 0.006824, Steps = 1282
2025-06-08 22:08:16,054 - INFO - Step 306000: Loss = 0.000038, Epsilon = 0.7049
2025-06-08 22:08:16,054 - INFO - Step 306000: Target network updated
2025-06-08 22:08:18,003 - INFO - Episode 239: Reward = -1.5832, Portfolio = $2137.02, Return = -78.63%, Cash = $1455.40, Crypto = 0.026385, Steps = 1282
2025-06-08 22:08:20,980 - INFO - Step 307000: Loss = 0.000084, Epsilon = 0.7039
2025-06-08 22:08:24,328 - INFO - Episode 240: Reward = -1.6678, Portfolio = $2052.75, Return = -79.47%, Cash = $1880.35, Crypto = 0.006673, Steps = 1282
2025-06-08 22:08:24,328 - INFO - Episode 240 Summary: Avg Reward (100 eps) = -2.1048, Avg Portfolio (100 eps) = $1164.31, Epsilon = 0.703
2025-06-08 22:08:25,912 - INFO - Step 308000: Loss = 0.000079, Epsilon = 0.7029
2025-06-08 22:08:25,912 - INFO - Step 308000: Target network updated
2025-06-08 22:08:30,666 - INFO - Episode 241: Reward = -2.9100, Portfolio = $880.21, Return = -91.20%, Cash = $205.24, Crypto = 0.026128, Steps = 1282
2025-06-08 22:08:30,856 - INFO - Step 309000: Loss = 0.000069, Epsilon = 0.7020
2025-06-08 22:08:35,835 - INFO - Step 310000: Loss = 0.000062, Epsilon = 0.7010
2025-06-08 22:08:35,835 - INFO - Step 310000: Target network updated
2025-06-08 22:08:37,033 - INFO - Episode 242: Reward = -2.1606, Portfolio = $1222.13, Return = -87.78%, Cash = $821.96, Crypto = 0.015491, Steps = 1282
2025-06-08 22:08:40,737 - INFO - Step 311000: Loss = 0.000167, Epsilon = 0.7000
2025-06-08 22:08:43,280 - INFO - Episode 243: Reward = -1.5463, Portfolio = $2172.24, Return = -78.28%, Cash = $1172.63, Crypto = 0.038694, Steps = 1282
2025-06-08 22:08:45,608 - INFO - Step 312000: Loss = 0.000077, Epsilon = 0.6991
2025-06-08 22:08:45,609 - INFO - Step 312000: Target network updated
2025-06-08 22:08:49,548 - INFO - Episode 244: Reward = -2.0474, Portfolio = $1902.58, Return = -80.97%, Cash = $1109.99, Crypto = 0.030681, Steps = 1282
2025-06-08 22:08:50,495 - INFO - Step 313000: Loss = 0.000044, Epsilon = 0.6981
2025-06-08 22:08:55,435 - INFO - Step 314000: Loss = 0.000186, Epsilon = 0.6971
2025-06-08 22:08:55,436 - INFO - Step 314000: Target network updated
2025-06-08 22:08:55,868 - INFO - Episode 245: Reward = -1.6055, Portfolio = $1891.69, Return = -81.08%, Cash = $379.65, Crypto = 0.058530, Steps = 1282
2025-06-08 22:09:00,420 - INFO - Step 315000: Loss = 0.000083, Epsilon = 0.6962
2025-06-08 22:09:02,265 - INFO - Episode 246: Reward = -2.0790, Portfolio = $1005.58, Return = -89.94%, Cash = $464.16, Crypto = 0.020958, Steps = 1282
2025-06-08 22:09:05,401 - INFO - Step 316000: Loss = 0.000041, Epsilon = 0.6952
2025-06-08 22:09:05,402 - INFO - Step 316000: Target network updated
2025-06-08 22:09:08,628 - INFO - Episode 247: Reward = -1.6332, Portfolio = $1805.46, Return = -81.95%, Cash = $847.22, Crypto = 0.037093, Steps = 1282
2025-06-08 22:09:10,348 - INFO - Step 317000: Loss = 0.000060, Epsilon = 0.6942
2025-06-08 22:09:14,854 - INFO - Episode 248: Reward = -1.3463, Portfolio = $1646.87, Return = -83.53%, Cash = $472.62, Crypto = 0.045455, Steps = 1282
2025-06-08 22:09:15,194 - INFO - Step 318000: Loss = 0.000107, Epsilon = 0.6933
2025-06-08 22:09:15,194 - INFO - Step 318000: Target network updated
2025-06-08 22:09:20,273 - INFO - Step 319000: Loss = 0.000354, Epsilon = 0.6923
2025-06-08 22:09:21,375 - INFO - Episode 249: Reward = -1.3402, Portfolio = $1608.70, Return = -83.91%, Cash = $446.37, Crypto = 0.044993, Steps = 1282
2025-06-08 22:09:25,401 - INFO - Step 320000: Loss = 0.000066, Epsilon = 0.6913
2025-06-08 22:09:25,401 - INFO - Step 320000: Target network updated
2025-06-08 22:09:27,952 - INFO - Episode 250: Reward = -2.6455, Portfolio = $1982.53, Return = -80.17%, Cash = $883.76, Crypto = 0.042533, Steps = 1282
2025-06-08 22:09:27,952 - INFO - Episode 250 Summary: Avg Reward (100 eps) = -2.0800, Avg Portfolio (100 eps) = $1235.88, Epsilon = 0.691
2025-06-08 22:09:27,952 - INFO - 
Detailed steps for Episode 250:
2025-06-08 22:09:27,952 - INFO - Step | Action | Price    | RSI   | PnL%   | Cash%  | Pos%   | Reward    | Portfolio
2025-06-08 22:09:27,952 - INFO - ----------------------------------------------------------------------------------------------------
2025-06-08 22:09:27,952 - INFO -    0 | HOLD |  7909.73 |  21.9 |   0.00 |  100.0 |    0.0 |    0.0000 | $  10000.00
2025-06-08 22:09:27,952 - INFO -    1 | HOLD |  7911.43 |  24.3 |   0.00 |  100.0 |    0.0 |    0.0000 | $  10000.00
2025-06-08 22:09:27,952 - INFO -    2 | HOLD |  4970.79 |  29.9 |   0.00 |  100.0 |    0.0 |    0.0000 | $  10000.00
2025-06-08 22:09:27,952 - INFO -    3 | HOLD |  5563.71 |  13.1 |   0.00 |  100.0 |    0.0 |    0.0000 | $  10000.00
2025-06-08 22:09:27,952 - INFO -    4 | HOLD |  5200.37 |  22.5 |   0.00 |  100.0 |    0.0 |    0.0000 | $  10000.00
2025-06-08 22:09:27,952 - INFO -    5 | HOLD |  5392.31 |  21.4 |   0.00 |  100.0 |    0.0 |    0.0000 | $  10000.00
2025-06-08 22:09:27,952 - INFO -    6 | SELL |  5014.48 |  24.0 |   0.00 |  100.0 |    0.0 |   -0.1000 | $  10000.00
2025-06-08 22:09:27,952 - INFO -    7 | SELL |  5225.63 |  18.7 |   0.00 |  100.0 |    0.0 |   -0.1000 | $  10000.00
2025-06-08 22:09:27,952 - INFO -    8 | SELL |  5238.44 |  21.7 |   0.00 |  100.0 |    0.0 |   -0.1000 | $  10000.00
2025-06-08 22:09:27,953 - INFO -    9 | SELL |  6191.19 |  22.0 |   0.00 |  100.0 |    0.0 |   -0.1000 | $  10000.00
2025-06-08 22:09:27,953 - INFO -   ...    ...      ...       ...     ...     ...      ...      ...         ...
2025-06-08 22:09:27,953 - INFO - 1272 | BUY  | 25969.57 |  47.6 |  -3.71 |   13.7 |    6.6 |   -0.0072 | $   2020.44
2025-06-08 22:09:27,953 - INFO - 1273 | HOLD | 25812.42 |  47.7 |  -2.24 |   10.2 |   10.0 |   -0.0070 | $   2014.41
2025-06-08 22:09:27,953 - INFO - 1274 | SELL | 25779.98 |  46.8 |  -2.83 |   10.2 |    9.9 |   -0.0069 | $   2000.81
2025-06-08 22:09:27,953 - INFO - 1275 | HOLD | 25753.24 |  47.4 |  -2.95 |   12.6 |    7.4 |   -0.0066 | $   2000.04
2025-06-08 22:09:27,953 - INFO - 1276 | SELL | 26240.20 |  42.4 |  -3.06 |   12.6 |    7.4 |   -0.0057 | $   2004.61
2025-06-08 22:09:27,953 - INFO - 1277 | SELL | 25905.65 |  50.8 |  -1.22 |   14.4 |    5.7 |   -0.0061 | $   1990.40
2025-06-08 22:09:27,953 - INFO - 1278 | BUY  | 25895.68 |  48.5 |  -2.48 |   15.7 |    4.2 |   -0.0059 | $   1982.54
2025-06-08 22:09:27,953 - INFO - 1279 | HOLD | 25832.23 |  48.8 |  -1.33 |   11.8 |    8.0 |   -0.0057 | $   1980.57
2025-06-08 22:09:27,953 - INFO - 1280 | BUY  | 25162.65 |  47.3 |  -1.57 |   11.8 |    8.0 |   -0.0058 | $   1954.00
2025-06-08 22:09:27,953 - INFO - 1281 | HOLD | 25833.34 |  41.4 |  -3.04 |    8.8 |   10.7 |   -0.0047 | $   1982.53
2025-06-08 22:09:27,953 - INFO - 
Action distribution for Episode 250:
2025-06-08 22:09:27,953 - INFO -   HOLD:  553 ( 43.1%)
2025-06-08 22:09:27,953 - INFO -   BUY:   352 ( 27.5%)
2025-06-08 22:09:27,953 - INFO -   SELL:  377 ( 29.4%)
2025-06-08 22:09:27,953 - INFO - ----------------------------------------------------------------------------------------------------
2025-06-08 22:09:30,460 - INFO - Step 321000: Loss = 0.000106, Epsilon = 0.6904
2025-06-08 22:09:34,369 - INFO - Episode 251: Reward = -2.0088, Portfolio = $1068.79, Return = -89.31%, Cash = $858.90, Crypto = 0.008125, Steps = 1282
2025-06-08 22:09:35,502 - INFO - Step 322000: Loss = 0.000049, Epsilon = 0.6894
2025-06-08 22:09:35,502 - INFO - Step 322000: Target network updated
2025-06-08 22:09:40,565 - INFO - Step 323000: Loss = 0.000062, Epsilon = 0.6885
2025-06-08 22:09:40,887 - INFO - Episode 252: Reward = -2.1490, Portfolio = $2127.30, Return = -78.73%, Cash = $953.87, Crypto = 0.045423, Steps = 1282
2025-06-08 22:09:45,640 - INFO - Step 324000: Loss = 0.000091, Epsilon = 0.6875
2025-06-08 22:09:45,641 - INFO - Step 324000: Target network updated
2025-06-08 22:09:47,392 - INFO - Episode 253: Reward = -1.7073, Portfolio = $1479.20, Return = -85.21%, Cash = $469.44, Crypto = 0.039087, Steps = 1282
2025-06-08 22:09:50,725 - INFO - Step 325000: Loss = 0.000065, Epsilon = 0.6865
2025-06-08 22:09:53,904 - INFO - Episode 254: Reward = -1.5262, Portfolio = $1190.68, Return = -88.09%, Cash = $259.68, Crypto = 0.036039, Steps = 1282
2025-06-08 22:09:55,799 - INFO - Step 326000: Loss = 0.000082, Epsilon = 0.6856
2025-06-08 22:09:55,800 - INFO - Step 326000: Target network updated
2025-06-08 22:10:00,431 - INFO - Episode 255: Reward = -1.5849, Portfolio = $1260.70, Return = -87.39%, Cash = $788.62, Crypto = 0.018274, Steps = 1282
2025-06-08 22:10:00,892 - INFO - Step 327000: Loss = 0.000050, Epsilon = 0.6846
2025-06-08 22:10:05,937 - INFO - Step 328000: Loss = 0.000124, Epsilon = 0.6836
2025-06-08 22:10:05,937 - INFO - Step 328000: Target network updated
2025-06-08 22:10:06,919 - INFO - Episode 256: Reward = -1.1856, Portfolio = $2422.82, Return = -75.77%, Cash = $614.19, Crypto = 0.070012, Steps = 1282
2025-06-08 22:10:11,027 - INFO - Step 329000: Loss = 0.000034, Epsilon = 0.6827
2025-06-08 22:10:13,424 - INFO - Episode 257: Reward = -2.5564, Portfolio = $2505.22, Return = -74.95%, Cash = $1525.50, Crypto = 0.037925, Steps = 1282
2025-06-08 22:10:16,100 - INFO - Step 330000: Loss = 0.000153, Epsilon = 0.6817
2025-06-08 22:10:16,100 - INFO - Step 330000: Target network updated
2025-06-08 22:10:19,893 - INFO - Episode 258: Reward = -2.4266, Portfolio = $1183.49, Return = -88.17%, Cash = $741.37, Crypto = 0.017114, Steps = 1282
2025-06-08 22:10:21,107 - INFO - Step 331000: Loss = 0.000087, Epsilon = 0.6807
2025-06-08 22:10:26,156 - INFO - Step 332000: Loss = 0.000163, Epsilon = 0.6798
2025-06-08 22:10:26,157 - INFO - Step 332000: Target network updated
2025-06-08 22:10:26,341 - INFO - Episode 259: Reward = -2.8615, Portfolio = $1160.09, Return = -88.40%, Cash = $219.13, Crypto = 0.036424, Steps = 1282
2025-06-08 22:10:31,213 - INFO - Step 333000: Loss = 0.000122, Epsilon = 0.6788
2025-06-08 22:10:32,835 - INFO - Episode 260: Reward = -1.4738, Portfolio = $1974.16, Return = -80.26%, Cash = $497.67, Crypto = 0.057155, Steps = 1282
2025-06-08 22:10:32,835 - INFO - Episode 260 Summary: Avg Reward (100 eps) = -2.0716, Avg Portfolio (100 eps) = $1305.12, Epsilon = 0.679
2025-06-08 22:10:36,311 - INFO - Step 334000: Loss = 0.000056, Epsilon = 0.6778
2025-06-08 22:10:36,312 - INFO - Step 334000: Target network updated
2025-06-08 22:10:39,347 - INFO - Episode 261: Reward = -2.6767, Portfolio = $2682.97, Return = -73.17%, Cash = $1395.18, Crypto = 0.049850, Steps = 1282
2025-06-08 22:10:41,383 - INFO - Step 335000: Loss = 0.000041, Epsilon = 0.6769
2025-06-08 22:10:45,855 - INFO - Episode 262: Reward = -2.6229, Portfolio = $1478.10, Return = -85.22%, Cash = $524.26, Crypto = 0.036923, Steps = 1282
2025-06-08 22:10:46,438 - INFO - Step 336000: Loss = 0.000042, Epsilon = 0.6759
2025-06-08 22:10:46,438 - INFO - Step 336000: Target network updated
2025-06-08 22:10:51,575 - INFO - Step 337000: Loss = 0.000351, Epsilon = 0.6750
2025-06-08 22:10:52,449 - INFO - Episode 263: Reward = -3.2361, Portfolio = $1299.83, Return = -87.00%, Cash = $427.05, Crypto = 0.033785, Steps = 1282
2025-06-08 22:10:56,493 - INFO - Step 338000: Loss = 0.000072, Epsilon = 0.6740
2025-06-08 22:10:56,494 - INFO - Step 338000: Target network updated
2025-06-08 22:10:58,733 - INFO - Episode 264: Reward = -3.4360, Portfolio = $1525.93, Return = -84.74%, Cash = $515.00, Crypto = 0.039133, Steps = 1282
2025-06-08 22:11:01,387 - INFO - Step 339000: Loss = 0.000393, Epsilon = 0.6730
2025-06-08 22:11:04,853 - INFO - Episode 265: Reward = -2.2788, Portfolio = $1698.73, Return = -83.01%, Cash = $1053.31, Crypto = 0.024984, Steps = 1282
2025-06-08 22:11:06,129 - INFO - Step 340000: Loss = 0.000053, Epsilon = 0.6721
2025-06-08 22:11:06,129 - INFO - Step 340000: Target network updated
2025-06-08 22:11:10,879 - INFO - Step 341000: Loss = 0.000125, Epsilon = 0.6711
2025-06-08 22:11:10,936 - INFO - Episode 266: Reward = -1.2837, Portfolio = $1176.15, Return = -88.24%, Cash = $553.31, Crypto = 0.024110, Steps = 1282
2025-06-08 22:11:15,665 - INFO - Step 342000: Loss = 0.000456, Epsilon = 0.6701
2025-06-08 22:11:15,666 - INFO - Step 342000: Target network updated
2025-06-08 22:11:17,043 - INFO - Episode 267: Reward = -1.8184, Portfolio = $1813.44, Return = -81.87%, Cash = $178.29, Crypto = 0.063296, Steps = 1282
2025-06-08 22:11:20,395 - INFO - Step 343000: Loss = 0.000051, Epsilon = 0.6692
2025-06-08 22:11:23,091 - INFO - Episode 268: Reward = -1.4782, Portfolio = $1743.65, Return = -82.56%, Cash = $794.23, Crypto = 0.036752, Steps = 1282
2025-06-08 22:11:25,095 - INFO - Step 344000: Loss = 0.000066, Epsilon = 0.6682
2025-06-08 22:11:25,095 - INFO - Step 344000: Target network updated
2025-06-08 22:11:29,128 - INFO - Episode 269: Reward = -1.5842, Portfolio = $1320.30, Return = -86.80%, Cash = $274.68, Crypto = 0.040476, Steps = 1282
2025-06-08 22:11:29,799 - INFO - Step 345000: Loss = 0.000112, Epsilon = 0.6672
2025-06-08 22:11:34,748 - INFO - Step 346000: Loss = 0.000039, Epsilon = 0.6663
2025-06-08 22:11:34,748 - INFO - Step 346000: Target network updated
2025-06-08 22:11:35,446 - INFO - Episode 270: Reward = -2.9892, Portfolio = $897.60, Return = -91.02%, Cash = $74.10, Crypto = 0.031877, Steps = 1282
2025-06-08 22:11:35,447 - INFO - Episode 270 Summary: Avg Reward (100 eps) = -2.1109, Avg Portfolio (100 eps) = $1360.06, Epsilon = 0.666
2025-06-08 22:11:39,761 - INFO - Step 347000: Loss = 0.000108, Epsilon = 0.6653
2025-06-08 22:11:41,886 - INFO - Episode 271: Reward = -1.8410, Portfolio = $2016.52, Return = -79.83%, Cash = $1023.23, Crypto = 0.038450, Steps = 1282
2025-06-08 22:11:44,787 - INFO - Step 348000: Loss = 0.000128, Epsilon = 0.6643
2025-06-08 22:11:44,788 - INFO - Step 348000: Target network updated
2025-06-08 22:11:48,306 - INFO - Episode 272: Reward = -1.5349, Portfolio = $1453.25, Return = -85.47%, Cash = $737.29, Crypto = 0.027714, Steps = 1282
2025-06-08 22:11:49,795 - INFO - Step 349000: Loss = 0.000083, Epsilon = 0.6634
2025-06-08 22:11:54,724 - INFO - Episode 273: Reward = -2.9348, Portfolio = $1822.70, Return = -81.77%, Cash = $1112.84, Crypto = 0.027478, Steps = 1282
2025-06-08 22:11:54,806 - INFO - Step 350000: Loss = 0.000080, Epsilon = 0.6624
2025-06-08 22:11:54,807 - INFO - Step 350000: Target network updated
2025-06-08 22:11:59,831 - INFO - Step 351000: Loss = 0.000111, Epsilon = 0.6614
2025-06-08 22:12:01,166 - INFO - Episode 274: Reward = -1.9606, Portfolio = $1139.20, Return = -88.61%, Cash = $411.15, Crypto = 0.028183, Steps = 1282
2025-06-08 22:12:04,857 - INFO - Step 352000: Loss = 0.000039, Epsilon = 0.6605
2025-06-08 22:12:04,858 - INFO - Step 352000: Target network updated
2025-06-08 22:12:07,620 - INFO - Episode 275: Reward = -2.0883, Portfolio = $2731.44, Return = -72.69%, Cash = $2059.66, Crypto = 0.026004, Steps = 1282
2025-06-08 22:12:09,888 - INFO - Step 353000: Loss = 0.000055, Epsilon = 0.6595
2025-06-08 22:12:14,028 - INFO - Episode 276: Reward = -1.4501, Portfolio = $1203.05, Return = -87.97%, Cash = $397.25, Crypto = 0.031192, Steps = 1282
2025-06-08 22:12:14,870 - INFO - Step 354000: Loss = 0.000075, Epsilon = 0.6586
2025-06-08 22:12:14,871 - INFO - Step 354000: Target network updated
2025-06-08 22:12:19,909 - INFO - Step 355000: Loss = 0.000072, Epsilon = 0.6576
2025-06-08 22:12:20,472 - INFO - Episode 277: Reward = -1.9007, Portfolio = $2169.59, Return = -78.30%, Cash = $1438.70, Crypto = 0.028292, Steps = 1282
2025-06-08 22:12:24,916 - INFO - Step 356000: Loss = 0.000063, Epsilon = 0.6566
2025-06-08 22:12:24,916 - INFO - Step 356000: Target network updated
2025-06-08 22:12:26,884 - INFO - Episode 278: Reward = -1.7944, Portfolio = $1213.38, Return = -87.87%, Cash = $688.89, Crypto = 0.020303, Steps = 1282
2025-06-08 22:12:29,892 - INFO - Step 357000: Loss = 0.000050, Epsilon = 0.6557
2025-06-08 22:12:33,248 - INFO - Episode 279: Reward = -2.4871, Portfolio = $1026.48, Return = -89.74%, Cash = $726.92, Crypto = 0.011596, Steps = 1282
2025-06-08 22:12:34,872 - INFO - Step 358000: Loss = 0.000069, Epsilon = 0.6547
2025-06-08 22:12:34,872 - INFO - Step 358000: Target network updated
2025-06-08 22:12:39,689 - INFO - Episode 280: Reward = -2.3271, Portfolio = $1028.60, Return = -89.71%, Cash = $332.31, Crypto = 0.026953, Steps = 1282
2025-06-08 22:12:39,689 - INFO - Episode 280 Summary: Avg Reward (100 eps) = -2.0937, Avg Portfolio (100 eps) = $1410.62, Epsilon = 0.654
2025-06-08 22:12:39,895 - INFO - Step 359000: Loss = 0.000329, Epsilon = 0.6537
2025-06-08 22:12:44,865 - INFO - Step 360000: Loss = 0.000030, Epsilon = 0.6528
2025-06-08 22:12:44,866 - INFO - Step 360000: Target network updated
2025-06-08 22:12:46,081 - INFO - Episode 281: Reward = -1.6514, Portfolio = $2262.58, Return = -77.37%, Cash = $714.24, Crypto = 0.059936, Steps = 1282
2025-06-08 22:12:49,856 - INFO - Step 361000: Loss = 0.000086, Epsilon = 0.6518
2025-06-08 22:12:52,453 - INFO - Episode 282: Reward = -2.7973, Portfolio = $3137.57, Return = -68.62%, Cash = $1963.90, Crypto = 0.045432, Steps = 1282
2025-06-08 22:12:54,813 - INFO - Step 362000: Loss = 0.000066, Epsilon = 0.6508
2025-06-08 22:12:54,813 - INFO - Step 362000: Target network updated
2025-06-08 22:12:58,849 - INFO - Episode 283: Reward = -2.7231, Portfolio = $833.35, Return = -91.67%, Cash = $143.72, Crypto = 0.026696, Steps = 1282
2025-06-08 22:12:59,813 - INFO - Step 363000: Loss = 0.000055, Epsilon = 0.6499
2025-06-08 22:13:04,726 - INFO - Step 364000: Loss = 0.000105, Epsilon = 0.6489
2025-06-08 22:13:04,726 - INFO - Step 364000: Target network updated
2025-06-08 22:13:05,166 - INFO - Episode 284: Reward = -1.6736, Portfolio = $2683.38, Return = -73.17%, Cash = $1922.95, Crypto = 0.029436, Steps = 1282
2025-06-08 22:13:09,741 - INFO - Step 365000: Loss = 0.000105, Epsilon = 0.6479
2025-06-08 22:13:11,586 - INFO - Episode 285: Reward = -2.5791, Portfolio = $1418.25, Return = -85.82%, Cash = $564.98, Crypto = 0.033030, Steps = 1282
2025-06-08 22:13:14,748 - INFO - Step 366000: Loss = 0.000029, Epsilon = 0.6470
2025-06-08 22:13:14,749 - INFO - Step 366000: Target network updated
2025-06-08 22:13:18,008 - INFO - Episode 286: Reward = -1.7543, Portfolio = $2117.14, Return = -78.83%, Cash = $1110.63, Crypto = 0.038962, Steps = 1282
2025-06-08 22:13:19,739 - INFO - Step 367000: Loss = 0.000068, Epsilon = 0.6460
2025-06-08 22:13:24,384 - INFO - Episode 287: Reward = -1.8196, Portfolio = $1243.60, Return = -87.56%, Cash = $381.08, Crypto = 0.033388, Steps = 1282
2025-06-08 22:13:24,722 - INFO - Step 368000: Loss = 0.000100, Epsilon = 0.6451
2025-06-08 22:13:24,722 - INFO - Step 368000: Target network updated
2025-06-08 22:13:29,693 - INFO - Step 369000: Loss = 0.000033, Epsilon = 0.6441
2025-06-08 22:13:30,768 - INFO - Episode 288: Reward = -1.6886, Portfolio = $1901.49, Return = -80.99%, Cash = $1198.76, Crypto = 0.027202, Steps = 1282
2025-06-08 22:13:34,797 - INFO - Step 370000: Loss = 0.000050, Epsilon = 0.6431
2025-06-08 22:13:34,797 - INFO - Step 370000: Target network updated
2025-06-08 22:13:37,302 - INFO - Episode 289: Reward = -2.6325, Portfolio = $1038.53, Return = -89.61%, Cash = $462.67, Crypto = 0.022291, Steps = 1282
2025-06-08 22:13:39,837 - INFO - Step 371000: Loss = 0.000075, Epsilon = 0.6422
2025-06-08 22:13:43,712 - INFO - Episode 290: Reward = -1.4661, Portfolio = $1630.03, Return = -83.70%, Cash = $116.25, Crypto = 0.058598, Steps = 1282
2025-06-08 22:13:43,712 - INFO - Episode 290 Summary: Avg Reward (100 eps) = -2.0885, Avg Portfolio (100 eps) = $1493.64, Epsilon = 0.641
2025-06-08 22:13:44,806 - INFO - Step 372000: Loss = 0.000052, Epsilon = 0.6412
2025-06-08 22:13:44,807 - INFO - Step 372000: Target network updated
2025-06-08 22:13:49,772 - INFO - Step 373000: Loss = 0.000062, Epsilon = 0.6402
2025-06-08 22:13:50,072 - INFO - Episode 291: Reward = -2.2760, Portfolio = $1282.08, Return = -87.18%, Cash = $832.92, Crypto = 0.017387, Steps = 1282
2025-06-08 22:13:54,754 - INFO - Step 374000: Loss = 0.000062, Epsilon = 0.6393
2025-06-08 22:13:54,755 - INFO - Step 374000: Target network updated
2025-06-08 22:13:56,467 - INFO - Episode 292: Reward = -1.4564, Portfolio = $2659.19, Return = -73.41%, Cash = $1744.64, Crypto = 0.035402, Steps = 1282
2025-06-08 22:13:59,720 - INFO - Step 375000: Loss = 0.000165, Epsilon = 0.6383
2025-06-08 22:14:02,839 - INFO - Episode 293: Reward = -1.3705, Portfolio = $1121.72, Return = -88.78%, Cash = $558.06, Crypto = 0.021819, Steps = 1282
2025-06-08 22:14:04,713 - INFO - Step 376000: Loss = 0.000092, Epsilon = 0.6373
2025-06-08 22:14:04,713 - INFO - Step 376000: Target network updated
2025-06-08 22:14:09,233 - INFO - Episode 294: Reward = -2.2951, Portfolio = $2859.81, Return = -71.40%, Cash = $1316.76, Crypto = 0.059731, Steps = 1282
2025-06-08 22:14:09,692 - INFO - Step 377000: Loss = 0.000039, Epsilon = 0.6364
2025-06-08 22:14:14,659 - INFO - Step 378000: Loss = 0.000062, Epsilon = 0.6354
2025-06-08 22:14:14,659 - INFO - Step 378000: Target network updated
2025-06-08 22:14:15,618 - INFO - Episode 295: Reward = -2.2573, Portfolio = $800.76, Return = -91.99%, Cash = $116.95, Crypto = 0.026470, Steps = 1282
2025-06-08 22:14:19,668 - INFO - Step 379000: Loss = 0.000042, Epsilon = 0.6344
2025-06-08 22:14:22,027 - INFO - Episode 296: Reward = -1.9118, Portfolio = $1329.23, Return = -86.71%, Cash = $1045.94, Crypto = 0.010966, Steps = 1282
2025-06-08 22:14:24,668 - INFO - Step 380000: Loss = 0.000335, Epsilon = 0.6335
2025-06-08 22:14:24,669 - INFO - Step 380000: Target network updated
2025-06-08 22:14:28,435 - INFO - Episode 297: Reward = -2.9297, Portfolio = $1281.26, Return = -87.19%, Cash = $748.63, Crypto = 0.020618, Steps = 1282
2025-06-08 22:14:29,675 - INFO - Step 381000: Loss = 0.000041, Epsilon = 0.6325
2025-06-08 22:14:34,693 - INFO - Step 382000: Loss = 0.000066, Epsilon = 0.6315
2025-06-08 22:14:34,694 - INFO - Step 382000: Target network updated
2025-06-08 22:14:34,868 - INFO - Episode 298: Reward = -2.6010, Portfolio = $1174.61, Return = -88.25%, Cash = $489.20, Crypto = 0.026532, Steps = 1282
2025-06-08 22:14:39,710 - INFO - Step 383000: Loss = 0.000043, Epsilon = 0.6306
2025-06-08 22:14:41,291 - INFO - Episode 299: Reward = -1.5767, Portfolio = $1525.32, Return = -84.75%, Cash = $619.67, Crypto = 0.035057, Steps = 1282
2025-06-08 22:14:44,684 - INFO - Step 384000: Loss = 0.000043, Epsilon = 0.6296
2025-06-08 22:14:44,684 - INFO - Step 384000: Target network updated
2025-06-08 22:14:47,690 - INFO - Episode 300: Reward = -1.7615, Portfolio = $2191.74, Return = -78.08%, Cash = $1577.26, Crypto = 0.023786, Steps = 1282
2025-06-08 22:14:47,690 - INFO - Episode 300 Summary: Avg Reward (100 eps) = -2.0709, Avg Portfolio (100 eps) = $1531.33, Epsilon = 0.629
2025-06-08 22:14:47,690 - INFO - 
Detailed steps for Episode 300:
2025-06-08 22:14:47,690 - INFO - Step | Action | Price    | RSI   | PnL%   | Cash%  | Pos%   | Reward    | Portfolio
2025-06-08 22:14:47,690 - INFO - ----------------------------------------------------------------------------------------------------
2025-06-08 22:14:47,690 - INFO -    0 | HOLD |  7909.73 |  21.9 |   0.00 |  100.0 |    0.0 |    0.0000 | $  10000.00
2025-06-08 22:14:47,690 - INFO -    1 | SELL |  7911.43 |  24.3 |   0.00 |  100.0 |    0.0 |   -0.1000 | $  10000.00
2025-06-08 22:14:47,690 - INFO -    2 | BUY  |  4970.79 |  29.9 |   0.00 |  100.0 |    0.0 |   -0.0049 | $   9950.98
2025-06-08 22:14:47,690 - INFO -    3 | SELL |  5563.71 |  13.1 |   0.00 |   75.0 |   24.5 |    0.0259 | $  10209.04
2025-06-08 22:14:47,690 - INFO -    4 | BUY  |  5200.37 |  22.5 |  11.93 |   81.5 |   20.6 |   -0.0171 | $  10034.72
2025-06-08 22:14:47,690 - INFO -    5 | SELL |  5392.31 |  21.4 |   2.21 |   61.1 |   39.2 |    0.0094 | $  10128.62
2025-06-08 22:14:47,690 - INFO -    6 | BUY  |  5014.48 |  24.0 |   5.99 |   70.8 |   30.5 |   -0.0245 | $   9880.26
2025-06-08 22:14:47,690 - INFO -    7 | SELL |  5225.63 |  18.7 |  -0.90 |   53.1 |   45.7 |    0.0135 | $  10013.18
2025-06-08 22:14:47,690 - INFO -    8 | BUY  |  5238.44 |  21.7 |   3.27 |   64.4 |   35.7 |   -0.0023 | $   9990.37
2025-06-08 22:14:47,690 - INFO -    9 | BUY  |  6191.19 |  22.0 |   2.42 |   48.3 |   51.6 |    0.0916 | $  10905.14
2025-06-08 22:14:47,690 - INFO -   ...    ...      ...       ...     ...     ...      ...      ...         ...
2025-06-08 22:14:47,690 - INFO - 1272 | BUY  | 25969.57 |  47.6 |  -1.93 |   15.0 |    7.3 |   -0.0065 | $   2221.94
2025-06-08 22:14:47,690 - INFO - 1273 | HOLD | 25812.42 |  47.7 |  -1.04 |   11.2 |   11.0 |   -0.0064 | $   2215.29
2025-06-08 22:14:47,690 - INFO - 1274 | SELL | 25779.98 |  46.8 |  -1.63 |   11.2 |   10.9 |   -0.0063 | $   2200.30
2025-06-08 22:14:47,690 - INFO - 1275 | HOLD | 25753.24 |  47.4 |  -1.76 |   13.8 |    8.2 |   -0.0063 | $   2199.45
2025-06-08 22:14:47,690 - INFO - 1276 | HOLD | 26240.20 |  42.4 |  -1.86 |   13.8 |    8.2 |   -0.0043 | $   2214.89
2025-06-08 22:14:47,690 - INFO - 1277 | HOLD | 25905.65 |  50.8 |  -0.00 |   13.8 |    8.3 |   -0.0043 | $   2204.28
2025-06-08 22:14:47,690 - INFO - 1278 | HOLD | 25895.68 |  48.5 |  -1.28 |   13.8 |    8.2 |   -0.0040 | $   2203.96
2025-06-08 22:14:47,690 - INFO - 1279 | SELL | 25832.23 |  48.8 |  -1.32 |   13.8 |    8.2 |   -0.0041 | $   2191.71
2025-06-08 22:14:47,690 - INFO - 1280 | HOLD | 25162.65 |  47.3 |  -1.56 |   15.8 |    6.1 |   -0.0041 | $   2175.78
2025-06-08 22:14:47,690 - INFO - 1281 | HOLD | 25833.34 |  41.4 |  -4.11 |   15.8 |    6.0 |   -0.0032 | $   2191.74
2025-06-08 22:14:47,690 - INFO - 
Action distribution for Episode 300:
2025-06-08 22:14:47,690 - INFO -   HOLD:  590 ( 46.0%)
2025-06-08 22:14:47,690 - INFO -   BUY:   358 ( 27.9%)
2025-06-08 22:14:47,691 - INFO -   SELL:  334 ( 26.1%)
2025-06-08 22:14:47,691 - INFO - ----------------------------------------------------------------------------------------------------
2025-06-08 22:14:49,684 - INFO - Step 385000: Loss = 0.000132, Epsilon = 0.6287
2025-06-08 22:14:54,069 - INFO - Episode 301: Reward = -1.7546, Portfolio = $1570.24, Return = -84.30%, Cash = $1190.92, Crypto = 0.014683, Steps = 1282
2025-06-08 22:14:54,663 - INFO - Step 386000: Loss = 0.000037, Epsilon = 0.6277
2025-06-08 22:14:54,664 - INFO - Step 386000: Target network updated
2025-06-08 22:14:59,701 - INFO - Step 387000: Loss = 0.000070, Epsilon = 0.6267
2025-06-08 22:15:00,531 - INFO - Episode 302: Reward = -2.6147, Portfolio = $805.47, Return = -91.95%, Cash = $633.97, Crypto = 0.006639, Steps = 1282
2025-06-08 22:15:04,731 - INFO - Step 388000: Loss = 0.000035, Epsilon = 0.6258
2025-06-08 22:15:04,731 - INFO - Step 388000: Target network updated
2025-06-08 22:15:06,961 - INFO - Episode 303: Reward = -1.0724, Portfolio = $3290.36, Return = -67.10%, Cash = $658.25, Crypto = 0.101888, Steps = 1282
2025-06-08 22:15:09,749 - INFO - Step 389000: Loss = 0.000045, Epsilon = 0.6248
2025-06-08 22:15:13,456 - INFO - Episode 304: Reward = -1.6725, Portfolio = $2399.66, Return = -76.00%, Cash = $749.63, Crypto = 0.063872, Steps = 1282
2025-06-08 22:15:14,854 - INFO - Step 390000: Loss = 0.000093, Epsilon = 0.6238
2025-06-08 22:15:14,854 - INFO - Step 390000: Target network updated
2025-06-08 22:15:19,875 - INFO - Step 391000: Loss = 0.000044, Epsilon = 0.6229
2025-06-08 22:15:19,917 - INFO - Episode 305: Reward = -1.9121, Portfolio = $2274.13, Return = -77.26%, Cash = $1508.48, Crypto = 0.029638, Steps = 1282
2025-06-08 22:15:24,970 - INFO - Step 392000: Loss = 0.000046, Epsilon = 0.6219
2025-06-08 22:15:24,970 - INFO - Step 392000: Target network updated
2025-06-08 22:15:26,662 - INFO - Episode 306: Reward = -1.8096, Portfolio = $2887.85, Return = -71.12%, Cash = $1962.81, Crypto = 0.035808, Steps = 1282
2025-06-08 22:15:30,457 - INFO - Step 393000: Loss = 0.000038, Epsilon = 0.6209
2025-06-08 22:15:33,345 - INFO - Episode 307: Reward = -3.3166, Portfolio = $2206.50, Return = -77.93%, Cash = $118.98, Crypto = 0.080807, Steps = 1282
2025-06-08 22:15:35,562 - INFO - Step 394000: Loss = 0.000068, Epsilon = 0.6200
2025-06-08 22:15:35,562 - INFO - Step 394000: Target network updated
2025-06-08 22:15:39,702 - INFO - Episode 308: Reward = -1.3407, Portfolio = $2026.41, Return = -79.74%, Cash = $952.36, Crypto = 0.041576, Steps = 1282
2025-06-08 22:15:40,380 - INFO - Step 395000: Loss = 0.000083, Epsilon = 0.6190
2025-06-08 22:15:45,219 - INFO - Step 396000: Loss = 0.000088, Epsilon = 0.6180
2025-06-08 22:15:45,220 - INFO - Step 396000: Target network updated
2025-06-08 22:15:45,912 - INFO - Episode 309: Reward = -2.0267, Portfolio = $1360.37, Return = -86.40%, Cash = $191.72, Crypto = 0.045238, Steps = 1282
2025-06-08 22:15:50,227 - INFO - Step 397000: Loss = 0.000047, Epsilon = 0.6171
2025-06-08 22:15:52,323 - INFO - Episode 310: Reward = -1.5637, Portfolio = $2747.74, Return = -72.52%, Cash = $1671.90, Crypto = 0.041646, Steps = 1282
2025-06-08 22:15:52,323 - INFO - Episode 310 Summary: Avg Reward (100 eps) = -2.0556, Avg Portfolio (100 eps) = $1607.58, Epsilon = 0.617
2025-06-08 22:15:55,240 - INFO - Step 398000: Loss = 0.000053, Epsilon = 0.6161
2025-06-08 22:15:55,241 - INFO - Step 398000: Target network updated
2025-06-08 22:15:58,806 - INFO - Episode 311: Reward = -1.9135, Portfolio = $2495.65, Return = -75.04%, Cash = $459.31, Crypto = 0.078826, Steps = 1282
2025-06-08 22:16:00,319 - INFO - Step 399000: Loss = 0.000030, Epsilon = 0.6152
2025-06-08 22:16:05,307 - INFO - Episode 312: Reward = -1.3080, Portfolio = $2672.41, Return = -73.28%, Cash = $1744.71, Crypto = 0.035911, Steps = 1282
2025-06-08 22:16:05,390 - INFO - Step 400000: Loss = 0.000044, Epsilon = 0.6142
2025-06-08 22:16:05,390 - INFO - Step 400000: Target network updated
2025-06-08 22:16:10,507 - INFO - Step 401000: Loss = 0.000154, Epsilon = 0.6132
2025-06-08 22:16:11,861 - INFO - Episode 313: Reward = -3.2129, Portfolio = $2554.33, Return = -74.46%, Cash = $2018.81, Crypto = 0.020730, Steps = 1282
2025-06-08 22:16:15,641 - INFO - Step 402000: Loss = 0.000039, Epsilon = 0.6123
2025-06-08 22:16:15,641 - INFO - Step 402000: Target network updated
2025-06-08 22:16:18,512 - INFO - Episode 314: Reward = -1.6330, Portfolio = $2333.79, Return = -76.66%, Cash = $1017.54, Crypto = 0.050951, Steps = 1282
2025-06-08 22:16:20,788 - INFO - Step 403000: Loss = 0.000061, Epsilon = 0.6113
2025-06-08 22:16:24,984 - INFO - Episode 315: Reward = -1.8322, Portfolio = $1389.44, Return = -86.11%, Cash = $395.15, Crypto = 0.038488, Steps = 1282
2025-06-08 22:16:25,844 - INFO - Step 404000: Loss = 0.000069, Epsilon = 0.6103
2025-06-08 22:16:25,844 - INFO - Step 404000: Target network updated
2025-06-08 22:16:30,896 - INFO - Step 405000: Loss = 0.000042, Epsilon = 0.6094
2025-06-08 22:16:31,467 - INFO - Episode 316: Reward = -1.9896, Portfolio = $2556.38, Return = -74.44%, Cash = $1429.68, Crypto = 0.043614, Steps = 1282
2025-06-08 22:16:36,045 - INFO - Step 406000: Loss = 0.000054, Epsilon = 0.6084
2025-06-08 22:16:36,046 - INFO - Step 406000: Target network updated
2025-06-08 22:16:38,037 - INFO - Episode 317: Reward = -1.6487, Portfolio = $2285.22, Return = -77.15%, Cash = $1679.54, Crypto = 0.023446, Steps = 1282
2025-06-08 22:16:41,111 - INFO - Step 407000: Loss = 0.000034, Epsilon = 0.6074
2025-06-08 22:16:44,514 - INFO - Episode 318: Reward = -1.8817, Portfolio = $1507.48, Return = -84.93%, Cash = $824.22, Crypto = 0.026449, Steps = 1282
2025-06-08 22:16:46,156 - INFO - Step 408000: Loss = 0.000105, Epsilon = 0.6065
2025-06-08 22:16:46,156 - INFO - Step 408000: Target network updated
2025-06-08 22:16:50,967 - INFO - Episode 319: Reward = -1.6448, Portfolio = $2601.24, Return = -73.99%, Cash = $1983.96, Crypto = 0.023894, Steps = 1282
2025-06-08 22:16:51,186 - INFO - Step 409000: Loss = 0.000057, Epsilon = 0.6055
2025-06-08 22:16:56,232 - INFO - Step 410000: Loss = 0.000073, Epsilon = 0.6045
2025-06-08 22:16:56,232 - INFO - Step 410000: Target network updated
2025-06-08 22:16:57,448 - INFO - Episode 320: Reward = -1.8452, Portfolio = $1434.71, Return = -85.65%, Cash = $825.63, Crypto = 0.023577, Steps = 1282
2025-06-08 22:16:57,448 - INFO - Episode 320 Summary: Avg Reward (100 eps) = -2.0299, Avg Portfolio (100 eps) = $1684.27, Epsilon = 0.604
2025-06-08 22:17:01,299 - INFO - Step 411000: Loss = 0.000065, Epsilon = 0.6036
2025-06-08 22:17:03,939 - INFO - Episode 321: Reward = -1.8175, Portfolio = $1897.19, Return = -81.03%, Cash = $710.28, Crypto = 0.045945, Steps = 1282
2025-06-08 22:17:06,375 - INFO - Step 412000: Loss = 0.000036, Epsilon = 0.6026
2025-06-08 22:17:06,375 - INFO - Step 412000: Target network updated
2025-06-08 22:17:10,458 - INFO - Episode 322: Reward = -1.6605, Portfolio = $1467.65, Return = -85.32%, Cash = $661.64, Crypto = 0.031200, Steps = 1282
2025-06-08 22:17:11,452 - INFO - Step 413000: Loss = 0.000135, Epsilon = 0.6016
2025-06-08 22:17:16,547 - INFO - Step 414000: Loss = 0.000078, Epsilon = 0.6007
2025-06-08 22:17:16,548 - INFO - Step 414000: Target network updated
2025-06-08 22:17:16,976 - INFO - Episode 323: Reward = -1.1688, Portfolio = $2972.65, Return = -70.27%, Cash = $1278.87, Crypto = 0.065566, Steps = 1282
2025-06-08 22:17:21,608 - INFO - Step 415000: Loss = 0.000043, Epsilon = 0.5997
2025-06-08 22:17:23,447 - INFO - Episode 324: Reward = -2.3403, Portfolio = $1032.62, Return = -89.67%, Cash = $685.09, Crypto = 0.013453, Steps = 1282
2025-06-08 22:17:26,620 - INFO - Step 416000: Loss = 0.000046, Epsilon = 0.5988
2025-06-08 22:17:26,620 - INFO - Step 416000: Target network updated
2025-06-08 22:17:29,881 - INFO - Episode 325: Reward = -1.4944, Portfolio = $2061.19, Return = -79.39%, Cash = $1116.99, Crypto = 0.036550, Steps = 1282
2025-06-08 22:17:31,638 - INFO - Step 417000: Loss = 0.000035, Epsilon = 0.5978
2025-06-08 22:17:36,330 - INFO - Episode 326: Reward = -1.6402, Portfolio = $1678.49, Return = -83.22%, Cash = $969.78, Crypto = 0.027434, Steps = 1282
2025-06-08 22:17:36,668 - INFO - Step 418000: Loss = 0.000158, Epsilon = 0.5968
2025-06-08 22:17:36,668 - INFO - Step 418000: Target network updated
2025-06-08 22:17:41,718 - INFO - Step 419000: Loss = 0.000039, Epsilon = 0.5959
2025-06-08 22:17:42,787 - INFO - Episode 327: Reward = -5.8322, Portfolio = $890.54, Return = -91.09%, Cash = $577.58, Crypto = 0.012115, Steps = 1282
2025-06-08 22:17:46,701 - INFO - Step 420000: Loss = 0.000072, Epsilon = 0.5949
2025-06-08 22:17:46,702 - INFO - Step 420000: Target network updated
2025-06-08 22:17:49,160 - INFO - Episode 328: Reward = -2.1882, Portfolio = $1246.49, Return = -87.54%, Cash = $510.70, Crypto = 0.028482, Steps = 1282
2025-06-08 22:17:51,667 - INFO - Step 421000: Loss = 0.000081, Epsilon = 0.5939
2025-06-08 22:17:55,538 - INFO - Episode 329: Reward = -1.9131, Portfolio = $1515.82, Return = -84.84%, Cash = $1077.19, Crypto = 0.016979, Steps = 1282
2025-06-08 22:17:56,646 - INFO - Step 422000: Loss = 0.000300, Epsilon = 0.5930
2025-06-08 22:17:56,647 - INFO - Step 422000: Target network updated
2025-06-08 22:18:01,678 - INFO - Step 423000: Loss = 0.000143, Epsilon = 0.5920
2025-06-08 22:18:01,975 - INFO - Episode 330: Reward = -1.9298, Portfolio = $1062.61, Return = -89.37%, Cash = $308.47, Crypto = 0.029192, Steps = 1282
2025-06-08 22:18:01,975 - INFO - Episode 330 Summary: Avg Reward (100 eps) = -2.0294, Avg Portfolio (100 eps) = $1724.58, Epsilon = 0.592
2025-06-08 22:18:06,686 - INFO - Step 424000: Loss = 0.000100, Epsilon = 0.5910
2025-06-08 22:18:06,687 - INFO - Step 424000: Target network updated
2025-06-08 22:18:08,398 - INFO - Episode 331: Reward = -1.7493, Portfolio = $1718.70, Return = -82.81%, Cash = $1291.66, Crypto = 0.016531, Steps = 1282
2025-06-08 22:18:11,689 - INFO - Step 425000: Loss = 0.000066, Epsilon = 0.5901
2025-06-08 22:18:14,800 - INFO - Episode 332: Reward = -1.8627, Portfolio = $1256.33, Return = -87.44%, Cash = $800.27, Crypto = 0.017654, Steps = 1282
2025-06-08 22:18:16,683 - INFO - Step 426000: Loss = 0.000023, Epsilon = 0.5891
2025-06-08 22:18:16,683 - INFO - Step 426000: Target network updated
2025-06-08 22:18:21,210 - INFO - Episode 333: Reward = -2.8340, Portfolio = $815.01, Return = -91.85%, Cash = $519.53, Crypto = 0.011438, Steps = 1282
2025-06-08 22:18:21,686 - INFO - Step 427000: Loss = 0.000057, Epsilon = 0.5881
2025-06-08 22:18:26,708 - INFO - Step 428000: Loss = 0.000035, Epsilon = 0.5872
2025-06-08 22:18:26,708 - INFO - Step 428000: Target network updated
2025-06-08 22:18:27,658 - INFO - Episode 334: Reward = -0.9234, Portfolio = $2912.34, Return = -70.88%, Cash = $1580.37, Crypto = 0.051560, Steps = 1282
2025-06-08 22:18:31,731 - INFO - Step 429000: Loss = 0.000035, Epsilon = 0.5862
2025-06-08 22:18:34,098 - INFO - Episode 335: Reward = -1.6131, Portfolio = $1414.85, Return = -85.85%, Cash = $789.17, Crypto = 0.024220, Steps = 1282
2025-06-08 22:18:36,618 - INFO - Step 430000: Loss = 0.000123, Epsilon = 0.5852
2025-06-08 22:18:36,618 - INFO - Step 430000: Target network updated
2025-06-08 22:18:40,206 - INFO - Episode 336: Reward = -1.2972, Portfolio = $2237.36, Return = -77.63%, Cash = $1373.55, Crypto = 0.033438, Steps = 1282
2025-06-08 22:18:41,543 - INFO - Step 431000: Loss = 0.000033, Epsilon = 0.5843
2025-06-08 22:18:46,663 - INFO - Step 432000: Loss = 0.000053, Epsilon = 0.5833
2025-06-08 22:18:46,663 - INFO - Step 432000: Target network updated
2025-06-08 22:18:46,831 - INFO - Episode 337: Reward = -2.2321, Portfolio = $689.38, Return = -93.11%, Cash = $573.97, Crypto = 0.004467, Steps = 1282
2025-06-08 22:18:51,669 - INFO - Step 433000: Loss = 0.000390, Epsilon = 0.5824
2025-06-08 22:18:53,233 - INFO - Episode 338: Reward = -2.1879, Portfolio = $761.02, Return = -92.39%, Cash = $167.96, Crypto = 0.022957, Steps = 1282
2025-06-08 22:18:56,676 - INFO - Step 434000: Loss = 0.000042, Epsilon = 0.5814
2025-06-08 22:18:56,676 - INFO - Step 434000: Target network updated
2025-06-08 22:18:59,701 - INFO - Episode 339: Reward = -0.9458, Portfolio = $3420.58, Return = -65.79%, Cash = $273.13, Crypto = 0.121837, Steps = 1282
2025-06-08 22:19:01,748 - INFO - Step 435000: Loss = 0.000097, Epsilon = 0.5804
2025-06-08 22:19:06,167 - INFO - Episode 340: Reward = -1.5755, Portfolio = $2535.72, Return = -74.64%, Cash = $573.93, Crypto = 0.075940, Steps = 1282
2025-06-08 22:19:06,167 - INFO - Episode 340 Summary: Avg Reward (100 eps) = -2.0094, Avg Portfolio (100 eps) = $1754.09, Epsilon = 0.580
2025-06-08 22:19:06,769 - INFO - Step 436000: Loss = 0.000050, Epsilon = 0.5795
2025-06-08 22:19:06,770 - INFO - Step 436000: Target network updated
2025-06-08 22:19:11,812 - INFO - Step 437000: Loss = 0.000060, Epsilon = 0.5785
2025-06-08 22:19:12,617 - INFO - Episode 341: Reward = -1.6394, Portfolio = $1383.99, Return = -86.16%, Cash = $625.72, Crypto = 0.029352, Steps = 1282
2025-06-08 22:19:16,854 - INFO - Step 438000: Loss = 0.000059, Epsilon = 0.5775
2025-06-08 22:19:16,855 - INFO - Step 438000: Target network updated
2025-06-08 22:19:19,054 - INFO - Episode 342: Reward = -1.3065, Portfolio = $1935.26, Return = -80.65%, Cash = $322.67, Crypto = 0.062423, Steps = 1282
2025-06-08 22:19:21,827 - INFO - Step 439000: Loss = 0.000057, Epsilon = 0.5766
2025-06-08 22:19:25,461 - INFO - Episode 343: Reward = -2.4577, Portfolio = $2365.99, Return = -76.34%, Cash = $2365.87, Crypto = 0.000004, Steps = 1282
2025-06-08 22:19:26,831 - INFO - Step 440000: Loss = 0.000075, Epsilon = 0.5756
2025-06-08 22:19:26,832 - INFO - Step 440000: Target network updated
2025-06-08 22:19:31,843 - INFO - Step 441000: Loss = 0.000034, Epsilon = 0.5746
2025-06-08 22:19:31,880 - INFO - Episode 344: Reward = -1.4217, Portfolio = $2943.74, Return = -70.56%, Cash = $1973.54, Crypto = 0.037556, Steps = 1282
2025-06-08 22:19:36,931 - INFO - Step 442000: Loss = 0.000048, Epsilon = 0.5737
2025-06-08 22:19:36,931 - INFO - Step 442000: Target network updated
2025-06-08 22:19:38,382 - INFO - Episode 345: Reward = -2.8977, Portfolio = $817.88, Return = -91.82%, Cash = $503.65, Crypto = 0.012164, Steps = 1282
2025-06-08 22:19:41,939 - INFO - Step 443000: Loss = 0.000022, Epsilon = 0.5727
2025-06-08 22:19:44,823 - INFO - Episode 346: Reward = -1.2205, Portfolio = $2431.92, Return = -75.68%, Cash = $1533.73, Crypto = 0.034769, Steps = 1282
2025-06-08 22:19:46,978 - INFO - Step 444000: Loss = 0.000077, Epsilon = 0.5717
2025-06-08 22:19:46,978 - INFO - Step 444000: Target network updated
2025-06-08 22:19:51,488 - INFO - Episode 347: Reward = -1.8483, Portfolio = $1296.19, Return = -87.04%, Cash = $1167.15, Crypto = 0.004995, Steps = 1282
2025-06-08 22:19:52,210 - INFO - Step 445000: Loss = 0.000072, Epsilon = 0.5708
2025-06-08 22:19:57,215 - INFO - Step 446000: Loss = 0.000038, Epsilon = 0.5698
2025-06-08 22:19:57,216 - INFO - Step 446000: Target network updated
2025-06-08 22:19:57,864 - INFO - Episode 348: Reward = -1.2993, Portfolio = $2085.31, Return = -79.15%, Cash = $1248.44, Crypto = 0.032395, Steps = 1282
2025-06-08 22:20:02,243 - INFO - Step 447000: Loss = 0.000064, Epsilon = 0.5689
2025-06-08 22:20:04,339 - INFO - Episode 349: Reward = -1.5598, Portfolio = $3274.75, Return = -67.25%, Cash = $915.63, Crypto = 0.091321, Steps = 1282
2025-06-08 22:20:07,282 - INFO - Step 448000: Loss = 0.000108, Epsilon = 0.5679
2025-06-08 22:20:07,282 - INFO - Step 448000: Target network updated
2025-06-08 22:20:10,815 - INFO - Episode 350: Reward = -1.7240, Portfolio = $2831.42, Return = -71.69%, Cash = $1979.38, Crypto = 0.032982, Steps = 1282
2025-06-08 22:20:10,815 - INFO - Episode 350 Summary: Avg Reward (100 eps) = -1.9900, Avg Portfolio (100 eps) = $1806.57, Epsilon = 0.567
2025-06-08 22:20:10,815 - INFO - 
Detailed steps for Episode 350:
2025-06-08 22:20:10,815 - INFO - Step | Action | Price    | RSI   | PnL%   | Cash%  | Pos%   | Reward    | Portfolio
2025-06-08 22:20:10,815 - INFO - ----------------------------------------------------------------------------------------------------
2025-06-08 22:20:10,815 - INFO -    0 | HOLD |  7909.73 |  21.9 |   0.00 |  100.0 |    0.0 |    0.0000 | $  10000.00
2025-06-08 22:20:10,815 - INFO -    1 | BUY  |  7911.43 |  24.3 |   0.00 |  100.0 |    0.0 |   -0.0049 | $   9950.98
2025-06-08 22:20:10,815 - INFO -    2 | HOLD |  4970.79 |  29.9 |   0.00 |   75.0 |   24.5 |   -0.0916 | $   9039.96
2025-06-08 22:20:10,815 - INFO -    3 | BUY  |  5563.71 |  13.1 | -37.17 |   75.0 |   15.4 |    0.0163 | $   9186.89
2025-06-08 22:20:10,815 - INFO -    4 | HOLD |  5200.37 |  22.5 | -16.96 |   56.2 |   35.6 |   -0.0253 | $   8954.27
2025-06-08 22:20:10,815 - INFO -    5 | HOLD |  5392.31 |  21.4 | -22.38 |   56.2 |   33.3 |    0.0137 | $   9077.16
2025-06-08 22:20:10,815 - INFO -    6 | HOLD |  5014.48 |  24.0 | -19.52 |   56.2 |   34.5 |   -0.0266 | $   8835.27
2025-06-08 22:20:10,815 - INFO -    7 | SELL |  5225.63 |  18.7 | -25.15 |   56.2 |   32.1 |    0.0106 | $   8928.63
2025-06-08 22:20:10,815 - INFO -    8 | BUY  |  5238.44 |  21.7 | -22.00 |   64.2 |   25.1 |   -0.0028 | $   8903.31
2025-06-08 22:20:10,815 - INFO -    9 | BUY  |  6191.19 |  22.0 | -14.65 |   48.1 |   40.9 |    0.0809 | $   9623.34
2025-06-08 22:20:10,815 - INFO -   ...    ...      ...       ...     ...     ...      ...      ...         ...
2025-06-08 22:20:10,815 - INFO - 1272 | SELL | 25969.57 |  47.6 |  -4.99 |   22.2 |    6.5 |   -0.0040 | $   2861.16
2025-06-08 22:20:10,815 - INFO - 1273 | SELL | 25812.42 |  47.7 |  -4.62 |   23.7 |    4.9 |   -0.0040 | $   2852.13
2025-06-08 22:20:10,815 - INFO - 1274 | HOLD | 25779.98 |  46.8 |  -5.20 |   24.9 |    3.6 |   -0.0037 | $   2851.67
2025-06-08 22:20:10,815 - INFO - 1275 | SELL | 25753.24 |  47.4 |  -5.32 |   24.9 |    3.6 |   -0.0029 | $   2846.75
2025-06-08 22:20:10,815 - INFO - 1276 | HOLD | 26240.20 |  42.4 |  -5.42 |   25.7 |    2.7 |   -0.0023 | $   2851.91
2025-06-08 22:20:10,815 - INFO - 1277 | SELL | 25905.65 |  50.8 |  -3.63 |   25.7 |    2.8 |   -0.0022 | $   2844.93
2025-06-08 22:20:10,815 - INFO - 1278 | HOLD | 25895.68 |  48.5 |  -4.86 |   26.4 |    2.1 |   -0.0021 | $   2844.85
2025-06-08 22:20:10,815 - INFO - 1279 | HOLD | 25832.23 |  48.8 |  -4.89 |   26.4 |    2.1 |   -0.0020 | $   2844.35
2025-06-08 22:20:10,815 - INFO - 1280 | HOLD | 25162.65 |  47.3 |  -5.13 |   26.4 |    2.1 |   -0.0020 | $   2839.03
2025-06-08 22:20:10,815 - INFO - 1281 | BUY  | 25833.34 |  41.4 |  -7.59 |   26.4 |    2.0 |   -0.0022 | $   2831.42
2025-06-08 22:20:10,815 - INFO - 
Action distribution for Episode 350:
2025-06-08 22:20:10,815 - INFO -   HOLD:  610 ( 47.6%)
2025-06-08 22:20:10,815 - INFO -   BUY:   331 ( 25.8%)
2025-06-08 22:20:10,815 - INFO -   SELL:  341 ( 26.6%)
2025-06-08 22:20:10,815 - INFO - ----------------------------------------------------------------------------------------------------
2025-06-08 22:20:12,240 - INFO - Step 449000: Loss = 0.000036, Epsilon = 0.5669
2025-06-08 22:20:16,758 - INFO - Episode 351: Reward = -1.8034, Portfolio = $1563.25, Return = -84.37%, Cash = $165.39, Crypto = 0.054111, Steps = 1282
2025-06-08 22:20:16,853 - INFO - Step 450000: Loss = 0.000141, Epsilon = 0.5660
2025-06-08 22:20:16,854 - INFO - Step 450000: Target network updated
2025-06-08 22:20:21,568 - INFO - Step 451000: Loss = 0.000060, Epsilon = 0.5650
2025-06-08 22:20:22,785 - INFO - Episode 352: Reward = -1.3655, Portfolio = $1281.65, Return = -87.18%, Cash = $1097.13, Crypto = 0.007143, Steps = 1282
2025-06-08 22:20:26,369 - INFO - Step 452000: Loss = 0.000046, Epsilon = 0.5640
2025-06-08 22:20:26,369 - INFO - Step 452000: Target network updated
2025-06-08 22:20:29,076 - INFO - Episode 353: Reward = -1.7868, Portfolio = $2004.20, Return = -79.96%, Cash = $584.52, Crypto = 0.054955, Steps = 1282
2025-06-08 22:20:31,367 - INFO - Step 453000: Loss = 0.000044, Epsilon = 0.5631
2025-06-08 22:20:35,597 - INFO - Episode 354: Reward = -1.8518, Portfolio = $1224.38, Return = -87.76%, Cash = $450.68, Crypto = 0.029950, Steps = 1282
2025-06-08 22:20:36,465 - INFO - Step 454000: Loss = 0.000033, Epsilon = 0.5621
2025-06-08 22:20:36,465 - INFO - Step 454000: Target network updated
2025-06-08 22:20:41,515 - INFO - Step 455000: Loss = 0.000110, Epsilon = 0.5611
2025-06-08 22:20:42,068 - INFO - Episode 355: Reward = -2.9890, Portfolio = $2654.36, Return = -73.46%, Cash = $830.17, Crypto = 0.070614, Steps = 1282
2025-06-08 22:20:46,278 - INFO - Step 456000: Loss = 0.000068, Epsilon = 0.5602
2025-06-08 22:20:46,278 - INFO - Step 456000: Target network updated
2025-06-08 22:20:48,054 - INFO - Episode 356: Reward = -1.7785, Portfolio = $2428.57, Return = -75.71%, Cash = $1530.03, Crypto = 0.034782, Steps = 1282
2025-06-08 22:20:50,770 - INFO - Step 457000: Loss = 0.000494, Epsilon = 0.5592
2025-06-08 22:20:53,748 - INFO - Episode 357: Reward = -1.3179, Portfolio = $4168.29, Return = -58.32%, Cash = $1430.78, Crypto = 0.105968, Steps = 1282
2025-06-08 22:20:55,203 - INFO - Step 458000: Loss = 0.000047, Epsilon = 0.5582
2025-06-08 22:20:55,203 - INFO - Step 458000: Target network updated
2025-06-08 22:20:59,529 - INFO - Episode 358: Reward = -2.3040, Portfolio = $3212.95, Return = -67.87%, Cash = $2740.14, Crypto = 0.018302, Steps = 1282
2025-06-08 22:20:59,724 - INFO - Step 459000: Loss = 0.000037, Epsilon = 0.5573
2025-06-08 22:21:04,227 - INFO - Step 460000: Loss = 0.000095, Epsilon = 0.5563
2025-06-08 22:21:04,227 - INFO - Step 460000: Target network updated
2025-06-08 22:21:05,285 - INFO - Episode 359: Reward = -2.2912, Portfolio = $3645.63, Return = -63.54%, Cash = $2134.46, Crypto = 0.058497, Steps = 1282
2025-06-08 22:21:08,756 - INFO - Step 461000: Loss = 0.000098, Epsilon = 0.5553
2025-06-08 22:21:11,436 - INFO - Episode 360: Reward = -1.3005, Portfolio = $2759.87, Return = -72.40%, Cash = $996.25, Crypto = 0.068269, Steps = 1282
2025-06-08 22:21:11,436 - INFO - Episode 360 Summary: Avg Reward (100 eps) = -1.9831, Avg Portfolio (100 eps) = $1892.28, Epsilon = 0.555
2025-06-08 22:21:13,955 - INFO - Step 462000: Loss = 0.000328, Epsilon = 0.5544
2025-06-08 22:21:13,956 - INFO - Step 462000: Target network updated
2025-06-08 22:21:18,094 - INFO - Episode 361: Reward = -2.2014, Portfolio = $2344.21, Return = -76.56%, Cash = $419.72, Crypto = 0.074496, Steps = 1282
2025-06-08 22:21:19,043 - INFO - Step 463000: Loss = 0.000051, Epsilon = 0.5534
2025-06-08 22:21:23,977 - INFO - Step 464000: Loss = 0.000115, Epsilon = 0.5525
2025-06-08 22:21:23,978 - INFO - Step 464000: Target network updated
2025-06-08 22:21:24,390 - INFO - Episode 362: Reward = -2.3211, Portfolio = $2739.94, Return = -72.60%, Cash = $999.93, Crypto = 0.067355, Steps = 1282
2025-06-08 22:21:28,767 - INFO - Step 465000: Loss = 0.000196, Epsilon = 0.5515
2025-06-08 22:21:30,563 - INFO - Episode 363: Reward = -1.5555, Portfolio = $2992.01, Return = -70.08%, Cash = $2392.13, Crypto = 0.023221, Steps = 1282
2025-06-08 22:21:33,734 - INFO - Step 466000: Loss = 0.000080, Epsilon = 0.5505
2025-06-08 22:21:33,734 - INFO - Step 466000: Target network updated
2025-06-08 22:21:37,266 - INFO - Episode 364: Reward = -2.3974, Portfolio = $1262.99, Return = -87.37%, Cash = $602.54, Crypto = 0.025566, Steps = 1282
2025-06-08 22:21:39,028 - INFO - Step 467000: Loss = 0.000050, Epsilon = 0.5496
2025-06-08 22:21:43,718 - INFO - Episode 365: Reward = -3.3189, Portfolio = $1716.71, Return = -82.83%, Cash = $712.96, Crypto = 0.038855, Steps = 1282
2025-06-08 22:21:44,077 - INFO - Step 468000: Loss = 0.000042, Epsilon = 0.5486
2025-06-08 22:21:44,077 - INFO - Step 468000: Target network updated
2025-06-08 22:21:49,126 - INFO - Step 469000: Loss = 0.000090, Epsilon = 0.5476
2025-06-08 22:21:50,203 - INFO - Episode 366: Reward = -1.6881, Portfolio = $1745.41, Return = -82.55%, Cash = $1492.70, Crypto = 0.009782, Steps = 1282
2025-06-08 22:21:54,208 - INFO - Step 470000: Loss = 0.000071, Epsilon = 0.5467
2025-06-08 22:21:54,208 - INFO - Step 470000: Target network updated
2025-06-08 22:21:56,775 - INFO - Episode 367: Reward = -1.8386, Portfolio = $1972.97, Return = -80.27%, Cash = $1523.71, Crypto = 0.017391, Steps = 1282
2025-06-08 22:21:59,414 - INFO - Step 471000: Loss = 0.000046, Epsilon = 0.5457
2025-06-08 22:22:03,444 - INFO - Episode 368: Reward = -1.3124, Portfolio = $2509.59, Return = -74.90%, Cash = $1297.09, Crypto = 0.046935, Steps = 1282
2025-06-08 22:22:04,613 - INFO - Step 472000: Loss = 0.000051, Epsilon = 0.5447
2025-06-08 22:22:04,613 - INFO - Step 472000: Target network updated
2025-06-08 22:22:09,731 - INFO - Step 473000: Loss = 0.000070, Epsilon = 0.5438
2025-06-08 22:22:10,018 - INFO - Episode 369: Reward = -1.5642, Portfolio = $2308.48, Return = -76.92%, Cash = $1623.63, Crypto = 0.026510, Steps = 1282
2025-06-08 22:22:14,797 - INFO - Step 474000: Loss = 0.000074, Epsilon = 0.5428
2025-06-08 22:22:14,797 - INFO - Step 474000: Target network updated
2025-06-08 22:22:16,525 - INFO - Episode 370: Reward = -1.5674, Portfolio = $1812.44, Return = -81.88%, Cash = $1075.88, Crypto = 0.028512, Steps = 1282
2025-06-08 22:22:16,526 - INFO - Episode 370 Summary: Avg Reward (100 eps) = -1.9467, Avg Portfolio (100 eps) = $1949.96, Epsilon = 0.542
2025-06-08 22:22:19,872 - INFO - Step 475000: Loss = 0.000073, Epsilon = 0.5418
2025-06-08 22:22:22,997 - INFO - Episode 371: Reward = -2.2779, Portfolio = $2713.26, Return = -72.87%, Cash = $1558.09, Crypto = 0.044716, Steps = 1282
2025-06-08 22:22:24,915 - INFO - Step 476000: Loss = 0.000058, Epsilon = 0.5409
2025-06-08 22:22:24,915 - INFO - Step 476000: Target network updated
2025-06-08 22:22:29,473 - INFO - Episode 372: Reward = -1.8549, Portfolio = $2944.83, Return = -70.55%, Cash = $1605.09, Crypto = 0.051861, Steps = 1282
2025-06-08 22:22:29,957 - INFO - Step 477000: Loss = 0.000052, Epsilon = 0.5399
2025-06-08 22:22:35,033 - INFO - Step 478000: Loss = 0.000053, Epsilon = 0.5390
2025-06-08 22:22:35,033 - INFO - Step 478000: Target network updated
2025-06-08 22:22:35,972 - INFO - Episode 373: Reward = -1.5851, Portfolio = $2156.64, Return = -78.43%, Cash = $719.33, Crypto = 0.055638, Steps = 1282
2025-06-08 22:22:40,073 - INFO - Step 479000: Loss = 0.000063, Epsilon = 0.5380
2025-06-08 22:22:42,421 - INFO - Episode 374: Reward = -1.4754, Portfolio = $1947.26, Return = -80.53%, Cash = $1272.36, Crypto = 0.026125, Steps = 1282
2025-06-08 22:22:45,110 - INFO - Step 480000: Loss = 0.000041, Epsilon = 0.5370
2025-06-08 22:22:45,110 - INFO - Step 480000: Target network updated
2025-06-08 22:22:48,891 - INFO - Episode 375: Reward = -1.5756, Portfolio = $1306.35, Return = -86.94%, Cash = $432.75, Crypto = 0.033817, Steps = 1282
2025-06-08 22:22:50,168 - INFO - Step 481000: Loss = 0.000041, Epsilon = 0.5361
2025-06-08 22:22:55,251 - INFO - Step 482000: Loss = 0.000074, Epsilon = 0.5351
2025-06-08 22:22:55,251 - INFO - Step 482000: Target network updated
2025-06-08 22:22:55,411 - INFO - Episode 376: Reward = -2.8522, Portfolio = $883.83, Return = -91.16%, Cash = $666.66, Crypto = 0.008406, Steps = 1282
2025-06-08 22:23:00,340 - INFO - Step 483000: Loss = 0.000054, Epsilon = 0.5341
2025-06-08 22:23:01,923 - INFO - Episode 377: Reward = -1.5451, Portfolio = $1126.65, Return = -88.73%, Cash = $766.12, Crypto = 0.013956, Steps = 1282
2025-06-08 22:23:05,400 - INFO - Step 484000: Loss = 0.000080, Epsilon = 0.5332
2025-06-08 22:23:05,400 - INFO - Step 484000: Target network updated
2025-06-08 22:23:08,440 - INFO - Episode 378: Reward = -2.7076, Portfolio = $2368.62, Return = -76.31%, Cash = $1079.16, Crypto = 0.049914, Steps = 1282
2025-06-08 22:23:10,499 - INFO - Step 485000: Loss = 0.000096, Epsilon = 0.5322
2025-06-08 22:23:14,960 - INFO - Episode 379: Reward = -1.4162, Portfolio = $1617.42, Return = -83.83%, Cash = $545.40, Crypto = 0.041497, Steps = 1282
2025-06-08 22:23:15,590 - INFO - Step 486000: Loss = 0.000134, Epsilon = 0.5312
2025-06-08 22:23:15,591 - INFO - Step 486000: Target network updated
2025-06-08 22:23:20,635 - INFO - Step 487000: Loss = 0.000093, Epsilon = 0.5303
2025-06-08 22:23:21,419 - INFO - Episode 380: Reward = -1.8974, Portfolio = $2081.06, Return = -79.19%, Cash = $1431.88, Crypto = 0.025130, Steps = 1282
2025-06-08 22:23:21,420 - INFO - Episode 380 Summary: Avg Reward (100 eps) = -1.9354, Avg Portfolio (100 eps) = $1983.38, Epsilon = 0.530
2025-06-08 22:23:25,659 - INFO - Step 488000: Loss = 0.000065, Epsilon = 0.5293
2025-06-08 22:23:25,659 - INFO - Step 488000: Target network updated
2025-06-08 22:23:27,886 - INFO - Episode 381: Reward = -1.0910, Portfolio = $2768.48, Return = -72.32%, Cash = $1754.99, Crypto = 0.039232, Steps = 1282
2025-06-08 22:23:30,725 - INFO - Step 489000: Loss = 0.000058, Epsilon = 0.5283
2025-06-08 22:23:34,378 - INFO - Episode 382: Reward = -1.6504, Portfolio = $4166.25, Return = -58.34%, Cash = $1878.76, Crypto = 0.088548, Steps = 1282
2025-06-08 22:23:35,777 - INFO - Step 490000: Loss = 0.000056, Epsilon = 0.5274
2025-06-08 22:23:35,777 - INFO - Step 490000: Target network updated
2025-06-08 22:23:40,779 - INFO - Step 491000: Loss = 0.000089, Epsilon = 0.5264
2025-06-08 22:23:40,806 - INFO - Episode 383: Reward = -0.9816, Portfolio = $5319.95, Return = -46.80%, Cash = $1810.05, Crypto = 0.135867, Steps = 1282
2025-06-08 22:23:45,790 - INFO - Step 492000: Loss = 0.000133, Epsilon = 0.5254
2025-06-08 22:23:45,790 - INFO - Step 492000: Target network updated
2025-06-08 22:23:47,232 - INFO - Episode 384: Reward = -1.1882, Portfolio = $3365.85, Return = -66.34%, Cash = $1228.63, Crypto = 0.082731, Steps = 1282
2025-06-08 22:23:50,834 - INFO - Step 493000: Loss = 0.000052, Epsilon = 0.5245
2025-06-08 22:23:53,720 - INFO - Episode 385: Reward = -1.2821, Portfolio = $2998.72, Return = -70.01%, Cash = $1698.52, Crypto = 0.050331, Steps = 1282
2025-06-08 22:23:55,905 - INFO - Step 494000: Loss = 0.000036, Epsilon = 0.5235
2025-06-08 22:23:55,905 - INFO - Step 494000: Target network updated
2025-06-08 22:24:00,237 - INFO - Episode 386: Reward = -1.3218, Portfolio = $3692.92, Return = -63.07%, Cash = $1526.53, Crypto = 0.083860, Steps = 1282
2025-06-08 22:24:00,990 - INFO - Step 495000: Loss = 0.000332, Epsilon = 0.5226
2025-06-08 22:24:06,073 - INFO - Step 496000: Loss = 0.000346, Epsilon = 0.5216
2025-06-08 22:24:06,073 - INFO - Step 496000: Target network updated
2025-06-08 22:24:06,746 - INFO - Episode 387: Reward = -1.3832, Portfolio = $3425.64, Return = -65.74%, Cash = $1535.95, Crypto = 0.073149, Steps = 1282
2025-06-08 22:24:11,207 - INFO - Step 497000: Loss = 0.000042, Epsilon = 0.5206
2025-06-08 22:24:13,286 - INFO - Episode 388: Reward = -1.4846, Portfolio = $2397.77, Return = -76.02%, Cash = $1083.95, Crypto = 0.050858, Steps = 1282
2025-06-08 22:24:16,237 - INFO - Step 498000: Loss = 0.000056, Epsilon = 0.5197
2025-06-08 22:24:16,238 - INFO - Step 498000: Target network updated
2025-06-08 22:24:19,774 - INFO - Episode 389: Reward = -2.1614, Portfolio = $704.18, Return = -92.96%, Cash = $449.31, Crypto = 0.009866, Steps = 1282
2025-06-08 22:24:21,310 - INFO - Step 499000: Loss = 0.000102, Epsilon = 0.5187
2025-06-08 22:24:26,300 - INFO - Episode 390: Reward = -1.5797, Portfolio = $2147.68, Return = -78.52%, Cash = $702.87, Crypto = 0.055928, Steps = 1282
2025-06-08 22:24:26,300 - INFO - Episode 390 Summary: Avg Reward (100 eps) = -1.8687, Avg Portfolio (100 eps) = $2110.59, Epsilon = 0.518
2025-06-08 22:24:26,404 - INFO - Step 500000: Loss = 0.000036, Epsilon = 0.5177
2025-06-08 22:24:26,405 - INFO - Step 500000: Target network updated
2025-06-08 22:24:31,476 - INFO - Step 501000: Loss = 0.000071, Epsilon = 0.5168
2025-06-08 22:24:32,802 - INFO - Episode 391: Reward = -1.6912, Portfolio = $2238.90, Return = -77.61%, Cash = $1012.94, Crypto = 0.047456, Steps = 1282
2025-06-08 22:24:36,587 - INFO - Step 502000: Loss = 0.000038, Epsilon = 0.5158
2025-06-08 22:24:36,587 - INFO - Step 502000: Target network updated
2025-06-08 22:24:39,465 - INFO - Episode 392: Reward = -1.2389, Portfolio = $2480.24, Return = -75.20%, Cash = $819.77, Crypto = 0.064276, Steps = 1282
2025-06-08 22:24:41,846 - INFO - Step 503000: Loss = 0.000046, Epsilon = 0.5148
2025-06-08 22:24:46,028 - INFO - Episode 393: Reward = -1.5460, Portfolio = $1513.93, Return = -84.86%, Cash = $791.04, Crypto = 0.027983, Steps = 1282
2025-06-08 22:24:46,914 - INFO - Step 504000: Loss = 0.000060, Epsilon = 0.5139
2025-06-08 22:24:46,914 - INFO - Step 504000: Target network updated
2025-06-08 22:24:51,990 - INFO - Step 505000: Loss = 0.000067, Epsilon = 0.5129
2025-06-08 22:24:52,492 - INFO - Episode 394: Reward = -1.1378, Portfolio = $2502.99, Return = -74.97%, Cash = $698.23, Crypto = 0.069862, Steps = 1282
2025-06-08 22:24:56,696 - INFO - Step 506000: Loss = 0.000041, Epsilon = 0.5119
2025-06-08 22:24:56,696 - INFO - Step 506000: Target network updated
2025-06-08 22:24:58,653 - INFO - Episode 395: Reward = -1.9696, Portfolio = $2902.65, Return = -70.97%, Cash = $1675.89, Crypto = 0.047488, Steps = 1282
2025-06-08 22:25:01,751 - INFO - Step 507000: Loss = 0.000061, Epsilon = 0.5110
2025-06-08 22:25:05,242 - INFO - Episode 396: Reward = -1.2060, Portfolio = $3182.26, Return = -68.18%, Cash = $2754.07, Crypto = 0.016575, Steps = 1282
2025-06-08 22:25:06,959 - INFO - Step 508000: Loss = 0.000054, Epsilon = 0.5100
2025-06-08 22:25:06,960 - INFO - Step 508000: Target network updated
2025-06-08 22:25:11,786 - INFO - Episode 397: Reward = -1.1490, Portfolio = $2200.20, Return = -78.00%, Cash = $985.52, Crypto = 0.047020, Steps = 1282
2025-06-08 22:25:12,028 - INFO - Step 509000: Loss = 0.001174, Epsilon = 0.5091
2025-06-08 22:25:17,111 - INFO - Step 510000: Loss = 0.000050, Epsilon = 0.5081
2025-06-08 22:25:17,112 - INFO - Step 510000: Target network updated
2025-06-08 22:25:18,313 - INFO - Episode 398: Reward = -1.9679, Portfolio = $1846.13, Return = -81.54%, Cash = $1002.10, Crypto = 0.032672, Steps = 1282
2025-06-08 22:25:22,189 - INFO - Step 511000: Loss = 0.000068, Epsilon = 0.5071
2025-06-08 22:25:24,818 - INFO - Episode 399: Reward = -1.8058, Portfolio = $3647.87, Return = -63.52%, Cash = $2279.36, Crypto = 0.052975, Steps = 1282
2025-06-08 22:25:27,430 - INFO - Step 512000: Loss = 0.000059, Epsilon = 0.5062
2025-06-08 22:25:27,431 - INFO - Step 512000: Target network updated
2025-06-08 22:25:31,448 - INFO - Episode 400: Reward = -1.8111, Portfolio = $1793.92, Return = -82.06%, Cash = $647.64, Crypto = 0.044372, Steps = 1282
2025-06-08 22:25:31,448 - INFO - Episode 400 Summary: Avg Reward (100 eps) = -1.8196, Avg Portfolio (100 eps) = $2191.43, Epsilon = 0.505
2025-06-08 22:25:31,448 - INFO - 
Detailed steps for Episode 400:
2025-06-08 22:25:31,448 - INFO - Step | Action | Price    | RSI   | PnL%   | Cash%  | Pos%   | Reward    | Portfolio
2025-06-08 22:25:31,448 - INFO - ----------------------------------------------------------------------------------------------------
2025-06-08 22:25:31,448 - INFO -    0 | HOLD |  7909.73 |  21.9 |   0.00 |  100.0 |    0.0 |    0.0000 | $  10000.00
2025-06-08 22:25:31,448 - INFO -    1 | HOLD |  7911.43 |  24.3 |   0.00 |  100.0 |    0.0 |    0.0000 | $  10000.00
2025-06-08 22:25:31,448 - INFO -    2 | BUY  |  4970.79 |  29.9 |   0.00 |  100.0 |    0.0 |   -0.0049 | $   9950.98
2025-06-08 22:25:31,448 - INFO -    3 | HOLD |  5563.71 |  13.1 |   0.00 |   75.0 |   24.5 |    0.0294 | $  10243.33
2025-06-08 22:25:31,448 - INFO -    4 | HOLD |  5200.37 |  22.5 |  11.93 |   75.0 |   27.4 |   -0.0175 | $  10064.18
2025-06-08 22:25:31,448 - INFO -    5 | BUY  |  5392.31 |  21.4 |   4.62 |   75.0 |   25.6 |    0.0058 | $  10122.06
2025-06-08 22:25:31,448 - INFO -    6 | SELL |  5014.48 |  24.0 |   4.85 |   56.2 |   45.0 |   -0.0363 | $   9754.68
2025-06-08 22:25:31,448 - INFO -    7 | BUY  |  5225.63 |  18.7 |  -2.50 |   66.2 |   31.4 |    0.0102 | $   9854.31
2025-06-08 22:25:31,448 - INFO -    8 | BUY  |  5238.44 |  21.7 |   1.07 |   49.6 |   48.9 |   -0.0013 | $   9841.97
2025-06-08 22:25:31,448 - INFO -    9 | HOLD |  6191.19 |  22.0 |   1.05 |   37.2 |   61.2 |    0.1131 | $  10954.91
2025-06-08 22:25:31,448 - INFO -   ...    ...      ...       ...     ...     ...      ...      ...         ...
2025-06-08 22:25:31,448 - INFO - 1272 | HOLD | 25969.57 |  47.6 |  -7.87 |    6.7 |   11.5 |   -0.0035 | $   1828.30
2025-06-08 22:25:31,448 - INFO - 1273 | HOLD | 25812.42 |  47.7 |  -7.51 |    6.7 |   11.5 |   -0.0034 | $   1821.32
2025-06-08 22:25:31,448 - INFO - 1274 | BUY  | 25779.98 |  46.8 |  -8.07 |    6.7 |   11.5 |   -0.0029 | $   1816.57
2025-06-08 22:25:31,448 - INFO - 1275 | HOLD | 25753.24 |  47.4 |  -7.22 |    5.1 |   13.1 |   -0.0018 | $   1815.21
2025-06-08 22:25:31,448 - INFO - 1276 | BUY  | 26240.20 |  42.4 |  -7.32 |    5.1 |   13.1 |   -0.0007 | $   1837.49
2025-06-08 22:25:31,448 - INFO - 1277 | HOLD | 25905.65 |  50.8 |  -5.12 |    3.8 |   14.6 |   -0.0011 | $   1818.90
2025-06-08 22:25:31,448 - INFO - 1278 | HOLD | 25895.68 |  48.5 |  -6.33 |    3.8 |   14.4 |   -0.0009 | $   1818.34
2025-06-08 22:25:31,448 - INFO - 1279 | BUY  | 25832.23 |  48.8 |  -6.36 |    3.8 |   14.4 |   -0.0009 | $   1812.96
2025-06-08 22:25:31,448 - INFO - 1280 | HOLD | 25162.65 |  47.3 |  -6.22 |    2.8 |   15.3 |   -0.0016 | $   1773.34
2025-06-08 22:25:31,448 - INFO - 1281 | SELL | 25833.34 |  41.4 |  -8.65 |    2.8 |   14.9 |   -0.0015 | $   1793.92
2025-06-08 22:25:31,448 - INFO - 
Action distribution for Episode 400:
2025-06-08 22:25:31,448 - INFO -   HOLD:  568 ( 44.3%)
2025-06-08 22:25:31,448 - INFO -   BUY:   320 ( 25.0%)
2025-06-08 22:25:31,448 - INFO -   SELL:  394 ( 30.7%)
2025-06-08 22:25:31,448 - INFO - ----------------------------------------------------------------------------------------------------
2025-06-08 22:25:32,465 - INFO - Step 513000: Loss = 0.000045, Epsilon = 0.5052
2025-06-08 22:25:37,522 - INFO - Step 514000: Loss = 0.000045, Epsilon = 0.5042
2025-06-08 22:25:37,523 - INFO - Step 514000: Target network updated
2025-06-08 22:25:37,942 - INFO - Episode 401: Reward = -2.0029, Portfolio = $2104.86, Return = -78.95%, Cash = $206.11, Crypto = 0.073500, Steps = 1282
2025-06-08 22:25:42,581 - INFO - Step 515000: Loss = 0.000382, Epsilon = 0.5033
2025-06-08 22:25:44,411 - INFO - Episode 402: Reward = -1.0265, Portfolio = $2970.84, Return = -70.29%, Cash = $564.27, Crypto = 0.093157, Steps = 1282
2025-06-08 22:25:47,627 - INFO - Step 516000: Loss = 0.000059, Epsilon = 0.5023
2025-06-08 22:25:47,628 - INFO - Step 516000: Target network updated
2025-06-08 22:25:50,895 - INFO - Episode 403: Reward = -1.9522, Portfolio = $2307.40, Return = -76.93%, Cash = $1838.21, Crypto = 0.018162, Steps = 1282
2025-06-08 22:25:52,691 - INFO - Step 517000: Loss = 0.000057, Epsilon = 0.5013
2025-06-08 22:25:57,393 - INFO - Episode 404: Reward = -1.0884, Portfolio = $1633.10, Return = -83.67%, Cash = $1524.62, Crypto = 0.004199, Steps = 1282
2025-06-08 22:25:57,763 - INFO - Step 518000: Loss = 0.000065, Epsilon = 0.5004
2025-06-08 22:25:57,763 - INFO - Step 518000: Target network updated
2025-06-08 22:26:02,851 - INFO - Step 519000: Loss = 0.000033, Epsilon = 0.4994
2025-06-08 22:26:03,921 - INFO - Episode 405: Reward = -1.2038, Portfolio = $5112.91, Return = -48.87%, Cash = $767.99, Crypto = 0.168190, Steps = 1282
2025-06-08 22:26:07,949 - INFO - Step 520000: Loss = 0.000037, Epsilon = 0.4984
2025-06-08 22:26:07,950 - INFO - Step 520000: Target network updated
2025-06-08 22:26:10,439 - INFO - Episode 406: Reward = -1.7801, Portfolio = $2993.76, Return = -70.06%, Cash = $2111.79, Crypto = 0.034141, Steps = 1282
2025-06-08 22:26:13,033 - INFO - Step 521000: Loss = 0.000045, Epsilon = 0.4975
2025-06-08 22:26:16,953 - INFO - Episode 407: Reward = -1.1653, Portfolio = $2113.88, Return = -78.86%, Cash = $904.88, Crypto = 0.046800, Steps = 1282
2025-06-08 22:26:18,107 - INFO - Step 522000: Loss = 0.000437, Epsilon = 0.4965
2025-06-08 22:26:18,107 - INFO - Step 522000: Target network updated
2025-06-08 22:26:23,164 - INFO - Step 523000: Loss = 0.000024, Epsilon = 0.4955
2025-06-08 22:26:23,441 - INFO - Episode 408: Reward = -1.2230, Portfolio = $1785.08, Return = -82.15%, Cash = $1548.72, Crypto = 0.009149, Steps = 1282
2025-06-08 22:26:28,236 - INFO - Step 524000: Loss = 0.000068, Epsilon = 0.4946
2025-06-08 22:26:28,237 - INFO - Step 524000: Target network updated
2025-06-08 22:26:30,067 - INFO - Episode 409: Reward = -2.1489, Portfolio = $1711.57, Return = -82.88%, Cash = $1135.92, Crypto = 0.022283, Steps = 1282
2025-06-08 22:26:33,697 - INFO - Step 525000: Loss = 0.000077, Epsilon = 0.4936
2025-06-08 22:26:36,730 - INFO - Episode 410: Reward = -1.0820, Portfolio = $2987.66, Return = -70.12%, Cash = $634.69, Crypto = 0.091083, Steps = 1282
2025-06-08 22:26:36,730 - INFO - Episode 410 Summary: Avg Reward (100 eps) = -1.7755, Avg Portfolio (100 eps) = $2232.95, Epsilon = 0.493
2025-06-08 22:26:38,667 - INFO - Step 526000: Loss = 0.000030, Epsilon = 0.4927
2025-06-08 22:26:38,667 - INFO - Step 526000: Target network updated
2025-06-08 22:26:43,217 - INFO - Episode 411: Reward = -1.5346, Portfolio = $4406.10, Return = -55.94%, Cash = $1646.38, Crypto = 0.106828, Steps = 1282
2025-06-08 22:26:43,722 - INFO - Step 527000: Loss = 0.000061, Epsilon = 0.4917
2025-06-08 22:26:48,764 - INFO - Step 528000: Loss = 0.000056, Epsilon = 0.4907
2025-06-08 22:26:48,764 - INFO - Step 528000: Target network updated
2025-06-08 22:26:49,762 - INFO - Episode 412: Reward = -1.8839, Portfolio = $3326.93, Return = -66.73%, Cash = $2016.81, Crypto = 0.050714, Steps = 1282
2025-06-08 22:26:53,931 - INFO - Step 529000: Loss = 0.000086, Epsilon = 0.4898
2025-06-08 22:26:56,286 - INFO - Episode 413: Reward = -1.2015, Portfolio = $2299.69, Return = -77.00%, Cash = $1353.51, Crypto = 0.036626, Steps = 1282
2025-06-08 22:26:58,983 - INFO - Step 530000: Loss = 0.000055, Epsilon = 0.4888
2025-06-08 22:26:58,983 - INFO - Step 530000: Target network updated
2025-06-08 22:27:02,754 - INFO - Episode 414: Reward = -2.2411, Portfolio = $1238.59, Return = -87.61%, Cash = $750.90, Crypto = 0.018879, Steps = 1282
2025-06-08 22:27:04,014 - INFO - Step 531000: Loss = 0.000046, Epsilon = 0.4878
2025-06-08 22:27:09,052 - INFO - Step 532000: Loss = 0.000096, Epsilon = 0.4869
2025-06-08 22:27:09,052 - INFO - Step 532000: Target network updated
2025-06-08 22:27:09,199 - INFO - Episode 415: Reward = -1.5670, Portfolio = $2898.05, Return = -71.02%, Cash = $1948.98, Crypto = 0.036738, Steps = 1282
2025-06-08 22:27:14,095 - INFO - Step 533000: Loss = 0.000100, Epsilon = 0.4859
2025-06-08 22:27:15,732 - INFO - Episode 416: Reward = -1.4693, Portfolio = $4724.81, Return = -52.75%, Cash = $4071.51, Crypto = 0.025289, Steps = 1282
2025-06-08 22:27:19,285 - INFO - Step 534000: Loss = 0.000033, Epsilon = 0.4849
2025-06-08 22:27:19,286 - INFO - Step 534000: Target network updated
2025-06-08 22:27:22,325 - INFO - Episode 417: Reward = -1.3138, Portfolio = $1281.93, Return = -87.18%, Cash = $344.82, Crypto = 0.036275, Steps = 1282
2025-06-08 22:27:24,389 - INFO - Step 535000: Loss = 0.000095, Epsilon = 0.4840
2025-06-08 22:27:28,841 - INFO - Episode 418: Reward = -1.2465, Portfolio = $5729.83, Return = -42.70%, Cash = $3912.17, Crypto = 0.070361, Steps = 1282
2025-06-08 22:27:29,478 - INFO - Step 536000: Loss = 0.000024, Epsilon = 0.4830
2025-06-08 22:27:29,479 - INFO - Step 536000: Target network updated
2025-06-08 22:27:34,581 - INFO - Step 537000: Loss = 0.000036, Epsilon = 0.4820
2025-06-08 22:27:35,392 - INFO - Episode 419: Reward = -1.0482, Portfolio = $6018.63, Return = -39.81%, Cash = $210.97, Crypto = 0.224813, Steps = 1282
2025-06-08 22:27:39,679 - INFO - Step 538000: Loss = 0.000031, Epsilon = 0.4811
2025-06-08 22:27:39,680 - INFO - Step 538000: Target network updated
2025-06-08 22:27:41,912 - INFO - Episode 420: Reward = -3.0242, Portfolio = $2238.46, Return = -77.62%, Cash = $839.32, Crypto = 0.054160, Steps = 1282
2025-06-08 22:27:41,912 - INFO - Episode 420 Summary: Avg Reward (100 eps) = -1.7517, Avg Portfolio (100 eps) = $2356.27, Epsilon = 0.481
2025-06-08 22:27:44,757 - INFO - Step 539000: Loss = 0.000025, Epsilon = 0.4801
2025-06-08 22:27:48,421 - INFO - Episode 421: Reward = -2.5017, Portfolio = $2207.43, Return = -77.93%, Cash = $1486.54, Crypto = 0.027906, Steps = 1282
2025-06-08 22:27:49,848 - INFO - Step 540000: Loss = 0.000042, Epsilon = 0.4792
2025-06-08 22:27:49,849 - INFO - Step 540000: Target network updated
2025-06-08 22:27:55,084 - INFO - Step 541000: Loss = 0.000036, Epsilon = 0.4782
2025-06-08 22:27:55,102 - INFO - Episode 422: Reward = -2.8062, Portfolio = $2360.04, Return = -76.40%, Cash = $910.23, Crypto = 0.056122, Steps = 1282
2025-06-08 22:27:59,994 - INFO - Step 542000: Loss = 0.000050, Epsilon = 0.4772
2025-06-08 22:27:59,994 - INFO - Step 542000: Target network updated
2025-06-08 22:28:01,329 - INFO - Episode 423: Reward = -2.7315, Portfolio = $1503.56, Return = -84.96%, Cash = $847.02, Crypto = 0.025414, Steps = 1282
2025-06-08 22:28:04,688 - INFO - Step 543000: Loss = 0.000032, Epsilon = 0.4763
2025-06-08 22:28:07,354 - INFO - Episode 424: Reward = -0.9815, Portfolio = $3864.92, Return = -61.35%, Cash = $3057.85, Crypto = 0.031242, Steps = 1282
2025-06-08 22:28:09,369 - INFO - Step 544000: Loss = 0.000086, Epsilon = 0.4753
2025-06-08 22:28:09,369 - INFO - Step 544000: Target network updated
2025-06-08 22:28:13,622 - INFO - Episode 425: Reward = -2.0221, Portfolio = $1411.21, Return = -85.89%, Cash = $1225.20, Crypto = 0.007200, Steps = 1282
2025-06-08 22:28:14,516 - INFO - Step 545000: Loss = 0.000041, Epsilon = 0.4743
2025-06-08 22:28:19,813 - INFO - Step 546000: Loss = 0.000071, Epsilon = 0.4734
2025-06-08 22:28:19,814 - INFO - Step 546000: Target network updated
2025-06-08 22:28:20,487 - INFO - Episode 426: Reward = -1.7702, Portfolio = $2279.19, Return = -77.21%, Cash = $2165.38, Crypto = 0.004405, Steps = 1282
2025-06-08 22:28:24,942 - INFO - Step 547000: Loss = 0.000049, Epsilon = 0.4724
2025-06-08 22:28:27,042 - INFO - Episode 427: Reward = -1.8830, Portfolio = $1286.89, Return = -87.13%, Cash = $647.32, Crypto = 0.024757, Steps = 1282
2025-06-08 22:28:30,070 - INFO - Step 548000: Loss = 0.000041, Epsilon = 0.4714
2025-06-08 22:28:30,070 - INFO - Step 548000: Target network updated
2025-06-08 22:28:33,903 - INFO - Episode 428: Reward = -1.2847, Portfolio = $2366.24, Return = -76.34%, Cash = $501.06, Crypto = 0.072201, Steps = 1282
2025-06-08 22:28:35,519 - INFO - Step 549000: Loss = 0.000096, Epsilon = 0.4705
2025-06-08 22:28:40,594 - INFO - Episode 429: Reward = -1.8323, Portfolio = $2884.04, Return = -71.16%, Cash = $293.45, Crypto = 0.100281, Steps = 1282
2025-06-08 22:28:40,716 - INFO - Step 550000: Loss = 0.000061, Epsilon = 0.4695
2025-06-08 22:28:40,717 - INFO - Step 550000: Target network updated
2025-06-08 22:28:45,900 - INFO - Step 551000: Loss = 0.000654, Epsilon = 0.4685
2025-06-08 22:28:47,246 - INFO - Episode 430: Reward = -1.3745, Portfolio = $2163.36, Return = -78.37%, Cash = $1099.07, Crypto = 0.041198, Steps = 1282
2025-06-08 22:28:47,246 - INFO - Episode 430 Summary: Avg Reward (100 eps) = -1.7238, Avg Portfolio (100 eps) = $2421.29, Epsilon = 0.468
2025-06-08 22:28:51,083 - INFO - Step 552000: Loss = 0.000037, Epsilon = 0.4676
2025-06-08 22:28:51,083 - INFO - Step 552000: Target network updated
2025-06-08 22:28:53,877 - INFO - Episode 431: Reward = -1.8365, Portfolio = $3590.32, Return = -64.10%, Cash = $1330.71, Crypto = 0.087469, Steps = 1282
2025-06-08 22:28:56,263 - INFO - Step 553000: Loss = 0.000038, Epsilon = 0.4666
2025-06-08 22:29:00,712 - INFO - Episode 432: Reward = -1.4605, Portfolio = $2244.39, Return = -77.56%, Cash = $631.37, Crypto = 0.062439, Steps = 1282
2025-06-08 22:29:01,699 - INFO - Step 554000: Loss = 0.000465, Epsilon = 0.4656
2025-06-08 22:29:01,700 - INFO - Step 554000: Target network updated
2025-06-08 22:29:07,235 - INFO - Step 555000: Loss = 0.000037, Epsilon = 0.4647
2025-06-08 22:29:07,789 - INFO - Episode 433: Reward = -1.0539, Portfolio = $4243.98, Return = -57.56%, Cash = $2589.43, Crypto = 0.064047, Steps = 1282
2025-06-08 22:29:12,589 - INFO - Step 556000: Loss = 0.000357, Epsilon = 0.4637
2025-06-08 22:29:12,590 - INFO - Step 556000: Target network updated
2025-06-08 22:29:14,650 - INFO - Episode 434: Reward = -1.4926, Portfolio = $2279.94, Return = -77.20%, Cash = $450.45, Crypto = 0.070819, Steps = 1282
2025-06-08 22:29:18,031 - INFO - Step 557000: Loss = 0.000035, Epsilon = 0.4628
2025-06-08 22:29:21,391 - INFO - Episode 435: Reward = -1.9943, Portfolio = $2496.93, Return = -75.03%, Cash = $1148.70, Crypto = 0.052189, Steps = 1282
2025-06-08 22:29:23,056 - INFO - Step 558000: Loss = 0.000059, Epsilon = 0.4618
2025-06-08 22:29:23,056 - INFO - Step 558000: Target network updated
2025-06-08 22:29:27,969 - INFO - Episode 436: Reward = -3.7947, Portfolio = $5162.84, Return = -48.37%, Cash = $4345.06, Crypto = 0.031656, Steps = 1282
2025-06-08 22:29:28,224 - INFO - Step 559000: Loss = 0.000230, Epsilon = 0.4608
2025-06-08 22:29:33,382 - INFO - Step 560000: Loss = 0.000031, Epsilon = 0.4599
2025-06-08 22:29:33,382 - INFO - Step 560000: Target network updated
2025-06-08 22:29:34,608 - INFO - Episode 437: Reward = -1.3660, Portfolio = $2041.78, Return = -79.58%, Cash = $1719.29, Crypto = 0.012483, Steps = 1282
2025-06-08 22:29:38,715 - INFO - Step 561000: Loss = 0.000045, Epsilon = 0.4589
2025-06-08 22:29:41,319 - INFO - Episode 438: Reward = -1.9254, Portfolio = $1309.75, Return = -86.90%, Cash = $1295.93, Crypto = 0.000535, Steps = 1282
2025-06-08 22:29:43,784 - INFO - Step 562000: Loss = 0.000063, Epsilon = 0.4579
2025-06-08 22:29:43,785 - INFO - Step 562000: Target network updated
2025-06-08 22:29:47,893 - INFO - Episode 439: Reward = -1.3828, Portfolio = $3042.26, Return = -69.58%, Cash = $1330.87, Crypto = 0.066248, Steps = 1282
2025-06-08 22:29:48,924 - INFO - Step 563000: Loss = 0.000027, Epsilon = 0.4570
2025-06-08 22:29:54,257 - INFO - Step 564000: Loss = 0.000139, Epsilon = 0.4560
2025-06-08 22:29:54,257 - INFO - Step 564000: Target network updated
2025-06-08 22:29:54,636 - INFO - Episode 440: Reward = -1.1551, Portfolio = $4912.26, Return = -50.88%, Cash = $4321.36, Crypto = 0.022873, Steps = 1282
2025-06-08 22:29:54,636 - INFO - Episode 440 Summary: Avg Reward (100 eps) = -1.7262, Avg Portfolio (100 eps) = $2556.92, Epsilon = 0.456
2025-06-08 22:29:59,247 - INFO - Step 565000: Loss = 0.000048, Epsilon = 0.4550
2025-06-08 22:30:01,092 - INFO - Episode 441: Reward = -1.6942, Portfolio = $1425.94, Return = -85.74%, Cash = $234.66, Crypto = 0.046114, Steps = 1282
2025-06-08 22:30:04,430 - INFO - Step 566000: Loss = 0.000086, Epsilon = 0.4541
2025-06-08 22:30:04,430 - INFO - Step 566000: Target network updated
2025-06-08 22:30:07,779 - INFO - Episode 442: Reward = -2.1294, Portfolio = $3201.84, Return = -67.98%, Cash = $1924.95, Crypto = 0.049428, Steps = 1282
2025-06-08 22:30:09,635 - INFO - Step 567000: Loss = 0.000021, Epsilon = 0.4531
2025-06-08 22:30:14,295 - INFO - Episode 443: Reward = -1.3470, Portfolio = $2332.96, Return = -76.67%, Cash = $625.45, Crypto = 0.066097, Steps = 1282
2025-06-08 22:30:14,652 - INFO - Step 568000: Loss = 0.000108, Epsilon = 0.4521
2025-06-08 22:30:14,652 - INFO - Step 568000: Target network updated
2025-06-08 22:30:19,734 - INFO - Step 569000: Loss = 0.000034, Epsilon = 0.4512
2025-06-08 22:30:20,807 - INFO - Episode 444: Reward = -2.0323, Portfolio = $3244.44, Return = -67.56%, Cash = $2243.08, Crypto = 0.038762, Steps = 1282
2025-06-08 22:30:24,875 - INFO - Step 570000: Loss = 0.000021, Epsilon = 0.4502
2025-06-08 22:30:24,876 - INFO - Step 570000: Target network updated
2025-06-08 22:30:27,403 - INFO - Episode 445: Reward = -0.9533, Portfolio = $2551.63, Return = -74.48%, Cash = $1874.81, Crypto = 0.026199, Steps = 1282
2025-06-08 22:30:30,147 - INFO - Step 571000: Loss = 0.000047, Epsilon = 0.4492
2025-06-08 22:30:34,365 - INFO - Episode 446: Reward = -1.3750, Portfolio = $4719.35, Return = -52.81%, Cash = $3349.04, Crypto = 0.053044, Steps = 1282
2025-06-08 22:30:35,554 - INFO - Step 572000: Loss = 0.000096, Epsilon = 0.4483
2025-06-08 22:30:35,554 - INFO - Step 572000: Target network updated
2025-06-08 22:30:40,812 - INFO - Step 573000: Loss = 0.000032, Epsilon = 0.4473
2025-06-08 22:30:41,087 - INFO - Episode 447: Reward = -0.7666, Portfolio = $4723.93, Return = -52.76%, Cash = $1370.14, Crypto = 0.129824, Steps = 1282
2025-06-08 22:30:46,203 - INFO - Step 574000: Loss = 0.000020, Epsilon = 0.4464
2025-06-08 22:30:46,203 - INFO - Step 574000: Target network updated
2025-06-08 22:30:47,959 - INFO - Episode 448: Reward = -1.1703, Portfolio = $4623.58, Return = -53.76%, Cash = $3715.42, Crypto = 0.035155, Steps = 1282
2025-06-08 22:30:51,389 - INFO - Step 575000: Loss = 0.000057, Epsilon = 0.4454
2025-06-08 22:30:54,707 - INFO - Episode 449: Reward = -2.6416, Portfolio = $2991.17, Return = -70.09%, Cash = $875.45, Crypto = 0.081899, Steps = 1282
2025-06-08 22:30:56,667 - INFO - Step 576000: Loss = 0.000020, Epsilon = 0.4444
2025-06-08 22:30:56,668 - INFO - Step 576000: Target network updated
2025-06-08 22:31:01,455 - INFO - Episode 450: Reward = -2.7693, Portfolio = $6902.18, Return = -30.98%, Cash = $3131.27, Crypto = 0.145971, Steps = 1282
2025-06-08 22:31:01,455 - INFO - Episode 450 Summary: Avg Reward (100 eps) = -1.7212, Avg Portfolio (100 eps) = $2710.43, Epsilon = 0.444
2025-06-08 22:31:01,455 - INFO - 
Detailed steps for Episode 450:
2025-06-08 22:31:01,455 - INFO - Step | Action | Price    | RSI   | PnL%   | Cash%  | Pos%   | Reward    | Portfolio
2025-06-08 22:31:01,455 - INFO - ----------------------------------------------------------------------------------------------------
2025-06-08 22:31:01,455 - INFO -    0 | HOLD |  7909.73 |  21.9 |   0.00 |  100.0 |    0.0 |    0.0000 | $  10000.00
2025-06-08 22:31:01,455 - INFO -    1 | HOLD |  7911.43 |  24.3 |   0.00 |  100.0 |    0.0 |    0.0000 | $  10000.00
2025-06-08 22:31:01,455 - INFO -    2 | BUY  |  4970.79 |  29.9 |   0.00 |  100.0 |    0.0 |   -0.0049 | $   9950.98
2025-06-08 22:31:01,455 - INFO -    3 | BUY  |  5563.71 |  13.1 |   0.00 |   75.0 |   24.5 |    0.0257 | $  10206.57
2025-06-08 22:31:01,455 - INFO -    4 | HOLD |  5200.37 |  22.5 |   6.82 |   56.2 |   45.8 |   -0.0293 | $   9907.37
2025-06-08 22:31:01,455 - INFO -    5 | BUY  |  5392.31 |  21.4 |  -0.16 |   56.2 |   42.8 |    0.0132 | $  10037.86
2025-06-08 22:31:01,455 - INFO -    6 | BUY  |  5014.48 |  24.0 |   2.67 |   42.2 |   58.2 |   -0.0427 | $   9609.44
2025-06-08 22:31:01,455 - INFO -    7 | BUY  |  5225.63 |  18.7 |  -3.83 |   31.6 |   64.5 |    0.0266 | $   9865.33
2025-06-08 22:31:01,455 - INFO -    8 | BUY  |  5238.44 |  21.7 |   0.20 |   23.7 |   74.9 |    0.0007 | $   9872.06
2025-06-08 22:31:01,455 - INFO -    9 | BUY  |  6191.19 |  22.0 |   0.41 |   17.8 |   80.9 |    0.1482 | $  11335.14
2025-06-08 22:31:01,455 - INFO -   ...    ...      ...       ...     ...     ...      ...      ...         ...
2025-06-08 22:31:01,455 - INFO - 1272 | HOLD | 25969.57 |  47.6 | -10.42 |   28.6 |   41.9 |   -0.0028 | $   7067.45
2025-06-08 22:31:01,455 - INFO - 1273 | BUY  | 25812.42 |  47.7 | -10.07 |   28.6 |   42.0 |   -0.0028 | $   7027.97
2025-06-08 22:31:01,455 - INFO - 1274 | SELL | 25779.98 |  46.8 |  -9.23 |   21.5 |   48.8 |   -0.0027 | $   6960.91
2025-06-08 22:31:01,455 - INFO - 1275 | HOLD | 25753.24 |  47.4 |  -9.34 |   33.0 |   36.6 |   -0.0017 | $   6957.12
2025-06-08 22:31:01,455 - INFO - 1276 | HOLD | 26240.20 |  42.4 |  -9.44 |   33.0 |   36.5 |   -0.0008 | $   7026.17
2025-06-08 22:31:01,455 - INFO - 1277 | HOLD | 25905.65 |  50.8 |  -7.72 |   33.0 |   37.2 |   -0.0011 | $   6978.73
2025-06-08 22:31:01,455 - INFO - 1278 | HOLD | 25895.68 |  48.5 |  -8.90 |   33.0 |   36.7 |   -0.0012 | $   6977.32
2025-06-08 22:31:01,455 - INFO - 1279 | SELL | 25832.23 |  48.8 |  -8.93 |   33.0 |   36.7 |   -0.0014 | $   6922.53
2025-06-08 22:31:01,455 - INFO - 1280 | HOLD | 25162.65 |  47.3 |  -9.16 |   41.8 |   27.5 |   -0.0016 | $   6851.31
2025-06-08 22:31:01,455 - INFO - 1281 | BUY  | 25833.34 |  41.4 | -11.51 |   41.8 |   26.8 |   -0.0018 | $   6902.18
2025-06-08 22:31:01,455 - INFO - 
Action distribution for Episode 450:
2025-06-08 22:31:01,455 - INFO -   HOLD:  693 ( 54.1%)
2025-06-08 22:31:01,455 - INFO -   BUY:   399 ( 31.1%)
2025-06-08 22:31:01,455 - INFO -   SELL:  190 ( 14.8%)
2025-06-08 22:31:01,455 - INFO - ----------------------------------------------------------------------------------------------------
2025-06-08 22:31:02,011 - INFO - Step 577000: Loss = 0.000045, Epsilon = 0.4435
2025-06-08 22:31:07,231 - INFO - Step 578000: Loss = 0.000026, Epsilon = 0.4425
2025-06-08 22:31:07,231 - INFO - Step 578000: Target network updated
2025-06-08 22:31:08,178 - INFO - Episode 451: Reward = -0.7901, Portfolio = $2127.81, Return = -78.72%, Cash = $1107.37, Crypto = 0.039501, Steps = 1282
2025-06-08 22:31:12,336 - INFO - Step 579000: Loss = 0.000027, Epsilon = 0.4415
2025-06-08 22:31:14,926 - INFO - Episode 452: Reward = -1.9534, Portfolio = $1541.74, Return = -84.58%, Cash = $1400.76, Crypto = 0.005458, Steps = 1282
2025-06-08 22:31:17,702 - INFO - Step 580000: Loss = 0.000036, Epsilon = 0.4406
2025-06-08 22:31:17,702 - INFO - Step 580000: Target network updated
2025-06-08 22:31:21,596 - INFO - Episode 453: Reward = -1.2393, Portfolio = $2355.59, Return = -76.44%, Cash = $2111.84, Crypto = 0.009435, Steps = 1282
2025-06-08 22:31:23,055 - INFO - Step 581000: Loss = 0.000028, Epsilon = 0.4396
2025-06-08 22:31:28,453 - INFO - Step 582000: Loss = 0.000044, Epsilon = 0.4386
2025-06-08 22:31:28,453 - INFO - Step 582000: Target network updated
2025-06-08 22:31:28,600 - INFO - Episode 454: Reward = -1.5780, Portfolio = $1943.28, Return = -80.57%, Cash = $1746.10, Crypto = 0.007633, Steps = 1282
2025-06-08 22:31:33,822 - INFO - Step 583000: Loss = 0.000037, Epsilon = 0.4377
2025-06-08 22:31:35,475 - INFO - Episode 455: Reward = -1.0899, Portfolio = $3462.01, Return = -65.38%, Cash = $998.61, Crypto = 0.095357, Steps = 1282
2025-06-08 22:31:39,178 - INFO - Step 584000: Loss = 0.000102, Epsilon = 0.4367
2025-06-08 22:31:39,179 - INFO - Step 584000: Target network updated
2025-06-08 22:31:42,292 - INFO - Episode 456: Reward = -1.4089, Portfolio = $3363.99, Return = -66.36%, Cash = $2023.20, Crypto = 0.051902, Steps = 1282
2025-06-08 22:31:44,393 - INFO - Step 585000: Loss = 0.000040, Epsilon = 0.4357
2025-06-08 22:31:48,970 - INFO - Episode 457: Reward = -1.3407, Portfolio = $2662.55, Return = -73.37%, Cash = $1183.96, Crypto = 0.057236, Steps = 1282
2025-06-08 22:31:49,638 - INFO - Step 586000: Loss = 0.000042, Epsilon = 0.4348
2025-06-08 22:31:49,639 - INFO - Step 586000: Target network updated
2025-06-08 22:31:54,930 - INFO - Step 587000: Loss = 0.000043, Epsilon = 0.4338
2025-06-08 22:31:55,753 - INFO - Episode 458: Reward = -1.1251, Portfolio = $4428.81, Return = -55.71%, Cash = $1635.63, Crypto = 0.108123, Steps = 1282
2025-06-08 22:32:00,245 - INFO - Step 588000: Loss = 0.000049, Epsilon = 0.4329
2025-06-08 22:32:00,246 - INFO - Step 588000: Target network updated
2025-06-08 22:32:02,573 - INFO - Episode 459: Reward = -1.6929, Portfolio = $2275.87, Return = -77.24%, Cash = $1908.91, Crypto = 0.014205, Steps = 1282
2025-06-08 22:32:05,568 - INFO - Step 589000: Loss = 0.000050, Epsilon = 0.4319
2025-06-08 22:32:09,390 - INFO - Episode 460: Reward = -3.8828, Portfolio = $1273.66, Return = -87.26%, Cash = $326.68, Crypto = 0.036657, Steps = 1282
2025-06-08 22:32:09,390 - INFO - Episode 460 Summary: Avg Reward (100 eps) = -1.6943, Avg Portfolio (100 eps) = $2715.35, Epsilon = 0.431
2025-06-08 22:32:10,874 - INFO - Step 590000: Loss = 0.000034, Epsilon = 0.4309
2025-06-08 22:32:10,874 - INFO - Step 590000: Target network updated
2025-06-08 22:32:16,082 - INFO - Step 591000: Loss = 0.000062, Epsilon = 0.4300
2025-06-08 22:32:16,088 - INFO - Episode 461: Reward = -0.8624, Portfolio = $5649.16, Return = -43.51%, Cash = $2265.70, Crypto = 0.130973, Steps = 1282
2025-06-08 22:32:21,400 - INFO - Step 592000: Loss = 0.000041, Epsilon = 0.4290
2025-06-08 22:32:21,400 - INFO - Step 592000: Target network updated
2025-06-08 22:32:22,882 - INFO - Episode 462: Reward = -2.0490, Portfolio = $1986.24, Return = -80.14%, Cash = $1861.94, Crypto = 0.004812, Steps = 1282
2025-06-08 22:32:26,599 - INFO - Step 593000: Loss = 0.000048, Epsilon = 0.4280
2025-06-08 22:32:29,508 - INFO - Episode 463: Reward = -3.9389, Portfolio = $2599.77, Return = -74.00%, Cash = $896.02, Crypto = 0.065951, Steps = 1282
2025-06-08 22:32:31,823 - INFO - Step 594000: Loss = 0.000040, Epsilon = 0.4271
2025-06-08 22:32:31,824 - INFO - Step 594000: Target network updated
2025-06-08 22:32:36,373 - INFO - Episode 464: Reward = -1.0667, Portfolio = $4014.89, Return = -59.85%, Cash = $1438.09, Crypto = 0.099747, Steps = 1282
2025-06-08 22:32:37,194 - INFO - Step 595000: Loss = 0.000022, Epsilon = 0.4261
2025-06-08 22:32:42,498 - INFO - Step 596000: Loss = 0.000077, Epsilon = 0.4251
2025-06-08 22:32:42,498 - INFO - Step 596000: Target network updated
2025-06-08 22:32:43,178 - INFO - Episode 465: Reward = -0.9254, Portfolio = $4186.18, Return = -58.14%, Cash = $2870.06, Crypto = 0.050947, Steps = 1282
2025-06-08 22:32:47,785 - INFO - Step 597000: Loss = 0.000057, Epsilon = 0.4242
2025-06-08 22:32:50,045 - INFO - Episode 466: Reward = -0.9319, Portfolio = $4993.81, Return = -50.06%, Cash = $3421.90, Crypto = 0.060848, Steps = 1282
2025-06-08 22:32:53,025 - INFO - Step 598000: Loss = 0.000032, Epsilon = 0.4232
2025-06-08 22:32:53,026 - INFO - Step 598000: Target network updated
2025-06-08 22:32:56,632 - INFO - Episode 467: Reward = -1.0963, Portfolio = $6249.49, Return = -37.51%, Cash = $3096.67, Crypto = 0.122045, Steps = 1282
2025-06-08 22:32:58,300 - INFO - Step 599000: Loss = 0.000083, Epsilon = 0.4222
2025-06-08 22:33:03,533 - INFO - Episode 468: Reward = -1.0791, Portfolio = $4325.43, Return = -56.75%, Cash = $2157.42, Crypto = 0.083923, Steps = 1282
2025-06-08 22:33:03,668 - INFO - Step 600000: Loss = 0.000044, Epsilon = 0.4213
2025-06-08 22:33:03,668 - INFO - Step 600000: Target network updated
2025-06-08 22:33:09,118 - INFO - Step 601000: Loss = 0.000066, Epsilon = 0.4203
2025-06-08 22:33:10,527 - INFO - Episode 469: Reward = -1.8059, Portfolio = $4156.79, Return = -58.43%, Cash = $762.54, Crypto = 0.131390, Steps = 1282
2025-06-08 22:33:14,552 - INFO - Step 602000: Loss = 0.000053, Epsilon = 0.4193
2025-06-08 22:33:14,552 - INFO - Step 602000: Target network updated
2025-06-08 22:33:17,498 - INFO - Episode 470: Reward = -1.7844, Portfolio = $3279.34, Return = -67.21%, Cash = $1039.85, Crypto = 0.086690, Steps = 1282
2025-06-08 22:33:17,498 - INFO - Episode 470 Summary: Avg Reward (100 eps) = -1.6521, Avg Portfolio (100 eps) = $2915.71, Epsilon = 0.419
2025-06-08 22:33:20,080 - INFO - Step 603000: Loss = 0.000033, Epsilon = 0.4184
2025-06-08 22:33:24,572 - INFO - Episode 471: Reward = -1.7704, Portfolio = $2856.41, Return = -71.44%, Cash = $2528.89, Crypto = 0.012678, Steps = 1282
2025-06-08 22:33:25,540 - INFO - Step 604000: Loss = 0.000046, Epsilon = 0.4174
2025-06-08 22:33:25,540 - INFO - Step 604000: Target network updated
2025-06-08 22:33:30,972 - INFO - Step 605000: Loss = 0.000070, Epsilon = 0.4165
2025-06-08 22:33:31,526 - INFO - Episode 472: Reward = -1.1941, Portfolio = $2070.01, Return = -79.30%, Cash = $784.74, Crypto = 0.049752, Steps = 1282
2025-06-08 22:33:36,392 - INFO - Step 606000: Loss = 0.000355, Epsilon = 0.4155
2025-06-08 22:33:36,393 - INFO - Step 606000: Target network updated
2025-06-08 22:33:38,469 - INFO - Episode 473: Reward = -1.0759, Portfolio = $2554.73, Return = -74.45%, Cash = $811.56, Crypto = 0.067478, Steps = 1282
2025-06-08 22:33:41,838 - INFO - Step 607000: Loss = 0.000047, Epsilon = 0.4145
2025-06-08 22:33:45,368 - INFO - Episode 474: Reward = -1.4840, Portfolio = $5070.22, Return = -49.30%, Cash = $2492.76, Crypto = 0.099773, Steps = 1282
2025-06-08 22:33:47,211 - INFO - Step 608000: Loss = 0.000179, Epsilon = 0.4136
2025-06-08 22:33:47,211 - INFO - Step 608000: Target network updated
2025-06-08 22:33:52,405 - INFO - Episode 475: Reward = -1.6657, Portfolio = $3388.88, Return = -66.11%, Cash = $2686.43, Crypto = 0.027192, Steps = 1282
2025-06-08 22:33:52,677 - INFO - Step 609000: Loss = 0.000053, Epsilon = 0.4126
2025-06-08 22:33:58,297 - INFO - Step 610000: Loss = 0.000050, Epsilon = 0.4116
2025-06-08 22:33:58,298 - INFO - Step 610000: Target network updated
2025-06-08 22:33:59,567 - INFO - Episode 476: Reward = -1.0230, Portfolio = $5165.37, Return = -48.35%, Cash = $1470.40, Crypto = 0.143031, Steps = 1282
2025-06-08 22:34:03,701 - INFO - Step 611000: Loss = 0.000033, Epsilon = 0.4107
2025-06-08 22:34:06,479 - INFO - Episode 477: Reward = -1.8682, Portfolio = $1896.63, Return = -81.03%, Cash = $669.96, Crypto = 0.047484, Steps = 1282
2025-06-08 22:34:09,169 - INFO - Step 612000: Loss = 0.000048, Epsilon = 0.4097
2025-06-08 22:34:09,170 - INFO - Step 612000: Target network updated
2025-06-08 22:34:13,597 - INFO - Episode 478: Reward = -1.4747, Portfolio = $3692.28, Return = -63.08%, Cash = $1157.36, Crypto = 0.098126, Steps = 1282
2025-06-08 22:34:14,755 - INFO - Step 613000: Loss = 0.000091, Epsilon = 0.4087
2025-06-08 22:34:20,217 - INFO - Step 614000: Loss = 0.000050, Epsilon = 0.4078
2025-06-08 22:34:20,217 - INFO - Step 614000: Target network updated
2025-06-08 22:34:20,597 - INFO - Episode 479: Reward = -2.1887, Portfolio = $3296.69, Return = -67.03%, Cash = $2028.94, Crypto = 0.049074, Steps = 1282
2025-06-08 22:34:25,212 - INFO - Step 615000: Loss = 0.000063, Epsilon = 0.4068
2025-06-08 22:34:27,013 - INFO - Episode 480: Reward = -0.7488, Portfolio = $5637.75, Return = -43.62%, Cash = $1339.18, Crypto = 0.166397, Steps = 1282
2025-06-08 22:34:27,013 - INFO - Episode 480 Summary: Avg Reward (100 eps) = -1.6051, Avg Portfolio (100 eps) = $3080.54, Epsilon = 0.406
2025-06-08 22:34:30,241 - INFO - Step 616000: Loss = 0.000025, Epsilon = 0.4058
2025-06-08 22:34:30,241 - INFO - Step 616000: Target network updated
2025-06-08 22:34:33,480 - INFO - Episode 481: Reward = -0.9079, Portfolio = $5231.73, Return = -47.68%, Cash = $2381.84, Crypto = 0.110318, Steps = 1282
2025-06-08 22:34:35,451 - INFO - Step 617000: Loss = 0.000320, Epsilon = 0.4049
2025-06-08 22:34:40,395 - INFO - Episode 482: Reward = -2.1272, Portfolio = $11296.46, Return = 12.96%, Cash = $7252.24, Crypto = 0.156550, Steps = 1282
2025-06-08 22:34:40,801 - INFO - Step 618000: Loss = 0.000060, Epsilon = 0.4039
2025-06-08 22:34:40,802 - INFO - Step 618000: Target network updated
2025-06-08 22:34:46,207 - INFO - Step 619000: Loss = 0.000338, Epsilon = 0.4030
2025-06-08 22:34:47,357 - INFO - Episode 483: Reward = -2.0722, Portfolio = $1888.66, Return = -81.11%, Cash = $730.81, Crypto = 0.044820, Steps = 1282
2025-06-08 22:34:51,648 - INFO - Step 620000: Loss = 0.000064, Epsilon = 0.4020
2025-06-08 22:34:51,649 - INFO - Step 620000: Target network updated
2025-06-08 22:34:54,302 - INFO - Episode 484: Reward = -2.2116, Portfolio = $2118.24, Return = -78.82%, Cash = $1711.39, Crypto = 0.015749, Steps = 1282
2025-06-08 22:34:57,080 - INFO - Step 621000: Loss = 0.000063, Epsilon = 0.4010
2025-06-08 22:35:01,239 - INFO - Episode 485: Reward = -1.3617, Portfolio = $3041.30, Return = -69.59%, Cash = $2046.78, Crypto = 0.038497, Steps = 1282
2025-06-08 22:35:02,488 - INFO - Step 622000: Loss = 0.000031, Epsilon = 0.4001
2025-06-08 22:35:02,489 - INFO - Step 622000: Target network updated
2025-06-08 22:35:07,793 - INFO - Step 623000: Loss = 0.000025, Epsilon = 0.3991
2025-06-08 22:35:08,068 - INFO - Episode 486: Reward = -1.8632, Portfolio = $2073.68, Return = -79.26%, Cash = $1609.83, Crypto = 0.017955, Steps = 1282
2025-06-08 22:35:13,006 - INFO - Step 624000: Loss = 0.000338, Epsilon = 0.3981
2025-06-08 22:35:13,006 - INFO - Step 624000: Target network updated
2025-06-08 22:35:14,697 - INFO - Episode 487: Reward = -1.6368, Portfolio = $1600.17, Return = -84.00%, Cash = $987.53, Crypto = 0.023715, Steps = 1282
2025-06-08 22:35:18,092 - INFO - Step 625000: Loss = 0.000043, Epsilon = 0.3972
2025-06-08 22:35:21,250 - INFO - Episode 488: Reward = -1.1057, Portfolio = $2155.43, Return = -78.45%, Cash = $1926.46, Crypto = 0.008863, Steps = 1282
2025-06-08 22:35:23,210 - INFO - Step 626000: Loss = 0.000037, Epsilon = 0.3962
2025-06-08 22:35:23,210 - INFO - Step 626000: Target network updated
2025-06-08 22:35:27,799 - INFO - Episode 489: Reward = -1.7271, Portfolio = $2642.59, Return = -73.57%, Cash = $2297.27, Crypto = 0.013367, Steps = 1282
2025-06-08 22:35:28,329 - INFO - Step 627000: Loss = 0.000035, Epsilon = 0.3952
2025-06-08 22:35:33,441 - INFO - Step 628000: Loss = 0.000057, Epsilon = 0.3943
2025-06-08 22:35:33,441 - INFO - Step 628000: Target network updated
2025-06-08 22:35:34,359 - INFO - Episode 490: Reward = -1.6147, Portfolio = $3627.99, Return = -63.72%, Cash = $234.58, Crypto = 0.131358, Steps = 1282
2025-06-08 22:35:34,359 - INFO - Episode 490 Summary: Avg Reward (100 eps) = -1.6302, Avg Portfolio (100 eps) = $3127.43, Epsilon = 0.394
2025-06-08 22:35:38,589 - INFO - Step 629000: Loss = 0.000110, Epsilon = 0.3933
2025-06-08 22:35:40,960 - INFO - Episode 491: Reward = -2.2082, Portfolio = $3357.72, Return = -66.42%, Cash = $1738.70, Crypto = 0.062672, Steps = 1282
2025-06-08 22:35:43,752 - INFO - Step 630000: Loss = 0.000065, Epsilon = 0.3923
2025-06-08 22:35:43,753 - INFO - Step 630000: Target network updated
2025-06-08 22:35:47,551 - INFO - Episode 492: Reward = -1.4310, Portfolio = $2921.59, Return = -70.78%, Cash = $2759.92, Crypto = 0.006258, Steps = 1282
2025-06-08 22:35:48,879 - INFO - Step 631000: Loss = 0.000036, Epsilon = 0.3914
2025-06-08 22:35:54,032 - INFO - Step 632000: Loss = 0.000024, Epsilon = 0.3904
2025-06-08 22:35:54,032 - INFO - Step 632000: Target network updated
2025-06-08 22:35:54,161 - INFO - Episode 493: Reward = -1.3569, Portfolio = $4049.83, Return = -59.50%, Cash = $3125.41, Crypto = 0.035784, Steps = 1282
2025-06-08 22:35:59,202 - INFO - Step 633000: Loss = 0.000033, Epsilon = 0.3894
2025-06-08 22:36:00,792 - INFO - Episode 494: Reward = -1.2017, Portfolio = $1807.68, Return = -81.92%, Cash = $731.42, Crypto = 0.041662, Steps = 1282
2025-06-08 22:36:04,422 - INFO - Step 634000: Loss = 0.000024, Epsilon = 0.3885
2025-06-08 22:36:04,422 - INFO - Step 634000: Target network updated
2025-06-08 22:36:07,526 - INFO - Episode 495: Reward = -1.2111, Portfolio = $3139.27, Return = -68.61%, Cash = $1862.22, Crypto = 0.049434, Steps = 1282
2025-06-08 22:36:09,639 - INFO - Step 635000: Loss = 0.000342, Epsilon = 0.3875
2025-06-08 22:36:14,097 - INFO - Episode 496: Reward = -0.9641, Portfolio = $3198.65, Return = -68.01%, Cash = $1482.54, Crypto = 0.066430, Steps = 1282
2025-06-08 22:36:14,757 - INFO - Step 636000: Loss = 0.000069, Epsilon = 0.3866
2025-06-08 22:36:14,758 - INFO - Step 636000: Target network updated
2025-06-08 22:36:19,889 - INFO - Step 637000: Loss = 0.000032, Epsilon = 0.3856
2025-06-08 22:36:20,670 - INFO - Episode 497: Reward = -1.5930, Portfolio = $4070.20, Return = -59.30%, Cash = $3357.76, Crypto = 0.027578, Steps = 1282
2025-06-08 22:36:24,999 - INFO - Step 638000: Loss = 0.000046, Epsilon = 0.3846
2025-06-08 22:36:24,999 - INFO - Step 638000: Target network updated
2025-06-08 22:36:27,228 - INFO - Episode 498: Reward = -1.5640, Portfolio = $5481.67, Return = -45.18%, Cash = $4773.37, Crypto = 0.027418, Steps = 1282
2025-06-08 22:36:30,130 - INFO - Step 639000: Loss = 0.000047, Epsilon = 0.3837
2025-06-08 22:36:33,801 - INFO - Episode 499: Reward = -0.9234, Portfolio = $2486.17, Return = -75.14%, Cash = $787.87, Crypto = 0.065741, Steps = 1282
2025-06-08 22:36:35,249 - INFO - Step 640000: Loss = 0.000063, Epsilon = 0.3827
2025-06-08 22:36:35,249 - INFO - Step 640000: Target network updated
2025-06-08 22:36:40,380 - INFO - Step 641000: Loss = 0.000396, Epsilon = 0.3817
2025-06-08 22:36:40,381 - INFO - Episode 500: Reward = -1.3450, Portfolio = $3614.19, Return = -63.86%, Cash = $2796.66, Crypto = 0.031647, Steps = 1282
2025-06-08 22:36:40,381 - INFO - Episode 500 Summary: Avg Reward (100 eps) = -1.6129, Avg Portfolio (100 eps) = $3225.61, Epsilon = 0.382
2025-06-08 22:36:40,381 - INFO - 
Detailed steps for Episode 500:
2025-06-08 22:36:40,381 - INFO - Step | Action | Price    | RSI   | PnL%   | Cash%  | Pos%   | Reward    | Portfolio
2025-06-08 22:36:40,381 - INFO - ----------------------------------------------------------------------------------------------------
2025-06-08 22:36:40,381 - INFO -    0 | HOLD |  7909.73 |  21.9 |   0.00 |  100.0 |    0.0 |    0.0000 | $  10000.00
2025-06-08 22:36:40,381 - INFO -    1 | BUY  |  7911.43 |  24.3 |   0.00 |  100.0 |    0.0 |   -0.0049 | $   9950.98
2025-06-08 22:36:40,381 - INFO -    2 | BUY  |  4970.79 |  29.9 |   0.00 |   75.0 |   24.5 |   -0.0952 | $   9003.20
2025-06-08 22:36:40,381 - INFO -    3 | HOLD |  5563.71 |  13.1 | -21.24 |   56.2 |   33.8 |    0.0448 | $   9406.15
2025-06-08 22:36:40,381 - INFO -    4 | BUY  |  5200.37 |  22.5 | -11.85 |   56.2 |   37.8 |   -0.0292 | $   9131.65
2025-06-08 22:36:40,381 - INFO -    5 | HOLD |  5392.31 |  21.4 | -13.32 |   42.2 |   49.1 |    0.0199 | $   9312.99
2025-06-08 22:36:40,381 - INFO -    6 | BUY  |  5014.48 |  24.0 | -10.12 |   42.2 |   50.9 |   -0.0405 | $   8935.36
2025-06-08 22:36:40,381 - INFO -    7 | BUY  |  5225.63 |  18.7 | -13.89 |   31.6 |   57.7 |    0.0255 | $   9162.86
2025-06-08 22:36:40,381 - INFO -    8 | BUY  |  5238.44 |  21.7 |  -9.20 |   23.7 |   67.9 |    0.0005 | $   9167.87
2025-06-08 22:36:40,381 - INFO -    9 | SELL |  6191.19 |  22.0 |  -8.33 |   17.8 |   73.9 |    0.1347 | $  10402.45
2025-06-08 22:36:40,381 - INFO -   ...    ...      ...       ...     ...     ...      ...      ...         ...
2025-06-08 22:36:40,381 - INFO - 1272 | HOLD | 25969.57 |  47.6 |  -2.38 |   14.0 |   23.4 |   -0.0025 | $   3751.02
2025-06-08 22:36:40,381 - INFO - 1273 | HOLD | 25812.42 |  47.7 |  -2.00 |   14.0 |   23.5 |   -0.0025 | $   3736.82
2025-06-08 22:36:40,381 - INFO - 1274 | SELL | 25779.98 |  46.8 |  -2.60 |   14.0 |   23.3 |   -0.0027 | $   3704.77
2025-06-08 22:36:40,381 - INFO - 1275 | SELL | 25753.24 |  47.4 |  -2.72 |   19.6 |   17.5 |   -0.0025 | $   3681.14
2025-06-08 22:36:40,381 - INFO - 1276 | SELL | 26240.20 |  42.4 |  -2.82 |   23.7 |   13.1 |   -0.0022 | $   3689.22
2025-06-08 22:36:40,381 - INFO - 1277 | SELL | 25905.65 |  50.8 |  -0.98 |   26.9 |   10.0 |   -0.0025 | $   3664.12
2025-06-08 22:36:40,381 - INFO - 1278 | BUY  | 25895.68 |  48.5 |  -2.24 |   29.2 |    7.4 |   -0.0025 | $   3649.51
2025-06-08 22:36:40,381 - INFO - 1279 | SELL | 25832.23 |  48.8 |  -1.17 |   21.9 |   14.6 |   -0.0028 | $   3627.77
2025-06-08 22:36:40,381 - INFO - 1280 | HOLD | 25162.65 |  47.3 |  -1.42 |   25.4 |   10.9 |   -0.0031 | $   3599.52
2025-06-08 22:36:40,381 - INFO - 1281 | SELL | 25833.34 |  41.4 |  -3.97 |   25.4 |   10.6 |   -0.0031 | $   3614.19
2025-06-08 22:36:40,381 - INFO - 
Action distribution for Episode 500:
2025-06-08 22:36:40,381 - INFO -   HOLD:  703 ( 54.8%)
2025-06-08 22:36:40,382 - INFO -   BUY:   297 ( 23.2%)
2025-06-08 22:36:40,382 - INFO -   SELL:  282 ( 22.0%)
2025-06-08 22:36:40,382 - INFO - ----------------------------------------------------------------------------------------------------
2025-06-08 22:36:45,503 - INFO - Step 642000: Loss = 0.000023, Epsilon = 0.3808
2025-06-08 22:36:45,503 - INFO - Step 642000: Target network updated
2025-06-08 22:36:46,936 - INFO - Episode 501: Reward = -1.6025, Portfolio = $3197.70, Return = -68.02%, Cash = $2189.62, Crypto = 0.039023, Steps = 1282
2025-06-08 22:36:50,707 - INFO - Step 643000: Loss = 0.000029, Epsilon = 0.3798
2025-06-08 22:36:53,682 - INFO - Episode 502: Reward = -0.9996, Portfolio = $5678.37, Return = -43.22%, Cash = $4592.93, Crypto = 0.042017, Steps = 1282
2025-06-08 22:36:55,943 - INFO - Step 644000: Loss = 0.000053, Epsilon = 0.3788
2025-06-08 22:36:55,944 - INFO - Step 644000: Target network updated
2025-06-08 22:37:00,575 - INFO - Episode 503: Reward = -1.0305, Portfolio = $4170.78, Return = -58.29%, Cash = $3332.91, Crypto = 0.032434, Steps = 1282
2025-06-08 22:37:01,379 - INFO - Step 645000: Loss = 0.000035, Epsilon = 0.3779
2025-06-08 22:37:06,604 - INFO - Step 646000: Loss = 0.000042, Epsilon = 0.3769
2025-06-08 22:37:06,605 - INFO - Step 646000: Target network updated
2025-06-08 22:37:07,270 - INFO - Episode 504: Reward = -1.9544, Portfolio = $3177.85, Return = -68.22%, Cash = $2089.83, Crypto = 0.042117, Steps = 1282
2025-06-08 22:37:11,802 - INFO - Step 647000: Loss = 0.000037, Epsilon = 0.3759
2025-06-08 22:37:13,937 - INFO - Episode 505: Reward = -1.0095, Portfolio = $2031.35, Return = -79.69%, Cash = $1539.64, Crypto = 0.019034, Steps = 1282
2025-06-08 22:37:17,024 - INFO - Step 648000: Loss = 0.000048, Epsilon = 0.3750
2025-06-08 22:37:17,025 - INFO - Step 648000: Target network updated
2025-06-08 22:37:20,627 - INFO - Episode 506: Reward = -1.9604, Portfolio = $2485.44, Return = -75.15%, Cash = $2343.10, Crypto = 0.005510, Steps = 1282
2025-06-08 22:37:22,234 - INFO - Step 649000: Loss = 0.000057, Epsilon = 0.3740
2025-06-08 22:37:27,317 - INFO - Episode 507: Reward = -1.9696, Portfolio = $2144.11, Return = -78.56%, Cash = $1693.46, Crypto = 0.017445, Steps = 1282
2025-06-08 22:37:27,458 - INFO - Step 650000: Loss = 0.000030, Epsilon = 0.3731
2025-06-08 22:37:27,458 - INFO - Step 650000: Target network updated
2025-06-08 22:37:32,666 - INFO - Step 651000: Loss = 0.000053, Epsilon = 0.3721
2025-06-08 22:37:34,007 - INFO - Episode 508: Reward = -1.3324, Portfolio = $3203.08, Return = -67.97%, Cash = $2045.30, Crypto = 0.044817, Steps = 1282
2025-06-08 22:37:37,947 - INFO - Step 652000: Loss = 0.000062, Epsilon = 0.3711
2025-06-08 22:37:37,948 - INFO - Step 652000: Target network updated
2025-06-08 22:37:40,851 - INFO - Episode 509: Reward = -1.9396, Portfolio = $5056.20, Return = -49.44%, Cash = $4450.25, Crypto = 0.023456, Steps = 1282
2025-06-08 22:37:43,259 - INFO - Step 653000: Loss = 0.000040, Epsilon = 0.3702
2025-06-08 22:37:47,557 - INFO - Episode 510: Reward = -1.4054, Portfolio = $4003.90, Return = -59.96%, Cash = $2979.16, Crypto = 0.039667, Steps = 1282
2025-06-08 22:37:47,557 - INFO - Episode 510 Summary: Avg Reward (100 eps) = -1.6182, Avg Portfolio (100 eps) = $3319.89, Epsilon = 0.369
2025-06-08 22:37:48,502 - INFO - Step 654000: Loss = 0.000218, Epsilon = 0.3692
2025-06-08 22:37:48,503 - INFO - Step 654000: Target network updated
2025-06-08 22:37:53,729 - INFO - Step 655000: Loss = 0.000098, Epsilon = 0.3682
2025-06-08 22:37:54,253 - INFO - Episode 511: Reward = -1.5888, Portfolio = $1385.74, Return = -86.14%, Cash = $929.99, Crypto = 0.017642, Steps = 1282
2025-06-08 22:37:59,053 - INFO - Step 656000: Loss = 0.000053, Epsilon = 0.3673
2025-06-08 22:37:59,053 - INFO - Step 656000: Target network updated
2025-06-08 22:38:01,054 - INFO - Episode 512: Reward = -1.7999, Portfolio = $1285.70, Return = -87.14%, Cash = $615.34, Crypto = 0.025950, Steps = 1282
2025-06-08 22:38:04,261 - INFO - Step 657000: Loss = 0.000098, Epsilon = 0.3663
2025-06-08 22:38:07,661 - INFO - Episode 513: Reward = -2.2610, Portfolio = $3311.41, Return = -66.89%, Cash = $3305.62, Crypto = 0.000224, Steps = 1282
2025-06-08 22:38:09,388 - INFO - Step 658000: Loss = 0.000040, Epsilon = 0.3653
2025-06-08 22:38:09,389 - INFO - Step 658000: Target network updated
2025-06-08 22:38:14,233 - INFO - Episode 514: Reward = -1.5439, Portfolio = $3569.46, Return = -64.31%, Cash = $3126.37, Crypto = 0.017152, Steps = 1282
2025-06-08 22:38:14,501 - INFO - Step 659000: Loss = 0.000060, Epsilon = 0.3644
2025-06-08 22:38:19,698 - INFO - Step 660000: Loss = 0.000036, Epsilon = 0.3634
2025-06-08 22:38:19,698 - INFO - Step 660000: Target network updated
2025-06-08 22:38:20,878 - INFO - Episode 515: Reward = -1.4921, Portfolio = $3429.50, Return = -65.70%, Cash = $2939.08, Crypto = 0.018984, Steps = 1282
2025-06-08 22:38:24,863 - INFO - Step 661000: Loss = 0.000048, Epsilon = 0.3624
2025-06-08 22:38:27,525 - INFO - Episode 516: Reward = -1.2485, Portfolio = $5647.41, Return = -43.53%, Cash = $4136.69, Crypto = 0.058480, Steps = 1282
2025-06-08 22:38:30,060 - INFO - Step 662000: Loss = 0.000072, Epsilon = 0.3615
2025-06-08 22:38:30,060 - INFO - Step 662000: Target network updated
2025-06-08 22:38:34,140 - INFO - Episode 517: Reward = -2.2322, Portfolio = $3354.95, Return = -66.45%, Cash = $2010.86, Crypto = 0.052030, Steps = 1282
2025-06-08 22:38:35,235 - INFO - Step 663000: Loss = 0.000092, Epsilon = 0.3605
2025-06-08 22:38:40,419 - INFO - Step 664000: Loss = 0.000038, Epsilon = 0.3595
2025-06-08 22:38:40,420 - INFO - Step 664000: Target network updated
2025-06-08 22:38:40,810 - INFO - Episode 518: Reward = -0.9405, Portfolio = $5201.60, Return = -47.98%, Cash = $3071.32, Crypto = 0.082462, Steps = 1282
2025-06-08 22:38:45,594 - INFO - Step 665000: Loss = 0.000020, Epsilon = 0.3586
2025-06-08 22:38:47,428 - INFO - Episode 519: Reward = -1.3940, Portfolio = $3209.62, Return = -67.90%, Cash = $2953.21, Crypto = 0.009925, Steps = 1282
2025-06-08 22:38:50,721 - INFO - Step 666000: Loss = 0.000040, Epsilon = 0.3576
2025-06-08 22:38:50,721 - INFO - Step 666000: Target network updated
2025-06-08 22:38:53,997 - INFO - Episode 520: Reward = -1.6945, Portfolio = $2579.05, Return = -74.21%, Cash = $1262.32, Crypto = 0.050970, Steps = 1282
2025-06-08 22:38:53,997 - INFO - Episode 520 Summary: Avg Reward (100 eps) = -1.6149, Avg Portfolio (100 eps) = $3308.00, Epsilon = 0.357
2025-06-08 22:38:55,872 - INFO - Step 667000: Loss = 0.000080, Epsilon = 0.3567
2025-06-08 22:39:00,699 - INFO - Episode 521: Reward = -1.2817, Portfolio = $2375.11, Return = -76.25%, Cash = $793.48, Crypto = 0.061225, Steps = 1282
2025-06-08 22:39:01,107 - INFO - Step 668000: Loss = 0.000079, Epsilon = 0.3557
2025-06-08 22:39:01,107 - INFO - Step 668000: Target network updated
2025-06-08 22:39:06,317 - INFO - Step 669000: Loss = 0.000033, Epsilon = 0.3547
2025-06-08 22:39:07,373 - INFO - Episode 522: Reward = -1.4865, Portfolio = $1919.90, Return = -80.80%, Cash = $400.03, Crypto = 0.058834, Steps = 1282
2025-06-08 22:39:11,542 - INFO - Step 670000: Loss = 0.000049, Epsilon = 0.3538
2025-06-08 22:39:11,543 - INFO - Step 670000: Target network updated
2025-06-08 22:39:14,062 - INFO - Episode 523: Reward = -2.0342, Portfolio = $5896.19, Return = -41.04%, Cash = $617.72, Crypto = 0.204328, Steps = 1282
2025-06-08 22:39:16,746 - INFO - Step 671000: Loss = 0.000043, Epsilon = 0.3528
2025-06-08 22:39:20,736 - INFO - Episode 524: Reward = -2.0960, Portfolio = $4566.74, Return = -54.33%, Cash = $2461.13, Crypto = 0.081508, Steps = 1282
2025-06-08 22:39:21,970 - INFO - Step 672000: Loss = 0.000024, Epsilon = 0.3518
2025-06-08 22:39:21,971 - INFO - Step 672000: Target network updated
2025-06-08 22:39:27,292 - INFO - Step 673000: Loss = 0.000081, Epsilon = 0.3509
2025-06-08 22:39:27,549 - INFO - Episode 525: Reward = -1.1667, Portfolio = $3080.55, Return = -69.19%, Cash = $1841.85, Crypto = 0.047950, Steps = 1282
2025-06-08 22:39:32,460 - INFO - Step 674000: Loss = 0.000086, Epsilon = 0.3499
2025-06-08 22:39:32,461 - INFO - Step 674000: Target network updated
2025-06-08 22:39:34,061 - INFO - Episode 526: Reward = -1.9683, Portfolio = $2459.65, Return = -75.40%, Cash = $1660.21, Crypto = 0.030946, Steps = 1282
2025-06-08 22:39:37,396 - INFO - Step 675000: Loss = 0.000073, Epsilon = 0.3489
2025-06-08 22:39:40,585 - INFO - Episode 527: Reward = -2.4152, Portfolio = $5381.68, Return = -46.18%, Cash = $2244.25, Crypto = 0.121449, Steps = 1282
2025-06-08 22:39:42,601 - INFO - Step 676000: Loss = 0.000054, Epsilon = 0.3480
2025-06-08 22:39:42,601 - INFO - Step 676000: Target network updated
2025-06-08 22:39:47,239 - INFO - Episode 528: Reward = -1.3497, Portfolio = $4577.76, Return = -54.22%, Cash = $3338.72, Crypto = 0.047963, Steps = 1282
2025-06-08 22:39:47,773 - INFO - Step 677000: Loss = 0.000052, Epsilon = 0.3470
2025-06-08 22:39:52,975 - INFO - Step 678000: Loss = 0.000057, Epsilon = 0.3460
2025-06-08 22:39:52,975 - INFO - Step 678000: Target network updated
2025-06-08 22:39:53,882 - INFO - Episode 529: Reward = -1.4987, Portfolio = $3025.50, Return = -69.75%, Cash = $995.78, Crypto = 0.078570, Steps = 1282
2025-06-08 22:39:58,117 - INFO - Step 679000: Loss = 0.000067, Epsilon = 0.3451
2025-06-08 22:40:00,505 - INFO - Episode 530: Reward = -1.5768, Portfolio = $3150.95, Return = -68.49%, Cash = $1907.97, Crypto = 0.048116, Steps = 1282
2025-06-08 22:40:00,505 - INFO - Episode 530 Summary: Avg Reward (100 eps) = -1.5918, Avg Portfolio (100 eps) = $3449.07, Epsilon = 0.345
2025-06-08 22:40:03,317 - INFO - Step 680000: Loss = 0.000045, Epsilon = 0.3441
2025-06-08 22:40:03,318 - INFO - Step 680000: Target network updated
2025-06-08 22:40:06,968 - INFO - Episode 531: Reward = -1.4263, Portfolio = $5143.57, Return = -48.56%, Cash = $2807.34, Crypto = 0.090435, Steps = 1282
2025-06-08 22:40:08,212 - INFO - Step 681000: Loss = 0.000040, Epsilon = 0.3432
2025-06-08 22:40:12,990 - INFO - Step 682000: Loss = 0.000034, Epsilon = 0.3422
2025-06-08 22:40:12,990 - INFO - Step 682000: Target network updated
2025-06-08 22:40:13,102 - INFO - Episode 532: Reward = -1.3563, Portfolio = $5282.58, Return = -47.17%, Cash = $2003.64, Crypto = 0.126926, Steps = 1282
2025-06-08 22:40:17,760 - INFO - Step 683000: Loss = 0.000038, Epsilon = 0.3412
2025-06-08 22:40:19,234 - INFO - Episode 533: Reward = -0.8316, Portfolio = $3999.33, Return = -60.01%, Cash = $1098.16, Crypto = 0.112303, Steps = 1282
2025-06-08 22:40:22,557 - INFO - Step 684000: Loss = 0.000080, Epsilon = 0.3403
2025-06-08 22:40:22,557 - INFO - Step 684000: Target network updated
2025-06-08 22:40:25,579 - INFO - Episode 534: Reward = -2.8493, Portfolio = $3697.19, Return = -63.03%, Cash = $1282.23, Crypto = 0.093482, Steps = 1282
2025-06-08 22:40:27,655 - INFO - Step 685000: Loss = 0.000032, Epsilon = 0.3393
2025-06-08 22:40:32,102 - INFO - Episode 535: Reward = -1.3300, Portfolio = $4049.31, Return = -59.51%, Cash = $2143.44, Crypto = 0.073776, Steps = 1282
2025-06-08 22:40:32,793 - INFO - Step 686000: Loss = 0.000046, Epsilon = 0.3383
2025-06-08 22:40:32,793 - INFO - Step 686000: Target network updated
2025-06-08 22:40:37,756 - INFO - Step 687000: Loss = 0.000033, Epsilon = 0.3374
2025-06-08 22:40:38,499 - INFO - Episode 536: Reward = -2.1013, Portfolio = $1512.76, Return = -84.87%, Cash = $659.56, Crypto = 0.033027, Steps = 1282
2025-06-08 22:40:42,556 - INFO - Step 688000: Loss = 0.000071, Epsilon = 0.3364
2025-06-08 22:40:42,556 - INFO - Step 688000: Target network updated
2025-06-08 22:40:44,642 - INFO - Episode 537: Reward = -1.4374, Portfolio = $2692.74, Return = -73.07%, Cash = $734.23, Crypto = 0.075813, Steps = 1282
2025-06-08 22:40:47,376 - INFO - Step 689000: Loss = 0.000020, Epsilon = 0.3354
2025-06-08 22:40:50,852 - INFO - Episode 538: Reward = -1.2540, Portfolio = $2447.73, Return = -75.52%, Cash = $1866.36, Crypto = 0.022505, Steps = 1282
2025-06-08 22:40:52,346 - INFO - Step 690000: Loss = 0.000120, Epsilon = 0.3345
2025-06-08 22:40:52,346 - INFO - Step 690000: Target network updated
2025-06-08 22:40:57,479 - INFO - Episode 539: Reward = -0.6418, Portfolio = $3237.21, Return = -67.63%, Cash = $2470.55, Crypto = 0.029677, Steps = 1282
2025-06-08 22:40:57,497 - INFO - Step 691000: Loss = 0.000067, Epsilon = 0.3335
2025-06-08 22:41:02,591 - INFO - Step 692000: Loss = 0.000039, Epsilon = 0.3325
2025-06-08 22:41:02,591 - INFO - Step 692000: Target network updated
2025-06-08 22:41:04,070 - INFO - Episode 540: Reward = -0.9829, Portfolio = $5779.85, Return = -42.20%, Cash = $3681.62, Crypto = 0.081222, Steps = 1282
2025-06-08 22:41:04,070 - INFO - Episode 540 Summary: Avg Reward (100 eps) = -1.5592, Avg Portfolio (100 eps) = $3514.25, Epsilon = 0.332
2025-06-08 22:41:07,772 - INFO - Step 693000: Loss = 0.000044, Epsilon = 0.3316
2025-06-08 22:41:10,689 - INFO - Episode 541: Reward = -0.5840, Portfolio = $11166.43, Return = 11.66%, Cash = $8165.79, Crypto = 0.116154, Steps = 1282
2025-06-08 22:41:12,988 - INFO - Step 694000: Loss = 0.000136, Epsilon = 0.3306
2025-06-08 22:41:12,988 - INFO - Step 694000: Target network updated
2025-06-08 22:41:17,385 - INFO - Episode 542: Reward = -0.8698, Portfolio = $2607.28, Return = -73.93%, Cash = $1410.95, Crypto = 0.046310, Steps = 1282
2025-06-08 22:41:18,208 - INFO - Step 695000: Loss = 0.000028, Epsilon = 0.3296
2025-06-08 22:41:23,428 - INFO - Step 696000: Loss = 0.000097, Epsilon = 0.3287
2025-06-08 22:41:23,428 - INFO - Step 696000: Target network updated
2025-06-08 22:41:24,091 - INFO - Episode 543: Reward = -0.9614, Portfolio = $2179.93, Return = -78.20%, Cash = $1037.29, Crypto = 0.044231, Steps = 1282
2025-06-08 22:41:28,655 - INFO - Step 697000: Loss = 0.000021, Epsilon = 0.3277
2025-06-08 22:41:30,803 - INFO - Episode 544: Reward = -1.2988, Portfolio = $2382.68, Return = -76.17%, Cash = $1969.45, Crypto = 0.015996, Steps = 1282
2025-06-08 22:41:33,835 - INFO - Step 698000: Loss = 0.000091, Epsilon = 0.3268
2025-06-08 22:41:33,836 - INFO - Step 698000: Target network updated
2025-06-08 22:41:37,455 - INFO - Episode 545: Reward = -0.8566, Portfolio = $4090.28, Return = -59.10%, Cash = $844.14, Crypto = 0.125657, Steps = 1282
2025-06-08 22:41:39,101 - INFO - Step 699000: Loss = 0.000045, Epsilon = 0.3258
2025-06-08 22:41:44,336 - INFO - Episode 546: Reward = -0.7996, Portfolio = $4170.66, Return = -58.29%, Cash = $1723.40, Crypto = 0.094733, Steps = 1282
2025-06-08 22:41:44,486 - INFO - Step 700000: Loss = 0.000044, Epsilon = 0.3248
2025-06-08 22:41:44,486 - INFO - Step 700000: Target network updated
2025-06-08 22:41:49,678 - INFO - Step 701000: Loss = 0.000104, Epsilon = 0.3239
2025-06-08 22:41:50,987 - INFO - Episode 547: Reward = -0.7219, Portfolio = $6695.40, Return = -33.05%, Cash = $5477.28, Crypto = 0.047153, Steps = 1282
2025-06-08 22:41:54,834 - INFO - Step 702000: Loss = 0.000051, Epsilon = 0.3229
2025-06-08 22:41:54,834 - INFO - Step 702000: Target network updated
2025-06-08 22:41:57,628 - INFO - Episode 548: Reward = -1.7517, Portfolio = $2950.27, Return = -70.50%, Cash = $530.54, Crypto = 0.093667, Steps = 1282
2025-06-08 22:42:00,047 - INFO - Step 703000: Loss = 0.000056, Epsilon = 0.3219
2025-06-08 22:42:04,285 - INFO - Episode 549: Reward = -2.3884, Portfolio = $3397.30, Return = -66.03%, Cash = $197.41, Crypto = 0.123867, Steps = 1282
2025-06-08 22:42:05,234 - INFO - Step 704000: Loss = 0.000015, Epsilon = 0.3210
2025-06-08 22:42:05,234 - INFO - Step 704000: Target network updated
2025-06-08 22:42:10,968 - INFO - Step 705000: Loss = 0.000016, Epsilon = 0.3200
2025-06-08 22:42:11,579 - INFO - Episode 550: Reward = -0.8106, Portfolio = $5095.84, Return = -49.04%, Cash = $1509.58, Crypto = 0.138823, Steps = 1282
2025-06-08 22:42:11,579 - INFO - Episode 550 Summary: Avg Reward (100 eps) = -1.5009, Avg Portfolio (100 eps) = $3594.44, Epsilon = 0.320
2025-06-08 22:42:11,579 - INFO - 
Detailed steps for Episode 550:
2025-06-08 22:42:11,579 - INFO - Step | Action | Price    | RSI   | PnL%   | Cash%  | Pos%   | Reward    | Portfolio
2025-06-08 22:42:11,580 - INFO - ----------------------------------------------------------------------------------------------------
2025-06-08 22:42:11,580 - INFO -    0 | HOLD |  7909.73 |  21.9 |   0.00 |  100.0 |    0.0 |    0.0000 | $  10000.00
2025-06-08 22:42:11,580 - INFO -    1 | HOLD |  7911.43 |  24.3 |   0.00 |  100.0 |    0.0 |    0.0000 | $  10000.00
2025-06-08 22:42:11,580 - INFO -    2 | BUY  |  4970.79 |  29.9 |   0.00 |  100.0 |    0.0 |   -0.0049 | $   9950.98
2025-06-08 22:42:11,580 - INFO -    3 | BUY  |  5563.71 |  13.1 |   0.00 |   75.0 |   24.5 |    0.0257 | $  10206.57
2025-06-08 22:42:11,580 - INFO -    4 | BUY  |  5200.37 |  22.5 |   6.82 |   56.2 |   45.8 |   -0.0320 | $   9879.79
2025-06-08 22:42:11,580 - INFO -    5 | BUY  |  5392.31 |  21.4 |  -0.12 |   42.2 |   56.6 |    0.0191 | $  10068.07
2025-06-08 22:42:11,580 - INFO -    6 | SELL |  5014.48 |  24.0 |   3.02 |   31.6 |   69.0 |   -0.0560 | $   9504.06
2025-06-08 22:42:11,580 - INFO -    7 | BUY  |  5225.63 |  18.7 |  -4.20 |   46.9 |   48.2 |    0.0189 | $   9683.83
2025-06-08 22:42:11,580 - INFO -    8 | BUY  |  5238.44 |  21.7 |  -0.14 |   35.2 |   61.7 |   -0.0002 | $   9681.71
2025-06-08 22:42:11,580 - INFO -    9 | HOLD |  6191.19 |  22.0 |   0.09 |   26.4 |   70.4 |    0.1323 | $  10962.89
2025-06-08 22:42:11,580 - INFO -   ...    ...      ...       ...     ...     ...      ...      ...         ...
2025-06-08 22:42:11,580 - INFO - 1272 | HOLD | 25969.57 |  47.6 | -11.31 |   26.8 |   24.4 |   -0.0032 | $   5131.03
2025-06-08 22:42:11,580 - INFO - 1273 | HOLD | 25812.42 |  47.7 | -10.96 |   26.8 |   24.5 |   -0.0031 | $   5116.22
2025-06-08 22:42:11,580 - INFO - 1274 | HOLD | 25779.98 |  46.8 | -11.50 |   26.8 |   24.3 |   -0.0027 | $   5113.17
2025-06-08 22:42:11,580 - INFO - 1275 | BUY  | 25753.24 |  47.4 | -11.61 |   26.8 |   24.3 |   -0.0017 | $   5097.49
2025-06-08 22:42:11,580 - INFO - 1276 | HOLD | 26240.20 |  42.4 |  -9.44 |   20.1 |   30.8 |   -0.0005 | $   5155.82
2025-06-08 22:42:11,580 - INFO - 1277 | BUY  | 25905.65 |  50.8 |  -7.73 |   20.1 |   31.4 |   -0.0009 | $   5105.88
2025-06-08 22:42:11,580 - INFO - 1278 | HOLD | 25895.68 |  48.5 |  -7.78 |   15.1 |   36.0 |   -0.0007 | $   5104.50
2025-06-08 22:42:11,580 - INFO - 1279 | HOLD | 25832.23 |  48.8 |  -7.82 |   15.1 |   35.9 |   -0.0007 | $   5095.69
2025-06-08 22:42:11,580 - INFO - 1280 | HOLD | 25162.65 |  47.3 |  -8.04 |   15.1 |   35.9 |   -0.0012 | $   5002.74
2025-06-08 22:42:11,580 - INFO - 1281 | HOLD | 25833.34 |  41.4 | -10.43 |   15.1 |   34.9 |   -0.0009 | $   5095.84
2025-06-08 22:42:11,580 - INFO - 
Action distribution for Episode 550:
2025-06-08 22:42:11,580 - INFO -   HOLD:  663 ( 51.7%)
2025-06-08 22:42:11,580 - INFO -   BUY:   355 ( 27.7%)
2025-06-08 22:42:11,580 - INFO -   SELL:  264 ( 20.6%)
2025-06-08 22:42:11,580 - INFO - ----------------------------------------------------------------------------------------------------
2025-06-08 22:42:16,925 - INFO - Step 706000: Loss = 0.000040, Epsilon = 0.3190
2025-06-08 22:42:16,926 - INFO - Step 706000: Target network updated
2025-06-08 22:42:19,077 - INFO - Episode 551: Reward = -0.9282, Portfolio = $3386.88, Return = -66.13%, Cash = $1159.10, Crypto = 0.086237, Steps = 1282
2025-06-08 22:42:22,288 - INFO - Step 707000: Loss = 0.000039, Epsilon = 0.3181
2025-06-08 22:42:25,754 - INFO - Episode 552: Reward = -0.5949, Portfolio = $4855.09, Return = -51.45%, Cash = $2606.95, Crypto = 0.087025, Steps = 1282
2025-06-08 22:42:27,492 - INFO - Step 708000: Loss = 0.000072, Epsilon = 0.3171
2025-06-08 22:42:27,492 - INFO - Step 708000: Target network updated
2025-06-08 22:42:32,361 - INFO - Episode 553: Reward = -1.5508, Portfolio = $1419.05, Return = -85.81%, Cash = $1094.70, Crypto = 0.012555, Steps = 1282
2025-06-08 22:42:32,647 - INFO - Step 709000: Loss = 0.000050, Epsilon = 0.3161
2025-06-08 22:42:37,914 - INFO - Step 710000: Loss = 0.000320, Epsilon = 0.3152
2025-06-08 22:42:37,914 - INFO - Step 710000: Target network updated
2025-06-08 22:42:39,098 - INFO - Episode 554: Reward = -2.2524, Portfolio = $4291.29, Return = -57.09%, Cash = $991.53, Crypto = 0.127733, Steps = 1282
2025-06-08 22:42:43,099 - INFO - Step 711000: Loss = 0.000040, Epsilon = 0.3142
2025-06-08 22:42:45,751 - INFO - Episode 555: Reward = -1.2209, Portfolio = $3321.71, Return = -66.78%, Cash = $1462.87, Crypto = 0.071955, Steps = 1282
2025-06-08 22:42:48,330 - INFO - Step 712000: Loss = 0.000059, Epsilon = 0.3133
2025-06-08 22:42:48,330 - INFO - Step 712000: Target network updated
2025-06-08 22:42:52,571 - INFO - Episode 556: Reward = -2.4923, Portfolio = $1994.33, Return = -80.06%, Cash = $1098.34, Crypto = 0.034683, Steps = 1282
2025-06-08 22:42:53,721 - INFO - Step 713000: Loss = 0.000055, Epsilon = 0.3123
2025-06-08 22:42:59,091 - INFO - Step 714000: Loss = 0.000037, Epsilon = 0.3113
2025-06-08 22:42:59,091 - INFO - Step 714000: Target network updated
2025-06-08 22:42:59,519 - INFO - Episode 557: Reward = -1.3212, Portfolio = $2591.85, Return = -74.08%, Cash = $1659.20, Crypto = 0.036102, Steps = 1282
2025-06-08 22:43:04,329 - INFO - Step 715000: Loss = 0.000027, Epsilon = 0.3104
2025-06-08 22:43:06,084 - INFO - Episode 558: Reward = -0.3666, Portfolio = $3950.26, Return = -60.50%, Cash = $3050.08, Crypto = 0.034846, Steps = 1282
2025-06-08 22:43:09,325 - INFO - Step 716000: Loss = 0.000022, Epsilon = 0.3094
2025-06-08 22:43:09,326 - INFO - Step 716000: Target network updated
2025-06-08 22:43:12,455 - INFO - Episode 559: Reward = -0.5429, Portfolio = $5207.48, Return = -47.93%, Cash = $1364.91, Crypto = 0.148745, Steps = 1282
2025-06-08 22:43:14,252 - INFO - Step 717000: Loss = 0.000308, Epsilon = 0.3084
2025-06-08 22:43:18,812 - INFO - Episode 560: Reward = -3.3009, Portfolio = $2069.50, Return = -79.31%, Cash = $234.01, Crypto = 0.071051, Steps = 1282
2025-06-08 22:43:18,813 - INFO - Episode 560 Summary: Avg Reward (100 eps) = -1.4856, Avg Portfolio (100 eps) = $3670.96, Epsilon = 0.308
2025-06-08 22:43:19,213 - INFO - Step 718000: Loss = 0.000057, Epsilon = 0.3075
2025-06-08 22:43:19,214 - INFO - Step 718000: Target network updated
2025-06-08 22:43:24,153 - INFO - Step 719000: Loss = 0.000121, Epsilon = 0.3065
2025-06-08 22:43:25,176 - INFO - Episode 561: Reward = -1.0999, Portfolio = $3414.40, Return = -65.86%, Cash = $2806.82, Crypto = 0.023519, Steps = 1282
2025-06-08 22:43:29,141 - INFO - Step 720000: Loss = 0.000040, Epsilon = 0.3055
2025-06-08 22:43:29,142 - INFO - Step 720000: Target network updated
2025-06-08 22:43:31,682 - INFO - Episode 562: Reward = -0.8056, Portfolio = $4127.73, Return = -58.72%, Cash = $2975.55, Crypto = 0.044600, Steps = 1282
2025-06-08 22:43:34,246 - INFO - Step 721000: Loss = 0.000249, Epsilon = 0.3046
2025-06-08 22:43:38,201 - INFO - Episode 563: Reward = -2.9443, Portfolio = $2265.10, Return = -77.35%, Cash = $439.51, Crypto = 0.070668, Steps = 1282
2025-06-08 22:43:39,415 - INFO - Step 722000: Loss = 0.000067, Epsilon = 0.3036
2025-06-08 22:43:39,415 - INFO - Step 722000: Target network updated
2025-06-08 22:43:44,577 - INFO - Step 723000: Loss = 0.000043, Epsilon = 0.3026
2025-06-08 22:43:44,826 - INFO - Episode 564: Reward = -0.4298, Portfolio = $3143.79, Return = -68.56%, Cash = $2594.42, Crypto = 0.021266, Steps = 1282
2025-06-08 22:43:49,766 - INFO - Step 724000: Loss = 0.000040, Epsilon = 0.3017
2025-06-08 22:43:49,767 - INFO - Step 724000: Target network updated
2025-06-08 22:43:51,481 - INFO - Episode 565: Reward = -0.8610, Portfolio = $5938.94, Return = -40.61%, Cash = $3092.20, Crypto = 0.110196, Steps = 1282
2025-06-08 22:43:54,982 - INFO - Step 725000: Loss = 0.000022, Epsilon = 0.3007
2025-06-08 22:43:58,167 - INFO - Episode 566: Reward = -0.5482, Portfolio = $7736.64, Return = -22.63%, Cash = $4142.76, Crypto = 0.139118, Steps = 1282
2025-06-08 22:44:00,204 - INFO - Step 726000: Loss = 0.000035, Epsilon = 0.2997
2025-06-08 22:44:00,205 - INFO - Step 726000: Target network updated
2025-06-08 22:44:04,908 - INFO - Episode 567: Reward = -0.4592, Portfolio = $6712.98, Return = -32.87%, Cash = $4379.40, Crypto = 0.090332, Steps = 1282
2025-06-08 22:44:05,475 - INFO - Step 727000: Loss = 0.000038, Epsilon = 0.2988
2025-06-08 22:44:10,735 - INFO - Step 728000: Loss = 0.000016, Epsilon = 0.2978
2025-06-08 22:44:10,736 - INFO - Step 728000: Target network updated
2025-06-08 22:44:11,650 - INFO - Episode 568: Reward = -5.7485, Portfolio = $4853.68, Return = -51.46%, Cash = $3526.93, Crypto = 0.051358, Steps = 1282
2025-06-08 22:44:15,971 - INFO - Step 729000: Loss = 0.000033, Epsilon = 0.2969
2025-06-08 22:44:18,372 - INFO - Episode 569: Reward = -0.9222, Portfolio = $4468.04, Return = -55.32%, Cash = $3655.25, Crypto = 0.031463, Steps = 1282
2025-06-08 22:44:21,271 - INFO - Step 730000: Loss = 0.000043, Epsilon = 0.2959
2025-06-08 22:44:21,271 - INFO - Step 730000: Target network updated
2025-06-08 22:44:25,135 - INFO - Episode 570: Reward = -0.5416, Portfolio = $2841.28, Return = -71.59%, Cash = $1028.96, Crypto = 0.070154, Steps = 1282
2025-06-08 22:44:25,135 - INFO - Episode 570 Summary: Avg Reward (100 eps) = -1.4738, Avg Portfolio (100 eps) = $3711.58, Epsilon = 0.295
2025-06-08 22:44:26,503 - INFO - Step 731000: Loss = 0.000054, Epsilon = 0.2949
2025-06-08 22:44:31,774 - INFO - Step 732000: Loss = 0.000071, Epsilon = 0.2940
2025-06-08 22:44:31,774 - INFO - Step 732000: Target network updated
2025-06-08 22:44:31,884 - INFO - Episode 571: Reward = -1.0525, Portfolio = $4245.70, Return = -57.54%, Cash = $2160.39, Crypto = 0.080722, Steps = 1282
2025-06-08 22:44:36,991 - INFO - Step 733000: Loss = 0.000021, Epsilon = 0.2930
2025-06-08 22:44:38,567 - INFO - Episode 572: Reward = -0.5359, Portfolio = $4256.20, Return = -57.44%, Cash = $2900.57, Crypto = 0.052476, Steps = 1282
2025-06-08 22:44:42,172 - INFO - Step 734000: Loss = 0.000022, Epsilon = 0.2920
2025-06-08 22:44:42,172 - INFO - Step 734000: Target network updated
2025-06-08 22:44:45,210 - INFO - Episode 573: Reward = -0.3588, Portfolio = $8207.12, Return = -17.93%, Cash = $7341.78, Crypto = 0.033497, Steps = 1282
2025-06-08 22:44:47,375 - INFO - Step 735000: Loss = 0.000218, Epsilon = 0.2911
2025-06-08 22:44:51,886 - INFO - Episode 574: Reward = -1.0172, Portfolio = $2842.84, Return = -71.57%, Cash = $1941.64, Crypto = 0.034885, Steps = 1282
2025-06-08 22:44:52,584 - INFO - Step 736000: Loss = 0.000030, Epsilon = 0.2901
2025-06-08 22:44:52,584 - INFO - Step 736000: Target network updated
2025-06-08 22:44:57,828 - INFO - Step 737000: Loss = 0.000024, Epsilon = 0.2891
2025-06-08 22:44:58,624 - INFO - Episode 575: Reward = -0.5298, Portfolio = $2892.66, Return = -71.07%, Cash = $1652.50, Crypto = 0.048006, Steps = 1282
2025-06-08 22:45:03,147 - INFO - Step 738000: Loss = 0.000031, Epsilon = 0.2882
2025-06-08 22:45:03,148 - INFO - Step 738000: Target network updated
2025-06-08 22:45:05,401 - INFO - Episode 576: Reward = -0.3324, Portfolio = $8857.42, Return = -11.43%, Cash = $7152.19, Crypto = 0.066009, Steps = 1282
2025-06-08 22:45:08,354 - INFO - Step 739000: Loss = 0.000029, Epsilon = 0.2872
2025-06-08 22:45:12,029 - INFO - Episode 577: Reward = -3.1164, Portfolio = $2817.09, Return = -71.83%, Cash = $1113.34, Crypto = 0.065952, Steps = 1282
2025-06-08 22:45:13,521 - INFO - Step 740000: Loss = 0.000034, Epsilon = 0.2862
2025-06-08 22:45:13,521 - INFO - Step 740000: Target network updated
2025-06-08 22:45:18,720 - INFO - Episode 578: Reward = -0.7249, Portfolio = $18318.76, Return = 83.19%, Cash = $6361.89, Crypto = 0.462847, Steps = 1282
2025-06-08 22:45:18,746 - INFO - Step 741000: Loss = 0.000059, Epsilon = 0.2853
2025-06-08 22:45:23,945 - INFO - Step 742000: Loss = 0.000038, Epsilon = 0.2843
2025-06-08 22:45:23,945 - INFO - Step 742000: Target network updated
2025-06-08 22:45:25,390 - INFO - Episode 579: Reward = -0.6781, Portfolio = $5616.11, Return = -43.84%, Cash = $2152.26, Crypto = 0.134084, Steps = 1282
2025-06-08 22:45:29,153 - INFO - Step 743000: Loss = 0.000142, Epsilon = 0.2833
2025-06-08 22:45:32,072 - INFO - Episode 580: Reward = -0.4891, Portfolio = $6503.23, Return = -34.97%, Cash = $993.58, Crypto = 0.213277, Steps = 1282
2025-06-08 22:45:32,072 - INFO - Episode 580 Summary: Avg Reward (100 eps) = -1.4172, Avg Portfolio (100 eps) = $4000.86, Epsilon = 0.283
2025-06-08 22:45:34,369 - INFO - Step 744000: Loss = 0.000080, Epsilon = 0.2824
2025-06-08 22:45:34,369 - INFO - Step 744000: Target network updated
2025-06-08 22:45:38,815 - INFO - Episode 581: Reward = -0.3179, Portfolio = $9890.77, Return = -1.09%, Cash = $9572.45, Crypto = 0.012322, Steps = 1282
2025-06-08 22:45:39,640 - INFO - Step 745000: Loss = 0.000034, Epsilon = 0.2814
2025-06-08 22:45:44,840 - INFO - Step 746000: Loss = 0.000397, Epsilon = 0.2805
2025-06-08 22:45:44,840 - INFO - Step 746000: Target network updated
2025-06-08 22:45:45,483 - INFO - Episode 582: Reward = -0.7984, Portfolio = $5454.02, Return = -45.46%, Cash = $2872.09, Crypto = 0.099946, Steps = 1282
2025-06-08 22:45:50,046 - INFO - Step 747000: Loss = 0.000038, Epsilon = 0.2795
2025-06-08 22:45:52,164 - INFO - Episode 583: Reward = -0.5845, Portfolio = $6101.08, Return = -38.99%, Cash = $1518.00, Crypto = 0.177410, Steps = 1282
2025-06-08 22:45:55,270 - INFO - Step 748000: Loss = 0.000028, Epsilon = 0.2785
2025-06-08 22:45:55,270 - INFO - Step 748000: Target network updated
2025-06-08 22:45:58,846 - INFO - Episode 584: Reward = -1.6907, Portfolio = $2723.27, Return = -72.77%, Cash = $1030.22, Crypto = 0.065537, Steps = 1282
2025-06-08 22:46:00,340 - INFO - Step 749000: Loss = 0.000084, Epsilon = 0.2776
2025-06-08 22:46:04,964 - INFO - Episode 585: Reward = -1.5050, Portfolio = $2075.59, Return = -79.24%, Cash = $1523.18, Crypto = 0.021384, Steps = 1282
2025-06-08 22:46:05,110 - INFO - Step 750000: Loss = 0.000053, Epsilon = 0.2766
2025-06-08 22:46:05,111 - INFO - Step 750000: Target network updated
2025-06-08 22:46:10,181 - INFO - Step 751000: Loss = 0.000022, Epsilon = 0.2756
2025-06-08 22:46:11,501 - INFO - Episode 586: Reward = -0.9294, Portfolio = $3622.96, Return = -63.77%, Cash = $2276.88, Crypto = 0.052106, Steps = 1282
2025-06-08 22:46:15,274 - INFO - Step 752000: Loss = 0.000056, Epsilon = 0.2747
2025-06-08 22:46:15,275 - INFO - Step 752000: Target network updated
2025-06-08 22:46:18,021 - INFO - Episode 587: Reward = -1.0705, Portfolio = $2374.07, Return = -76.26%, Cash = $1470.07, Crypto = 0.034994, Steps = 1282
2025-06-08 22:46:20,429 - INFO - Step 753000: Loss = 0.000029, Epsilon = 0.2737
2025-06-08 22:46:24,662 - INFO - Episode 588: Reward = -0.0921, Portfolio = $11019.32, Return = 10.19%, Cash = $3733.87, Crypto = 0.282018, Steps = 1282
2025-06-08 22:46:25,625 - INFO - Step 754000: Loss = 0.000028, Epsilon = 0.2727
2025-06-08 22:46:25,625 - INFO - Step 754000: Target network updated
2025-06-08 22:46:30,760 - INFO - Step 755000: Loss = 0.000031, Epsilon = 0.2718
2025-06-08 22:46:31,268 - INFO - Episode 589: Reward = -0.4621, Portfolio = $12330.74, Return = 23.31%, Cash = $223.60, Crypto = 0.468663, Steps = 1282
2025-06-08 22:46:36,001 - INFO - Step 756000: Loss = 0.000035, Epsilon = 0.2708
2025-06-08 22:46:36,002 - INFO - Step 756000: Target network updated
2025-06-08 22:46:37,972 - INFO - Episode 590: Reward = -1.6251, Portfolio = $3910.61, Return = -60.89%, Cash = $1525.52, Crypto = 0.092326, Steps = 1282
2025-06-08 22:46:37,972 - INFO - Episode 590 Summary: Avg Reward (100 eps) = -1.3417, Avg Portfolio (100 eps) = $4239.12, Epsilon = 0.270
2025-06-08 22:46:41,211 - INFO - Step 757000: Loss = 0.000023, Epsilon = 0.2698
2025-06-08 22:46:44,767 - INFO - Episode 591: Reward = -1.1019, Portfolio = $2293.18, Return = -77.07%, Cash = $1660.85, Crypto = 0.024477, Steps = 1282
2025-06-08 22:46:46,563 - INFO - Step 758000: Loss = 0.000029, Epsilon = 0.2689
2025-06-08 22:46:46,564 - INFO - Step 758000: Target network updated
2025-06-08 22:46:51,547 - INFO - Episode 592: Reward = -0.5952, Portfolio = $3039.03, Return = -69.61%, Cash = $2384.91, Crypto = 0.025321, Steps = 1282
2025-06-08 22:46:51,845 - INFO - Step 759000: Loss = 0.000023, Epsilon = 0.2679
2025-06-08 22:46:57,095 - INFO - Step 760000: Loss = 0.000049, Epsilon = 0.2670
2025-06-08 22:46:57,095 - INFO - Step 760000: Target network updated
2025-06-08 22:46:58,265 - INFO - Episode 593: Reward = -0.5638, Portfolio = $3082.30, Return = -69.18%, Cash = $2300.72, Crypto = 0.030255, Steps = 1282
2025-06-08 22:47:02,461 - INFO - Step 761000: Loss = 0.000109, Epsilon = 0.2660
2025-06-08 22:47:05,324 - INFO - Episode 594: Reward = -0.6611, Portfolio = $3489.12, Return = -65.11%, Cash = $502.30, Crypto = 0.115619, Steps = 1282
2025-06-08 22:47:07,906 - INFO - Step 762000: Loss = 0.000113, Epsilon = 0.2650
2025-06-08 22:47:07,906 - INFO - Step 762000: Target network updated
2025-06-08 22:47:12,028 - INFO - Episode 595: Reward = -0.8310, Portfolio = $8779.98, Return = -12.20%, Cash = $5289.96, Crypto = 0.135098, Steps = 1282
2025-06-08 22:47:13,143 - INFO - Step 763000: Loss = 0.000066, Epsilon = 0.2641
2025-06-08 22:47:18,380 - INFO - Step 764000: Loss = 0.000028, Epsilon = 0.2631
2025-06-08 22:47:18,380 - INFO - Step 764000: Target network updated
2025-06-08 22:47:18,747 - INFO - Episode 596: Reward = -2.5631, Portfolio = $3482.34, Return = -65.18%, Cash = $618.97, Crypto = 0.110840, Steps = 1282
2025-06-08 22:47:23,525 - INFO - Step 765000: Loss = 0.000059, Epsilon = 0.2621
2025-06-08 22:47:25,358 - INFO - Episode 597: Reward = -2.5241, Portfolio = $6833.47, Return = -31.67%, Cash = $4131.98, Crypto = 0.104574, Steps = 1282
2025-06-08 22:47:28,728 - INFO - Step 766000: Loss = 0.000038, Epsilon = 0.2612
2025-06-08 22:47:28,729 - INFO - Step 766000: Target network updated
2025-06-08 22:47:32,029 - INFO - Episode 598: Reward = -0.2627, Portfolio = $3650.33, Return = -63.50%, Cash = $2219.44, Crypto = 0.055390, Steps = 1282
2025-06-08 22:47:33,941 - INFO - Step 767000: Loss = 0.000352, Epsilon = 0.2602
2025-06-08 22:47:38,672 - INFO - Episode 599: Reward = -0.9294, Portfolio = $3015.80, Return = -69.84%, Cash = $1479.51, Crypto = 0.059469, Steps = 1282
2025-06-08 22:47:39,100 - INFO - Step 768000: Loss = 0.000370, Epsilon = 0.2592
2025-06-08 22:47:39,100 - INFO - Step 768000: Target network updated
2025-06-08 22:47:44,280 - INFO - Step 769000: Loss = 0.000121, Epsilon = 0.2583
2025-06-08 22:47:45,314 - INFO - Episode 600: Reward = -0.1887, Portfolio = $6724.34, Return = -32.76%, Cash = $385.10, Crypto = 0.245390, Steps = 1282
2025-06-08 22:47:45,314 - INFO - Episode 600 Summary: Avg Reward (100 eps) = -1.3059, Avg Portfolio (100 eps) = $4341.75, Epsilon = 0.258
2025-06-08 22:47:45,314 - INFO - 
Detailed steps for Episode 600:
2025-06-08 22:47:45,314 - INFO - Step | Action | Price    | RSI   | PnL%   | Cash%  | Pos%   | Reward    | Portfolio
2025-06-08 22:47:45,314 - INFO - ----------------------------------------------------------------------------------------------------
2025-06-08 22:47:45,314 - INFO -    0 | HOLD |  7909.73 |  21.9 |   0.00 |  100.0 |    0.0 |    0.0000 | $  10000.00
2025-06-08 22:47:45,314 - INFO -    1 | BUY  |  7911.43 |  24.3 |   0.00 |  100.0 |    0.0 |   -0.0049 | $   9950.98
2025-06-08 22:47:45,314 - INFO -    2 | HOLD |  4970.79 |  29.9 |   0.00 |   75.0 |   24.5 |   -0.0916 | $   9039.96
2025-06-08 22:47:45,314 - INFO -    3 | HOLD |  5563.71 |  13.1 | -37.17 |   75.0 |   15.4 |    0.0203 | $   9223.65
2025-06-08 22:47:45,314 - INFO -    4 | HOLD |  5200.37 |  22.5 | -29.68 |   75.0 |   17.2 |   -0.0122 | $   9111.09
2025-06-08 22:47:45,314 - INFO -    5 | SELL |  5392.31 |  21.4 | -34.27 |   75.0 |   16.1 |    0.0042 | $   9149.67
2025-06-08 22:47:45,314 - INFO -    6 | BUY  |  5014.48 |  24.0 | -31.84 |   79.0 |   12.5 |   -0.0138 | $   9023.17
2025-06-08 22:47:45,314 - INFO -    7 | BUY  |  5225.63 |  18.7 | -17.84 |   59.2 |   31.0 |    0.0113 | $   9124.70
2025-06-08 22:47:45,314 - INFO -    8 | BUY  |  5238.44 |  21.7 | -10.38 |   44.4 |   46.8 |   -0.0011 | $   9114.40
2025-06-08 22:47:45,314 - INFO -    9 | HOLD |  6191.19 |  22.0 |  -8.41 |   33.3 |   57.8 |    0.1154 | $  10166.19
2025-06-08 22:47:45,314 - INFO -   ...    ...      ...       ...     ...     ...      ...      ...         ...
2025-06-08 22:47:45,314 - INFO - 1272 | HOLD | 25969.57 |  47.6 |  -4.79 |   38.5 |   29.5 |   -0.0041 | $   6809.17
2025-06-08 22:47:45,314 - INFO - 1273 | HOLD | 25812.42 |  47.7 |  -4.42 |   38.5 |   29.6 |   -0.0036 | $   6791.24
2025-06-08 22:47:45,314 - INFO - 1274 | BUY  | 25779.98 |  46.8 |  -5.00 |   38.5 |   29.4 |   -0.0034 | $   6768.68
2025-06-08 22:47:45,314 - INFO - 1275 | BUY  | 25753.24 |  47.4 |  -3.92 |   28.8 |   38.8 |   -0.0026 | $   6750.51
2025-06-08 22:47:45,314 - INFO - 1276 | BUY  | 26240.20 |  42.4 |  -3.42 |   21.6 |   45.9 |   -0.0005 | $   6826.63
2025-06-08 22:47:45,314 - INFO - 1277 | BUY  | 25905.65 |  50.8 |  -1.44 |   16.2 |   52.0 |   -0.0014 | $   6752.34
2025-06-08 22:47:45,314 - INFO - 1278 | BUY  | 25895.68 |  48.5 |  -2.51 |   12.2 |   55.4 |   -0.0016 | $   6744.24
2025-06-08 22:47:45,314 - INFO - 1279 | BUY  | 25832.23 |  48.8 |  -2.42 |    9.1 |   58.3 |   -0.0017 | $   6725.47
2025-06-08 22:47:45,314 - INFO - 1280 | BUY  | 25162.65 |  47.3 |  -2.56 |    6.8 |   60.4 |   -0.0027 | $   6565.54
2025-06-08 22:47:45,314 - INFO - 1281 | BUY  | 25833.34 |  41.4 |  -4.95 |    5.1 |   60.5 |   -0.0013 | $   6724.34
2025-06-08 22:47:45,314 - INFO - 
Action distribution for Episode 600:
2025-06-08 22:47:45,314 - INFO -   HOLD: 1022 ( 79.7%)
2025-06-08 22:47:45,314 - INFO -   BUY:   141 ( 11.0%)
2025-06-08 22:47:45,314 - INFO -   SELL:  119 (  9.3%)
2025-06-08 22:47:45,314 - INFO - ----------------------------------------------------------------------------------------------------
2025-06-08 22:47:49,447 - INFO - Step 770000: Loss = 0.000037, Epsilon = 0.2573
2025-06-08 22:47:49,448 - INFO - Step 770000: Target network updated
2025-06-08 22:47:51,948 - INFO - Episode 601: Reward = -1.1084, Portfolio = $3115.55, Return = -68.84%, Cash = $774.19, Crypto = 0.090633, Steps = 1282
2025-06-08 22:47:54,659 - INFO - Step 771000: Loss = 0.000184, Epsilon = 0.2563
2025-06-08 22:47:58,680 - INFO - Episode 602: Reward = -2.7219, Portfolio = $5211.49, Return = -47.89%, Cash = $3383.37, Crypto = 0.070766, Steps = 1282
2025-06-08 22:47:59,910 - INFO - Step 772000: Loss = 0.000042, Epsilon = 0.2554
2025-06-08 22:47:59,910 - INFO - Step 772000: Target network updated
2025-06-08 22:48:05,110 - INFO - Step 773000: Loss = 0.000057, Epsilon = 0.2544
2025-06-08 22:48:05,342 - INFO - Episode 603: Reward = -1.6663, Portfolio = $7288.54, Return = -27.11%, Cash = $4071.51, Crypto = 0.124530, Steps = 1282
2025-06-08 22:48:10,307 - INFO - Step 774000: Loss = 0.000066, Epsilon = 0.2534
2025-06-08 22:48:10,308 - INFO - Step 774000: Target network updated
2025-06-08 22:48:12,003 - INFO - Episode 604: Reward = -1.4842, Portfolio = $2332.25, Return = -76.68%, Cash = $2008.68, Crypto = 0.012525, Steps = 1282
2025-06-08 22:48:15,497 - INFO - Step 775000: Loss = 0.000062, Epsilon = 0.2525
2025-06-08 22:48:18,679 - INFO - Episode 605: Reward = -0.5611, Portfolio = $2467.33, Return = -75.33%, Cash = $933.79, Crypto = 0.059363, Steps = 1282
2025-06-08 22:48:20,713 - INFO - Step 776000: Loss = 0.000307, Epsilon = 0.2515
2025-06-08 22:48:20,713 - INFO - Step 776000: Target network updated
2025-06-08 22:48:25,417 - INFO - Episode 606: Reward = -2.3102, Portfolio = $8015.20, Return = -19.85%, Cash = $2696.48, Crypto = 0.205886, Steps = 1282
2025-06-08 22:48:25,991 - INFO - Step 777000: Loss = 0.000057, Epsilon = 0.2506
2025-06-08 22:48:31,201 - INFO - Step 778000: Loss = 0.000393, Epsilon = 0.2496
2025-06-08 22:48:31,201 - INFO - Step 778000: Target network updated
2025-06-08 22:48:32,104 - INFO - Episode 607: Reward = -1.7337, Portfolio = $6547.93, Return = -34.52%, Cash = $3425.02, Crypto = 0.120887, Steps = 1282
2025-06-08 22:48:36,348 - INFO - Step 779000: Loss = 0.000039, Epsilon = 0.2486
2025-06-08 22:48:38,714 - INFO - Episode 608: Reward = -1.0563, Portfolio = $6863.83, Return = -31.36%, Cash = $6466.39, Crypto = 0.015385, Steps = 1282
2025-06-08 22:48:41,541 - INFO - Step 780000: Loss = 0.000052, Epsilon = 0.2477
2025-06-08 22:48:41,541 - INFO - Step 780000: Target network updated
2025-06-08 22:48:45,375 - INFO - Episode 609: Reward = -2.0433, Portfolio = $6169.68, Return = -38.30%, Cash = $5944.16, Crypto = 0.008730, Steps = 1282
2025-06-08 22:48:46,739 - INFO - Step 781000: Loss = 0.000056, Epsilon = 0.2467
2025-06-08 22:48:51,946 - INFO - Step 782000: Loss = 0.000064, Epsilon = 0.2457
2025-06-08 22:48:51,947 - INFO - Step 782000: Target network updated
2025-06-08 22:48:52,051 - INFO - Episode 610: Reward = -1.0736, Portfolio = $8064.58, Return = -19.35%, Cash = $6190.83, Crypto = 0.072533, Steps = 1282
2025-06-08 22:48:52,051 - INFO - Episode 610 Summary: Avg Reward (100 eps) = -1.3115, Avg Portfolio (100 eps) = $4551.03, Epsilon = 0.246
2025-06-08 22:48:57,402 - INFO - Step 783000: Loss = 0.000062, Epsilon = 0.2448
2025-06-08 22:48:59,084 - INFO - Episode 611: Reward = -1.1579, Portfolio = $2535.61, Return = -74.64%, Cash = $1126.54, Crypto = 0.054544, Steps = 1282
2025-06-08 22:49:02,827 - INFO - Step 784000: Loss = 0.000015, Epsilon = 0.2438
2025-06-08 22:49:02,827 - INFO - Step 784000: Target network updated
2025-06-08 22:49:05,866 - INFO - Episode 612: Reward = -0.5911, Portfolio = $4120.45, Return = -58.80%, Cash = $2674.93, Crypto = 0.055956, Steps = 1282
2025-06-08 22:49:08,029 - INFO - Step 785000: Loss = 0.000040, Epsilon = 0.2428
2025-06-08 22:49:12,531 - INFO - Episode 613: Reward = -1.0231, Portfolio = $4103.26, Return = -58.97%, Cash = $1400.65, Crypto = 0.104617, Steps = 1282
2025-06-08 22:49:13,232 - INFO - Step 786000: Loss = 0.000025, Epsilon = 0.2419
2025-06-08 22:49:13,232 - INFO - Step 786000: Target network updated
2025-06-08 22:49:18,465 - INFO - Step 787000: Loss = 0.000053, Epsilon = 0.2409
2025-06-08 22:49:19,229 - INFO - Episode 614: Reward = -1.5763, Portfolio = $3500.63, Return = -64.99%, Cash = $1956.71, Crypto = 0.059765, Steps = 1282
2025-06-08 22:49:23,705 - INFO - Step 788000: Loss = 0.000036, Epsilon = 0.2399
2025-06-08 22:49:23,706 - INFO - Step 788000: Target network updated
2025-06-08 22:49:25,970 - INFO - Episode 615: Reward = -1.1447, Portfolio = $2143.64, Return = -78.56%, Cash = $1056.73, Crypto = 0.042074, Steps = 1282
2025-06-08 22:49:29,107 - INFO - Step 789000: Loss = 0.000362, Epsilon = 0.2390
2025-06-08 22:49:32,997 - INFO - Episode 616: Reward = -1.7250, Portfolio = $9867.86, Return = -1.32%, Cash = $3042.39, Crypto = 0.264212, Steps = 1282
2025-06-08 22:49:34,605 - INFO - Step 790000: Loss = 0.000059, Epsilon = 0.2380
2025-06-08 22:49:34,606 - INFO - Step 790000: Target network updated
2025-06-08 22:49:39,891 - INFO - Episode 617: Reward = -0.1836, Portfolio = $9372.52, Return = -6.27%, Cash = $4541.42, Crypto = 0.187010, Steps = 1282
2025-06-08 22:49:39,932 - INFO - Step 791000: Loss = 0.000120, Epsilon = 0.2371
2025-06-08 22:49:45,200 - INFO - Step 792000: Loss = 0.000031, Epsilon = 0.2361
2025-06-08 22:49:45,201 - INFO - Step 792000: Target network updated
2025-06-08 22:49:46,663 - INFO - Episode 618: Reward = -3.3148, Portfolio = $1715.83, Return = -82.84%, Cash = $340.27, Crypto = 0.053247, Steps = 1282
2025-06-08 22:49:50,456 - INFO - Step 793000: Loss = 0.000052, Epsilon = 0.2351
2025-06-08 22:49:53,399 - INFO - Episode 619: Reward = -1.8080, Portfolio = $7914.34, Return = -20.86%, Cash = $5323.49, Crypto = 0.100291, Steps = 1282
2025-06-08 22:49:55,702 - INFO - Step 794000: Loss = 0.000064, Epsilon = 0.2342
2025-06-08 22:49:55,702 - INFO - Step 794000: Target network updated
2025-06-08 22:50:00,052 - INFO - Episode 620: Reward = -1.0045, Portfolio = $8189.56, Return = -18.10%, Cash = $4305.96, Crypto = 0.150333, Steps = 1282
2025-06-08 22:50:00,052 - INFO - Episode 620 Summary: Avg Reward (100 eps) = -1.2848, Avg Portfolio (100 eps) = $4755.92, Epsilon = 0.233
2025-06-08 22:50:00,898 - INFO - Step 795000: Loss = 0.000057, Epsilon = 0.2332
2025-06-08 22:50:06,384 - INFO - Step 796000: Loss = 0.000065, Epsilon = 0.2322
2025-06-08 22:50:06,384 - INFO - Step 796000: Target network updated
2025-06-08 22:50:07,056 - INFO - Episode 621: Reward = -0.1833, Portfolio = $7210.99, Return = -27.89%, Cash = $5002.54, Crypto = 0.085488, Steps = 1282
2025-06-08 22:50:11,785 - INFO - Step 797000: Loss = 0.000043, Epsilon = 0.2313
2025-06-08 22:50:13,905 - INFO - Episode 622: Reward = -0.7780, Portfolio = $3184.85, Return = -68.15%, Cash = $2003.10, Crypto = 0.045745, Steps = 1282
2025-06-08 22:50:17,042 - INFO - Step 798000: Loss = 0.000041, Epsilon = 0.2303
2025-06-08 22:50:17,042 - INFO - Step 798000: Target network updated
2025-06-08 22:50:20,635 - INFO - Episode 623: Reward = -0.8863, Portfolio = $10102.67, Return = 1.03%, Cash = $5652.34, Crypto = 0.172271, Steps = 1282
2025-06-08 22:50:22,306 - INFO - Step 799000: Loss = 0.000317, Epsilon = 0.2293
2025-06-08 22:50:27,326 - INFO - Episode 624: Reward = -0.3367, Portfolio = $7469.03, Return = -25.31%, Cash = $3118.82, Crypto = 0.168395, Steps = 1282
2025-06-08 22:50:27,492 - INFO - Step 800000: Loss = 0.000027, Epsilon = 0.2284
2025-06-08 22:50:27,492 - INFO - Step 800000: Target network updated
2025-06-08 22:50:32,694 - INFO - Step 801000: Loss = 0.000042, Epsilon = 0.2274
2025-06-08 22:50:33,989 - INFO - Episode 625: Reward = -1.4689, Portfolio = $3817.07, Return = -61.83%, Cash = $2491.92, Crypto = 0.051296, Steps = 1282
2025-06-08 22:50:37,969 - INFO - Step 802000: Loss = 0.000064, Epsilon = 0.2264
2025-06-08 22:50:37,970 - INFO - Step 802000: Target network updated
2025-06-08 22:50:40,752 - INFO - Episode 626: Reward = -1.7111, Portfolio = $7947.93, Return = -20.52%, Cash = $4657.52, Crypto = 0.127370, Steps = 1282
2025-06-08 22:50:43,217 - INFO - Step 803000: Loss = 0.000336, Epsilon = 0.2255
2025-06-08 22:50:47,471 - INFO - Episode 627: Reward = -0.7792, Portfolio = $3548.31, Return = -64.52%, Cash = $3410.74, Crypto = 0.005325, Steps = 1282
2025-06-08 22:50:48,463 - INFO - Step 804000: Loss = 0.000071, Epsilon = 0.2245
2025-06-08 22:50:48,464 - INFO - Step 804000: Target network updated
2025-06-08 22:50:53,727 - INFO - Step 805000: Loss = 0.000024, Epsilon = 0.2235
2025-06-08 22:50:54,226 - INFO - Episode 628: Reward = -1.4125, Portfolio = $1704.65, Return = -82.95%, Cash = $1694.05, Crypto = 0.000411, Steps = 1282
2025-06-08 22:50:58,974 - INFO - Step 806000: Loss = 0.000057, Epsilon = 0.2226
2025-06-08 22:50:58,974 - INFO - Step 806000: Target network updated
2025-06-08 22:51:01,059 - INFO - Episode 629: Reward = -1.8082, Portfolio = $1696.39, Return = -83.04%, Cash = $822.69, Crypto = 0.033821, Steps = 1282
2025-06-08 22:51:04,281 - INFO - Step 807000: Loss = 0.000030, Epsilon = 0.2216
2025-06-08 22:51:07,691 - INFO - Episode 630: Reward = -2.0831, Portfolio = $2724.39, Return = -72.76%, Cash = $1066.67, Crypto = 0.064170, Steps = 1282
2025-06-08 22:51:07,691 - INFO - Episode 630 Summary: Avg Reward (100 eps) = -1.2305, Avg Portfolio (100 eps) = $4885.64, Epsilon = 0.221
2025-06-08 22:51:09,472 - INFO - Step 808000: Loss = 0.000043, Epsilon = 0.2207
2025-06-08 22:51:09,472 - INFO - Step 808000: Target network updated
2025-06-08 22:51:14,399 - INFO - Episode 631: Reward = -0.7135, Portfolio = $3644.05, Return = -63.56%, Cash = $1304.44, Crypto = 0.090565, Steps = 1282
2025-06-08 22:51:14,729 - INFO - Step 809000: Loss = 0.000044, Epsilon = 0.2197
2025-06-08 22:51:19,989 - INFO - Step 810000: Loss = 0.000035, Epsilon = 0.2187
2025-06-08 22:51:19,989 - INFO - Step 810000: Target network updated
2025-06-08 22:51:21,155 - INFO - Episode 632: Reward = -0.6399, Portfolio = $2458.38, Return = -75.42%, Cash = $780.13, Crypto = 0.064965, Steps = 1282
2025-06-08 22:51:25,194 - INFO - Step 811000: Loss = 0.000100, Epsilon = 0.2178
2025-06-08 22:51:27,824 - INFO - Episode 633: Reward = -0.8900, Portfolio = $3824.20, Return = -61.76%, Cash = $2834.73, Crypto = 0.038302, Steps = 1282
2025-06-08 22:51:30,418 - INFO - Step 812000: Loss = 0.000017, Epsilon = 0.2168
2025-06-08 22:51:30,418 - INFO - Step 812000: Target network updated
2025-06-08 22:51:34,547 - INFO - Episode 634: Reward = -0.7501, Portfolio = $3203.09, Return = -67.97%, Cash = $1134.23, Crypto = 0.080085, Steps = 1282
2025-06-08 22:51:35,672 - INFO - Step 813000: Loss = 0.000026, Epsilon = 0.2158
2025-06-08 22:51:40,881 - INFO - Step 814000: Loss = 0.000423, Epsilon = 0.2149
2025-06-08 22:51:40,881 - INFO - Step 814000: Target network updated
2025-06-08 22:51:41,243 - INFO - Episode 635: Reward = -0.5374, Portfolio = $2818.37, Return = -71.82%, Cash = $2331.81, Crypto = 0.018835, Steps = 1282
2025-06-08 22:51:46,124 - INFO - Step 815000: Loss = 0.000263, Epsilon = 0.2139
2025-06-08 22:51:47,983 - INFO - Episode 636: Reward = -1.8156, Portfolio = $1129.80, Return = -88.70%, Cash = $338.24, Crypto = 0.030641, Steps = 1282
2025-06-08 22:51:51,387 - INFO - Step 816000: Loss = 0.000127, Epsilon = 0.2129
2025-06-08 22:51:51,387 - INFO - Step 816000: Target network updated
2025-06-08 22:51:54,861 - INFO - Episode 637: Reward = -0.8279, Portfolio = $3569.91, Return = -64.30%, Cash = $1418.02, Crypto = 0.083299, Steps = 1282
2025-06-08 22:51:56,837 - INFO - Step 817000: Loss = 0.000047, Epsilon = 0.2120
2025-06-08 22:52:01,662 - INFO - Episode 638: Reward = -1.4866, Portfolio = $2601.43, Return = -73.99%, Cash = $2324.53, Crypto = 0.010719, Steps = 1282
2025-06-08 22:52:02,102 - INFO - Step 818000: Loss = 0.000042, Epsilon = 0.2110
2025-06-08 22:52:02,103 - INFO - Step 818000: Target network updated
2025-06-08 22:52:07,371 - INFO - Step 819000: Loss = 0.000083, Epsilon = 0.2100
2025-06-08 22:52:08,416 - INFO - Episode 639: Reward = -1.6874, Portfolio = $2436.14, Return = -75.64%, Cash = $2417.11, Crypto = 0.000737, Steps = 1282
2025-06-08 22:52:12,679 - INFO - Step 820000: Loss = 0.002312, Epsilon = 0.2091
2025-06-08 22:52:12,679 - INFO - Step 820000: Target network updated
2025-06-08 22:52:15,218 - INFO - Episode 640: Reward = -1.6173, Portfolio = $3571.26, Return = -64.29%, Cash = $1119.67, Crypto = 0.094900, Steps = 1282
2025-06-08 22:52:15,218 - INFO - Episode 640 Summary: Avg Reward (100 eps) = -1.1981, Avg Portfolio (100 eps) = $4799.79, Epsilon = 0.209
2025-06-08 22:52:17,979 - INFO - Step 821000: Loss = 0.000144, Epsilon = 0.2081
2025-06-08 22:52:22,023 - INFO - Episode 641: Reward = -2.1819, Portfolio = $1783.95, Return = -82.16%, Cash = $505.70, Crypto = 0.049480, Steps = 1282
2025-06-08 22:52:23,298 - INFO - Step 822000: Loss = 0.000047, Epsilon = 0.2072
2025-06-08 22:52:23,298 - INFO - Step 822000: Target network updated
2025-06-08 22:52:28,581 - INFO - Step 823000: Loss = 0.000055, Epsilon = 0.2062
2025-06-08 22:52:28,818 - INFO - Episode 642: Reward = -1.6374, Portfolio = $10337.40, Return = 3.37%, Cash = $6463.96, Crypto = 0.149940, Steps = 1282
2025-06-08 22:52:33,905 - INFO - Step 824000: Loss = 0.000032, Epsilon = 0.2052
2025-06-08 22:52:33,905 - INFO - Step 824000: Target network updated
2025-06-08 22:52:35,650 - INFO - Episode 643: Reward = -0.2708, Portfolio = $5081.22, Return = -49.19%, Cash = $4345.57, Crypto = 0.028477, Steps = 1282
2025-06-08 22:52:39,187 - INFO - Step 825000: Loss = 0.000081, Epsilon = 0.2043
2025-06-08 22:52:42,414 - INFO - Episode 644: Reward = -3.7689, Portfolio = $7390.08, Return = -26.10%, Cash = $1541.89, Crypto = 0.226381, Steps = 1282
2025-06-08 22:52:44,429 - INFO - Step 826000: Loss = 0.000401, Epsilon = 0.2033
2025-06-08 22:52:44,429 - INFO - Step 826000: Target network updated
2025-06-08 22:52:48,887 - INFO - Episode 645: Reward = -1.7945, Portfolio = $3918.95, Return = -60.81%, Cash = $1958.02, Crypto = 0.075907, Steps = 1282
2025-06-08 22:52:49,435 - INFO - Step 827000: Loss = 0.000118, Epsilon = 0.2023
2025-06-08 22:52:54,404 - INFO - Step 828000: Loss = 0.000036, Epsilon = 0.2014
2025-06-08 22:52:54,404 - INFO - Step 828000: Target network updated
2025-06-08 22:52:55,277 - INFO - Episode 646: Reward = -1.0833, Portfolio = $4410.36, Return = -55.90%, Cash = $3844.60, Crypto = 0.021901, Steps = 1282
2025-06-08 22:52:59,541 - INFO - Step 829000: Loss = 0.000069, Epsilon = 0.2004
2025-06-08 22:53:01,970 - INFO - Episode 647: Reward = -0.2354, Portfolio = $4982.53, Return = -50.17%, Cash = $1542.68, Crypto = 0.133155, Steps = 1282
2025-06-08 22:53:04,853 - INFO - Step 830000: Loss = 0.000050, Epsilon = 0.1994
2025-06-08 22:53:04,853 - INFO - Step 830000: Target network updated
2025-06-08 22:53:08,539 - INFO - Episode 648: Reward = -1.0480, Portfolio = $2439.24, Return = -75.61%, Cash = $2059.87, Crypto = 0.014685, Steps = 1282
2025-06-08 22:53:09,927 - INFO - Step 831000: Loss = 0.000156, Epsilon = 0.1985
2025-06-08 22:53:15,200 - INFO - Step 832000: Loss = 0.000039, Epsilon = 0.1975
2025-06-08 22:53:15,200 - INFO - Step 832000: Target network updated
2025-06-08 22:53:15,293 - INFO - Episode 649: Reward = -22.5450, Portfolio = $2407.26, Return = -75.93%, Cash = $356.85, Crypto = 0.079371, Steps = 1282
2025-06-08 22:53:20,501 - INFO - Step 833000: Loss = 0.000036, Epsilon = 0.1965
2025-06-08 22:53:22,087 - INFO - Episode 650: Reward = -1.4504, Portfolio = $2331.52, Return = -76.68%, Cash = $2033.63, Crypto = 0.011531, Steps = 1282
2025-06-08 22:53:22,087 - INFO - Episode 650 Summary: Avg Reward (100 eps) = -1.4478, Avg Portfolio (100 eps) = $4803.25, Epsilon = 0.196
2025-06-08 22:53:22,087 - INFO - 
Detailed steps for Episode 650:
2025-06-08 22:53:22,087 - INFO - Step | Action | Price    | RSI   | PnL%   | Cash%  | Pos%   | Reward    | Portfolio
2025-06-08 22:53:22,087 - INFO - ----------------------------------------------------------------------------------------------------
2025-06-08 22:53:22,087 - INFO -    0 | BUY  |  7909.73 |  21.9 |   0.00 |  100.0 |    0.0 |   -0.0049 | $   9950.98
2025-06-08 22:53:22,087 - INFO -    1 | HOLD |  7911.43 |  24.3 |   0.00 |   75.0 |   24.5 |    0.0001 | $   9951.51
2025-06-08 22:53:22,087 - INFO -    2 | HOLD |  4970.79 |  29.9 |   0.02 |   75.0 |   24.5 |   -0.0916 | $   9040.29
2025-06-08 22:53:22,087 - INFO -    3 | BUY  |  5563.71 |  13.1 | -37.16 |   75.0 |   15.4 |    0.0163 | $   9187.26
2025-06-08 22:53:22,087 - INFO -    4 | BUY  |  5200.37 |  22.5 | -16.95 |   56.2 |   35.6 |   -0.0283 | $   8927.05
2025-06-08 22:53:22,087 - INFO -    5 | BUY  |  5392.31 |  21.4 | -16.93 |   42.2 |   47.1 |    0.0172 | $   9080.15
2025-06-08 22:53:22,087 - INFO -    6 | BUY  |  5014.48 |  24.0 | -11.73 |   31.6 |   59.2 |   -0.0474 | $   8650.11
2025-06-08 22:53:22,087 - INFO -    7 | BUY  |  5225.63 |  18.7 | -16.05 |   23.7 |   62.8 |    0.0292 | $   8902.79
2025-06-08 22:53:22,087 - INFO -    8 | HOLD |  5238.44 |  21.7 | -11.61 |   17.8 |   71.2 |    0.0020 | $   8920.25
2025-06-08 22:53:22,087 - INFO -    9 | BUY  |  6191.19 |  22.0 | -11.40 |   17.8 |   71.4 |    0.1446 | $  10210.21
2025-06-08 22:53:22,087 - INFO -   ...    ...      ...       ...     ...     ...      ...      ...         ...
2025-06-08 22:53:22,087 - INFO - 1272 | SELL | 25969.57 |  47.6 |  -8.05 |   22.5 |    1.5 |   -0.0057 | $   2395.40
2025-06-08 22:53:22,087 - INFO - 1273 | SELL | 25812.42 |  47.7 |  -7.69 |   22.8 |    1.1 |   -0.0054 | $   2393.29
2025-06-08 22:53:22,087 - INFO - 1274 | SELL | 25779.98 |  46.8 |  -8.25 |   23.1 |    0.8 |   -0.0049 | $   2392.13
2025-06-08 22:53:22,087 - INFO - 1275 | BUY  | 25753.24 |  47.4 |  -8.36 |   23.3 |    0.6 |   -0.0062 | $   2380.65
2025-06-08 22:53:22,087 - INFO - 1276 | SELL | 26240.20 |  42.4 |  -0.92 |   17.5 |    6.3 |   -0.0054 | $   2384.56
2025-06-08 22:53:22,087 - INFO - 1277 | BUY  | 25905.65 |  50.8 |   0.96 |   19.0 |    4.8 |   -0.0061 | $   2369.07
2025-06-08 22:53:22,087 - INFO - 1278 | SELL | 25895.68 |  48.5 |  -0.17 |   14.2 |    9.4 |   -0.0060 | $   2356.91
2025-06-08 22:53:22,087 - INFO - 1279 | SELL | 25832.23 |  48.8 |  -0.21 |   16.5 |    7.1 |   -0.0058 | $   2346.35
2025-06-08 22:53:22,088 - INFO - 1280 | SELL | 25162.65 |  47.3 |  -0.45 |   18.2 |    5.3 |   -0.0060 | $   2326.18
2025-06-08 22:53:22,088 - INFO - 1281 | SELL | 25833.34 |  41.4 |  -3.03 |   19.4 |    3.9 |   -0.0059 | $   2331.52
2025-06-08 22:53:22,088 - INFO - 
Action distribution for Episode 650:
2025-06-08 22:53:22,088 - INFO -   HOLD:  728 ( 56.8%)
2025-06-08 22:53:22,088 - INFO -   BUY:   269 ( 21.0%)
2025-06-08 22:53:22,088 - INFO -   SELL:  285 ( 22.2%)
2025-06-08 22:53:22,088 - INFO - ----------------------------------------------------------------------------------------------------
2025-06-08 22:53:25,753 - INFO - Step 834000: Loss = 0.000047, Epsilon = 0.1956
2025-06-08 22:53:25,753 - INFO - Step 834000: Target network updated
2025-06-08 22:53:28,828 - INFO - Episode 651: Reward = -1.2225, Portfolio = $3549.80, Return = -64.50%, Cash = $1614.29, Crypto = 0.074923, Steps = 1282
2025-06-08 22:53:31,037 - INFO - Step 835000: Loss = 0.000041, Epsilon = 0.1946
2025-06-08 22:53:35,668 - INFO - Episode 652: Reward = -0.0272, Portfolio = $7757.78, Return = -22.42%, Cash = $4553.15, Crypto = 0.124050, Steps = 1282
2025-06-08 22:53:36,394 - INFO - Step 836000: Loss = 0.000075, Epsilon = 0.1936
2025-06-08 22:53:36,394 - INFO - Step 836000: Target network updated
2025-06-08 22:53:41,688 - INFO - Step 837000: Loss = 0.000018, Epsilon = 0.1927
2025-06-08 22:53:42,454 - INFO - Episode 653: Reward = -0.6834, Portfolio = $5411.22, Return = -45.89%, Cash = $3752.38, Crypto = 0.064213, Steps = 1282
2025-06-08 22:53:46,997 - INFO - Step 838000: Loss = 0.000050, Epsilon = 0.1917
2025-06-08 22:53:46,998 - INFO - Step 838000: Target network updated
2025-06-08 22:53:49,271 - INFO - Episode 654: Reward = -3.0139, Portfolio = $498.10, Return = -95.02%, Cash = $325.82, Crypto = 0.006669, Steps = 1282
2025-06-08 22:53:52,321 - INFO - Step 839000: Loss = 0.000039, Epsilon = 0.1908
2025-06-08 22:53:56,053 - INFO - Episode 655: Reward = -2.2602, Portfolio = $869.47, Return = -91.31%, Cash = $864.76, Crypto = 0.000182, Steps = 1282
2025-06-08 22:53:57,604 - INFO - Step 840000: Loss = 0.000049, Epsilon = 0.1898
2025-06-08 22:53:57,604 - INFO - Step 840000: Target network updated
2025-06-08 22:54:02,871 - INFO - Episode 656: Reward = -2.3421, Portfolio = $739.24, Return = -92.61%, Cash = $449.37, Crypto = 0.011221, Steps = 1282
2025-06-08 22:54:02,919 - INFO - Step 841000: Loss = 0.000028, Epsilon = 0.1888
2025-06-08 22:54:08,132 - INFO - Step 842000: Loss = 0.000055, Epsilon = 0.1879
2025-06-08 22:54:08,133 - INFO - Step 842000: Target network updated
2025-06-08 22:54:09,574 - INFO - Episode 657: Reward = -0.8248, Portfolio = $1797.64, Return = -82.02%, Cash = $740.05, Crypto = 0.040939, Steps = 1282
2025-06-08 22:54:13,749 - INFO - Step 843000: Loss = 0.000091, Epsilon = 0.1869
2025-06-08 22:54:16,698 - INFO - Episode 658: Reward = -4.9566, Portfolio = $746.38, Return = -92.54%, Cash = $662.77, Crypto = 0.003236, Steps = 1282
2025-06-08 22:54:19,056 - INFO - Step 844000: Loss = 0.000134, Epsilon = 0.1859
2025-06-08 22:54:19,056 - INFO - Step 844000: Target network updated
2025-06-08 22:54:23,528 - INFO - Episode 659: Reward = -2.6606, Portfolio = $467.78, Return = -95.32%, Cash = $273.58, Crypto = 0.007517, Steps = 1282
2025-06-08 22:54:24,397 - INFO - Step 845000: Loss = 0.000387, Epsilon = 0.1850
2025-06-08 22:54:29,715 - INFO - Step 846000: Loss = 0.000043, Epsilon = 0.1840
2025-06-08 22:54:29,716 - INFO - Step 846000: Target network updated
2025-06-08 22:54:30,364 - INFO - Episode 660: Reward = -1.5300, Portfolio = $1477.63, Return = -85.22%, Cash = $577.70, Crypto = 0.034836, Steps = 1282
2025-06-08 22:54:30,365 - INFO - Episode 660 Summary: Avg Reward (100 eps) = -1.4973, Avg Portfolio (100 eps) = $4705.53, Epsilon = 0.184
2025-06-08 22:54:35,071 - INFO - Step 847000: Loss = 0.000049, Epsilon = 0.1830
2025-06-08 22:54:37,207 - INFO - Episode 661: Reward = -1.0861, Portfolio = $1079.33, Return = -89.21%, Cash = $828.23, Crypto = 0.009720, Steps = 1282
2025-06-08 22:54:40,376 - INFO - Step 848000: Loss = 0.000047, Epsilon = 0.1821
2025-06-08 22:54:40,376 - INFO - Step 848000: Target network updated
2025-06-08 22:54:44,005 - INFO - Episode 662: Reward = -1.1080, Portfolio = $1696.38, Return = -83.04%, Cash = $882.08, Crypto = 0.031521, Steps = 1282
2025-06-08 22:54:45,680 - INFO - Step 849000: Loss = 0.000045, Epsilon = 0.1811
2025-06-08 22:54:50,756 - INFO - Episode 663: Reward = -16.9294, Portfolio = $2161.27, Return = -78.39%, Cash = $1154.21, Crypto = 0.038983, Steps = 1282
2025-06-08 22:54:50,941 - INFO - Step 850000: Loss = 0.000719, Epsilon = 0.1801
2025-06-08 22:54:50,941 - INFO - Step 850000: Target network updated
2025-06-08 22:54:56,240 - INFO - Step 851000: Loss = 0.031183, Epsilon = 0.1792
2025-06-08 22:54:57,565 - INFO - Episode 664: Reward = -0.7037, Portfolio = $6344.78, Return = -36.55%, Cash = $51.61, Crypto = 0.243606, Steps = 1282
2025-06-08 22:55:01,544 - INFO - Step 852000: Loss = 0.000021, Epsilon = 0.1782
2025-06-08 22:55:01,544 - INFO - Step 852000: Target network updated
2025-06-08 22:55:04,332 - INFO - Episode 665: Reward = -0.4179, Portfolio = $13038.40, Return = 30.38%, Cash = $7466.16, Crypto = 0.215699, Steps = 1282
2025-06-08 22:55:06,818 - INFO - Step 853000: Loss = 0.000167, Epsilon = 0.1773
2025-06-08 22:55:11,106 - INFO - Episode 666: Reward = -1.0004, Portfolio = $8429.77, Return = -15.70%, Cash = $1620.03, Crypto = 0.263603, Steps = 1282
2025-06-08 22:55:12,118 - INFO - Step 854000: Loss = 0.000042, Epsilon = 0.1763
2025-06-08 22:55:12,118 - INFO - Step 854000: Target network updated
2025-06-08 22:55:17,557 - INFO - Step 855000: Loss = 0.000020, Epsilon = 0.1753
2025-06-08 22:55:18,078 - INFO - Episode 667: Reward = 0.0287, Portfolio = $6049.76, Return = -39.50%, Cash = $2831.73, Crypto = 0.124569, Steps = 1282
2025-06-08 22:55:23,211 - INFO - Step 856000: Loss = 0.000036, Epsilon = 0.1744
2025-06-08 22:55:23,212 - INFO - Step 856000: Target network updated
2025-06-08 22:55:25,207 - INFO - Episode 668: Reward = -2.0076, Portfolio = $3463.44, Return = -65.37%, Cash = $1819.99, Crypto = 0.063617, Steps = 1282
2025-06-08 22:55:28,563 - INFO - Step 857000: Loss = 0.000050, Epsilon = 0.1734
2025-06-08 22:55:32,097 - INFO - Episode 669: Reward = -0.7175, Portfolio = $5152.48, Return = -48.48%, Cash = $1618.51, Crypto = 0.136799, Steps = 1282
2025-06-08 22:55:33,934 - INFO - Step 858000: Loss = 0.000055, Epsilon = 0.1724
2025-06-08 22:55:33,934 - INFO - Step 858000: Target network updated
2025-06-08 22:55:38,981 - INFO - Episode 670: Reward = -0.3950, Portfolio = $5128.13, Return = -48.72%, Cash = $3461.86, Crypto = 0.064501, Steps = 1282
2025-06-08 22:55:38,981 - INFO - Episode 670 Summary: Avg Reward (100 eps) = -1.5971, Avg Portfolio (100 eps) = $4775.94, Epsilon = 0.172
2025-06-08 22:55:39,300 - INFO - Step 859000: Loss = 0.000117, Epsilon = 0.1715
2025-06-08 22:55:44,677 - INFO - Step 860000: Loss = 0.000047, Epsilon = 0.1705
2025-06-08 22:55:44,677 - INFO - Step 860000: Target network updated
2025-06-08 22:55:45,866 - INFO - Episode 671: Reward = -0.5766, Portfolio = $5235.29, Return = -47.65%, Cash = $290.33, Crypto = 0.191418, Steps = 1282
2025-06-08 22:55:50,045 - INFO - Step 861000: Loss = 0.000312, Epsilon = 0.1695
2025-06-08 22:55:52,751 - INFO - Episode 672: Reward = -0.1657, Portfolio = $9431.55, Return = -5.68%, Cash = $346.12, Crypto = 0.351694, Steps = 1282
2025-06-08 22:55:55,426 - INFO - Step 862000: Loss = 0.000099, Epsilon = 0.1686
2025-06-08 22:55:55,426 - INFO - Step 862000: Target network updated
2025-06-08 22:55:59,570 - INFO - Episode 673: Reward = -0.2457, Portfolio = $14112.37, Return = 41.12%, Cash = $6213.42, Crypto = 0.305766, Steps = 1282
2025-06-08 22:56:00,723 - INFO - Step 863000: Loss = 0.000102, Epsilon = 0.1676
2025-06-08 22:56:06,095 - INFO - Step 864000: Loss = 0.000051, Epsilon = 0.1666
2025-06-08 22:56:06,095 - INFO - Step 864000: Target network updated
2025-06-08 22:56:06,456 - INFO - Episode 674: Reward = -0.5446, Portfolio = $4013.45, Return = -59.87%, Cash = $2208.12, Crypto = 0.069884, Steps = 1282
2025-06-08 22:56:11,457 - INFO - Step 865000: Loss = 0.000145, Epsilon = 0.1657
2025-06-08 22:56:13,318 - INFO - Episode 675: Reward = -0.1105, Portfolio = $6059.93, Return = -39.40%, Cash = $3980.13, Crypto = 0.080508, Steps = 1282
2025-06-08 22:56:16,799 - INFO - Step 866000: Loss = 0.000051, Epsilon = 0.1647
2025-06-08 22:56:16,799 - INFO - Step 866000: Target network updated
2025-06-08 22:56:20,161 - INFO - Episode 676: Reward = 0.0736, Portfolio = $6549.33, Return = -34.51%, Cash = $3564.56, Crypto = 0.115539, Steps = 1282
2025-06-08 22:56:22,093 - INFO - Step 867000: Loss = 0.000242, Epsilon = 0.1637
2025-06-08 22:56:26,899 - INFO - Episode 677: Reward = -0.1599, Portfolio = $5999.50, Return = -40.00%, Cash = $1005.50, Crypto = 0.193316, Steps = 1282
2025-06-08 22:56:27,357 - INFO - Step 868000: Loss = 0.000050, Epsilon = 0.1628
2025-06-08 22:56:27,358 - INFO - Step 868000: Target network updated
2025-06-08 22:56:32,634 - INFO - Step 869000: Loss = 0.000030, Epsilon = 0.1618
2025-06-08 22:56:33,661 - INFO - Episode 678: Reward = -0.3757, Portfolio = $3941.63, Return = -60.58%, Cash = $2891.70, Crypto = 0.040642, Steps = 1282
2025-06-08 22:56:37,884 - INFO - Step 870000: Loss = 0.000080, Epsilon = 0.1609
2025-06-08 22:56:37,884 - INFO - Step 870000: Target network updated
2025-06-08 22:56:40,434 - INFO - Episode 679: Reward = -2.2007, Portfolio = $2587.22, Return = -74.13%, Cash = $1199.51, Crypto = 0.053718, Steps = 1282
2025-06-08 22:56:43,191 - INFO - Step 871000: Loss = 0.000094, Epsilon = 0.1599
2025-06-08 22:56:47,177 - INFO - Episode 680: Reward = -0.0131, Portfolio = $6903.97, Return = -30.96%, Cash = $2722.15, Crypto = 0.161877, Steps = 1282
2025-06-08 22:56:47,177 - INFO - Episode 680 Summary: Avg Reward (100 eps) = -1.5519, Avg Portfolio (100 eps) = $4778.71, Epsilon = 0.159
2025-06-08 22:56:48,442 - INFO - Step 872000: Loss = 0.000356, Epsilon = 0.1589
2025-06-08 22:56:48,442 - INFO - Step 872000: Target network updated
2025-06-08 22:56:53,709 - INFO - Step 873000: Loss = 0.000051, Epsilon = 0.1580
2025-06-08 22:56:53,923 - INFO - Episode 681: Reward = 0.0633, Portfolio = $6494.42, Return = -35.06%, Cash = $2857.06, Crypto = 0.140801, Steps = 1282
2025-06-08 22:56:59,057 - INFO - Step 874000: Loss = 0.000075, Epsilon = 0.1570
2025-06-08 22:56:59,057 - INFO - Step 874000: Target network updated
2025-06-08 22:57:00,762 - INFO - Episode 682: Reward = -0.1306, Portfolio = $9198.12, Return = -8.02%, Cash = $1803.27, Crypto = 0.286252, Steps = 1282
2025-06-08 22:57:04,320 - INFO - Step 875000: Loss = 0.000229, Epsilon = 0.1560
2025-06-08 22:57:07,485 - INFO - Episode 683: Reward = -0.1422, Portfolio = $4056.33, Return = -59.44%, Cash = $1105.35, Crypto = 0.114231, Steps = 1282
2025-06-08 22:57:09,568 - INFO - Step 876000: Loss = 0.000078, Epsilon = 0.1551
2025-06-08 22:57:09,569 - INFO - Step 876000: Target network updated
2025-06-08 22:57:14,241 - INFO - Episode 684: Reward = -0.5334, Portfolio = $3516.70, Return = -64.83%, Cash = $1045.23, Crypto = 0.095670, Steps = 1282
2025-06-08 22:57:14,835 - INFO - Step 877000: Loss = 0.000423, Epsilon = 0.1541
2025-06-08 22:57:20,115 - INFO - Step 878000: Loss = 0.000348, Epsilon = 0.1531
2025-06-08 22:57:20,115 - INFO - Step 878000: Target network updated
2025-06-08 22:57:21,007 - INFO - Episode 685: Reward = -0.5266, Portfolio = $2602.28, Return = -73.98%, Cash = $1107.16, Crypto = 0.057876, Steps = 1282
2025-06-08 22:57:25,371 - INFO - Step 879000: Loss = 0.000164, Epsilon = 0.1522
2025-06-08 22:57:27,637 - INFO - Episode 686: Reward = -0.2462, Portfolio = $3024.45, Return = -69.76%, Cash = $1630.56, Crypto = 0.053957, Steps = 1282
2025-06-08 22:57:30,309 - INFO - Step 880000: Loss = 0.000066, Epsilon = 0.1512
2025-06-08 22:57:30,309 - INFO - Step 880000: Target network updated
2025-06-08 22:57:33,887 - INFO - Episode 687: Reward = -0.1764, Portfolio = $4327.25, Return = -56.73%, Cash = $2219.11, Crypto = 0.081605, Steps = 1282
2025-06-08 22:57:35,257 - INFO - Step 881000: Loss = 0.000041, Epsilon = 0.1502
2025-06-08 22:57:40,516 - INFO - Step 882000: Loss = 0.000058, Epsilon = 0.1493
2025-06-08 22:57:40,516 - INFO - Step 882000: Target network updated
2025-06-08 22:57:40,597 - INFO - Episode 688: Reward = -0.0070, Portfolio = $5801.47, Return = -41.99%, Cash = $3115.97, Crypto = 0.103955, Steps = 1282
2025-06-08 22:57:45,624 - INFO - Step 883000: Loss = 0.000103, Epsilon = 0.1483
2025-06-08 22:57:47,076 - INFO - Episode 689: Reward = -0.0245, Portfolio = $9327.49, Return = -6.73%, Cash = $1310.23, Crypto = 0.310345, Steps = 1282
2025-06-08 22:57:50,533 - INFO - Step 884000: Loss = 0.000254, Epsilon = 0.1473
2025-06-08 22:57:50,533 - INFO - Step 884000: Target network updated
2025-06-08 22:57:53,566 - INFO - Episode 690: Reward = 0.1460, Portfolio = $9573.59, Return = -4.26%, Cash = $2816.65, Crypto = 0.261559, Steps = 1282
2025-06-08 22:57:53,567 - INFO - Episode 690 Summary: Avg Reward (100 eps) = -1.4769, Avg Portfolio (100 eps) = $4762.91, Epsilon = 0.147
2025-06-08 22:57:55,848 - INFO - Step 885000: Loss = 0.000105, Epsilon = 0.1464
2025-06-08 22:58:00,577 - INFO - Episode 691: Reward = 0.0409, Portfolio = $9042.14, Return = -9.58%, Cash = $2275.62, Crypto = 0.261930, Steps = 1282
2025-06-08 22:58:01,308 - INFO - Step 886000: Loss = 0.000092, Epsilon = 0.1454
2025-06-08 22:58:01,309 - INFO - Step 886000: Target network updated
2025-06-08 22:58:06,629 - INFO - Step 887000: Loss = 0.000029, Epsilon = 0.1445
2025-06-08 22:58:07,404 - INFO - Episode 692: Reward = 0.0992, Portfolio = $6338.22, Return = -36.62%, Cash = $804.52, Crypto = 0.214208, Steps = 1282
2025-06-08 22:58:11,927 - INFO - Step 888000: Loss = 0.000094, Epsilon = 0.1435
2025-06-08 22:58:11,927 - INFO - Step 888000: Target network updated
2025-06-08 22:58:14,087 - INFO - Episode 693: Reward = 0.3125, Portfolio = $12205.82, Return = 22.06%, Cash = $3340.14, Crypto = 0.343187, Steps = 1282
2025-06-08 22:58:16,988 - INFO - Step 889000: Loss = 0.000208, Epsilon = 0.1425
2025-06-08 22:58:20,526 - INFO - Episode 694: Reward = -0.3119, Portfolio = $4327.96, Return = -56.72%, Cash = $770.14, Crypto = 0.137722, Steps = 1282
2025-06-08 22:58:22,030 - INFO - Step 890000: Loss = 0.000063, Epsilon = 0.1416
2025-06-08 22:58:22,031 - INFO - Step 890000: Target network updated
2025-06-08 22:58:27,348 - INFO - Episode 695: Reward = 0.1556, Portfolio = $9620.48, Return = -3.80%, Cash = $2939.84, Crypto = 0.258605, Steps = 1282
2025-06-08 22:58:27,409 - INFO - Step 891000: Loss = 0.000085, Epsilon = 0.1406
2025-06-08 22:58:32,752 - INFO - Step 892000: Loss = 0.000116, Epsilon = 0.1396
2025-06-08 22:58:32,752 - INFO - Step 892000: Target network updated
2025-06-08 22:58:34,195 - INFO - Episode 696: Reward = -0.1197, Portfolio = $5419.36, Return = -45.81%, Cash = $2604.23, Crypto = 0.108973, Steps = 1282
2025-06-08 22:58:38,098 - INFO - Step 893000: Loss = 0.008888, Epsilon = 0.1387
2025-06-08 22:58:41,035 - INFO - Episode 697: Reward = -0.2001, Portfolio = $3971.43, Return = -60.29%, Cash = $2841.32, Crypto = 0.043746, Steps = 1282
2025-06-08 22:58:43,424 - INFO - Step 894000: Loss = 0.000038, Epsilon = 0.1377
2025-06-08 22:58:43,425 - INFO - Step 894000: Target network updated
2025-06-08 22:58:47,716 - INFO - Episode 698: Reward = 0.1148, Portfolio = $7932.12, Return = -20.68%, Cash = $5448.12, Crypto = 0.096155, Steps = 1282
2025-06-08 22:58:48,574 - INFO - Step 895000: Loss = 0.000611, Epsilon = 0.1367
2025-06-08 22:58:53,846 - INFO - Step 896000: Loss = 0.000070, Epsilon = 0.1358
2025-06-08 22:58:53,846 - INFO - Step 896000: Target network updated
2025-06-08 22:58:54,458 - INFO - Episode 699: Reward = -0.4718, Portfolio = $2801.24, Return = -71.99%, Cash = $2505.09, Crypto = 0.011464, Steps = 1282
2025-06-08 22:58:59,214 - INFO - Step 897000: Loss = 0.000071, Epsilon = 0.1348
2025-06-08 22:59:01,289 - INFO - Episode 700: Reward = -2.2210, Portfolio = $1061.15, Return = -89.39%, Cash = $738.96, Crypto = 0.012472, Steps = 1282
2025-06-08 22:59:01,289 - INFO - Episode 700 Summary: Avg Reward (100 eps) = -1.4007, Avg Portfolio (100 eps) = $4946.21, Epsilon = 0.134
2025-06-08 22:59:01,289 - INFO - 
Detailed steps for Episode 700:
2025-06-08 22:59:01,289 - INFO - Step | Action | Price    | RSI   | PnL%   | Cash%  | Pos%   | Reward    | Portfolio
2025-06-08 22:59:01,289 - INFO - ----------------------------------------------------------------------------------------------------
2025-06-08 22:59:01,289 - INFO -    0 | HOLD |  7909.73 |  21.9 |   0.00 |  100.0 |    0.0 |    0.0000 | $  10000.00
2025-06-08 22:59:01,289 - INFO -    1 | BUY  |  7911.43 |  24.3 |   0.00 |  100.0 |    0.0 |   -0.0049 | $   9950.98
2025-06-08 22:59:01,289 - INFO -    2 | BUY  |  4970.79 |  29.9 |   0.00 |   75.0 |   24.5 |   -0.0952 | $   9003.20
2025-06-08 22:59:01,289 - INFO -    3 | BUY  |  5563.71 |  13.1 | -21.24 |   56.2 |   33.8 |    0.0417 | $   9378.58
2025-06-08 22:59:01,289 - INFO -    4 | SELL |  5200.37 |  22.5 |  -8.96 |   42.2 |   51.6 |   -0.0424 | $   8981.33
2025-06-08 22:59:01,289 - INFO -    5 | BUY  |  5392.31 |  21.4 | -14.91 |   53.6 |   36.2 |    0.0119 | $   9088.54
2025-06-08 22:59:01,289 - INFO -    6 | BUY  |  5014.48 |  24.0 |  -8.99 |   40.2 |   50.7 |   -0.0412 | $   8713.89
2025-06-08 22:59:01,289 - INFO -    7 | BUY  |  5225.63 |  18.7 | -13.05 |   30.2 |   57.0 |    0.0258 | $   8938.97
2025-06-08 22:59:01,289 - INFO -    8 | BUY  |  5238.44 |  21.7 |  -8.44 |   22.6 |   66.8 |    0.0006 | $   8944.24
2025-06-08 22:59:01,289 - INFO -    9 | BUY  |  6191.19 |  22.0 |  -7.63 |   17.0 |   72.5 |    0.1464 | $  10253.99
2025-06-08 22:59:01,289 - INFO -   ...    ...      ...       ...     ...     ...      ...      ...         ...
2025-06-08 22:59:01,289 - INFO - 1272 | SELL | 25969.57 |  47.6 |  -3.60 |    6.4 |    4.3 |   -0.0039 | $   1062.85
2025-06-08 22:59:01,289 - INFO - 1273 | HOLD | 25812.42 |  47.7 |  -3.23 |    7.4 |    3.2 |   -0.0035 | $   1060.89
2025-06-08 22:59:01,289 - INFO - 1274 | HOLD | 25779.98 |  46.8 |  -3.81 |    7.4 |    3.2 |   -0.0030 | $   1060.48
2025-06-08 22:59:01,289 - INFO - 1275 | HOLD | 25753.24 |  47.4 |  -3.93 |    7.4 |    3.2 |   -0.0021 | $   1060.15
2025-06-08 22:59:01,289 - INFO - 1276 | HOLD | 26240.20 |  42.4 |  -4.03 |    7.4 |    3.2 |   -0.0013 | $   1066.22
2025-06-08 22:59:01,289 - INFO - 1277 | HOLD | 25905.65 |  50.8 |  -2.22 |    7.4 |    3.3 |   -0.0015 | $   1062.05
2025-06-08 22:59:01,289 - INFO - 1278 | HOLD | 25895.68 |  48.5 |  -3.47 |    7.4 |    3.2 |   -0.0013 | $   1061.93
2025-06-08 22:59:01,289 - INFO - 1279 | HOLD | 25832.23 |  48.8 |  -3.50 |    7.4 |    3.2 |   -0.0011 | $   1061.14
2025-06-08 22:59:01,289 - INFO - 1280 | HOLD | 25162.65 |  47.3 |  -3.74 |    7.4 |    3.2 |   -0.0011 | $   1052.79
2025-06-08 22:59:01,289 - INFO - 1281 | HOLD | 25833.34 |  41.4 |  -6.23 |    7.4 |    3.1 |   -0.0010 | $   1061.15
2025-06-08 22:59:01,289 - INFO - 
Action distribution for Episode 700:
2025-06-08 22:59:01,289 - INFO -   HOLD:  645 ( 50.3%)
2025-06-08 22:59:01,289 - INFO -   BUY:   308 ( 24.0%)
2025-06-08 22:59:01,289 - INFO -   SELL:  329 ( 25.7%)
2025-06-08 22:59:01,289 - INFO - ----------------------------------------------------------------------------------------------------
2025-06-08 22:59:04,479 - INFO - Step 898000: Loss = 0.000035, Epsilon = 0.1338
2025-06-08 22:59:04,479 - INFO - Step 898000: Target network updated
2025-06-08 22:59:08,119 - INFO - Episode 701: Reward = -0.1270, Portfolio = $9311.88, Return = -6.88%, Cash = $2062.64, Crypto = 0.280615, Steps = 1282
2025-06-08 22:59:09,829 - INFO - Step 899000: Loss = 0.000197, Epsilon = 0.1329
2025-06-08 22:59:14,995 - INFO - Episode 702: Reward = 0.1657, Portfolio = $15520.31, Return = 55.20%, Cash = $1800.40, Crypto = 0.531093, Steps = 1282
2025-06-08 22:59:15,194 - INFO - Step 900000: Loss = 0.000083, Epsilon = 0.1319
2025-06-08 22:59:15,195 - INFO - Step 900000: Target network updated
2025-06-08 22:59:20,488 - INFO - Step 901000: Loss = 0.000040, Epsilon = 0.1310
2025-06-08 22:59:21,718 - INFO - Episode 703: Reward = -0.1856, Portfolio = $7042.35, Return = -29.58%, Cash = $978.43, Crypto = 0.234732, Steps = 1282
2025-06-08 22:59:25,554 - INFO - Step 902000: Loss = 0.000076, Epsilon = 0.1300
2025-06-08 22:59:25,554 - INFO - Step 902000: Target network updated
2025-06-08 22:59:28,347 - INFO - Episode 704: Reward = -0.1984, Portfolio = $9574.66, Return = -4.25%, Cash = $3994.70, Crypto = 0.215998, Steps = 1282
2025-06-08 22:59:30,852 - INFO - Step 903000: Loss = 0.000064, Epsilon = 0.1290
2025-06-08 22:59:35,211 - INFO - Episode 705: Reward = -0.0002, Portfolio = $13413.73, Return = 34.14%, Cash = $4965.91, Crypto = 0.327012, Steps = 1282
2025-06-08 22:59:36,224 - INFO - Step 904000: Loss = 0.000042, Epsilon = 0.1281
2025-06-08 22:59:36,225 - INFO - Step 904000: Target network updated
2025-06-08 22:59:41,513 - INFO - Step 905000: Loss = 0.000539, Epsilon = 0.1271
2025-06-08 22:59:41,996 - INFO - Episode 706: Reward = -0.0240, Portfolio = $11371.21, Return = 13.71%, Cash = $1407.25, Crypto = 0.385702, Steps = 1282
2025-06-08 22:59:46,785 - INFO - Step 906000: Loss = 0.000048, Epsilon = 0.1261
2025-06-08 22:59:46,786 - INFO - Step 906000: Target network updated
2025-06-08 22:59:48,741 - INFO - Episode 707: Reward = -0.0843, Portfolio = $8455.08, Return = -15.45%, Cash = $1956.82, Crypto = 0.251545, Steps = 1282
2025-06-08 22:59:52,035 - INFO - Step 907000: Loss = 0.000032, Epsilon = 0.1252
2025-06-08 22:59:55,463 - INFO - Episode 708: Reward = -0.1081, Portfolio = $4588.50, Return = -54.11%, Cash = $1594.68, Crypto = 0.115890, Steps = 1282
2025-06-08 22:59:57,280 - INFO - Step 908000: Loss = 0.000141, Epsilon = 0.1242
2025-06-08 22:59:57,281 - INFO - Step 908000: Target network updated
2025-06-08 23:00:02,180 - INFO - Episode 709: Reward = 0.0879, Portfolio = $9632.46, Return = -3.68%, Cash = $1924.13, Crypto = 0.298387, Steps = 1282
2025-06-08 23:00:02,512 - INFO - Step 909000: Loss = 0.000032, Epsilon = 0.1232
2025-06-08 23:00:07,805 - INFO - Step 910000: Loss = 0.000097, Epsilon = 0.1223
2025-06-08 23:00:07,805 - INFO - Step 910000: Target network updated
2025-06-08 23:00:08,972 - INFO - Episode 710: Reward = 0.1697, Portfolio = $10666.24, Return = 6.66%, Cash = $3436.89, Crypto = 0.279846, Steps = 1282
2025-06-08 23:00:08,972 - INFO - Episode 710 Summary: Avg Reward (100 eps) = -1.2462, Avg Portfolio (100 eps) = $5381.21, Epsilon = 0.122
2025-06-08 23:00:13,087 - INFO - Step 911000: Loss = 0.000033, Epsilon = 0.1213
2025-06-08 23:00:15,721 - INFO - Episode 711: Reward = -0.7908, Portfolio = $5069.24, Return = -49.31%, Cash = $3137.91, Crypto = 0.074761, Steps = 1282
2025-06-08 23:00:18,402 - INFO - Step 912000: Loss = 0.000043, Epsilon = 0.1203
2025-06-08 23:00:18,402 - INFO - Step 912000: Target network updated
2025-06-08 23:00:22,614 - INFO - Episode 712: Reward = -0.5396, Portfolio = $2973.64, Return = -70.26%, Cash = $2623.00, Crypto = 0.013573, Steps = 1282
2025-06-08 23:00:23,763 - INFO - Step 913000: Loss = 0.000025, Epsilon = 0.1194
2025-06-08 23:00:29,132 - INFO - Step 914000: Loss = 0.000082, Epsilon = 0.1184
2025-06-08 23:00:29,132 - INFO - Step 914000: Target network updated
2025-06-08 23:00:29,515 - INFO - Episode 713: Reward = -0.6959, Portfolio = $4341.68, Return = -56.58%, Cash = $1254.04, Crypto = 0.119521, Steps = 1282
2025-06-08 23:00:34,628 - INFO - Step 915000: Loss = 0.000094, Epsilon = 0.1174
2025-06-08 23:00:36,420 - INFO - Episode 714: Reward = -1.7161, Portfolio = $4482.64, Return = -55.17%, Cash = $2820.98, Crypto = 0.064322, Steps = 1282
2025-06-08 23:00:39,894 - INFO - Step 916000: Loss = 0.022629, Epsilon = 0.1165
2025-06-08 23:00:39,895 - INFO - Step 916000: Target network updated
2025-06-08 23:00:43,258 - INFO - Episode 715: Reward = -0.1777, Portfolio = $7503.20, Return = -24.97%, Cash = $2066.72, Crypto = 0.210444, Steps = 1282
2025-06-08 23:00:45,230 - INFO - Step 917000: Loss = 0.000281, Epsilon = 0.1155
2025-06-08 23:00:50,094 - INFO - Episode 716: Reward = -0.2154, Portfolio = $11878.50, Return = 18.79%, Cash = $6310.67, Crypto = 0.215529, Steps = 1282
2025-06-08 23:00:50,563 - INFO - Step 918000: Loss = 0.000038, Epsilon = 0.1146
2025-06-08 23:00:50,564 - INFO - Step 918000: Target network updated
2025-06-08 23:00:55,871 - INFO - Step 919000: Loss = 0.000047, Epsilon = 0.1136
2025-06-08 23:00:56,895 - INFO - Episode 717: Reward = -1.0567, Portfolio = $12212.25, Return = 22.12%, Cash = $11980.41, Crypto = 0.008974, Steps = 1282
2025-06-08 23:01:01,163 - INFO - Step 920000: Loss = 0.000040, Epsilon = 0.1126
2025-06-08 23:01:01,164 - INFO - Step 920000: Target network updated
2025-06-08 23:01:03,697 - INFO - Episode 718: Reward = -0.5110, Portfolio = $4921.66, Return = -50.78%, Cash = $564.00, Crypto = 0.168683, Steps = 1282
2025-06-08 23:01:06,489 - INFO - Step 921000: Loss = 0.000039, Epsilon = 0.1117
2025-06-08 23:01:10,518 - INFO - Episode 719: Reward = -0.5623, Portfolio = $17444.77, Return = 74.45%, Cash = $4975.78, Crypto = 0.482670, Steps = 1282
2025-06-08 23:01:11,816 - INFO - Step 922000: Loss = 0.000208, Epsilon = 0.1107
2025-06-08 23:01:11,817 - INFO - Step 922000: Target network updated
2025-06-08 23:01:17,168 - INFO - Step 923000: Loss = 0.000057, Epsilon = 0.1097
2025-06-08 23:01:17,375 - INFO - Episode 720: Reward = -0.1125, Portfolio = $6771.00, Return = -32.29%, Cash = $767.58, Crypto = 0.232390, Steps = 1282
2025-06-08 23:01:17,376 - INFO - Episode 720 Summary: Avg Reward (100 eps) = -1.1747, Avg Portfolio (100 eps) = $5622.55, Epsilon = 0.110
2025-06-08 23:01:22,476 - INFO - Step 924000: Loss = 0.000052, Epsilon = 0.1088
2025-06-08 23:01:22,477 - INFO - Step 924000: Target network updated
2025-06-08 23:01:24,174 - INFO - Episode 721: Reward = 0.1923, Portfolio = $10846.98, Return = 8.47%, Cash = $5241.01, Crypto = 0.217005, Steps = 1282
2025-06-08 23:01:27,773 - INFO - Step 925000: Loss = 0.000063, Epsilon = 0.1078
2025-06-08 23:01:30,977 - INFO - Episode 722: Reward = 0.1679, Portfolio = $11907.54, Return = 19.08%, Cash = $2330.22, Crypto = 0.370735, Steps = 1282
2025-06-08 23:01:33,070 - INFO - Step 926000: Loss = 0.000027, Epsilon = 0.1068
2025-06-08 23:01:33,071 - INFO - Step 926000: Target network updated
2025-06-08 23:01:37,772 - INFO - Episode 723: Reward = -1.5473, Portfolio = $14487.27, Return = 44.87%, Cash = $7479.01, Crypto = 0.271287, Steps = 1282
2025-06-08 23:01:38,385 - INFO - Step 927000: Loss = 0.000073, Epsilon = 0.1059
2025-06-08 23:01:43,727 - INFO - Step 928000: Loss = 0.000025, Epsilon = 0.1049
2025-06-08 23:01:43,727 - INFO - Step 928000: Target network updated
2025-06-08 23:01:44,622 - INFO - Episode 724: Reward = -0.2272, Portfolio = $12299.82, Return = 23.00%, Cash = $4769.39, Crypto = 0.291500, Steps = 1282
2025-06-08 23:01:49,066 - INFO - Step 929000: Loss = 0.000068, Epsilon = 0.1039
2025-06-08 23:01:51,314 - INFO - Episode 725: Reward = 0.0956, Portfolio = $10353.40, Return = 3.53%, Cash = $1604.12, Crypto = 0.338682, Steps = 1282
2025-06-08 23:01:54,081 - INFO - Step 930000: Loss = 0.000259, Epsilon = 0.1030
2025-06-08 23:01:54,081 - INFO - Step 930000: Target network updated
2025-06-08 23:01:57,736 - INFO - Episode 726: Reward = -0.9405, Portfolio = $10200.05, Return = 2.00%, Cash = $4674.28, Crypto = 0.213900, Steps = 1282
2025-06-08 23:01:59,130 - INFO - Step 931000: Loss = 0.000054, Epsilon = 0.1020
2025-06-08 23:02:04,143 - INFO - Step 932000: Loss = 0.000055, Epsilon = 0.1011
2025-06-08 23:02:04,144 - INFO - Step 932000: Target network updated
2025-06-08 23:02:04,210 - INFO - Episode 727: Reward = -0.1399, Portfolio = $10140.08, Return = 1.40%, Cash = $1191.41, Crypto = 0.346400, Steps = 1282
2025-06-08 23:02:09,236 - INFO - Step 933000: Loss = 0.000033, Epsilon = 0.1001
2025-06-08 23:02:10,691 - INFO - Episode 728: Reward = -0.7230, Portfolio = $15574.13, Return = 55.74%, Cash = $4201.34, Crypto = 0.440237, Steps = 1282
2025-06-08 23:02:14,143 - INFO - Step 934000: Loss = 0.000066, Epsilon = 0.0991
2025-06-08 23:02:14,143 - INFO - Step 934000: Target network updated
2025-06-08 23:02:17,039 - INFO - Episode 729: Reward = 0.1130, Portfolio = $10299.98, Return = 3.00%, Cash = $5770.45, Crypto = 0.175336, Steps = 1282
2025-06-08 23:02:19,129 - INFO - Step 935000: Loss = 0.000038, Epsilon = 0.0982
2025-06-08 23:02:23,489 - INFO - Episode 730: Reward = -0.9227, Portfolio = $8069.04, Return = -19.31%, Cash = $7676.45, Crypto = 0.015197, Steps = 1282
2025-06-08 23:02:23,489 - INFO - Episode 730 Summary: Avg Reward (100 eps) = -1.0995, Avg Portfolio (100 eps) = $6270.27, Epsilon = 0.097
2025-06-08 23:02:24,254 - INFO - Step 936000: Loss = 0.000053, Epsilon = 0.0972
2025-06-08 23:02:24,254 - INFO - Step 936000: Target network updated
2025-06-08 23:02:29,296 - INFO - Step 937000: Loss = 0.000178, Epsilon = 0.0962
2025-06-08 23:02:30,013 - INFO - Episode 731: Reward = -0.3110, Portfolio = $5521.67, Return = -44.78%, Cash = $2851.99, Crypto = 0.103343, Steps = 1282
2025-06-08 23:02:34,572 - INFO - Step 938000: Loss = 0.000033, Epsilon = 0.0953
2025-06-08 23:02:34,573 - INFO - Step 938000: Target network updated
2025-06-08 23:02:36,837 - INFO - Episode 732: Reward = -1.8243, Portfolio = $14781.13, Return = 47.81%, Cash = $1900.95, Crypto = 0.498587, Steps = 1282
2025-06-08 23:02:39,930 - INFO - Step 939000: Loss = 0.000040, Epsilon = 0.0943
2025-06-08 23:02:43,715 - INFO - Episode 733: Reward = -1.0238, Portfolio = $18250.58, Return = 82.51%, Cash = $9261.01, Crypto = 0.347983, Steps = 1282
2025-06-08 23:02:45,309 - INFO - Step 940000: Loss = 0.000028, Epsilon = 0.0933
2025-06-08 23:02:45,309 - INFO - Step 940000: Target network updated
2025-06-08 23:02:50,610 - INFO - Episode 734: Reward = -0.3423, Portfolio = $5898.73, Return = -41.01%, Cash = $670.81, Crypto = 0.202371, Steps = 1282
2025-06-08 23:02:50,679 - INFO - Step 941000: Loss = 0.000033, Epsilon = 0.0924
2025-06-08 23:02:56,053 - INFO - Step 942000: Loss = 0.000038, Epsilon = 0.0914
2025-06-08 23:02:56,053 - INFO - Step 942000: Target network updated
2025-06-08 23:02:57,687 - INFO - Episode 735: Reward = -0.8066, Portfolio = $4654.98, Return = -53.45%, Cash = $924.89, Crypto = 0.144391, Steps = 1282
2025-06-08 23:03:01,520 - INFO - Step 943000: Loss = 0.000058, Epsilon = 0.0904
2025-06-08 23:03:04,456 - INFO - Episode 736: Reward = -0.9866, Portfolio = $2443.42, Return = -75.57%, Cash = $1179.29, Crypto = 0.048934, Steps = 1282
2025-06-08 23:03:06,796 - INFO - Step 944000: Loss = 0.000021, Epsilon = 0.0895
2025-06-08 23:03:06,796 - INFO - Step 944000: Target network updated
2025-06-08 23:03:11,233 - INFO - Episode 737: Reward = -1.5359, Portfolio = $3560.29, Return = -64.40%, Cash = $1394.72, Crypto = 0.083829, Steps = 1282
2025-06-08 23:03:12,118 - INFO - Step 945000: Loss = 0.000045, Epsilon = 0.0885
2025-06-08 23:03:17,518 - INFO - Step 946000: Loss = 0.000070, Epsilon = 0.0875
2025-06-08 23:03:17,518 - INFO - Step 946000: Target network updated
2025-06-08 23:03:18,155 - INFO - Episode 738: Reward = -2.0544, Portfolio = $3397.87, Return = -66.02%, Cash = $2854.05, Crypto = 0.021051, Steps = 1282
2025-06-08 23:03:22,791 - INFO - Step 947000: Loss = 0.000042, Epsilon = 0.0866
2025-06-08 23:03:24,868 - INFO - Episode 739: Reward = -1.0074, Portfolio = $7719.59, Return = -22.80%, Cash = $2576.26, Crypto = 0.199097, Steps = 1282
2025-06-08 23:03:28,030 - INFO - Step 948000: Loss = 0.000049, Epsilon = 0.0856
2025-06-08 23:03:28,031 - INFO - Step 948000: Target network updated
2025-06-08 23:03:31,588 - INFO - Episode 740: Reward = -4.6753, Portfolio = $5752.87, Return = -42.47%, Cash = $1475.07, Crypto = 0.165592, Steps = 1282
2025-06-08 23:03:31,589 - INFO - Episode 740 Summary: Avg Reward (100 eps) = -1.1355, Avg Portfolio (100 eps) = $6697.52, Epsilon = 0.085
2025-06-08 23:03:33,199 - INFO - Step 949000: Loss = 0.000059, Epsilon = 0.0847
2025-06-08 23:03:38,248 - INFO - Episode 741: Reward = -1.1796, Portfolio = $17355.21, Return = 73.55%, Cash = $11823.46, Crypto = 0.214132, Steps = 1282
2025-06-08 23:03:38,458 - INFO - Step 950000: Loss = 0.000076, Epsilon = 0.0837
2025-06-08 23:03:38,459 - INFO - Step 950000: Target network updated
2025-06-08 23:03:43,816 - INFO - Step 951000: Loss = 0.000025, Epsilon = 0.0827
2025-06-08 23:03:45,118 - INFO - Episode 742: Reward = -2.1968, Portfolio = $10630.41, Return = 6.30%, Cash = $4876.20, Crypto = 0.222744, Steps = 1282
2025-06-08 23:03:49,142 - INFO - Step 952000: Loss = 0.000139, Epsilon = 0.0818
2025-06-08 23:03:49,142 - INFO - Step 952000: Target network updated
2025-06-08 23:03:51,929 - INFO - Episode 743: Reward = -1.4116, Portfolio = $7210.29, Return = -27.90%, Cash = $2758.18, Crypto = 0.172340, Steps = 1282
2025-06-08 23:03:54,495 - INFO - Step 953000: Loss = 0.000038, Epsilon = 0.0808
2025-06-08 23:03:58,993 - INFO - Episode 744: Reward = -2.4610, Portfolio = $17064.43, Return = 70.64%, Cash = $11717.05, Crypto = 0.206995, Steps = 1282
2025-06-08 23:04:00,039 - INFO - Step 954000: Loss = 0.000050, Epsilon = 0.0798
2025-06-08 23:04:00,039 - INFO - Step 954000: Target network updated
2025-06-08 23:04:05,425 - INFO - Step 955000: Loss = 0.000079, Epsilon = 0.0789
2025-06-08 23:04:05,917 - INFO - Episode 745: Reward = -0.7887, Portfolio = $14660.11, Return = 46.60%, Cash = $832.01, Crypto = 0.535281, Steps = 1282
2025-06-08 23:04:10,846 - INFO - Step 956000: Loss = 0.000009, Epsilon = 0.0779
2025-06-08 23:04:10,846 - INFO - Step 956000: Target network updated
2025-06-08 23:04:12,946 - INFO - Episode 746: Reward = -0.8685, Portfolio = $4398.63, Return = -56.01%, Cash = $1480.71, Crypto = 0.112952, Steps = 1282
2025-06-08 23:04:16,338 - INFO - Step 957000: Loss = 0.000029, Epsilon = 0.0769
2025-06-08 23:04:19,686 - INFO - Episode 747: Reward = -0.6946, Portfolio = $7950.50, Return = -20.49%, Cash = $3476.99, Crypto = 0.173168, Steps = 1282
2025-06-08 23:04:21,384 - INFO - Step 958000: Loss = 0.000045, Epsilon = 0.0760
2025-06-08 23:04:21,384 - INFO - Step 958000: Target network updated
2025-06-08 23:04:25,981 - INFO - Episode 748: Reward = -0.5541, Portfolio = $6766.77, Return = -32.33%, Cash = $4394.31, Crypto = 0.091837, Steps = 1282
2025-06-08 23:04:26,296 - INFO - Step 959000: Loss = 0.000041, Epsilon = 0.0750
2025-06-08 23:04:31,200 - INFO - Step 960000: Loss = 0.000034, Epsilon = 0.0740
2025-06-08 23:04:31,201 - INFO - Step 960000: Target network updated
2025-06-08 23:04:32,278 - INFO - Episode 749: Reward = -0.7585, Portfolio = $4225.17, Return = -57.75%, Cash = $747.10, Crypto = 0.134635, Steps = 1282
2025-06-08 23:04:36,301 - INFO - Step 961000: Loss = 0.000052, Epsilon = 0.0731
2025-06-08 23:04:38,899 - INFO - Episode 750: Reward = -0.7793, Portfolio = $7305.25, Return = -26.95%, Cash = $5351.97, Crypto = 0.075611, Steps = 1282
2025-06-08 23:04:38,899 - INFO - Episode 750 Summary: Avg Reward (100 eps) = -0.8923, Avg Portfolio (100 eps) = $7222.36, Epsilon = 0.073
2025-06-08 23:04:38,899 - INFO - 
Detailed steps for Episode 750:
2025-06-08 23:04:38,899 - INFO - Step | Action | Price    | RSI   | PnL%   | Cash%  | Pos%   | Reward    | Portfolio
2025-06-08 23:04:38,899 - INFO - ----------------------------------------------------------------------------------------------------
2025-06-08 23:04:38,899 - INFO -    0 | HOLD |  7909.73 |  21.9 |   0.00 |  100.0 |    0.0 |    0.0000 | $  10000.00
2025-06-08 23:04:38,899 - INFO -    1 | HOLD |  7911.43 |  24.3 |   0.00 |  100.0 |    0.0 |    0.0000 | $  10000.00
2025-06-08 23:04:38,899 - INFO -    2 | BUY  |  4970.79 |  29.9 |   0.00 |  100.0 |    0.0 |   -0.0049 | $   9950.98
2025-06-08 23:04:38,899 - INFO -    3 | HOLD |  5563.71 |  13.1 |   0.00 |   75.0 |   24.5 |    0.0294 | $  10243.33
2025-06-08 23:04:38,899 - INFO -    4 | BUY  |  5200.37 |  22.5 |  11.93 |   75.0 |   27.4 |   -0.0211 | $  10027.42
2025-06-08 23:04:38,899 - INFO -    5 | BUY  |  5392.31 |  21.4 |   2.64 |   56.2 |   44.0 |    0.0135 | $  10162.34
2025-06-08 23:04:38,899 - INFO -    6 | BUY  |  5014.48 |  24.0 |   4.86 |   42.2 |   59.4 |   -0.0430 | $   9725.20
2025-06-08 23:04:38,899 - INFO -    7 | BUY  |  5225.63 |  18.7 |  -2.10 |   31.6 |   65.6 |    0.0268 | $   9985.96
2025-06-08 23:04:38,899 - INFO -    8 | BUY  |  5238.44 |  21.7 |   1.81 |   23.7 |   76.1 |    0.0007 | $   9992.99
2025-06-08 23:04:38,899 - INFO -    9 | BUY  |  6191.19 |  22.0 |   1.91 |   17.8 |   82.1 |    0.1486 | $  11478.06
2025-06-08 23:04:38,899 - INFO -   ...    ...      ...       ...     ...     ...      ...      ...         ...
2025-06-08 23:04:38,899 - INFO - 1272 | HOLD | 25969.57 |  47.6 |  -7.55 |   45.0 |   29.3 |   -0.0039 | $   7443.67
2025-06-08 23:04:38,899 - INFO - 1273 | SELL | 25812.42 |  47.7 |  -7.19 |   45.0 |   29.4 |   -0.0039 | $   7389.27
2025-06-08 23:04:38,899 - INFO - 1274 | BUY  | 25779.98 |  46.8 |  -7.75 |   51.9 |   21.9 |   -0.0037 | $   7361.05
2025-06-08 23:04:38,899 - INFO - 1275 | HOLD | 25753.24 |  47.4 |  -5.13 |   39.0 |   34.7 |   -0.0028 | $   7357.45
2025-06-08 23:04:38,899 - INFO - 1276 | SELL | 26240.20 |  42.4 |  -5.22 |   39.0 |   34.6 |   -0.0021 | $   7378.82
2025-06-08 23:04:38,899 - INFO - 1277 | HOLD | 25905.65 |  50.8 |  -3.43 |   47.3 |   26.5 |   -0.0022 | $   7345.09
2025-06-08 23:04:38,899 - INFO - 1278 | HOLD | 25895.68 |  48.5 |  -4.66 |   47.3 |   26.1 |   -0.0024 | $   7344.09
2025-06-08 23:04:38,899 - INFO - 1279 | HOLD | 25832.23 |  48.8 |  -4.70 |   47.3 |   26.1 |   -0.0023 | $   7337.69
2025-06-08 23:04:38,899 - INFO - 1280 | HOLD | 25162.65 |  47.3 |  -4.93 |   47.3 |   26.0 |   -0.0026 | $   7270.19
2025-06-08 23:04:38,900 - INFO - 1281 | SELL | 25833.34 |  41.4 |  -7.40 |   47.3 |   25.4 |   -0.0029 | $   7305.25
2025-06-08 23:04:38,900 - INFO - 
Action distribution for Episode 750:
2025-06-08 23:04:38,900 - INFO -   HOLD:  776 ( 60.5%)
2025-06-08 23:04:38,900 - INFO -   BUY:   276 ( 21.5%)
2025-06-08 23:04:38,900 - INFO -   SELL:  230 ( 17.9%)
2025-06-08 23:04:38,900 - INFO - ----------------------------------------------------------------------------------------------------
2025-06-08 23:04:41,584 - INFO - Step 962000: Loss = 0.000126, Epsilon = 0.0721
2025-06-08 23:04:41,585 - INFO - Step 962000: Target network updated
2025-06-08 23:04:45,858 - INFO - Episode 751: Reward = -0.5226, Portfolio = $10495.08, Return = 4.95%, Cash = $6050.73, Crypto = 0.172039, Steps = 1282
2025-06-08 23:04:47,052 - INFO - Step 963000: Loss = 0.000069, Epsilon = 0.0712
2025-06-08 23:04:52,562 - INFO - Step 964000: Loss = 0.000034, Epsilon = 0.0702
2025-06-08 23:04:52,562 - INFO - Step 964000: Target network updated
2025-06-08 23:04:52,913 - INFO - Episode 752: Reward = -0.2831, Portfolio = $14612.59, Return = 46.13%, Cash = $4234.46, Crypto = 0.401734, Steps = 1282
2025-06-08 23:04:57,914 - INFO - Step 965000: Loss = 0.000025, Epsilon = 0.0692
2025-06-08 23:04:59,719 - INFO - Episode 753: Reward = -2.4047, Portfolio = $5704.95, Return = -42.95%, Cash = $1486.58, Crypto = 0.163292, Steps = 1282
2025-06-08 23:05:02,974 - INFO - Step 966000: Loss = 0.000038, Epsilon = 0.0683
2025-06-08 23:05:02,974 - INFO - Step 966000: Target network updated
2025-06-08 23:05:06,183 - INFO - Episode 754: Reward = -1.9826, Portfolio = $22769.50, Return = 127.69%, Cash = $10355.77, Crypto = 0.480531, Steps = 1282
2025-06-08 23:05:08,193 - INFO - Step 967000: Loss = 0.000021, Epsilon = 0.0673
2025-06-08 23:05:13,069 - INFO - Episode 755: Reward = -1.1446, Portfolio = $19820.26, Return = 98.20%, Cash = $3911.87, Crypto = 0.615808, Steps = 1282
2025-06-08 23:05:13,552 - INFO - Step 968000: Loss = 0.000033, Epsilon = 0.0663
2025-06-08 23:05:13,553 - INFO - Step 968000: Target network updated
2025-06-08 23:05:18,867 - INFO - Step 969000: Loss = 0.000033, Epsilon = 0.0654
2025-06-08 23:05:19,888 - INFO - Episode 756: Reward = -5.1232, Portfolio = $23284.18, Return = 132.84%, Cash = $12919.74, Crypto = 0.401204, Steps = 1282
2025-06-08 23:05:24,082 - INFO - Step 970000: Loss = 0.000021, Epsilon = 0.0644
2025-06-08 23:05:24,082 - INFO - Step 970000: Target network updated
2025-06-08 23:05:26,453 - INFO - Episode 757: Reward = -0.3161, Portfolio = $10073.88, Return = 0.74%, Cash = $2230.91, Crypto = 0.303598, Steps = 1282
2025-06-08 23:05:29,281 - INFO - Step 971000: Loss = 0.000010, Epsilon = 0.0634
2025-06-08 23:05:33,439 - INFO - Episode 758: Reward = -10.4359, Portfolio = $6052.70, Return = -39.47%, Cash = $674.46, Crypto = 0.208190, Steps = 1282
2025-06-08 23:05:34,765 - INFO - Step 972000: Loss = 0.000034, Epsilon = 0.0625
2025-06-08 23:05:34,765 - INFO - Step 972000: Target network updated
2025-06-08 23:05:39,785 - INFO - Step 973000: Loss = 0.000021, Epsilon = 0.0615
2025-06-08 23:05:39,973 - INFO - Episode 759: Reward = 0.1873, Portfolio = $25113.08, Return = 151.13%, Cash = $7422.00, Crypto = 0.684816, Steps = 1282
2025-06-08 23:05:44,736 - INFO - Step 974000: Loss = 0.000030, Epsilon = 0.0605
2025-06-08 23:05:44,737 - INFO - Step 974000: Target network updated
2025-06-08 23:05:46,313 - INFO - Episode 760: Reward = -0.5480, Portfolio = $3552.42, Return = -64.48%, Cash = $353.06, Crypto = 0.123846, Steps = 1282
2025-06-08 23:05:46,313 - INFO - Episode 760 Summary: Avg Reward (100 eps) = -0.9228, Avg Portfolio (100 eps) = $8404.00, Epsilon = 0.060
2025-06-08 23:05:49,738 - INFO - Step 975000: Loss = 0.000032, Epsilon = 0.0596
2025-06-08 23:05:52,946 - INFO - Episode 761: Reward = -0.6140, Portfolio = $11700.78, Return = 17.01%, Cash = $1737.08, Crypto = 0.385692, Steps = 1282
2025-06-08 23:05:54,928 - INFO - Step 976000: Loss = 0.000031, Epsilon = 0.0586
2025-06-08 23:05:54,929 - INFO - Step 976000: Target network updated
2025-06-08 23:05:59,552 - INFO - Episode 762: Reward = 0.0404, Portfolio = $14091.07, Return = 40.91%, Cash = $13351.22, Crypto = 0.028639, Steps = 1282
2025-06-08 23:06:00,176 - INFO - Step 977000: Loss = 0.000026, Epsilon = 0.0576
2025-06-08 23:06:05,358 - INFO - Step 978000: Loss = 0.000044, Epsilon = 0.0567
2025-06-08 23:06:05,358 - INFO - Step 978000: Target network updated
2025-06-08 23:06:06,170 - INFO - Episode 763: Reward = -0.2216, Portfolio = $8031.67, Return = -19.68%, Cash = $4821.68, Crypto = 0.124258, Steps = 1282
2025-06-08 23:06:10,276 - INFO - Step 979000: Loss = 0.000087, Epsilon = 0.0557
2025-06-08 23:06:12,627 - INFO - Episode 764: Reward = -0.2163, Portfolio = $12060.89, Return = 20.61%, Cash = $4124.67, Crypto = 0.307209, Steps = 1282
2025-06-08 23:06:15,455 - INFO - Step 980000: Loss = 0.000059, Epsilon = 0.0548
2025-06-08 23:06:15,456 - INFO - Step 980000: Target network updated
2025-06-08 23:06:19,039 - INFO - Episode 765: Reward = 0.1173, Portfolio = $11779.38, Return = 17.79%, Cash = $5406.61, Crypto = 0.246688, Steps = 1282
2025-06-08 23:06:20,394 - INFO - Step 981000: Loss = 0.000244, Epsilon = 0.0538
2025-06-08 23:06:25,564 - INFO - Step 982000: Loss = 0.000306, Epsilon = 0.0528
2025-06-08 23:06:25,564 - INFO - Step 982000: Target network updated
2025-06-08 23:06:25,626 - INFO - Episode 766: Reward = -0.0252, Portfolio = $10766.94, Return = 7.67%, Cash = $2223.27, Crypto = 0.330722, Steps = 1282
2025-06-08 23:06:30,958 - INFO - Step 983000: Loss = 0.000020, Epsilon = 0.0519
2025-06-08 23:06:32,558 - INFO - Episode 767: Reward = -0.6534, Portfolio = $8521.45, Return = -14.79%, Cash = $882.71, Crypto = 0.295693, Steps = 1282
2025-06-08 23:06:36,422 - INFO - Step 984000: Loss = 0.000035, Epsilon = 0.0509
2025-06-08 23:06:36,422 - INFO - Step 984000: Target network updated
2025-06-08 23:06:39,532 - INFO - Episode 768: Reward = -0.3863, Portfolio = $5116.78, Return = -48.83%, Cash = $4343.78, Crypto = 0.029922, Steps = 1282
2025-06-08 23:06:41,819 - INFO - Step 985000: Loss = 0.000159, Epsilon = 0.0499
2025-06-08 23:06:46,418 - INFO - Episode 769: Reward = -0.2442, Portfolio = $9176.08, Return = -8.24%, Cash = $2970.92, Crypto = 0.240200, Steps = 1282
2025-06-08 23:06:47,188 - INFO - Step 986000: Loss = 0.000024, Epsilon = 0.0490
2025-06-08 23:06:47,189 - INFO - Step 986000: Target network updated
2025-06-08 23:06:52,525 - INFO - Step 987000: Loss = 0.000340, Epsilon = 0.0480
2025-06-08 23:06:53,274 - INFO - Episode 770: Reward = 0.1306, Portfolio = $21553.74, Return = 115.54%, Cash = $5973.83, Crypto = 0.603093, Steps = 1282
2025-06-08 23:06:53,274 - INFO - Episode 770 Summary: Avg Reward (100 eps) = -0.7002, Avg Portfolio (100 eps) = $9006.55, Epsilon = 0.048
2025-06-08 23:06:57,866 - INFO - Step 988000: Loss = 0.000079, Epsilon = 0.0470
2025-06-08 23:06:57,867 - INFO - Step 988000: Target network updated
2025-06-08 23:07:00,114 - INFO - Episode 771: Reward = 0.0488, Portfolio = $13244.77, Return = 32.45%, Cash = $9079.38, Crypto = 0.161241, Steps = 1282
2025-06-08 23:07:03,202 - INFO - Step 989000: Loss = 0.000210, Epsilon = 0.0461
2025-06-08 23:07:06,939 - INFO - Episode 772: Reward = -0.2338, Portfolio = $19409.11, Return = 94.09%, Cash = $11078.01, Crypto = 0.322494, Steps = 1282
2025-06-08 23:07:08,514 - INFO - Step 990000: Loss = 0.000030, Epsilon = 0.0451
2025-06-08 23:07:08,515 - INFO - Step 990000: Target network updated
2025-06-08 23:07:13,735 - INFO - Episode 773: Reward = -0.1446, Portfolio = $6582.53, Return = -34.17%, Cash = $1656.24, Crypto = 0.190695, Steps = 1282
2025-06-08 23:07:13,818 - INFO - Step 991000: Loss = 0.000022, Epsilon = 0.0441
2025-06-08 23:07:19,141 - INFO - Step 992000: Loss = 0.000039, Epsilon = 0.0432
2025-06-08 23:07:19,141 - INFO - Step 992000: Target network updated
2025-06-08 23:07:20,570 - INFO - Episode 774: Reward = -0.1631, Portfolio = $26477.74, Return = 164.78%, Cash = $13224.80, Crypto = 0.513017, Steps = 1282
2025-06-08 23:07:24,476 - INFO - Step 993000: Loss = 0.000042, Epsilon = 0.0422
2025-06-08 23:07:27,400 - INFO - Episode 775: Reward = -0.0621, Portfolio = $11835.85, Return = 18.36%, Cash = $2702.03, Crypto = 0.353567, Steps = 1282
2025-06-08 23:07:29,803 - INFO - Step 994000: Loss = 0.000033, Epsilon = 0.0413
2025-06-08 23:07:29,804 - INFO - Step 994000: Target network updated
2025-06-08 23:07:34,261 - INFO - Episode 776: Reward = -0.5024, Portfolio = $9705.23, Return = -2.95%, Cash = $1793.60, Crypto = 0.306256, Steps = 1282
2025-06-08 23:07:35,162 - INFO - Step 995000: Loss = 0.000058, Epsilon = 0.0403
2025-06-08 23:07:40,501 - INFO - Step 996000: Loss = 0.000057, Epsilon = 0.0393
2025-06-08 23:07:40,502 - INFO - Step 996000: Target network updated
2025-06-08 23:07:41,108 - INFO - Episode 777: Reward = -0.0251, Portfolio = $17361.39, Return = 73.61%, Cash = $9793.41, Crypto = 0.292954, Steps = 1282
2025-06-08 23:07:45,839 - INFO - Step 997000: Loss = 0.000308, Epsilon = 0.0384
2025-06-08 23:07:47,940 - INFO - Episode 778: Reward = 0.1269, Portfolio = $18370.87, Return = 83.71%, Cash = $9287.72, Crypto = 0.351606, Steps = 1282
2025-06-08 23:07:51,145 - INFO - Step 998000: Loss = 0.000066, Epsilon = 0.0374
2025-06-08 23:07:51,146 - INFO - Step 998000: Target network updated
2025-06-08 23:07:54,764 - INFO - Episode 779: Reward = -0.3754, Portfolio = $28898.66, Return = 188.99%, Cash = $13215.55, Crypto = 0.607088, Steps = 1282
2025-06-08 23:07:56,488 - INFO - Step 999000: Loss = 0.000088, Epsilon = 0.0364
2025-06-08 23:08:01,642 - INFO - Episode 780: Reward = -0.7571, Portfolio = $7704.19, Return = -22.96%, Cash = $2398.87, Crypto = 0.205367, Steps = 1282
2025-06-08 23:08:01,642 - INFO - Episode 780 Summary: Avg Reward (100 eps) = -0.6779, Avg Portfolio (100 eps) = $9954.11, Epsilon = 0.036
2025-06-08 23:08:01,860 - INFO - Step 1000000: Loss = 0.000067, Epsilon = 0.0355
2025-06-08 23:08:01,860 - INFO - Step 1000000: Target network updated
2025-06-08 23:08:07,193 - INFO - Step 1001000: Loss = 0.000040, Epsilon = 0.0345
2025-06-08 23:08:08,477 - INFO - Episode 781: Reward = -0.4328, Portfolio = $9660.44, Return = -3.40%, Cash = $2324.00, Crypto = 0.283991, Steps = 1282
2025-06-08 23:08:12,509 - INFO - Step 1002000: Loss = 0.000042, Epsilon = 0.0335
2025-06-08 23:08:12,510 - INFO - Step 1002000: Target network updated
2025-06-08 23:08:15,271 - INFO - Episode 782: Reward = -0.5271, Portfolio = $16666.65, Return = 66.67%, Cash = $8201.53, Crypto = 0.327682, Steps = 1282
2025-06-08 23:08:17,792 - INFO - Step 1003000: Loss = 0.000026, Epsilon = 0.0326
2025-06-08 23:08:22,079 - INFO - Episode 783: Reward = 0.2447, Portfolio = $13296.94, Return = 32.97%, Cash = $4471.54, Crypto = 0.341628, Steps = 1282
2025-06-08 23:08:23,135 - INFO - Step 1004000: Loss = 0.000050, Epsilon = 0.0316
2025-06-08 23:08:23,135 - INFO - Step 1004000: Target network updated
2025-06-08 23:08:28,266 - INFO - Step 1005000: Loss = 0.000035, Epsilon = 0.0306
2025-06-08 23:08:28,718 - INFO - Episode 784: Reward = 0.5635, Portfolio = $27032.95, Return = 170.33%, Cash = $6648.45, Crypto = 0.789077, Steps = 1282
2025-06-08 23:08:33,377 - INFO - Step 1006000: Loss = 0.000045, Epsilon = 0.0297
2025-06-08 23:08:33,377 - INFO - Step 1006000: Target network updated
2025-06-08 23:08:35,292 - INFO - Episode 785: Reward = 0.0348, Portfolio = $23671.48, Return = 136.71%, Cash = $7583.94, Crypto = 0.622743, Steps = 1282
2025-06-08 23:08:38,680 - INFO - Step 1007000: Loss = 0.000038, Epsilon = 0.0287
2025-06-08 23:08:42,119 - INFO - Episode 786: Reward = -0.1874, Portfolio = $15899.42, Return = 58.99%, Cash = $3782.65, Crypto = 0.469036, Steps = 1282
2025-06-08 23:08:43,992 - INFO - Step 1008000: Loss = 0.000065, Epsilon = 0.0277
2025-06-08 23:08:43,992 - INFO - Step 1008000: Target network updated
2025-06-08 23:08:49,040 - INFO - Episode 787: Reward = -1.0876, Portfolio = $12663.06, Return = 26.63%, Cash = $501.68, Crypto = 0.470763, Steps = 1282
2025-06-08 23:08:49,397 - INFO - Step 1009000: Loss = 0.000063, Epsilon = 0.0268
2025-06-08 23:08:54,765 - INFO - Step 1010000: Loss = 0.000047, Epsilon = 0.0258
2025-06-08 23:08:54,765 - INFO - Step 1010000: Target network updated
2025-06-08 23:08:55,924 - INFO - Episode 788: Reward = -3.0104, Portfolio = $29892.35, Return = 198.92%, Cash = $267.88, Crypto = 1.146753, Steps = 1282
2025-06-08 23:09:00,149 - INFO - Step 1011000: Loss = 0.000206, Epsilon = 0.0249
2025-06-08 23:09:02,816 - INFO - Episode 789: Reward = -2.3271, Portfolio = $37555.56, Return = 275.56%, Cash = $5.12, Crypto = 1.453565, Steps = 1282
2025-06-08 23:09:05,496 - INFO - Step 1012000: Loss = 0.000040, Epsilon = 0.0239
2025-06-08 23:09:05,497 - INFO - Step 1012000: Target network updated
2025-06-08 23:09:09,666 - INFO - Episode 790: Reward = -0.1637, Portfolio = $12098.46, Return = 20.98%, Cash = $103.96, Crypto = 0.464303, Steps = 1282
2025-06-08 23:09:09,666 - INFO - Episode 790 Summary: Avg Reward (100 eps) = -0.7310, Avg Portfolio (100 eps) = $11359.26, Epsilon = 0.023
2025-06-08 23:09:10,837 - INFO - Step 1013000: Loss = 0.000017, Epsilon = 0.0229
2025-06-08 23:09:16,163 - INFO - Step 1014000: Loss = 0.000082, Epsilon = 0.0220
2025-06-08 23:09:16,164 - INFO - Step 1014000: Target network updated
2025-06-08 23:09:16,488 - INFO - Episode 791: Reward = -0.8005, Portfolio = $25086.93, Return = 150.87%, Cash = $3995.75, Crypto = 0.816433, Steps = 1282
2025-06-08 23:09:21,491 - INFO - Step 1015000: Loss = 0.000060, Epsilon = 0.0210
2025-06-08 23:09:23,322 - INFO - Episode 792: Reward = 0.5377, Portfolio = $25297.23, Return = 152.97%, Cash = $1278.55, Crypto = 0.929755, Steps = 1282
2025-06-08 23:09:26,831 - INFO - Step 1016000: Loss = 0.000059, Epsilon = 0.0200
2025-06-08 23:09:26,831 - INFO - Step 1016000: Target network updated
2025-06-08 23:09:30,163 - INFO - Episode 793: Reward = 0.1435, Portfolio = $17060.14, Return = 70.60%, Cash = $153.27, Crypto = 0.654459, Steps = 1282
2025-06-08 23:09:32,173 - INFO - Step 1017000: Loss = 0.000041, Epsilon = 0.0191
2025-06-08 23:09:37,135 - INFO - Episode 794: Reward = 0.4977, Portfolio = $34243.57, Return = 242.44%, Cash = $126.53, Crypto = 1.320659, Steps = 1282
2025-06-08 23:09:37,624 - INFO - Step 1018000: Loss = 0.000033, Epsilon = 0.0181
2025-06-08 23:09:37,624 - INFO - Step 1018000: Target network updated
2025-06-08 23:09:42,805 - INFO - Step 1019000: Loss = 0.000061, Epsilon = 0.0171
2025-06-08 23:09:43,765 - INFO - Episode 795: Reward = -0.5468, Portfolio = $31251.30, Return = 212.51%, Cash = $6812.86, Crypto = 0.946004, Steps = 1282
2025-06-08 23:09:47,852 - INFO - Step 1020000: Loss = 0.000082, Epsilon = 0.0162
2025-06-08 23:09:47,853 - INFO - Step 1020000: Target network updated
2025-06-08 23:09:50,227 - INFO - Episode 796: Reward = 0.4889, Portfolio = $34308.17, Return = 243.08%, Cash = $15443.56, Crypto = 0.730243, Steps = 1282
2025-06-08 23:09:52,903 - INFO - Step 1021000: Loss = 0.000081, Epsilon = 0.0152
2025-06-08 23:09:56,818 - INFO - Episode 797: Reward = 0.4096, Portfolio = $11986.19, Return = 19.86%, Cash = $299.80, Crypto = 0.452376, Steps = 1282
2025-06-08 23:09:58,158 - INFO - Step 1022000: Loss = 0.000029, Epsilon = 0.0142
2025-06-08 23:09:58,159 - INFO - Step 1022000: Target network updated
2025-06-08 23:10:03,526 - INFO - Step 1023000: Loss = 0.000051, Epsilon = 0.0133
2025-06-08 23:10:03,718 - INFO - Episode 798: Reward = 0.1819, Portfolio = $29022.44, Return = 190.22%, Cash = $4622.16, Crypto = 0.944527, Steps = 1282
2025-06-08 23:10:08,889 - INFO - Step 1024000: Loss = 0.000298, Epsilon = 0.0123
2025-06-08 23:10:08,890 - INFO - Step 1024000: Target network updated
2025-06-08 23:10:10,578 - INFO - Episode 799: Reward = 0.5344, Portfolio = $14192.71, Return = 41.93%, Cash = $234.40, Crypto = 0.540322, Steps = 1282
2025-06-08 23:10:14,234 - INFO - Step 1025000: Loss = 0.000069, Epsilon = 0.0114
2025-06-08 23:10:17,443 - INFO - Episode 800: Reward = 0.5891, Portfolio = $26452.10, Return = 164.52%, Cash = $2341.40, Crypto = 0.933317, Steps = 1282
2025-06-08 23:10:17,443 - INFO - Episode 800 Summary: Avg Reward (100 eps) = -0.6847, Avg Portfolio (100 eps) = $13221.07, Epsilon = 0.011
2025-06-08 23:10:17,443 - INFO - 
Detailed steps for Episode 800:
2025-06-08 23:10:17,443 - INFO - Step | Action | Price    | RSI   | PnL%   | Cash%  | Pos%   | Reward    | Portfolio
2025-06-08 23:10:17,443 - INFO - ----------------------------------------------------------------------------------------------------
2025-06-08 23:10:17,443 - INFO -    0 | HOLD |  7909.73 |  21.9 |   0.00 |  100.0 |    0.0 |    0.0000 | $  10000.00
2025-06-08 23:10:17,443 - INFO -    1 | BUY  |  7911.43 |  24.3 |   0.00 |  100.0 |    0.0 |   -0.0049 | $   9950.98
2025-06-08 23:10:17,443 - INFO -    2 | BUY  |  4970.79 |  29.9 |   0.00 |   75.0 |   24.5 |   -0.0952 | $   9003.20
2025-06-08 23:10:17,443 - INFO -    3 | BUY  |  5563.71 |  13.1 | -21.24 |   56.2 |   33.8 |    0.0417 | $   9378.58
2025-06-08 23:10:17,443 - INFO -    4 | BUY  |  5200.37 |  22.5 |  -8.96 |   42.2 |   51.6 |   -0.0381 | $   9020.93
2025-06-08 23:10:17,443 - INFO -    5 | BUY  |  5392.31 |  21.4 | -12.61 |   31.6 |   58.6 |    0.0222 | $   9221.60
2025-06-08 23:10:17,443 - INFO -    6 | BUY  |  5014.48 |  24.0 |  -8.41 |   23.7 |   68.5 |   -0.0533 | $   8730.10
2025-06-08 23:10:17,443 - INFO -    7 | BUY  |  5225.63 |  18.7 | -13.76 |   17.8 |   69.5 |    0.0325 | $   9014.04
2025-06-08 23:10:17,444 - INFO -    8 | BUY  |  5238.44 |  21.7 |  -9.61 |   13.3 |   76.8 |    0.0014 | $   9026.32
2025-06-08 23:10:17,444 - INFO -    9 | BUY  |  6191.19 |  22.0 |  -9.04 |   10.0 |   80.3 |    0.1612 | $  10481.01
2025-06-08 23:10:17,444 - INFO -   ...    ...      ...       ...     ...     ...      ...      ...         ...
2025-06-08 23:10:17,444 - INFO - 1272 | HOLD | 25969.57 |  47.6 |   8.26 |   31.2 |  200.0 |   -0.0023 | $  26588.91
2025-06-08 23:10:17,444 - INFO - 1273 | HOLD | 25812.42 |  47.7 |   8.68 |   31.2 |  200.0 |   -0.0023 | $  26446.91
2025-06-08 23:10:17,444 - INFO - 1274 | BUY  | 25779.98 |  46.8 |   8.02 |   31.2 |  200.0 |   -0.0020 | $  26402.29
2025-06-08 23:10:17,444 - INFO - 1275 | HOLD | 25753.24 |  47.4 |   7.62 |   23.4 |  200.0 |   -0.0009 | $  26377.33
2025-06-08 23:10:17,444 - INFO - 1276 | HOLD | 26240.20 |  42.4 |   7.51 |   23.4 |  200.0 |    0.0002 | $  26831.82
2025-06-08 23:10:17,444 - INFO - 1277 | HOLD | 25905.65 |  50.8 |   9.54 |   23.4 |  200.0 |   -0.0002 | $  26519.59
2025-06-08 23:10:17,444 - INFO - 1278 | HOLD | 25895.68 |  48.5 |   8.14 |   23.4 |  200.0 |   -0.0003 | $  26510.27
2025-06-08 23:10:17,444 - INFO - 1279 | HOLD | 25832.23 |  48.8 |   8.10 |   23.4 |  200.0 |   -0.0003 | $  26451.05
2025-06-08 23:10:17,444 - INFO - 1280 | HOLD | 25162.65 |  47.3 |   7.84 |   23.4 |  200.0 |   -0.0009 | $  25826.13
2025-06-08 23:10:17,444 - INFO - 1281 | HOLD | 25833.34 |  41.4 |   5.04 |   23.4 |  200.0 |   -0.0005 | $  26452.10
2025-06-08 23:10:17,444 - INFO - 
Action distribution for Episode 800:
2025-06-08 23:10:17,444 - INFO -   HOLD: 1004 ( 78.3%)
2025-06-08 23:10:17,444 - INFO -   BUY:   241 ( 18.8%)
2025-06-08 23:10:17,444 - INFO -   SELL:   37 (  2.9%)
2025-06-08 23:10:17,444 - INFO - ----------------------------------------------------------------------------------------------------
2025-06-08 23:10:19,623 - INFO - Step 1026000: Loss = 0.000083, Epsilon = 0.0104
2025-06-08 23:10:19,624 - INFO - Step 1026000: Target network updated
2025-06-08 23:10:24,314 - INFO - Episode 801: Reward = 0.5996, Portfolio = $29404.66, Return = 194.05%, Cash = $5674.13, Crypto = 0.918601, Steps = 1282
2025-06-08 23:10:24,954 - INFO - Step 1027000: Loss = 0.000021, Epsilon = 0.0100
2025-06-08 23:10:30,426 - INFO - Step 1028000: Loss = 0.000023, Epsilon = 0.0100
2025-06-08 23:10:30,426 - INFO - Step 1028000: Target network updated
2025-06-08 23:10:31,308 - INFO - Episode 802: Reward = 0.5327, Portfolio = $19551.61, Return = 95.52%, Cash = $1320.20, Crypto = 0.705732, Steps = 1282
2025-06-08 23:10:35,784 - INFO - Step 1029000: Loss = 0.000048, Epsilon = 0.0100
2025-06-08 23:10:38,153 - INFO - Episode 803: Reward = -0.7706, Portfolio = $5789.37, Return = -42.11%, Cash = $28.32, Crypto = 0.223008, Steps = 1282
2025-06-08 23:10:41,103 - INFO - Step 1030000: Loss = 0.000051, Epsilon = 0.0100
2025-06-08 23:10:41,104 - INFO - Step 1030000: Target network updated
2025-06-08 23:10:44,861 - INFO - Episode 804: Reward = 0.5222, Portfolio = $23022.09, Return = 130.22%, Cash = $1523.51, Crypto = 0.832203, Steps = 1282
2025-06-08 23:10:46,306 - INFO - Step 1031000: Loss = 0.000098, Epsilon = 0.0100
2025-06-08 23:10:51,592 - INFO - Step 1032000: Loss = 0.000050, Epsilon = 0.0100
2025-06-08 23:10:51,592 - INFO - Step 1032000: Target network updated
2025-06-08 23:10:51,641 - INFO - Episode 805: Reward = 0.5616, Portfolio = $27627.44, Return = 176.27%, Cash = $571.77, Crypto = 1.047316, Steps = 1282
2025-06-08 23:10:56,896 - INFO - Step 1033000: Loss = 0.000038, Epsilon = 0.0100
2025-06-08 23:10:58,462 - INFO - Episode 806: Reward = -0.0920, Portfolio = $12204.92, Return = 22.05%, Cash = $938.30, Crypto = 0.436127, Steps = 1282
2025-06-08 23:11:02,260 - INFO - Step 1034000: Loss = 0.000084, Epsilon = 0.0100
2025-06-08 23:11:02,260 - INFO - Step 1034000: Target network updated
2025-06-08 23:11:05,324 - INFO - Episode 807: Reward = 0.3665, Portfolio = $12873.15, Return = 28.73%, Cash = $179.42, Crypto = 0.491370, Steps = 1282
2025-06-08 23:11:07,600 - INFO - Step 1035000: Loss = 0.000044, Epsilon = 0.0100
2025-06-08 23:11:12,137 - INFO - Episode 808: Reward = 0.2259, Portfolio = $23982.68, Return = 139.83%, Cash = $7307.09, Crypto = 0.645507, Steps = 1282
2025-06-08 23:11:12,900 - INFO - Step 1036000: Loss = 0.000188, Epsilon = 0.0100
2025-06-08 23:11:12,901 - INFO - Step 1036000: Target network updated
2025-06-08 23:11:18,233 - INFO - Step 1037000: Loss = 0.000401, Epsilon = 0.0100
2025-06-08 23:11:18,957 - INFO - Episode 809: Reward = -0.0873, Portfolio = $21320.34, Return = 113.20%, Cash = $1108.40, Crypto = 0.782397, Steps = 1282
2025-06-08 23:11:23,553 - INFO - Step 1038000: Loss = 0.000044, Epsilon = 0.0100
2025-06-08 23:11:23,553 - INFO - Step 1038000: Target network updated
2025-06-08 23:11:25,849 - INFO - Episode 810: Reward = 0.4870, Portfolio = $26179.18, Return = 161.79%, Cash = $984.72, Crypto = 0.975269, Steps = 1282
2025-06-08 23:11:25,849 - INFO - Episode 810 Summary: Avg Reward (100 eps) = -0.6582, Avg Portfolio (100 eps) = $14244.86, Epsilon = 0.010
2025-06-08 23:11:28,968 - INFO - Step 1039000: Loss = 0.000034, Epsilon = 0.0100
2025-06-08 23:11:32,766 - INFO - Episode 811: Reward = 0.4979, Portfolio = $36546.94, Return = 265.47%, Cash = $3147.32, Crypto = 1.292888, Steps = 1282
2025-06-08 23:11:34,397 - INFO - Step 1040000: Loss = 0.000032, Epsilon = 0.0100
2025-06-08 23:11:34,397 - INFO - Step 1040000: Target network updated
2025-06-08 23:11:39,659 - INFO - Episode 812: Reward = 0.4281, Portfolio = $21708.14, Return = 117.08%, Cash = $5357.49, Crypto = 0.632928, Steps = 1282
2025-06-08 23:11:39,747 - INFO - Step 1041000: Loss = 0.000075, Epsilon = 0.0100
2025-06-08 23:11:45,066 - INFO - Step 1042000: Loss = 0.000036, Epsilon = 0.0100
2025-06-08 23:11:45,066 - INFO - Step 1042000: Target network updated
2025-06-08 23:11:46,530 - INFO - Episode 813: Reward = 0.3939, Portfolio = $37887.56, Return = 278.88%, Cash = $9923.33, Crypto = 1.082486, Steps = 1282
2025-06-08 23:11:50,435 - INFO - Step 1043000: Loss = 0.000046, Epsilon = 0.0100
2025-06-08 23:11:53,352 - INFO - Episode 814: Reward = 0.6012, Portfolio = $27376.19, Return = 173.76%, Cash = $2964.09, Crypto = 0.944984, Steps = 1282
2025-06-08 23:11:55,776 - INFO - Step 1044000: Loss = 0.000064, Epsilon = 0.0100
2025-06-08 23:11:55,777 - INFO - Step 1044000: Target network updated
2025-06-08 23:12:00,067 - INFO - Episode 815: Reward = 0.5831, Portfolio = $26859.61, Return = 168.60%, Cash = $7068.79, Crypto = 0.766096, Steps = 1282
2025-06-08 23:12:00,933 - INFO - Step 1045000: Loss = 0.000070, Epsilon = 0.0100
2025-06-08 23:12:06,000 - INFO - Step 1046000: Loss = 0.000139, Epsilon = 0.0100
2025-06-08 23:12:06,001 - INFO - Step 1046000: Target network updated
2025-06-08 23:12:06,562 - INFO - Episode 816: Reward = 0.1230, Portfolio = $16319.30, Return = 63.19%, Cash = $802.40, Crypto = 0.600654, Steps = 1282
2025-06-08 23:12:11,051 - INFO - Step 1047000: Loss = 0.000077, Epsilon = 0.0100
2025-06-08 23:12:13,028 - INFO - Episode 817: Reward = 0.4516, Portfolio = $20023.47, Return = 100.23%, Cash = $4093.23, Crypto = 0.616654, Steps = 1282
2025-06-08 23:12:16,086 - INFO - Step 1048000: Loss = 0.000066, Epsilon = 0.0100
2025-06-08 23:12:16,087 - INFO - Step 1048000: Target network updated
2025-06-08 23:12:19,503 - INFO - Episode 818: Reward = 0.4706, Portfolio = $18863.46, Return = 88.63%, Cash = $919.41, Crypto = 0.694608, Steps = 1282
2025-06-08 23:12:21,145 - INFO - Step 1049000: Loss = 0.000044, Epsilon = 0.0100
2025-06-08 23:12:25,991 - INFO - Episode 819: Reward = 0.2366, Portfolio = $8728.36, Return = -12.72%, Cash = $1159.38, Crypto = 0.292992, Steps = 1282
2025-06-08 23:12:26,211 - INFO - Step 1050000: Loss = 0.000213, Epsilon = 0.0100
2025-06-08 23:12:26,211 - INFO - Step 1050000: Target network updated
2025-06-08 23:12:31,285 - INFO - Step 1051000: Loss = 0.000035, Epsilon = 0.0100
2025-06-08 23:12:32,501 - INFO - Episode 820: Reward = 0.3787, Portfolio = $13880.56, Return = 38.81%, Cash = $2018.85, Crypto = 0.459163, Steps = 1282
2025-06-08 23:12:32,501 - INFO - Episode 820 Summary: Avg Reward (100 eps) = -0.5527, Avg Portfolio (100 eps) = $15750.81, Epsilon = 0.010
2025-06-08 23:12:36,354 - INFO - Step 1052000: Loss = 0.000034, Epsilon = 0.0100
2025-06-08 23:12:36,354 - INFO - Step 1052000: Target network updated
2025-06-08 23:12:39,009 - INFO - Episode 821: Reward = 0.5806, Portfolio = $19143.81, Return = 91.44%, Cash = $168.65, Crypto = 0.734522, Steps = 1282
2025-06-08 23:12:41,504 - INFO - Step 1053000: Loss = 0.000049, Epsilon = 0.0100
2025-06-08 23:12:45,810 - INFO - Episode 822: Reward = 0.1333, Portfolio = $19165.64, Return = 91.66%, Cash = $23.86, Crypto = 0.740972, Steps = 1282
2025-06-08 23:12:46,861 - INFO - Step 1054000: Loss = 0.000066, Epsilon = 0.0100
2025-06-08 23:12:46,861 - INFO - Step 1054000: Target network updated
2025-06-08 23:12:52,291 - INFO - Step 1055000: Loss = 0.000057, Epsilon = 0.0100
2025-06-08 23:12:52,758 - INFO - Episode 823: Reward = -1.0282, Portfolio = $11470.53, Return = 14.71%, Cash = $2969.37, Crypto = 0.329077, Steps = 1282
2025-06-08 23:12:57,856 - INFO - Step 1056000: Loss = 0.000263, Epsilon = 0.0100
2025-06-08 23:12:57,857 - INFO - Step 1056000: Target network updated
2025-06-08 23:12:59,848 - INFO - Episode 824: Reward = -0.4345, Portfolio = $21207.52, Return = 112.08%, Cash = $2476.49, Crypto = 0.725072, Steps = 1282
2025-06-08 23:13:03,232 - INFO - Step 1057000: Loss = 0.000030, Epsilon = 0.0100
2025-06-08 23:13:06,542 - INFO - Episode 825: Reward = 0.2948, Portfolio = $8175.85, Return = -18.24%, Cash = $510.23, Crypto = 0.296734, Steps = 1282
2025-06-08 23:13:08,316 - INFO - Step 1058000: Loss = 0.000050, Epsilon = 0.0100
2025-06-08 23:13:08,317 - INFO - Step 1058000: Target network updated
2025-06-08 23:13:13,127 - INFO - Episode 826: Reward = 0.0488, Portfolio = $24106.76, Return = 141.07%, Cash = $495.75, Crypto = 0.913974, Steps = 1282
2025-06-08 23:13:13,493 - INFO - Step 1059000: Loss = 0.000101, Epsilon = 0.0100
2025-06-08 23:13:18,896 - INFO - Step 1060000: Loss = 0.000055, Epsilon = 0.0100
2025-06-08 23:13:18,896 - INFO - Step 1060000: Target network updated
2025-06-08 23:13:20,043 - INFO - Episode 827: Reward = 0.0924, Portfolio = $11199.49, Return = 11.99%, Cash = $2155.15, Crypto = 0.350103, Steps = 1282
2025-06-08 23:13:24,294 - INFO - Step 1061000: Loss = 0.000062, Epsilon = 0.0100
2025-06-08 23:13:26,955 - INFO - Episode 828: Reward = 0.6290, Portfolio = $24057.82, Return = 140.58%, Cash = $1568.38, Crypto = 0.870559, Steps = 1282
2025-06-08 23:13:29,742 - INFO - Step 1062000: Loss = 0.000054, Epsilon = 0.0100
2025-06-08 23:13:29,742 - INFO - Step 1062000: Target network updated
2025-06-08 23:13:33,918 - INFO - Episode 829: Reward = -0.1258, Portfolio = $22776.73, Return = 127.77%, Cash = $3413.07, Crypto = 0.749561, Steps = 1282
2025-06-08 23:13:35,120 - INFO - Step 1063000: Loss = 0.000041, Epsilon = 0.0100
2025-06-08 23:13:40,236 - INFO - Step 1064000: Loss = 0.000145, Epsilon = 0.0100
2025-06-08 23:13:40,236 - INFO - Step 1064000: Target network updated
2025-06-08 23:13:40,552 - INFO - Episode 830: Reward = 0.0668, Portfolio = $6998.54, Return = -30.01%, Cash = $643.25, Crypto = 0.246011, Steps = 1282
2025-06-08 23:13:40,552 - INFO - Episode 830 Summary: Avg Reward (100 eps) = -0.5108, Avg Portfolio (100 eps) = $16292.06, Epsilon = 0.010
2025-06-08 23:13:45,309 - INFO - Step 1065000: Loss = 0.000032, Epsilon = 0.0100
2025-06-08 23:13:47,058 - INFO - Episode 831: Reward = 0.2195, Portfolio = $20492.75, Return = 104.93%, Cash = $916.94, Crypto = 0.757773, Steps = 1282
2025-06-08 23:13:50,419 - INFO - Step 1066000: Loss = 0.000212, Epsilon = 0.0100
2025-06-08 23:13:50,419 - INFO - Step 1066000: Target network updated
2025-06-08 23:13:53,569 - INFO - Episode 832: Reward = -0.1348, Portfolio = $23912.12, Return = 139.12%, Cash = $631.49, Crypto = 0.901185, Steps = 1282
2025-06-08 23:13:55,489 - INFO - Step 1067000: Loss = 0.000237, Epsilon = 0.0100
2025-06-08 23:14:00,261 - INFO - Episode 833: Reward = 0.3647, Portfolio = $17938.88, Return = 79.39%, Cash = $3474.77, Crypto = 0.559901, Steps = 1282
2025-06-08 23:14:00,775 - INFO - Step 1068000: Loss = 0.000285, Epsilon = 0.0100
2025-06-08 23:14:00,776 - INFO - Step 1068000: Target network updated
2025-06-08 23:14:06,147 - INFO - Step 1069000: Loss = 0.000025, Epsilon = 0.0100
2025-06-08 23:14:07,151 - INFO - Episode 834: Reward = -0.3029, Portfolio = $14507.90, Return = 45.08%, Cash = $573.60, Crypto = 0.539392, Steps = 1282
2025-06-08 23:14:11,510 - INFO - Step 1070000: Loss = 0.000061, Epsilon = 0.0100
2025-06-08 23:14:11,510 - INFO - Step 1070000: Target network updated
2025-06-08 23:14:14,026 - INFO - Episode 835: Reward = -2.4578, Portfolio = $4928.39, Return = -50.72%, Cash = $516.54, Crypto = 0.170781, Steps = 1282
2025-06-08 23:14:16,800 - INFO - Step 1071000: Loss = 0.000294, Epsilon = 0.0100
2025-06-08 23:14:20,698 - INFO - Episode 836: Reward = -1.5251, Portfolio = $16119.42, Return = 61.19%, Cash = $2410.17, Crypto = 0.530680, Steps = 1282
2025-06-08 23:14:21,995 - INFO - Step 1072000: Loss = 0.000029, Epsilon = 0.0100
2025-06-08 23:14:21,996 - INFO - Step 1072000: Target network updated
2025-06-08 23:14:27,110 - INFO - Step 1073000: Loss = 0.000105, Epsilon = 0.0100
2025-06-08 23:14:27,286 - INFO - Episode 837: Reward = -3.2470, Portfolio = $26464.92, Return = 164.65%, Cash = $524.24, Crypto = 1.004155, Steps = 1282
2025-06-08 23:14:32,416 - INFO - Step 1074000: Loss = 0.000023, Epsilon = 0.0100
2025-06-08 23:14:32,417 - INFO - Step 1074000: Target network updated
2025-06-08 23:14:34,052 - INFO - Episode 838: Reward = 0.5252, Portfolio = $25409.14, Return = 154.09%, Cash = $6346.70, Crypto = 0.737901, Steps = 1282
2025-06-08 23:14:38,021 - INFO - Step 1075000: Loss = 0.000043, Epsilon = 0.0100
2025-06-08 23:14:41,247 - INFO - Episode 839: Reward = 0.1717, Portfolio = $11500.35, Return = 15.00%, Cash = $4099.59, Crypto = 0.286481, Steps = 1282
2025-06-08 23:14:43,275 - INFO - Step 1076000: Loss = 0.000037, Epsilon = 0.0100
2025-06-08 23:14:43,275 - INFO - Step 1076000: Target network updated
2025-06-08 23:14:47,864 - INFO - Episode 840: Reward = -0.2230, Portfolio = $10386.60, Return = 3.87%, Cash = $3686.79, Crypto = 0.259347, Steps = 1282
2025-06-08 23:14:47,865 - INFO - Episode 840 Summary: Avg Reward (100 eps) = -0.4313, Avg Portfolio (100 eps) = $17288.85, Epsilon = 0.010
2025-06-08 23:14:48,478 - INFO - Step 1077000: Loss = 0.000028, Epsilon = 0.0100
2025-06-08 23:14:53,530 - INFO - Step 1078000: Loss = 0.000044, Epsilon = 0.0100
2025-06-08 23:14:53,530 - INFO - Step 1078000: Target network updated
2025-06-08 23:14:54,356 - INFO - Episode 841: Reward = -2.1643, Portfolio = $1966.53, Return = -80.33%, Cash = $1129.60, Crypto = 0.032397, Steps = 1282
2025-06-08 23:14:58,738 - INFO - Step 1079000: Loss = 0.000085, Epsilon = 0.0100
2025-06-08 23:15:01,124 - INFO - Episode 842: Reward = -0.8077, Portfolio = $8815.70, Return = -11.84%, Cash = $1272.40, Crypto = 0.291999, Steps = 1282
2025-06-08 23:15:04,108 - INFO - Step 1080000: Loss = 0.000062, Epsilon = 0.0100
2025-06-08 23:15:04,109 - INFO - Step 1080000: Target network updated
2025-06-08 23:15:07,983 - INFO - Episode 843: Reward = -1.6458, Portfolio = $6592.27, Return = -34.08%, Cash = $1040.77, Crypto = 0.214896, Steps = 1282
2025-06-08 23:15:09,451 - INFO - Step 1081000: Loss = 0.000096, Epsilon = 0.0100
2025-06-08 23:15:14,769 - INFO - Step 1082000: Loss = 0.000120, Epsilon = 0.0100
2025-06-08 23:15:14,769 - INFO - Step 1082000: Target network updated
2025-06-08 23:15:14,810 - INFO - Episode 844: Reward = 0.2959, Portfolio = $19634.81, Return = 96.35%, Cash = $6601.84, Crypto = 0.504502, Steps = 1282
2025-06-08 23:15:20,112 - INFO - Step 1083000: Loss = 0.000025, Epsilon = 0.0100
2025-06-08 23:15:21,644 - INFO - Episode 845: Reward = -2.6677, Portfolio = $3533.02, Return = -64.67%, Cash = $462.45, Crypto = 0.118861, Steps = 1282
2025-06-08 23:15:25,444 - INFO - Step 1084000: Loss = 0.000082, Epsilon = 0.0100
2025-06-08 23:15:25,445 - INFO - Step 1084000: Target network updated
2025-06-08 23:15:28,525 - INFO - Episode 846: Reward = 0.5916, Portfolio = $25836.96, Return = 158.37%, Cash = $4777.24, Crypto = 0.815215, Steps = 1282
2025-06-08 23:15:30,860 - INFO - Step 1085000: Loss = 0.000041, Epsilon = 0.0100
2025-06-08 23:15:35,539 - INFO - Episode 847: Reward = -1.4113, Portfolio = $14514.90, Return = 45.15%, Cash = $523.47, Crypto = 0.541603, Steps = 1282
2025-06-08 23:15:36,330 - INFO - Step 1086000: Loss = 0.000110, Epsilon = 0.0100
2025-06-08 23:15:36,330 - INFO - Step 1086000: Target network updated
2025-06-08 23:15:41,804 - INFO - Step 1087000: Loss = 0.000055, Epsilon = 0.0100
2025-06-08 23:15:42,532 - INFO - Episode 848: Reward = 0.3853, Portfolio = $32852.24, Return = 228.52%, Cash = $2801.20, Crypto = 1.163265, Steps = 1282
2025-06-08 23:15:47,158 - INFO - Step 1088000: Loss = 0.000313, Epsilon = 0.0100
2025-06-08 23:15:47,158 - INFO - Step 1088000: Target network updated
2025-06-08 23:15:49,401 - INFO - Episode 849: Reward = -0.4303, Portfolio = $18942.26, Return = 89.42%, Cash = $1613.55, Crypto = 0.670789, Steps = 1282
2025-06-08 23:15:52,508 - INFO - Step 1089000: Loss = 0.000669, Epsilon = 0.0100
2025-06-08 23:15:56,252 - INFO - Episode 850: Reward = -2.2783, Portfolio = $32692.07, Return = 226.92%, Cash = $5089.43, Crypto = 1.068489, Steps = 1282
2025-06-08 23:15:56,253 - INFO - Episode 850 Summary: Avg Reward (100 eps) = -0.4157, Avg Portfolio (100 eps) = $17966.99, Epsilon = 0.010
2025-06-08 23:15:56,253 - INFO - 
Detailed steps for Episode 850:
2025-06-08 23:15:56,253 - INFO - Step | Action | Price    | RSI   | PnL%   | Cash%  | Pos%   | Reward    | Portfolio
2025-06-08 23:15:56,253 - INFO - ----------------------------------------------------------------------------------------------------
2025-06-08 23:15:56,253 - INFO -    0 | HOLD |  7909.73 |  21.9 |   0.00 |  100.0 |    0.0 |    0.0000 | $  10000.00
2025-06-08 23:15:56,253 - INFO -    1 | HOLD |  7911.43 |  24.3 |   0.00 |  100.0 |    0.0 |    0.0000 | $  10000.00
2025-06-08 23:15:56,253 - INFO -    2 | BUY  |  4970.79 |  29.9 |   0.00 |  100.0 |    0.0 |   -0.0049 | $   9950.98
2025-06-08 23:15:56,253 - INFO -    3 | HOLD |  5563.71 |  13.1 |   0.00 |   75.0 |   24.5 |    0.0294 | $  10243.33
2025-06-08 23:15:56,253 - INFO -    4 | HOLD |  5200.37 |  22.5 |  11.93 |   75.0 |   27.4 |   -0.0175 | $  10064.18
2025-06-08 23:15:56,253 - INFO -    5 | BUY  |  5392.31 |  21.4 |   4.62 |   75.0 |   25.6 |    0.0058 | $  10122.06
2025-06-08 23:15:56,253 - INFO -    6 | HOLD |  5014.48 |  24.0 |   4.85 |   56.2 |   45.0 |   -0.0311 | $   9806.96
2025-06-08 23:15:56,253 - INFO -    7 | HOLD |  5225.63 |  18.7 |  -2.50 |   56.2 |   41.8 |    0.0180 | $   9983.05
2025-06-08 23:15:56,253 - INFO -    8 | BUY  |  5238.44 |  21.7 |   1.60 |   56.2 |   43.6 |   -0.0017 | $   9966.16
2025-06-08 23:15:56,253 - INFO -    9 | HOLD |  6191.19 |  22.0 |   1.40 |   42.2 |   57.5 |    0.1049 | $  11011.48
2025-06-08 23:15:56,253 - INFO -   ...    ...      ...       ...     ...     ...      ...      ...         ...
2025-06-08 23:15:56,253 - INFO - 1272 | HOLD | 25969.57 |  47.6 | -12.58 |   50.9 |  200.0 |   -0.0024 | $  32837.62
2025-06-08 23:15:56,253 - INFO - 1273 | HOLD | 25812.42 |  47.7 | -12.24 |   50.9 |  200.0 |   -0.0024 | $  32669.71
2025-06-08 23:15:56,253 - INFO - 1274 | HOLD | 25779.98 |  46.8 | -12.77 |   50.9 |  200.0 |   -0.0021 | $  32635.05
2025-06-08 23:15:56,253 - INFO - 1275 | HOLD | 25753.24 |  47.4 | -12.88 |   50.9 |  200.0 |   -0.0009 | $  32606.48
2025-06-08 23:15:56,253 - INFO - 1276 | HOLD | 26240.20 |  42.4 | -12.97 |   50.9 |  200.0 |    0.0002 | $  33126.79
2025-06-08 23:15:56,253 - INFO - 1277 | HOLD | 25905.65 |  50.8 | -11.33 |   50.9 |  200.0 |   -0.0002 | $  32769.33
2025-06-08 23:15:56,253 - INFO - 1278 | HOLD | 25895.68 |  48.5 | -12.46 |   50.9 |  200.0 |   -0.0003 | $  32758.67
2025-06-08 23:15:56,253 - INFO - 1279 | HOLD | 25832.23 |  48.8 | -12.49 |   50.9 |  200.0 |   -0.0003 | $  32690.88
2025-06-08 23:15:56,253 - INFO - 1280 | HOLD | 25162.65 |  47.3 | -12.71 |   50.9 |  200.0 |   -0.0008 | $  31975.45
2025-06-08 23:15:56,253 - INFO - 1281 | HOLD | 25833.34 |  41.4 | -14.97 |   50.9 |  200.0 |   -0.0005 | $  32692.07
2025-06-08 23:15:56,253 - INFO - 
Action distribution for Episode 850:
2025-06-08 23:15:56,253 - INFO -   HOLD: 1009 ( 78.7%)
2025-06-08 23:15:56,253 - INFO -   BUY:   253 ( 19.7%)
2025-06-08 23:15:56,253 - INFO -   SELL:   20 (  1.6%)
2025-06-08 23:15:56,253 - INFO - ----------------------------------------------------------------------------------------------------
2025-06-08 23:15:57,886 - INFO - Step 1090000: Loss = 0.000027, Epsilon = 0.0100
2025-06-08 23:15:57,886 - INFO - Step 1090000: Target network updated
2025-06-08 23:16:03,241 - INFO - Episode 851: Reward = -0.3197, Portfolio = $5257.60, Return = -47.42%, Cash = $82.79, Crypto = 0.200315, Steps = 1282
2025-06-08 23:16:03,345 - INFO - Step 1091000: Loss = 0.000076, Epsilon = 0.0100
2025-06-08 23:16:08,735 - INFO - Step 1092000: Loss = 0.000052, Epsilon = 0.0100
2025-06-08 23:16:08,735 - INFO - Step 1092000: Target network updated
2025-06-08 23:16:10,178 - INFO - Episode 852: Reward = -0.9384, Portfolio = $3911.56, Return = -60.88%, Cash = $365.24, Crypto = 0.137277, Steps = 1282
2025-06-08 23:16:14,166 - INFO - Step 1093000: Loss = 0.000055, Epsilon = 0.0100
2025-06-08 23:16:17,114 - INFO - Episode 853: Reward = 0.5178, Portfolio = $19888.08, Return = 98.88%, Cash = $2101.72, Crypto = 0.688504, Steps = 1282
2025-06-08 23:16:19,619 - INFO - Step 1094000: Loss = 0.000072, Epsilon = 0.0100
2025-06-08 23:16:19,620 - INFO - Step 1094000: Target network updated
2025-06-08 23:16:24,221 - INFO - Episode 854: Reward = -0.8369, Portfolio = $1956.00, Return = -80.44%, Cash = $388.84, Crypto = 0.060664, Steps = 1282
2025-06-08 23:16:25,186 - INFO - Step 1095000: Loss = 0.000023, Epsilon = 0.0100
2025-06-08 23:16:30,598 - INFO - Step 1096000: Loss = 0.000111, Epsilon = 0.0100
2025-06-08 23:16:30,599 - INFO - Step 1096000: Target network updated
2025-06-08 23:16:31,195 - INFO - Episode 855: Reward = -0.7790, Portfolio = $33473.66, Return = 234.74%, Cash = $1039.70, Crypto = 1.255508, Steps = 1282
2025-06-08 23:16:36,277 - INFO - Step 1097000: Loss = 0.000053, Epsilon = 0.0100
2025-06-08 23:16:38,472 - INFO - Episode 856: Reward = 0.3027, Portfolio = $15318.45, Return = 53.18%, Cash = $408.06, Crypto = 0.577176, Steps = 1282
2025-06-08 23:16:41,903 - INFO - Step 1098000: Loss = 0.000024, Epsilon = 0.0100
2025-06-08 23:16:41,903 - INFO - Step 1098000: Target network updated
2025-06-08 23:16:45,368 - INFO - Episode 857: Reward = 0.4287, Portfolio = $23438.08, Return = 134.38%, Cash = $2683.29, Crypto = 0.803411, Steps = 1282
2025-06-08 23:16:46,979 - INFO - Step 1099000: Loss = 0.000034, Epsilon = 0.0100
2025-06-08 23:16:52,193 - INFO - Episode 858: Reward = -0.5772, Portfolio = $22572.01, Return = 125.72%, Cash = $1127.33, Crypto = 0.830116, Steps = 1282
2025-06-08 23:16:52,446 - INFO - Step 1100000: Loss = 0.000036, Epsilon = 0.0100
2025-06-08 23:16:52,446 - INFO - Step 1100000: Target network updated
2025-06-08 23:16:57,803 - INFO - Step 1101000: Loss = 0.000021, Epsilon = 0.0100
2025-06-08 23:16:59,085 - INFO - Episode 859: Reward = -0.0559, Portfolio = $32333.10, Return = 223.33%, Cash = $1540.12, Crypto = 1.191986, Steps = 1282
2025-06-08 23:17:03,190 - INFO - Step 1102000: Loss = 0.000033, Epsilon = 0.0100
2025-06-08 23:17:03,191 - INFO - Step 1102000: Target network updated
2025-06-08 23:17:05,843 - INFO - Episode 860: Reward = -0.4523, Portfolio = $29094.54, Return = 190.95%, Cash = $245.90, Crypto = 1.116721, Steps = 1282
2025-06-08 23:17:05,843 - INFO - Episode 860 Summary: Avg Reward (100 eps) = -0.2170, Avg Portfolio (100 eps) = $18424.63, Epsilon = 0.010
2025-06-08 23:17:08,318 - INFO - Step 1103000: Loss = 0.000027, Epsilon = 0.0100
2025-06-08 23:17:12,627 - INFO - Episode 861: Reward = 0.1667, Portfolio = $23443.55, Return = 134.44%, Cash = $1538.80, Crypto = 0.847926, Steps = 1282
2025-06-08 23:17:13,701 - INFO - Step 1104000: Loss = 0.000061, Epsilon = 0.0100
2025-06-08 23:17:13,702 - INFO - Step 1104000: Target network updated
2025-06-08 23:17:19,093 - INFO - Step 1105000: Loss = 0.000063, Epsilon = 0.0100
2025-06-08 23:17:19,539 - INFO - Episode 862: Reward = -2.9537, Portfolio = $23235.54, Return = 132.36%, Cash = $2016.45, Crypto = 0.821384, Steps = 1282
2025-06-08 23:17:24,455 - INFO - Step 1106000: Loss = 0.000064, Epsilon = 0.0100
2025-06-08 23:17:24,456 - INFO - Step 1106000: Target network updated
2025-06-08 23:17:26,408 - INFO - Episode 863: Reward = -0.9984, Portfolio = $23084.88, Return = 130.85%, Cash = $3570.94, Crypto = 0.755378, Steps = 1282
2025-06-08 23:17:29,810 - INFO - Step 1107000: Loss = 0.000497, Epsilon = 0.0100
2025-06-08 23:17:33,283 - INFO - Episode 864: Reward = 0.4473, Portfolio = $33553.15, Return = 235.53%, Cash = $1595.66, Crypto = 1.237064, Steps = 1282
2025-06-08 23:17:35,196 - INFO - Step 1108000: Loss = 0.000266, Epsilon = 0.0100
2025-06-08 23:17:35,196 - INFO - Step 1108000: Target network updated
2025-06-08 23:17:40,213 - INFO - Episode 865: Reward = 0.3205, Portfolio = $26737.74, Return = 167.38%, Cash = $500.23, Crypto = 1.015645, Steps = 1282
2025-06-08 23:17:40,597 - INFO - Step 1109000: Loss = 0.000019, Epsilon = 0.0100
2025-06-08 23:17:45,971 - INFO - Step 1110000: Loss = 0.000138, Epsilon = 0.0100
2025-06-08 23:17:45,972 - INFO - Step 1110000: Target network updated
2025-06-08 23:17:47,138 - INFO - Episode 866: Reward = 0.0461, Portfolio = $7863.06, Return = -21.37%, Cash = $475.49, Crypto = 0.285971, Steps = 1282
2025-06-08 23:17:51,385 - INFO - Step 1111000: Loss = 0.000047, Epsilon = 0.0100
2025-06-08 23:17:54,027 - INFO - Episode 867: Reward = -0.1069, Portfolio = $20874.66, Return = 108.75%, Cash = $2237.40, Crypto = 0.721442, Steps = 1282
2025-06-08 23:17:56,778 - INFO - Step 1112000: Loss = 0.000041, Epsilon = 0.0100
2025-06-08 23:17:56,778 - INFO - Step 1112000: Target network updated
2025-06-08 23:18:00,784 - INFO - Episode 868: Reward = 0.0959, Portfolio = $21501.63, Return = 115.02%, Cash = $332.24, Crypto = 0.819460, Steps = 1282
2025-06-08 23:18:01,929 - INFO - Step 1113000: Loss = 0.000029, Epsilon = 0.0100
2025-06-08 23:18:06,984 - INFO - Step 1114000: Loss = 0.000036, Epsilon = 0.0100
2025-06-08 23:18:06,984 - INFO - Step 1114000: Target network updated
2025-06-08 23:18:07,289 - INFO - Episode 869: Reward = -4.1367, Portfolio = $31013.06, Return = 210.13%, Cash = $13651.78, Crypto = 0.672049, Steps = 1282
2025-06-08 23:18:12,378 - INFO - Step 1115000: Loss = 0.000029, Epsilon = 0.0100
2025-06-08 23:18:14,137 - INFO - Episode 870: Reward = -10.2136, Portfolio = $19880.34, Return = 98.80%, Cash = $1154.36, Crypto = 0.724877, Steps = 1282
2025-06-08 23:18:14,138 - INFO - Episode 870 Summary: Avg Reward (100 eps) = -0.3696, Avg Portfolio (100 eps) = $19608.52, Epsilon = 0.010
2025-06-08 23:18:17,492 - INFO - Step 1116000: Loss = 0.000069, Epsilon = 0.0100
2025-06-08 23:18:17,492 - INFO - Step 1116000: Target network updated
2025-06-08 23:18:20,671 - INFO - Episode 871: Reward = -0.5372, Portfolio = $21463.08, Return = 114.63%, Cash = $5416.88, Crypto = 0.621143, Steps = 1282
2025-06-08 23:18:22,597 - INFO - Step 1117000: Loss = 0.000018, Epsilon = 0.0100
2025-06-08 23:18:27,186 - INFO - Episode 872: Reward = 0.0158, Portfolio = $27449.98, Return = 174.50%, Cash = $318.41, Crypto = 1.050254, Steps = 1282
2025-06-08 23:18:27,677 - INFO - Step 1118000: Loss = 0.000049, Epsilon = 0.0100
2025-06-08 23:18:27,678 - INFO - Step 1118000: Target network updated
2025-06-08 23:18:32,770 - INFO - Step 1119000: Loss = 0.000039, Epsilon = 0.0100
2025-06-08 23:18:33,709 - INFO - Episode 873: Reward = 0.6057, Portfolio = $20987.09, Return = 109.87%, Cash = $402.76, Crypto = 0.796812, Steps = 1282
2025-06-08 23:18:37,882 - INFO - Step 1120000: Loss = 0.000150, Epsilon = 0.0100
2025-06-08 23:18:37,882 - INFO - Step 1120000: Target network updated
2025-06-08 23:18:40,269 - INFO - Episode 874: Reward = -2.4017, Portfolio = $29012.25, Return = 190.12%, Cash = $7384.82, Crypto = 0.837191, Steps = 1282
2025-06-08 23:18:42,978 - INFO - Step 1121000: Loss = 0.000056, Epsilon = 0.0100
2025-06-08 23:18:46,799 - INFO - Episode 875: Reward = -2.8590, Portfolio = $30745.52, Return = 207.46%, Cash = $0.02, Crypto = 1.190148, Steps = 1282
2025-06-08 23:18:48,083 - INFO - Step 1122000: Loss = 0.000025, Epsilon = 0.0100
2025-06-08 23:18:48,084 - INFO - Step 1122000: Target network updated
2025-06-08 23:18:53,170 - INFO - Step 1123000: Loss = 0.000078, Epsilon = 0.0100
2025-06-08 23:18:53,328 - INFO - Episode 876: Reward = 0.3005, Portfolio = $14276.13, Return = 42.76%, Cash = $3626.24, Crypto = 0.412254, Steps = 1282
2025-06-08 23:18:58,270 - INFO - Step 1124000: Loss = 0.000055, Epsilon = 0.0100
2025-06-08 23:18:58,271 - INFO - Step 1124000: Target network updated
2025-06-08 23:18:59,961 - INFO - Episode 877: Reward = 0.4977, Portfolio = $32913.79, Return = 229.14%, Cash = $2791.48, Crypto = 1.166025, Steps = 1282
2025-06-08 23:19:03,673 - INFO - Step 1125000: Loss = 0.000154, Epsilon = 0.0100
2025-06-08 23:19:06,891 - INFO - Episode 878: Reward = -0.0129, Portfolio = $35523.25, Return = 255.23%, Cash = $5375.10, Crypto = 1.167025, Steps = 1282
2025-06-08 23:19:09,077 - INFO - Step 1126000: Loss = 0.000352, Epsilon = 0.0100
2025-06-08 23:19:09,077 - INFO - Step 1126000: Target network updated
2025-06-08 23:19:13,794 - INFO - Episode 879: Reward = -4.6775, Portfolio = $28726.54, Return = 187.27%, Cash = $8910.82, Crypto = 0.767060, Steps = 1282
2025-06-08 23:19:14,461 - INFO - Step 1127000: Loss = 0.000046, Epsilon = 0.0100
2025-06-08 23:19:19,845 - INFO - Step 1128000: Loss = 0.000079, Epsilon = 0.0100
2025-06-08 23:19:19,845 - INFO - Step 1128000: Target network updated
2025-06-08 23:19:20,703 - INFO - Episode 880: Reward = -1.0620, Portfolio = $27655.44, Return = 176.55%, Cash = $9259.94, Crypto = 0.712084, Steps = 1282
2025-06-08 23:19:20,703 - INFO - Episode 880 Summary: Avg Reward (100 eps) = -0.4501, Avg Portfolio (100 eps) = $20700.15, Epsilon = 0.010
2025-06-08 23:19:25,062 - INFO - Step 1129000: Loss = 0.000331, Epsilon = 0.0100
2025-06-08 23:19:27,296 - INFO - Episode 881: Reward = 0.1430, Portfolio = $19158.37, Return = 91.58%, Cash = $7373.71, Crypto = 0.456180, Steps = 1282
2025-06-08 23:19:30,168 - INFO - Step 1130000: Loss = 0.000344, Epsilon = 0.0100
2025-06-08 23:19:30,168 - INFO - Step 1130000: Target network updated
2025-06-08 23:19:34,169 - INFO - Episode 882: Reward = 0.0034, Portfolio = $28489.91, Return = 184.90%, Cash = $7841.64, Crypto = 0.799288, Steps = 1282
2025-06-08 23:19:35,644 - INFO - Step 1131000: Loss = 0.000033, Epsilon = 0.0100
2025-06-08 23:19:41,059 - INFO - Step 1132000: Loss = 0.000105, Epsilon = 0.0100
2025-06-08 23:19:41,059 - INFO - Step 1132000: Target network updated
2025-06-08 23:19:41,086 - INFO - Episode 883: Reward = -3.7961, Portfolio = $29629.90, Return = 196.30%, Cash = $605.69, Crypto = 1.123517, Steps = 1282
2025-06-08 23:19:46,504 - INFO - Step 1133000: Loss = 0.000021, Epsilon = 0.0100
2025-06-08 23:19:47,971 - INFO - Episode 884: Reward = -0.9790, Portfolio = $29155.61, Return = 191.56%, Cash = $1863.20, Crypto = 1.056480, Steps = 1282
2025-06-08 23:19:51,536 - INFO - Step 1134000: Loss = 0.000042, Epsilon = 0.0100
2025-06-08 23:19:51,537 - INFO - Step 1134000: Target network updated
2025-06-08 23:19:54,600 - INFO - Episode 885: Reward = -0.3170, Portfolio = $28586.43, Return = 185.86%, Cash = $585.68, Crypto = 1.083900, Steps = 1282
2025-06-08 23:19:56,944 - INFO - Step 1135000: Loss = 0.000025, Epsilon = 0.0100
2025-06-08 23:20:01,560 - INFO - Episode 886: Reward = 0.6831, Portfolio = $34663.67, Return = 246.64%, Cash = $141.70, Crypto = 1.336334, Steps = 1282
2025-06-08 23:20:02,370 - INFO - Step 1136000: Loss = 0.000018, Epsilon = 0.0100
2025-06-08 23:20:02,371 - INFO - Step 1136000: Target network updated
2025-06-08 23:20:07,796 - INFO - Step 1137000: Loss = 0.000107, Epsilon = 0.0100
2025-06-08 23:20:08,470 - INFO - Episode 887: Reward = -0.5859, Portfolio = $10326.97, Return = 3.27%, Cash = $1207.17, Crypto = 0.353025, Steps = 1282
2025-06-08 23:20:12,890 - INFO - Step 1138000: Loss = 0.000114, Epsilon = 0.0100
2025-06-08 23:20:12,891 - INFO - Step 1138000: Target network updated
2025-06-08 23:20:14,991 - INFO - Episode 888: Reward = -0.1087, Portfolio = $12606.46, Return = 26.06%, Cash = $3154.05, Crypto = 0.365900, Steps = 1282
2025-06-08 23:20:17,970 - INFO - Step 1139000: Loss = 0.000046, Epsilon = 0.0100
2025-06-08 23:20:21,504 - INFO - Episode 889: Reward = -0.9708, Portfolio = $8593.94, Return = -14.06%, Cash = $430.95, Crypto = 0.315987, Steps = 1282
2025-06-08 23:20:23,046 - INFO - Step 1140000: Loss = 0.000070, Epsilon = 0.0100
2025-06-08 23:20:23,046 - INFO - Step 1140000: Target network updated
2025-06-08 23:20:28,007 - INFO - Episode 890: Reward = 0.1726, Portfolio = $21090.84, Return = 110.91%, Cash = $14206.52, Crypto = 0.266490, Steps = 1282
2025-06-08 23:20:28,008 - INFO - Episode 890 Summary: Avg Reward (100 eps) = -0.4387, Avg Portfolio (100 eps) = $20938.80, Epsilon = 0.010
2025-06-08 23:20:28,114 - INFO - Step 1141000: Loss = 0.000253, Epsilon = 0.0100
2025-06-08 23:20:33,201 - INFO - Step 1142000: Loss = 0.000025, Epsilon = 0.0100
2025-06-08 23:20:33,202 - INFO - Step 1142000: Target network updated
2025-06-08 23:20:34,540 - INFO - Episode 891: Reward = -0.2080, Portfolio = $18914.14, Return = 89.14%, Cash = $5195.19, Crypto = 0.531056, Steps = 1282
2025-06-08 23:20:38,377 - INFO - Step 1143000: Loss = 0.000037, Epsilon = 0.0100
2025-06-08 23:20:41,120 - INFO - Episode 892: Reward = -2.1226, Portfolio = $21096.82, Return = 110.97%, Cash = $588.66, Crypto = 0.793864, Steps = 1282
2025-06-08 23:20:43,432 - INFO - Step 1144000: Loss = 0.000032, Epsilon = 0.0100
2025-06-08 23:20:43,433 - INFO - Step 1144000: Target network updated
2025-06-08 23:20:47,619 - INFO - Episode 893: Reward = -1.2397, Portfolio = $19346.02, Return = 93.46%, Cash = $2026.84, Crypto = 0.670420, Steps = 1282
2025-06-08 23:20:48,516 - INFO - Step 1145000: Loss = 0.000022, Epsilon = 0.0100
2025-06-08 23:20:53,573 - INFO - Step 1146000: Loss = 0.000066, Epsilon = 0.0100
2025-06-08 23:20:53,574 - INFO - Step 1146000: Target network updated
2025-06-08 23:20:54,120 - INFO - Episode 894: Reward = -0.3707, Portfolio = $5198.98, Return = -48.01%, Cash = $762.20, Crypto = 0.171747, Steps = 1282
2025-06-08 23:20:58,772 - INFO - Step 1147000: Loss = 0.000252, Epsilon = 0.0100
2025-06-08 23:21:00,799 - INFO - Episode 895: Reward = -0.3406, Portfolio = $14525.16, Return = 45.25%, Cash = $660.45, Crypto = 0.536698, Steps = 1282
2025-06-08 23:21:04,100 - INFO - Step 1148000: Loss = 0.000101, Epsilon = 0.0100
2025-06-08 23:21:04,100 - INFO - Step 1148000: Target network updated
2025-06-08 23:21:07,715 - INFO - Episode 896: Reward = -3.1838, Portfolio = $18394.03, Return = 83.94%, Cash = $4601.33, Crypto = 0.533911, Steps = 1282
2025-06-08 23:21:09,476 - INFO - Step 1149000: Loss = 0.000032, Epsilon = 0.0100
2025-06-08 23:21:14,601 - INFO - Episode 897: Reward = -1.1598, Portfolio = $5374.62, Return = -46.25%, Cash = $172.41, Crypto = 0.201376, Steps = 1282
2025-06-08 23:21:14,853 - INFO - Step 1150000: Loss = 0.000075, Epsilon = 0.0100
2025-06-08 23:21:14,854 - INFO - Step 1150000: Target network updated
2025-06-08 23:21:20,251 - INFO - Step 1151000: Loss = 0.000033, Epsilon = 0.0100
2025-06-08 23:21:21,516 - INFO - Episode 898: Reward = 0.2720, Portfolio = $29569.19, Return = 195.69%, Cash = $946.65, Crypto = 1.107969, Steps = 1282
2025-06-08 23:21:25,665 - INFO - Step 1152000: Loss = 0.000304, Epsilon = 0.0100
2025-06-08 23:21:25,665 - INFO - Step 1152000: Target network updated
2025-06-08 23:21:28,476 - INFO - Episode 899: Reward = 0.3844, Portfolio = $28498.00, Return = 184.98%, Cash = $5257.44, Crypto = 0.899635, Steps = 1282
2025-06-08 23:21:31,097 - INFO - Step 1153000: Loss = 0.000028, Epsilon = 0.0100
2025-06-08 23:21:35,485 - INFO - Episode 900: Reward = 0.5161, Portfolio = $24454.42, Return = 144.54%, Cash = $4633.59, Crypto = 0.767258, Steps = 1282
2025-06-08 23:21:35,485 - INFO - Episode 900 Summary: Avg Reward (100 eps) = -0.5336, Avg Portfolio (100 eps) = $20303.50, Epsilon = 0.010
2025-06-08 23:21:35,485 - INFO - 
Detailed steps for Episode 900:
2025-06-08 23:21:35,485 - INFO - Step | Action | Price    | RSI   | PnL%   | Cash%  | Pos%   | Reward    | Portfolio
2025-06-08 23:21:35,485 - INFO - ----------------------------------------------------------------------------------------------------
2025-06-08 23:21:35,485 - INFO -    0 | HOLD |  7909.73 |  21.9 |   0.00 |  100.0 |    0.0 |    0.0000 | $  10000.00
2025-06-08 23:21:35,485 - INFO -    1 | HOLD |  7911.43 |  24.3 |   0.00 |  100.0 |    0.0 |    0.0000 | $  10000.00
2025-06-08 23:21:35,485 - INFO -    2 | BUY  |  4970.79 |  29.9 |   0.00 |  100.0 |    0.0 |   -0.0049 | $   9950.98
2025-06-08 23:21:35,485 - INFO -    3 | HOLD |  5563.71 |  13.1 |   0.00 |   75.0 |   24.5 |    0.0294 | $  10243.33
2025-06-08 23:21:35,485 - INFO -    4 | HOLD |  5200.37 |  22.5 |  11.93 |   75.0 |   27.4 |   -0.0175 | $  10064.18
2025-06-08 23:21:35,485 - INFO -    5 | HOLD |  5392.31 |  21.4 |   4.62 |   75.0 |   25.6 |    0.0094 | $  10158.83
2025-06-08 23:21:35,485 - INFO -    6 | HOLD |  5014.48 |  24.0 |   8.48 |   75.0 |   26.6 |   -0.0183 | $   9972.52
2025-06-08 23:21:35,485 - INFO -    7 | HOLD |  5225.63 |  18.7 |   0.88 |   75.0 |   24.7 |    0.0104 | $  10076.64
2025-06-08 23:21:35,485 - INFO -    8 | BUY  |  5238.44 |  21.7 |   5.13 |   75.0 |   25.8 |   -0.0030 | $  10046.19
2025-06-08 23:21:35,485 - INFO -    9 | HOLD |  6191.19 |  22.0 |   3.08 |   56.2 |   44.2 |    0.0800 | $  10850.30
2025-06-08 23:21:35,485 - INFO -   ...    ...      ...       ...     ...     ...      ...      ...         ...
2025-06-08 23:21:35,485 - INFO - 1272 | HOLD | 25969.57 |  47.6 |  -9.26 |   61.8 |  183.4 |   -0.0031 | $  24584.91
2025-06-08 23:21:35,485 - INFO - 1273 | HOLD | 25812.42 |  47.7 |  -8.91 |   61.8 |  184.1 |   -0.0030 | $  24473.52
2025-06-08 23:21:35,485 - INFO - 1274 | HOLD | 25779.98 |  46.8 |  -9.46 |   61.8 |  183.0 |   -0.0026 | $  24450.53
2025-06-08 23:21:35,485 - INFO - 1275 | HOLD | 25753.24 |  47.4 |  -9.58 |   61.8 |  182.7 |   -0.0014 | $  24431.57
2025-06-08 23:21:35,485 - INFO - 1276 | HOLD | 26240.20 |  42.4 |  -9.67 |   61.8 |  182.5 |   -0.0002 | $  24776.72
2025-06-08 23:21:35,485 - INFO - 1277 | HOLD | 25905.65 |  50.8 |  -7.96 |   61.8 |  186.0 |   -0.0006 | $  24539.61
2025-06-08 23:21:35,485 - INFO - 1278 | BUY  | 25895.68 |  48.5 |  -9.14 |   61.8 |  183.6 |   -0.0003 | $  24502.25
2025-06-08 23:21:35,485 - INFO - 1279 | HOLD | 25832.23 |  48.8 |  -8.53 |   46.3 |  198.7 |   -0.0003 | $  24453.57
2025-06-08 23:21:35,485 - INFO - 1280 | HOLD | 25162.65 |  47.3 |  -8.76 |   46.3 |  198.2 |   -0.0009 | $  23939.83
2025-06-08 23:21:35,485 - INFO - 1281 | HOLD | 25833.34 |  41.4 | -11.12 |   46.3 |  193.1 |   -0.0006 | $  24454.42
2025-06-08 23:21:35,485 - INFO - 
Action distribution for Episode 900:
2025-06-08 23:21:35,485 - INFO -   HOLD: 1010 ( 78.8%)
2025-06-08 23:21:35,485 - INFO -   BUY:   250 ( 19.5%)
2025-06-08 23:21:35,485 - INFO -   SELL:   22 (  1.7%)
2025-06-08 23:21:35,485 - INFO - ----------------------------------------------------------------------------------------------------
2025-06-08 23:21:36,575 - INFO - Step 1154000: Loss = 0.000088, Epsilon = 0.0100
2025-06-08 23:21:36,575 - INFO - Step 1154000: Target network updated
2025-06-08 23:21:41,651 - INFO - Step 1155000: Loss = 0.000087, Epsilon = 0.0100
2025-06-08 23:21:42,060 - INFO - Episode 901: Reward = -0.1168, Portfolio = $14569.37, Return = 45.69%, Cash = $2767.34, Crypto = 0.456853, Steps = 1282
2025-06-08 23:21:46,721 - INFO - Step 1156000: Loss = 0.000027, Epsilon = 0.0100
2025-06-08 23:21:46,722 - INFO - Step 1156000: Target network updated
2025-06-08 23:21:48,577 - INFO - Episode 902: Reward = -0.5368, Portfolio = $24704.80, Return = 147.05%, Cash = $279.14, Crypto = 0.945509, Steps = 1282
2025-06-08 23:21:51,795 - INFO - Step 1157000: Loss = 0.000028, Epsilon = 0.0100
2025-06-08 23:21:55,153 - INFO - Episode 903: Reward = -0.4932, Portfolio = $21946.70, Return = 119.47%, Cash = $195.81, Crypto = 0.841970, Steps = 1282
2025-06-08 23:21:57,084 - INFO - Step 1158000: Loss = 0.000443, Epsilon = 0.0100
2025-06-08 23:21:57,085 - INFO - Step 1158000: Target network updated
2025-06-08 23:22:02,100 - INFO - Episode 904: Reward = -0.6699, Portfolio = $16645.11, Return = 66.45%, Cash = $260.60, Crypto = 0.634239, Steps = 1282
2025-06-08 23:22:02,495 - INFO - Step 1159000: Loss = 0.000036, Epsilon = 0.0100
2025-06-08 23:22:07,882 - INFO - Step 1160000: Loss = 0.000350, Epsilon = 0.0100
2025-06-08 23:22:07,883 - INFO - Step 1160000: Target network updated
2025-06-08 23:22:08,996 - INFO - Episode 905: Reward = -1.3072, Portfolio = $2157.04, Return = -78.43%, Cash = $725.65, Crypto = 0.055409, Steps = 1282
2025-06-08 23:22:13,227 - INFO - Step 1161000: Loss = 0.000025, Epsilon = 0.0100
2025-06-08 23:22:15,894 - INFO - Episode 906: Reward = -0.7325, Portfolio = $2867.93, Return = -71.32%, Cash = $923.14, Crypto = 0.075282, Steps = 1282
2025-06-08 23:22:18,614 - INFO - Step 1162000: Loss = 0.000104, Epsilon = 0.0100
2025-06-08 23:22:18,615 - INFO - Step 1162000: Target network updated
2025-06-08 23:22:22,778 - INFO - Episode 907: Reward = -0.1511, Portfolio = $9302.61, Return = -6.97%, Cash = $1793.73, Crypto = 0.290666, Steps = 1282
2025-06-08 23:22:24,009 - INFO - Step 1163000: Loss = 0.000014, Epsilon = 0.0100
2025-06-08 23:22:29,408 - INFO - Step 1164000: Loss = 0.000084, Epsilon = 0.0100
2025-06-08 23:22:29,409 - INFO - Step 1164000: Target network updated
2025-06-08 23:22:29,712 - INFO - Episode 908: Reward = 0.1164, Portfolio = $7364.21, Return = -26.36%, Cash = $57.89, Crypto = 0.282825, Steps = 1282
2025-06-08 23:22:34,837 - INFO - Step 1165000: Loss = 0.000070, Epsilon = 0.0100
2025-06-08 23:22:36,662 - INFO - Episode 909: Reward = 0.2001, Portfolio = $10401.13, Return = 4.01%, Cash = $443.24, Crypto = 0.385467, Steps = 1282
2025-06-08 23:22:40,333 - INFO - Step 1166000: Loss = 0.000035, Epsilon = 0.0100
2025-06-08 23:22:40,334 - INFO - Step 1166000: Target network updated
2025-06-08 23:22:43,731 - INFO - Episode 910: Reward = -0.0561, Portfolio = $15039.48, Return = 50.39%, Cash = $1247.34, Crypto = 0.533889, Steps = 1282
2025-06-08 23:22:43,731 - INFO - Episode 910 Summary: Avg Reward (100 eps) = -0.5945, Avg Portfolio (100 eps) = $19533.93, Epsilon = 0.010
2025-06-08 23:22:45,898 - INFO - Step 1167000: Loss = 0.000206, Epsilon = 0.0100
2025-06-08 23:22:50,647 - INFO - Episode 911: Reward = 0.2266, Portfolio = $14926.13, Return = 49.26%, Cash = $261.50, Crypto = 0.567663, Steps = 1282
2025-06-08 23:22:51,147 - INFO - Step 1168000: Loss = 0.000020, Epsilon = 0.0100
2025-06-08 23:22:51,147 - INFO - Step 1168000: Target network updated
2025-06-08 23:22:56,569 - INFO - Step 1169000: Loss = 0.000057, Epsilon = 0.0100
2025-06-08 23:22:57,595 - INFO - Episode 912: Reward = -1.2461, Portfolio = $28220.03, Return = 182.20%, Cash = $3449.95, Crypto = 0.958841, Steps = 1282
2025-06-08 23:23:02,094 - INFO - Step 1170000: Loss = 0.000057, Epsilon = 0.0100
2025-06-08 23:23:02,094 - INFO - Step 1170000: Target network updated
2025-06-08 23:23:04,641 - INFO - Episode 913: Reward = 0.3671, Portfolio = $15959.19, Return = 59.59%, Cash = $944.36, Crypto = 0.581219, Steps = 1282
2025-06-08 23:23:07,575 - INFO - Step 1171000: Loss = 0.000051, Epsilon = 0.0100
2025-06-08 23:23:11,695 - INFO - Episode 914: Reward = -0.4869, Portfolio = $5889.49, Return = -41.11%, Cash = $226.24, Crypto = 0.219223, Steps = 1282
2025-06-08 23:23:13,081 - INFO - Step 1172000: Loss = 0.000084, Epsilon = 0.0100
2025-06-08 23:23:13,081 - INFO - Step 1172000: Target network updated
2025-06-08 23:23:18,611 - INFO - Step 1173000: Loss = 0.000035, Epsilon = 0.0100
2025-06-08 23:23:18,767 - INFO - Episode 915: Reward = -0.2443, Portfolio = $12506.37, Return = 25.06%, Cash = $2743.16, Crypto = 0.377930, Steps = 1282
2025-06-08 23:23:24,016 - INFO - Step 1174000: Loss = 0.000067, Epsilon = 0.0100
2025-06-08 23:23:24,017 - INFO - Step 1174000: Target network updated
2025-06-08 23:23:25,697 - INFO - Episode 916: Reward = 0.0695, Portfolio = $11755.96, Return = 17.56%, Cash = $3104.53, Crypto = 0.334894, Steps = 1282
2025-06-08 23:23:29,420 - INFO - Step 1175000: Loss = 0.000042, Epsilon = 0.0100
2025-06-08 23:23:32,620 - INFO - Episode 917: Reward = -0.8501, Portfolio = $7708.78, Return = -22.91%, Cash = $231.49, Crypto = 0.289443, Steps = 1282
2025-06-08 23:23:34,809 - INFO - Step 1176000: Loss = 0.000042, Epsilon = 0.0100
2025-06-08 23:23:34,809 - INFO - Step 1176000: Target network updated
2025-06-08 23:23:39,591 - INFO - Episode 918: Reward = 0.2140, Portfolio = $11446.46, Return = 14.46%, Cash = $924.69, Crypto = 0.407294, Steps = 1282
2025-06-08 23:23:40,266 - INFO - Step 1177000: Loss = 0.000189, Epsilon = 0.0100
2025-06-08 23:23:45,589 - INFO - Step 1178000: Loss = 0.000047, Epsilon = 0.0100
2025-06-08 23:23:45,589 - INFO - Step 1178000: Target network updated
2025-06-08 23:23:46,435 - INFO - Episode 919: Reward = -0.1601, Portfolio = $5212.27, Return = -47.88%, Cash = $363.95, Crypto = 0.187677, Steps = 1282
2025-06-08 23:23:50,978 - INFO - Step 1179000: Loss = 0.000101, Epsilon = 0.0100
2025-06-08 23:23:53,363 - INFO - Episode 920: Reward = 0.2018, Portfolio = $31515.84, Return = 215.16%, Cash = $335.26, Crypto = 1.206990, Steps = 1282
2025-06-08 23:23:53,363 - INFO - Episode 920 Summary: Avg Reward (100 eps) = -0.6552, Avg Portfolio (100 eps) = $18703.40, Epsilon = 0.010
2025-06-08 23:23:56,437 - INFO - Step 1180000: Loss = 0.000030, Epsilon = 0.0100
2025-06-08 23:23:56,437 - INFO - Step 1180000: Target network updated
2025-06-08 23:24:00,385 - INFO - Episode 921: Reward = -1.2452, Portfolio = $13725.29, Return = 37.25%, Cash = $217.75, Crypto = 0.522873, Steps = 1282
2025-06-08 23:24:01,910 - INFO - Step 1181000: Loss = 0.000032, Epsilon = 0.0100
2025-06-08 23:24:07,399 - INFO - Step 1182000: Loss = 0.000022, Epsilon = 0.0100
2025-06-08 23:24:07,399 - INFO - Step 1182000: Target network updated
2025-06-08 23:24:07,420 - INFO - Episode 922: Reward = -0.7017, Portfolio = $24161.57, Return = 141.62%, Cash = $16139.67, Crypto = 0.310525, Steps = 1282
2025-06-08 23:24:12,875 - INFO - Step 1183000: Loss = 0.000061, Epsilon = 0.0100
2025-06-08 23:24:14,436 - INFO - Episode 923: Reward = 0.3148, Portfolio = $19409.35, Return = 94.09%, Cash = $3069.37, Crypto = 0.632515, Steps = 1282
2025-06-08 23:24:18,320 - INFO - Step 1184000: Loss = 0.000063, Epsilon = 0.0100
2025-06-08 23:24:18,321 - INFO - Step 1184000: Target network updated
2025-06-08 23:24:21,407 - INFO - Episode 924: Reward = 0.3622, Portfolio = $26603.40, Return = 166.03%, Cash = $842.46, Crypto = 0.997197, Steps = 1282
2025-06-08 23:24:23,773 - INFO - Step 1185000: Loss = 0.000056, Epsilon = 0.0100
2025-06-08 23:24:28,408 - INFO - Episode 925: Reward = -0.3037, Portfolio = $23342.27, Return = 133.42%, Cash = $2409.41, Crypto = 0.810304, Steps = 1282
2025-06-08 23:24:29,243 - INFO - Step 1186000: Loss = 0.000046, Epsilon = 0.0100
2025-06-08 23:24:29,244 - INFO - Step 1186000: Target network updated
2025-06-08 23:24:34,708 - INFO - Step 1187000: Loss = 0.000145, Epsilon = 0.0100
2025-06-08 23:24:35,427 - INFO - Episode 926: Reward = 0.2531, Portfolio = $20072.70, Return = 100.73%, Cash = $1139.69, Crypto = 0.732890, Steps = 1282
2025-06-08 23:24:40,148 - INFO - Step 1188000: Loss = 0.000033, Epsilon = 0.0100
2025-06-08 23:24:40,149 - INFO - Step 1188000: Target network updated
2025-06-08 23:24:42,375 - INFO - Episode 927: Reward = -0.8192, Portfolio = $5128.42, Return = -48.72%, Cash = $182.42, Crypto = 0.191458, Steps = 1282
2025-06-08 23:24:45,561 - INFO - Step 1189000: Loss = 0.000079, Epsilon = 0.0100
2025-06-08 23:24:49,286 - INFO - Episode 928: Reward = -1.6953, Portfolio = $5260.95, Return = -47.39%, Cash = $826.55, Crypto = 0.171654, Steps = 1282
2025-06-08 23:24:50,925 - INFO - Step 1190000: Loss = 0.000030, Epsilon = 0.0100
2025-06-08 23:24:50,925 - INFO - Step 1190000: Target network updated
2025-06-08 23:24:56,199 - INFO - Episode 929: Reward = 0.4606, Portfolio = $21129.59, Return = 111.30%, Cash = $7151.16, Crypto = 0.541100, Steps = 1282
2025-06-08 23:24:56,325 - INFO - Step 1191000: Loss = 0.000396, Epsilon = 0.0100
2025-06-08 23:25:01,853 - INFO - Step 1192000: Loss = 0.000094, Epsilon = 0.0100
2025-06-08 23:25:01,853 - INFO - Step 1192000: Target network updated
2025-06-08 23:25:03,288 - INFO - Episode 930: Reward = 0.4180, Portfolio = $17608.04, Return = 76.08%, Cash = $273.92, Crypto = 0.670998, Steps = 1282
2025-06-08 23:25:03,289 - INFO - Episode 930 Summary: Avg Reward (100 eps) = -0.6874, Avg Portfolio (100 eps) = $18784.79, Epsilon = 0.010
2025-06-08 23:25:07,289 - INFO - Step 1193000: Loss = 0.000030, Epsilon = 0.0100
2025-06-08 23:25:10,208 - INFO - Episode 931: Reward = -0.4712, Portfolio = $5687.72, Return = -43.12%, Cash = $227.88, Crypto = 0.211348, Steps = 1282
2025-06-08 23:25:12,710 - INFO - Step 1194000: Loss = 0.000535, Epsilon = 0.0100
2025-06-08 23:25:12,711 - INFO - Step 1194000: Target network updated
2025-06-08 23:25:17,297 - INFO - Episode 932: Reward = -1.1785, Portfolio = $18986.84, Return = 89.87%, Cash = $90.21, Crypto = 0.731482, Steps = 1282
2025-06-08 23:25:18,246 - INFO - Step 1195000: Loss = 0.000049, Epsilon = 0.0100
2025-06-08 23:25:23,691 - INFO - Step 1196000: Loss = 0.000060, Epsilon = 0.0100
2025-06-08 23:25:23,692 - INFO - Step 1196000: Target network updated
2025-06-08 23:25:24,252 - INFO - Episode 933: Reward = -0.2752, Portfolio = $24418.46, Return = 144.18%, Cash = $215.12, Crypto = 0.936903, Steps = 1282
2025-06-08 23:25:29,013 - INFO - Step 1197000: Loss = 0.000358, Epsilon = 0.0100
2025-06-08 23:25:31,152 - INFO - Episode 934: Reward = 0.1955, Portfolio = $24585.36, Return = 145.85%, Cash = $3377.56, Crypto = 0.820947, Steps = 1282
2025-06-08 23:25:34,515 - INFO - Step 1198000: Loss = 0.000046, Epsilon = 0.0100
2025-06-08 23:25:34,516 - INFO - Step 1198000: Target network updated
2025-06-08 23:25:38,207 - INFO - Episode 935: Reward = 0.4074, Portfolio = $20449.96, Return = 104.50%, Cash = $314.65, Crypto = 0.779431, Steps = 1282
2025-06-08 23:25:40,076 - INFO - Step 1199000: Loss = 0.000046, Epsilon = 0.0100
2025-06-08 23:25:45,586 - INFO - Episode 936: Reward = -2.0577, Portfolio = $11320.33, Return = 13.20%, Cash = $1568.49, Crypto = 0.377490, Steps = 1282
2025-06-08 23:25:45,857 - INFO - Step 1200000: Loss = 0.000083, Epsilon = 0.0100
2025-06-08 23:25:45,858 - INFO - Step 1200000: Target network updated
2025-06-08 23:25:51,403 - INFO - Step 1201000: Loss = 0.000049, Epsilon = 0.0100
2025-06-08 23:25:52,694 - INFO - Episode 937: Reward = -0.5475, Portfolio = $15260.03, Return = 52.60%, Cash = $52.91, Crypto = 0.588663, Steps = 1282
2025-06-08 23:25:56,977 - INFO - Step 1202000: Loss = 0.000106, Epsilon = 0.0100
2025-06-08 23:25:56,977 - INFO - Step 1202000: Target network updated
2025-06-08 23:25:59,838 - INFO - Episode 938: Reward = 0.2584, Portfolio = $28191.65, Return = 181.92%, Cash = $1474.14, Crypto = 1.034226, Steps = 1282
2025-06-08 23:26:02,535 - INFO - Step 1203000: Loss = 0.000049, Epsilon = 0.0100
2025-06-08 23:26:06,989 - INFO - Episode 939: Reward = 0.5865, Portfolio = $26469.59, Return = 164.70%, Cash = $4853.88, Crypto = 0.836737, Steps = 1282
2025-06-08 23:26:08,115 - INFO - Step 1204000: Loss = 0.000303, Epsilon = 0.0100
2025-06-08 23:26:08,115 - INFO - Step 1204000: Target network updated
2025-06-08 23:26:13,654 - INFO - Step 1205000: Loss = 0.000161, Epsilon = 0.0100
2025-06-08 23:26:14,097 - INFO - Episode 940: Reward = -0.2263, Portfolio = $28589.66, Return = 185.90%, Cash = $234.37, Crypto = 1.097624, Steps = 1282
2025-06-08 23:26:14,097 - INFO - Episode 940 Summary: Avg Reward (100 eps) = -0.6544, Avg Portfolio (100 eps) = $19107.78, Epsilon = 0.010
2025-06-08 23:26:19,196 - INFO - Step 1206000: Loss = 0.000059, Epsilon = 0.0100
2025-06-08 23:26:19,197 - INFO - Step 1206000: Target network updated
2025-06-08 23:26:21,158 - INFO - Episode 941: Reward = 0.1849, Portfolio = $28891.40, Return = 188.91%, Cash = $7141.69, Crypto = 0.841924, Steps = 1282
2025-06-08 23:26:24,554 - INFO - Step 1207000: Loss = 0.000107, Epsilon = 0.0100
2025-06-08 23:26:27,992 - INFO - Episode 942: Reward = -0.8121, Portfolio = $30211.57, Return = 202.12%, Cash = $352.72, Crypto = 1.155826, Steps = 1282
2025-06-08 23:26:29,895 - INFO - Step 1208000: Loss = 0.000106, Epsilon = 0.0100
2025-06-08 23:26:29,895 - INFO - Step 1208000: Target network updated
2025-06-08 23:26:34,989 - INFO - Episode 943: Reward = -1.1862, Portfolio = $16590.34, Return = 65.90%, Cash = $4124.69, Crypto = 0.482541, Steps = 1282
2025-06-08 23:26:35,405 - INFO - Step 1209000: Loss = 0.000076, Epsilon = 0.0100
2025-06-08 23:26:41,009 - INFO - Step 1210000: Loss = 0.000070, Epsilon = 0.0100
2025-06-08 23:26:41,009 - INFO - Step 1210000: Target network updated
2025-06-08 23:26:42,163 - INFO - Episode 944: Reward = 0.3863, Portfolio = $22587.35, Return = 125.87%, Cash = $273.88, Crypto = 0.863747, Steps = 1282
2025-06-08 23:26:46,515 - INFO - Step 1211000: Loss = 0.000349, Epsilon = 0.0100
2025-06-08 23:26:49,178 - INFO - Episode 945: Reward = -2.3943, Portfolio = $25732.16, Return = 157.32%, Cash = $635.31, Crypto = 0.971491, Steps = 1282
2025-06-08 23:26:51,949 - INFO - Step 1212000: Loss = 0.000042, Epsilon = 0.0100
2025-06-08 23:26:51,949 - INFO - Step 1212000: Target network updated
2025-06-08 23:26:56,178 - INFO - Episode 946: Reward = -0.7093, Portfolio = $4836.21, Return = -51.64%, Cash = $681.19, Crypto = 0.160840, Steps = 1282
2025-06-08 23:26:57,452 - INFO - Step 1213000: Loss = 0.000040, Epsilon = 0.0100
2025-06-08 23:27:02,883 - INFO - Step 1214000: Loss = 0.000031, Epsilon = 0.0100
2025-06-08 23:27:02,883 - INFO - Step 1214000: Target network updated
2025-06-08 23:27:03,174 - INFO - Episode 947: Reward = -0.0147, Portfolio = $23835.48, Return = 138.35%, Cash = $206.95, Crypto = 0.914653, Steps = 1282
2025-06-08 23:27:08,342 - INFO - Step 1215000: Loss = 0.000041, Epsilon = 0.0100
2025-06-08 23:27:10,148 - INFO - Episode 948: Reward = 0.1143, Portfolio = $24068.53, Return = 140.69%, Cash = $3368.27, Crypto = 0.801300, Steps = 1282
2025-06-08 23:27:13,902 - INFO - Step 1216000: Loss = 0.000024, Epsilon = 0.0100
2025-06-08 23:27:13,902 - INFO - Step 1216000: Target network updated
2025-06-08 23:27:17,346 - INFO - Episode 949: Reward = -0.5118, Portfolio = $26560.46, Return = 165.60%, Cash = $70.80, Crypto = 1.025406, Steps = 1282
2025-06-08 23:27:19,472 - INFO - Step 1217000: Loss = 0.000086, Epsilon = 0.0100
2025-06-08 23:27:24,441 - INFO - Episode 950: Reward = -0.4128, Portfolio = $17563.35, Return = 75.63%, Cash = $589.52, Crypto = 0.657051, Steps = 1282
2025-06-08 23:27:24,441 - INFO - Episode 950 Summary: Avg Reward (100 eps) = -0.6066, Avg Portfolio (100 eps) = $19662.74, Epsilon = 0.010
2025-06-08 23:27:24,441 - INFO - 
Detailed steps for Episode 950:
2025-06-08 23:27:24,441 - INFO - Step | Action | Price    | RSI   | PnL%   | Cash%  | Pos%   | Reward    | Portfolio
2025-06-08 23:27:24,441 - INFO - ----------------------------------------------------------------------------------------------------
2025-06-08 23:27:24,441 - INFO -    0 | HOLD |  7909.73 |  21.9 |   0.00 |  100.0 |    0.0 |    0.0000 | $  10000.00
2025-06-08 23:27:24,441 - INFO -    1 | HOLD |  7911.43 |  24.3 |   0.00 |  100.0 |    0.0 |    0.0000 | $  10000.00
2025-06-08 23:27:24,441 - INFO -    2 | HOLD |  4970.79 |  29.9 |   0.00 |  100.0 |    0.0 |    0.0000 | $  10000.00
2025-06-08 23:27:24,441 - INFO -    3 | BUY  |  5563.71 |  13.1 |   0.00 |  100.0 |    0.0 |   -0.0049 | $   9950.98
2025-06-08 23:27:24,441 - INFO -    4 | BUY  |  5200.37 |  22.5 |   0.00 |   75.0 |   24.5 |   -0.0198 | $   9754.15
2025-06-08 23:27:24,441 - INFO -    5 | BUY  |  5392.31 |  21.4 |  -3.73 |   56.2 |   41.3 |    0.0128 | $   9878.99
2025-06-08 23:27:24,441 - INFO -    6 | HOLD |  5014.48 |  24.0 |  -0.14 |   42.2 |   56.6 |   -0.0401 | $   9482.38
2025-06-08 23:27:24,441 - INFO -    7 | BUY  |  5225.63 |  18.7 |  -7.13 |   42.2 |   52.6 |    0.0212 | $   9683.34
2025-06-08 23:27:24,441 - INFO -    8 | BUY  |  5238.44 |  21.7 |  -2.72 |   31.6 |   65.2 |    0.0000 | $   9683.81
2025-06-08 23:27:24,441 - INFO -    9 | BUY  |  6191.19 |  22.0 |  -2.23 |   23.7 |   73.1 |    0.1361 | $  11001.84
2025-06-08 23:27:24,441 - INFO -   ...    ...      ...       ...     ...     ...      ...      ...         ...
2025-06-08 23:27:24,441 - INFO - 1272 | HOLD | 25969.57 |  47.6 | -13.62 |   24.8 |  151.4 |   -0.0031 | $  17681.70
2025-06-08 23:27:24,441 - INFO - 1273 | BUY  | 25812.42 |  47.7 | -13.28 |   24.8 |  152.0 |   -0.0031 | $  17577.55
2025-06-08 23:27:24,441 - INFO - 1274 | BUY  | 25779.98 |  46.8 | -13.35 |   18.6 |  157.1 |   -0.0028 | $  17548.68
2025-06-08 23:27:24,441 - INFO - 1275 | BUY  | 25753.24 |  47.4 | -13.12 |   14.0 |  161.5 |   -0.0016 | $  17525.07
2025-06-08 23:27:24,441 - INFO - 1276 | BUY  | 26240.20 |  42.4 | -12.98 |   10.5 |  164.8 |   -0.0003 | $  17831.49
2025-06-08 23:27:24,441 - INFO - 1277 | HOLD | 25905.65 |  50.8 | -11.18 |    7.9 |  170.5 |   -0.0008 | $  17614.17
2025-06-08 23:27:24,441 - INFO - 1278 | HOLD | 25895.68 |  48.5 | -12.31 |    7.9 |  168.3 |   -0.0009 | $  17607.69
2025-06-08 23:27:24,441 - INFO - 1279 | HOLD | 25832.23 |  48.8 | -12.34 |    7.9 |  168.2 |   -0.0009 | $  17566.48
2025-06-08 23:27:24,441 - INFO - 1280 | HOLD | 25162.65 |  47.3 | -12.56 |    7.9 |  167.8 |   -0.0015 | $  17131.53
2025-06-08 23:27:24,441 - INFO - 1281 | BUY  | 25833.34 |  41.4 | -14.83 |    7.9 |  163.5 |   -0.0012 | $  17563.35
2025-06-08 23:27:24,441 - INFO - 
Action distribution for Episode 950:
2025-06-08 23:27:24,441 - INFO -   HOLD:  981 ( 76.5%)
2025-06-08 23:27:24,441 - INFO -   BUY:   264 ( 20.6%)
2025-06-08 23:27:24,442 - INFO -   SELL:   37 (  2.9%)
2025-06-08 23:27:24,442 - INFO - ----------------------------------------------------------------------------------------------------
2025-06-08 23:27:24,994 - INFO - Step 1218000: Loss = 0.000013, Epsilon = 0.0100
2025-06-08 23:27:24,995 - INFO - Step 1218000: Target network updated
2025-06-08 23:27:30,411 - INFO - Step 1219000: Loss = 0.000051, Epsilon = 0.0100
2025-06-08 23:27:31,387 - INFO - Episode 951: Reward = 0.2307, Portfolio = $27641.01, Return = 176.41%, Cash = $513.09, Crypto = 1.050113, Steps = 1282
2025-06-08 23:27:35,959 - INFO - Step 1220000: Loss = 0.000045, Epsilon = 0.0100
2025-06-08 23:27:35,960 - INFO - Step 1220000: Target network updated
2025-06-08 23:27:38,585 - INFO - Episode 952: Reward = 0.3554, Portfolio = $17355.13, Return = 73.55%, Cash = $6661.19, Crypto = 0.413959, Steps = 1282
2025-06-08 23:27:41,508 - INFO - Step 1221000: Loss = 0.000036, Epsilon = 0.0100
2025-06-08 23:27:45,499 - INFO - Episode 953: Reward = -0.0908, Portfolio = $26595.99, Return = 165.96%, Cash = $130.55, Crypto = 1.024468, Steps = 1282
2025-06-08 23:27:46,863 - INFO - Step 1222000: Loss = 0.000065, Epsilon = 0.0100
2025-06-08 23:27:46,863 - INFO - Step 1222000: Target network updated
2025-06-08 23:27:52,225 - INFO - Step 1223000: Loss = 0.000020, Epsilon = 0.0100
2025-06-08 23:27:52,374 - INFO - Episode 954: Reward = -0.0861, Portfolio = $9531.39, Return = -4.69%, Cash = $1799.12, Crypto = 0.299314, Steps = 1282
2025-06-08 23:27:57,602 - INFO - Step 1224000: Loss = 0.000037, Epsilon = 0.0100
2025-06-08 23:27:57,603 - INFO - Step 1224000: Target network updated
2025-06-08 23:27:59,258 - INFO - Episode 955: Reward = -0.3315, Portfolio = $30675.37, Return = 206.75%, Cash = $1122.43, Crypto = 1.143984, Steps = 1282
2025-06-08 23:28:02,976 - INFO - Step 1225000: Loss = 0.000112, Epsilon = 0.0100
2025-06-08 23:28:06,150 - INFO - Episode 956: Reward = 0.0958, Portfolio = $15641.70, Return = 56.42%, Cash = $2871.13, Crypto = 0.494344, Steps = 1282
2025-06-08 23:28:08,338 - INFO - Step 1226000: Loss = 0.000047, Epsilon = 0.0100
2025-06-08 23:28:08,339 - INFO - Step 1226000: Target network updated
2025-06-08 23:28:13,050 - INFO - Episode 957: Reward = -1.3935, Portfolio = $22456.22, Return = 124.56%, Cash = $147.16, Crypto = 0.863576, Steps = 1282
2025-06-08 23:28:13,736 - INFO - Step 1227000: Loss = 0.000081, Epsilon = 0.0100
2025-06-08 23:28:19,139 - INFO - Step 1228000: Loss = 0.000050, Epsilon = 0.0100
2025-06-08 23:28:19,139 - INFO - Step 1228000: Target network updated
2025-06-08 23:28:19,979 - INFO - Episode 958: Reward = 0.4240, Portfolio = $26563.26, Return = 165.63%, Cash = $162.89, Crypto = 1.021949, Steps = 1282
2025-06-08 23:28:24,564 - INFO - Step 1229000: Loss = 0.000015, Epsilon = 0.0100
2025-06-08 23:28:26,939 - INFO - Episode 959: Reward = 0.4465, Portfolio = $26041.37, Return = 160.41%, Cash = $4788.68, Crypto = 0.822684, Steps = 1282
2025-06-08 23:28:30,022 - INFO - Step 1230000: Loss = 0.000171, Epsilon = 0.0100
2025-06-08 23:28:30,023 - INFO - Step 1230000: Target network updated
2025-06-08 23:28:33,963 - INFO - Episode 960: Reward = -0.0141, Portfolio = $28558.10, Return = 185.58%, Cash = $5265.89, Crypto = 0.901633, Steps = 1282
2025-06-08 23:28:33,963 - INFO - Episode 960 Summary: Avg Reward (100 eps) = -0.5831, Avg Portfolio (100 eps) = $20100.91, Epsilon = 0.010
2025-06-08 23:28:35,550 - INFO - Step 1231000: Loss = 0.000100, Epsilon = 0.0100
2025-06-08 23:28:40,977 - INFO - Step 1232000: Loss = 0.000087, Epsilon = 0.0100
2025-06-08 23:28:40,978 - INFO - Step 1232000: Target network updated
2025-06-08 23:28:40,983 - INFO - Episode 961: Reward = -3.0501, Portfolio = $16065.31, Return = 60.65%, Cash = $7.80, Crypto = 0.621581, Steps = 1282
2025-06-08 23:28:46,425 - INFO - Step 1233000: Loss = 0.000054, Epsilon = 0.0100
2025-06-08 23:28:47,978 - INFO - Episode 962: Reward = -1.4932, Portfolio = $32476.54, Return = 224.77%, Cash = $20378.41, Crypto = 0.468314, Steps = 1282
2025-06-08 23:28:52,049 - INFO - Step 1234000: Loss = 0.000049, Epsilon = 0.0100
2025-06-08 23:28:52,050 - INFO - Step 1234000: Target network updated
2025-06-08 23:28:55,236 - INFO - Episode 963: Reward = -1.6795, Portfolio = $23031.64, Return = 130.32%, Cash = $150.78, Crypto = 0.885710, Steps = 1282
2025-06-08 23:28:57,784 - INFO - Step 1235000: Loss = 0.000033, Epsilon = 0.0100
2025-06-08 23:29:02,609 - INFO - Episode 964: Reward = -0.0710, Portfolio = $30535.28, Return = 205.35%, Cash = $3107.10, Crypto = 1.061736, Steps = 1282
2025-06-08 23:29:03,452 - INFO - Step 1236000: Loss = 0.000517, Epsilon = 0.0100
2025-06-08 23:29:03,452 - INFO - Step 1236000: Target network updated
2025-06-08 23:29:08,668 - INFO - Step 1237000: Loss = 0.000029, Epsilon = 0.0100
2025-06-08 23:29:09,370 - INFO - Episode 965: Reward = 0.3324, Portfolio = $34471.34, Return = 244.71%, Cash = $1525.89, Crypto = 1.275307, Steps = 1282
2025-06-08 23:29:14,077 - INFO - Step 1238000: Loss = 0.000319, Epsilon = 0.0100
2025-06-08 23:29:14,078 - INFO - Step 1238000: Target network updated
2025-06-08 23:29:16,169 - INFO - Episode 966: Reward = -0.1076, Portfolio = $20217.44, Return = 102.17%, Cash = $166.22, Crypto = 0.776176, Steps = 1282
2025-06-08 23:29:19,170 - INFO - Step 1239000: Loss = 0.000047, Epsilon = 0.0100
2025-06-08 23:29:22,745 - INFO - Episode 967: Reward = -0.4244, Portfolio = $30010.97, Return = 200.11%, Cash = $137.56, Crypto = 1.156390, Steps = 1282
2025-06-08 23:29:24,440 - INFO - Step 1240000: Loss = 0.000410, Epsilon = 0.0100
2025-06-08 23:29:24,440 - INFO - Step 1240000: Target network updated
2025-06-08 23:29:29,795 - INFO - Episode 968: Reward = -0.4941, Portfolio = $34590.91, Return = 245.91%, Cash = $166.07, Crypto = 1.332574, Steps = 1282
2025-06-08 23:29:29,928 - INFO - Step 1241000: Loss = 0.000029, Epsilon = 0.0100
2025-06-08 23:29:35,422 - INFO - Step 1242000: Loss = 0.000062, Epsilon = 0.0100
2025-06-08 23:29:35,423 - INFO - Step 1242000: Target network updated
2025-06-08 23:29:36,814 - INFO - Episode 969: Reward = -0.3890, Portfolio = $28899.58, Return = 189.00%, Cash = $1696.28, Crypto = 1.053030, Steps = 1282
2025-06-08 23:29:40,818 - INFO - Step 1243000: Loss = 0.000022, Epsilon = 0.0100
2025-06-08 23:29:43,731 - INFO - Episode 970: Reward = -0.6186, Portfolio = $22622.27, Return = 126.22%, Cash = $3094.53, Crypto = 0.755912, Steps = 1282
2025-06-08 23:29:43,731 - INFO - Episode 970 Summary: Avg Reward (100 eps) = -0.4897, Avg Portfolio (100 eps) = $20518.24, Epsilon = 0.010
2025-06-08 23:29:46,210 - INFO - Step 1244000: Loss = 0.000279, Epsilon = 0.0100
2025-06-08 23:29:46,210 - INFO - Step 1244000: Target network updated
2025-06-08 23:29:50,593 - INFO - Episode 971: Reward = 0.3640, Portfolio = $33908.54, Return = 239.09%, Cash = $548.80, Crypto = 1.291344, Steps = 1282
2025-06-08 23:29:51,554 - INFO - Step 1245000: Loss = 0.000045, Epsilon = 0.0100
2025-06-08 23:29:56,897 - INFO - Step 1246000: Loss = 0.000070, Epsilon = 0.0100
2025-06-08 23:29:56,897 - INFO - Step 1246000: Target network updated
2025-06-08 23:29:57,458 - INFO - Episode 972: Reward = -4.6983, Portfolio = $15720.84, Return = 57.21%, Cash = $315.66, Crypto = 0.596329, Steps = 1282
2025-06-08 23:30:02,332 - INFO - Step 1247000: Loss = 0.000067, Epsilon = 0.0100
2025-06-08 23:30:04,419 - INFO - Episode 973: Reward = -1.8782, Portfolio = $9178.88, Return = -8.21%, Cash = $587.35, Crypto = 0.332575, Steps = 1282
2025-06-08 23:30:07,753 - INFO - Step 1248000: Loss = 0.000122, Epsilon = 0.0100
2025-06-08 23:30:07,753 - INFO - Step 1248000: Target network updated
2025-06-08 23:30:11,355 - INFO - Episode 974: Reward = -0.9323, Portfolio = $21996.37, Return = 119.96%, Cash = $195.93, Crypto = 0.843888, Steps = 1282
2025-06-08 23:30:13,147 - INFO - Step 1249000: Loss = 0.000023, Epsilon = 0.0100
2025-06-08 23:30:18,256 - INFO - Episode 975: Reward = -0.0811, Portfolio = $18510.36, Return = 85.10%, Cash = $4135.55, Crypto = 0.556444, Steps = 1282
2025-06-08 23:30:18,531 - INFO - Step 1250000: Loss = 0.000043, Epsilon = 0.0100
2025-06-08 23:30:18,532 - INFO - Step 1250000: Target network updated
2025-06-08 23:30:23,995 - INFO - Step 1251000: Loss = 0.000040, Epsilon = 0.0100
2025-06-08 23:30:25,255 - INFO - Episode 976: Reward = -1.5524, Portfolio = $24975.56, Return = 149.76%, Cash = $1421.49, Crypto = 0.911770, Steps = 1282
2025-06-08 23:30:29,405 - INFO - Step 1252000: Loss = 0.000189, Epsilon = 0.0100
2025-06-08 23:30:29,405 - INFO - Step 1252000: Target network updated
2025-06-08 23:30:32,191 - INFO - Episode 977: Reward = 0.4480, Portfolio = $31998.72, Return = 219.99%, Cash = $4423.92, Crypto = 1.067411, Steps = 1282
2025-06-08 23:30:34,849 - INFO - Step 1253000: Loss = 0.000052, Epsilon = 0.0100
2025-06-08 23:30:39,130 - INFO - Episode 978: Reward = 0.4504, Portfolio = $27683.66, Return = 176.84%, Cash = $301.55, Crypto = 1.059952, Steps = 1282
2025-06-08 23:30:40,241 - INFO - Step 1254000: Loss = 0.000034, Epsilon = 0.0100
2025-06-08 23:30:40,241 - INFO - Step 1254000: Target network updated
2025-06-08 23:30:45,659 - INFO - Step 1255000: Loss = 0.000415, Epsilon = 0.0100
2025-06-08 23:30:46,075 - INFO - Episode 979: Reward = 0.0541, Portfolio = $23121.82, Return = 131.22%, Cash = $182.68, Crypto = 0.887966, Steps = 1282
2025-06-08 23:30:51,091 - INFO - Step 1256000: Loss = 0.000024, Epsilon = 0.0100
2025-06-08 23:30:51,092 - INFO - Step 1256000: Target network updated
2025-06-08 23:30:53,036 - INFO - Episode 980: Reward = 0.6041, Portfolio = $30831.91, Return = 208.32%, Cash = $202.04, Crypto = 1.185672, Steps = 1282
2025-06-08 23:30:53,037 - INFO - Episode 980 Summary: Avg Reward (100 eps) = -0.4606, Avg Portfolio (100 eps) = $20209.98, Epsilon = 0.010
2025-06-08 23:30:56,507 - INFO - Step 1257000: Loss = 0.000104, Epsilon = 0.0100
2025-06-08 23:31:00,021 - INFO - Episode 981: Reward = 0.1280, Portfolio = $14537.09, Return = 45.37%, Cash = $73.16, Crypto = 0.559894, Steps = 1282
2025-06-08 23:31:01,998 - INFO - Step 1258000: Loss = 0.000066, Epsilon = 0.0100
2025-06-08 23:31:01,999 - INFO - Step 1258000: Target network updated
2025-06-08 23:31:07,028 - INFO - Episode 982: Reward = -1.0963, Portfolio = $25858.46, Return = 158.58%, Cash = $484.00, Crypto = 0.982237, Steps = 1282
2025-06-08 23:31:07,473 - INFO - Step 1259000: Loss = 0.000198, Epsilon = 0.0100
2025-06-08 23:31:12,946 - INFO - Step 1260000: Loss = 0.000028, Epsilon = 0.0100
2025-06-08 23:31:12,946 - INFO - Step 1260000: Target network updated
2025-06-08 23:31:14,047 - INFO - Episode 983: Reward = -0.0917, Portfolio = $26112.27, Return = 161.12%, Cash = $209.74, Crypto = 1.002678, Steps = 1282
2025-06-08 23:31:18,298 - INFO - Step 1261000: Loss = 0.000053, Epsilon = 0.0100
2025-06-08 23:31:20,913 - INFO - Episode 984: Reward = -0.1056, Portfolio = $19990.83, Return = 99.91%, Cash = $1556.14, Crypto = 0.713601, Steps = 1282
2025-06-08 23:31:23,646 - INFO - Step 1262000: Loss = 0.000047, Epsilon = 0.0100
2025-06-08 23:31:23,647 - INFO - Step 1262000: Target network updated
2025-06-08 23:31:27,766 - INFO - Episode 985: Reward = -0.1067, Portfolio = $8131.63, Return = -18.68%, Cash = $400.16, Crypto = 0.299282, Steps = 1282
2025-06-08 23:31:29,008 - INFO - Step 1263000: Loss = 0.000081, Epsilon = 0.0100
2025-06-08 23:31:34,338 - INFO - Step 1264000: Loss = 0.000085, Epsilon = 0.0100
2025-06-08 23:31:34,339 - INFO - Step 1264000: Target network updated
2025-06-08 23:31:34,612 - INFO - Episode 986: Reward = -0.8090, Portfolio = $9472.48, Return = -5.28%, Cash = $432.37, Crypto = 0.349940, Steps = 1282
2025-06-08 23:31:39,272 - INFO - Step 1265000: Loss = 0.000036, Epsilon = 0.0100
2025-06-08 23:31:40,904 - INFO - Episode 987: Reward = 0.4425, Portfolio = $12272.00, Return = 22.72%, Cash = $739.32, Crypto = 0.446426, Steps = 1282
2025-06-08 23:31:44,185 - INFO - Step 1266000: Loss = 0.000150, Epsilon = 0.0100
2025-06-08 23:31:44,185 - INFO - Step 1266000: Target network updated
2025-06-08 23:31:47,376 - INFO - Episode 988: Reward = -0.1308, Portfolio = $5395.85, Return = -46.04%, Cash = $409.34, Crypto = 0.193026, Steps = 1282
2025-06-08 23:31:49,402 - INFO - Step 1267000: Loss = 0.000072, Epsilon = 0.0100
2025-06-08 23:31:54,182 - INFO - Episode 989: Reward = -8.8971, Portfolio = $1553.14, Return = -84.47%, Cash = $718.60, Crypto = 0.032305, Steps = 1282
2025-06-08 23:31:54,735 - INFO - Step 1268000: Loss = 0.000087, Epsilon = 0.0100
2025-06-08 23:31:54,736 - INFO - Step 1268000: Target network updated
2025-06-08 23:32:00,107 - INFO - Step 1269000: Loss = 0.000055, Epsilon = 0.0100
2025-06-08 23:32:01,068 - INFO - Episode 990: Reward = 0.1829, Portfolio = $18510.18, Return = 85.10%, Cash = $533.53, Crypto = 0.695870, Steps = 1282
2025-06-08 23:32:01,068 - INFO - Episode 990 Summary: Avg Reward (100 eps) = -0.5079, Avg Portfolio (100 eps) = $19405.30, Epsilon = 0.010
2025-06-08 23:32:05,514 - INFO - Step 1270000: Loss = 0.000102, Epsilon = 0.0100
2025-06-08 23:32:05,514 - INFO - Step 1270000: Target network updated
2025-06-08 23:32:08,089 - INFO - Episode 991: Reward = -0.2394, Portfolio = $15039.19, Return = 50.39%, Cash = $3726.81, Crypto = 0.437898, Steps = 1282
2025-06-08 23:32:11,193 - INFO - Step 1271000: Loss = 0.000014, Epsilon = 0.0100
2025-06-08 23:32:15,302 - INFO - Episode 992: Reward = -0.7264, Portfolio = $5626.64, Return = -43.73%, Cash = $408.46, Crypto = 0.201994, Steps = 1282
2025-06-08 23:32:16,687 - INFO - Step 1272000: Loss = 0.000052, Epsilon = 0.0100
2025-06-08 23:32:16,687 - INFO - Step 1272000: Target network updated
2025-06-08 23:32:22,096 - INFO - Step 1273000: Loss = 0.000046, Epsilon = 0.0100
2025-06-08 23:32:22,234 - INFO - Episode 993: Reward = -0.3292, Portfolio = $21583.36, Return = 115.83%, Cash = $147.41, Crypto = 0.829778, Steps = 1282
2025-06-08 23:32:27,512 - INFO - Step 1274000: Loss = 0.000021, Epsilon = 0.0100
2025-06-08 23:32:27,512 - INFO - Step 1274000: Target network updated
2025-06-08 23:32:29,175 - INFO - Episode 994: Reward = -0.2924, Portfolio = $8883.85, Return = -11.16%, Cash = $1570.70, Crypto = 0.283090, Steps = 1282
2025-06-08 23:32:32,944 - INFO - Step 1275000: Loss = 0.000101, Epsilon = 0.0100
2025-06-08 23:32:36,174 - INFO - Episode 995: Reward = -0.4267, Portfolio = $16721.52, Return = 67.22%, Cash = $5491.28, Crypto = 0.434719, Steps = 1282
2025-06-08 23:32:38,521 - INFO - Step 1276000: Loss = 0.000071, Epsilon = 0.0100
2025-06-08 23:32:38,522 - INFO - Step 1276000: Target network updated
2025-06-08 23:32:43,232 - INFO - Episode 996: Reward = -0.0743, Portfolio = $22494.63, Return = 124.95%, Cash = $325.55, Crypto = 0.858157, Steps = 1282
2025-06-08 23:32:43,930 - INFO - Step 1277000: Loss = 0.000064, Epsilon = 0.0100
2025-06-08 23:32:49,341 - INFO - Step 1278000: Loss = 0.000022, Epsilon = 0.0100
2025-06-08 23:32:49,341 - INFO - Step 1278000: Target network updated
2025-06-08 23:32:50,168 - INFO - Episode 997: Reward = 0.5188, Portfolio = $24514.30, Return = 145.14%, Cash = $3433.27, Crypto = 0.816040, Steps = 1282
2025-06-08 23:32:54,755 - INFO - Step 1279000: Loss = 0.000072, Epsilon = 0.0100
2025-06-08 23:32:57,122 - INFO - Episode 998: Reward = -0.1327, Portfolio = $37882.70, Return = 278.83%, Cash = $935.27, Crypto = 1.430223, Steps = 1282
2025-06-08 23:33:00,190 - INFO - Step 1280000: Loss = 0.000051, Epsilon = 0.0100
2025-06-08 23:33:00,190 - INFO - Step 1280000: Target network updated
2025-06-08 23:33:04,016 - INFO - Episode 999: Reward = 0.3004, Portfolio = $20402.94, Return = 104.03%, Cash = $5291.76, Crypto = 0.584949, Steps = 1282
2025-06-08 23:33:05,533 - INFO - Step 1281000: Loss = 0.000091, Epsilon = 0.0100
2025-06-08 23:33:10,935 - INFO - Step 1282000: Loss = 0.000054, Epsilon = 0.0100
2025-06-08 23:33:10,936 - INFO - Step 1282000: Target network updated
2025-06-08 23:33:10,937 - INFO - Episode 1000: Reward = 0.3417, Portfolio = $6078.64, Return = -39.21%, Cash = $217.37, Crypto = 0.226888, Steps = 1282
2025-06-08 23:33:10,937 - INFO - Episode 1000 Summary: Avg Reward (100 eps) = -0.4440, Avg Portfolio (100 eps) = $19343.86, Epsilon = 0.010
2025-06-08 23:33:10,937 - INFO - 
Detailed steps for Episode 1000:
2025-06-08 23:33:10,937 - INFO - Step | Action | Price    | RSI   | PnL%   | Cash%  | Pos%   | Reward    | Portfolio
2025-06-08 23:33:10,937 - INFO - ----------------------------------------------------------------------------------------------------
2025-06-08 23:33:10,937 - INFO -    0 | HOLD |  7909.73 |  21.9 |   0.00 |  100.0 |    0.0 |    0.0000 | $  10000.00
2025-06-08 23:33:10,937 - INFO -    1 | HOLD |  7911.43 |  24.3 |   0.00 |  100.0 |    0.0 |    0.0000 | $  10000.00
2025-06-08 23:33:10,937 - INFO -    2 | BUY  |  4970.79 |  29.9 |   0.00 |  100.0 |    0.0 |   -0.0049 | $   9950.98
2025-06-08 23:33:10,937 - INFO -    3 | BUY  |  5563.71 |  13.1 |   0.00 |   75.0 |   24.5 |    0.0257 | $  10206.57
2025-06-08 23:33:10,937 - INFO -    4 | HOLD |  5200.37 |  22.5 |   6.82 |   56.2 |   45.8 |   -0.0293 | $   9907.37
2025-06-08 23:33:10,937 - INFO -    5 | HOLD |  5392.31 |  21.4 |  -0.16 |   56.2 |   42.8 |    0.0160 | $  10065.43
2025-06-08 23:33:10,937 - INFO -    6 | BUY  |  5014.48 |  24.0 |   3.53 |   56.2 |   44.4 |   -0.0337 | $   9726.72
2025-06-08 23:33:10,937 - INFO -    7 | BUY  |  5225.63 |  18.7 |  -2.82 |   42.2 |   55.1 |    0.0217 | $   9937.97
2025-06-08 23:33:10,937 - INFO -    8 | BUY  |  5238.44 |  21.7 |   1.07 |   31.6 |   67.7 |    0.0001 | $   9939.07
2025-06-08 23:33:10,937 - INFO -    9 | HOLD |  6191.19 |  22.0 |   1.19 |   23.7 |   75.7 |    0.1385 | $  11315.15
2025-06-08 23:33:10,937 - INFO -   ...    ...      ...       ...     ...     ...      ...      ...         ...
2025-06-08 23:33:10,937 - INFO - 1272 | BUY  | 25969.57 |  47.6 |  -7.55 |    5.2 |   55.8 |   -0.0030 | $   6113.01
2025-06-08 23:33:10,937 - INFO - 1273 | BUY  | 25812.42 |  47.7 |  -7.05 |    3.9 |   57.3 |   -0.0029 | $   6076.47
2025-06-08 23:33:10,937 - INFO - 1274 | HOLD | 25779.98 |  46.8 |  -7.49 |    2.9 |   57.9 |   -0.0026 | $   6069.20
2025-06-08 23:33:10,937 - INFO - 1275 | HOLD | 25753.24 |  47.4 |  -7.61 |    2.9 |   57.8 |   -0.0014 | $   6063.20
2025-06-08 23:33:10,937 - INFO - 1276 | BUY  | 26240.20 |  42.4 |  -7.71 |    2.9 |   57.7 |   -0.0003 | $   6170.95
2025-06-08 23:33:10,937 - INFO - 1277 | HOLD | 25905.65 |  50.8 |  -5.89 |    2.2 |   59.5 |   -0.0007 | $   6095.04
2025-06-08 23:33:10,937 - INFO - 1278 | HOLD | 25895.68 |  48.5 |  -7.09 |    2.2 |   58.8 |   -0.0008 | $   6092.78
2025-06-08 23:33:10,937 - INFO - 1279 | HOLD | 25832.23 |  48.8 |  -7.13 |    2.2 |   58.8 |   -0.0004 | $   6078.38
2025-06-08 23:33:10,937 - INFO - 1280 | HOLD | 25162.65 |  47.3 |  -7.36 |    2.2 |   58.6 |   -0.0010 | $   5926.47
2025-06-08 23:33:10,937 - INFO - 1281 | HOLD | 25833.34 |  41.4 |  -9.76 |    2.2 |   57.1 |   -0.0006 | $   6078.64
2025-06-08 23:33:10,937 - INFO - 
Action distribution for Episode 1000:
2025-06-08 23:33:10,937 - INFO -   HOLD: 1044 ( 81.4%)
2025-06-08 23:33:10,937 - INFO -   BUY:   185 ( 14.4%)
2025-06-08 23:33:10,937 - INFO -   SELL:   53 (  4.1%)
2025-06-08 23:33:10,937 - INFO - ----------------------------------------------------------------------------------------------------
2025-06-08 23:33:10,947 - INFO - Training metrics saved to: ../data/07_model_output/dqn_lstm/training_metrics.parquet
2025-06-08 23:33:10,997 - INFO - ============================================================
2025-06-08 23:33:10,997 - INFO - TRAINING COMPLETED - SUMMARY
2025-06-08 23:33:10,997 - INFO - ============================================================
2025-06-08 23:33:10,997 - INFO - Total episodes: 1000
2025-06-08 23:33:10,997 - INFO - Final portfolio value: $6078.64
2025-06-08 23:33:10,997 - INFO - Final return: -39.21%
2025-06-08 23:33:10,997 - INFO - Best episode: 813 (Return: 278.88%)
2025-06-08 23:33:10,997 - INFO - Worst episode: 37 (Return: -97.09%)
2025-06-08 23:33:10,997 - INFO - Training metrics saved to: ../data/07_model_output/dqn_lstm/training_metrics.parquet
2025-06-08 23:33:10,997 - INFO - ============================================================
2025-06-08 23:33:10,997 - INFO - ============================================================
2025-06-08 23:33:10,997 - INFO - STARTING VALIDATION
2025-06-08 23:33:10,997 - INFO - ============================================================
2025-06-08 23:33:12,962 - INFO - Validation Results:
2025-06-08 23:33:12,962 - INFO -   - Initial Portfolio: $10000.00
2025-06-08 23:33:12,962 - INFO -   - Final Portfolio: $27040.27
2025-06-08 23:33:12,962 - INFO -   - Total Return: 170.40%
2025-06-08 23:33:12,962 - INFO -   - Total Reward: 0.5692
2025-06-08 23:33:12,962 - INFO -   - Number of Trades: 14
2025-06-08 23:33:12,962 - INFO -   - Action Distribution:
2025-06-08 23:33:12,962 - INFO -     - HOLD: 523 (97.4%)
2025-06-08 23:33:12,962 - INFO -     - BUY:  14 (2.6%)
2025-06-08 23:33:12,962 - INFO -     - SELL: 0 (0.0%)
2025-06-08 23:33:15,039 - INFO - ============================================================
2025-06-08 23:33:15,039 - INFO - EXPERIMENT COMPLETED SUCCESSFULLY
2025-06-08 23:33:15,039 - INFO - Full training log saved to: ../data/logs/dqn_lstm/training_20250608_214333.log
2025-06-08 23:33:15,039 - INFO - ============================================================
