2025-06-08 15:20:55,235 - INFO - ============================================================
2025-06-08 15:20:55,235 - INFO - STARTING DQN TRADING EXPERIMENT
2025-06-08 15:20:55,235 - INFO - Log file: ../data/logs/dqn/training_20250608_152055.log
2025-06-08 15:20:55,235 - INFO - ============================================================
2025-06-08 15:20:55,272 - INFO - Loaded data from: ../data/04_feature/analytical_base_table_01.parquet
2025-06-08 15:20:55,273 - INFO - Data split: 1304 training rows, 559 validation rows
2025-06-08 15:20:55,273 - INFO - Training period: 2020-02-18 00:00:00 to 2023-09-13 00:00:00
2025-06-08 15:20:55,273 - INFO - Validation period: 2023-09-14 00:00:00 to 2025-03-25 00:00:00
2025-06-08 15:20:55,274 - INFO - ============================================================
2025-06-08 15:20:55,274 - INFO - STARTING DQN TRAINING
2025-06-08 15:20:55,274 - INFO - ============================================================
2025-06-08 15:20:55,274 - INFO - Device: cuda
2025-06-08 15:20:55,274 - INFO - Episodes: 1000
2025-06-08 15:20:55,274 - INFO - Batch size: 32
2025-06-08 15:20:55,274 - INFO - Learning rate: 0.0001
2025-06-08 15:20:55,274 - INFO - Gamma: 0.99
2025-06-08 15:20:55,274 - INFO - Hidden sizes: [512, 256, 128]
2025-06-08 15:20:55,274 - INFO - Initial epsilon: 1.0
2025-06-08 15:20:55,274 - INFO - Final epsilon: 0.01
2025-06-08 15:20:55,274 - INFO - Target update frequency: 2000
2025-06-08 15:20:55,274 - INFO - ============================================================
2025-06-08 15:20:56,340 - INFO - Episode 1: Reward = -2.3513, Portfolio = $422.99, Return = -95.77%, Cash = $77.10, Crypto = 0.013389, Steps = 1282
2025-06-08 15:20:56,626 - INFO - Step 2000: Target network updated
2025-06-08 15:20:56,841 - INFO - Episode 2: Reward = -1.8499, Portfolio = $798.47, Return = -92.02%, Cash = $288.19, Crypto = 0.019752, Steps = 1282
2025-06-08 15:20:57,383 - INFO - Episode 3: Reward = -1.7790, Portfolio = $674.18, Return = -93.26%, Cash = $285.27, Crypto = 0.015055, Steps = 1282
2025-06-08 15:20:57,443 - INFO - Step 4000: Target network updated
2025-06-08 15:20:57,880 - INFO - Episode 4: Reward = -2.0133, Portfolio = $811.67, Return = -91.88%, Cash = $450.67, Crypto = 0.013974, Steps = 1282
2025-06-08 15:20:58,230 - INFO - Step 6000: Target network updated
2025-06-08 15:20:58,394 - INFO - Episode 5: Reward = -2.3316, Portfolio = $470.97, Return = -95.29%, Cash = $71.96, Crypto = 0.015445, Steps = 1282
2025-06-08 15:20:58,902 - INFO - Episode 6: Reward = -2.1681, Portfolio = $892.57, Return = -91.07%, Cash = $338.28, Crypto = 0.021456, Steps = 1282
2025-06-08 15:20:59,025 - INFO - Step 8000: Target network updated
2025-06-08 15:20:59,416 - INFO - Episode 7: Reward = -2.0146, Portfolio = $719.81, Return = -92.80%, Cash = $452.82, Crypto = 0.010335, Steps = 1282
2025-06-08 15:20:59,952 - INFO - Step 10000: Loss = 4829.394043, Epsilon = 0.9904
2025-06-08 15:20:59,953 - INFO - Step 10000: Target network updated
2025-06-08 15:21:00,157 - INFO - Episode 8: Reward = -2.2417, Portfolio = $745.09, Return = -92.55%, Cash = $277.48, Crypto = 0.018101, Steps = 1282
2025-06-08 15:21:00,743 - INFO - Step 11000: Loss = 29.861887, Epsilon = 0.9894
2025-06-08 15:21:01,176 - INFO - Episode 9: Reward = -2.2016, Portfolio = $624.35, Return = -93.76%, Cash = $355.25, Crypto = 0.010417, Steps = 1282
2025-06-08 15:21:01,538 - INFO - Step 12000: Loss = 8.582138, Epsilon = 0.9884
2025-06-08 15:21:01,538 - INFO - Step 12000: Target network updated
2025-06-08 15:21:02,137 - INFO - Episode 10: Reward = -2.0266, Portfolio = $669.31, Return = -93.31%, Cash = $211.02, Crypto = 0.017740, Steps = 1282
2025-06-08 15:21:02,137 - INFO - Episode 10 Summary: Avg Reward (100 eps) = -2.0978, Avg Portfolio (100 eps) = $682.94, Epsilon = 0.988
2025-06-08 15:21:02,137 - INFO - 
Detailed steps for Episode 10:
2025-06-08 15:21:02,137 - INFO - Step | Action | Reward    | Portfolio   | Cash       | Crypto
2025-06-08 15:21:02,137 - INFO - ----------------------------------------------------------------------
2025-06-08 15:21:02,137 - INFO -    0 | HOLD |    0.0000 | $  10000.00 | $  10000.00 | 0.000000
2025-06-08 15:21:02,138 - INFO -    1 | BUY  |   -0.0049 | $   9950.98 | $   7500.00 | 0.309802
2025-06-08 15:21:02,138 - INFO -    2 | SELL |   -0.0935 | $   9020.71 | $   7865.74 | 0.232352
2025-06-08 15:21:02,138 - INFO -    3 | HOLD |    0.0153 | $   9158.48 | $   7865.74 | 0.232352
2025-06-08 15:21:02,138 - INFO -    4 | SELL |   -0.0109 | $   9058.95 | $   8152.72 | 0.174264
2025-06-08 15:21:02,138 - INFO -    5 | HOLD |    0.0037 | $   9092.40 | $   8152.72 | 0.174264
2025-06-08 15:21:02,138 - INFO -    6 | SELL |   -0.0084 | $   9015.64 | $   8360.25 | 0.130698
2025-06-08 15:21:02,138 - INFO -    7 | HOLD |    0.0031 | $   9043.23 | $   8360.25 | 0.130698
2025-06-08 15:21:02,138 - INFO -    8 | HOLD |    0.0002 | $   9044.91 | $   8360.25 | 0.130698
2025-06-08 15:21:02,138 - INFO -    9 | HOLD |    0.0138 | $   9169.43 | $   8360.25 | 0.130698
2025-06-08 15:21:02,138 - INFO -   10 | HOLD |    0.0001 | $   9170.42 | $   8360.25 | 0.130698
2025-06-08 15:21:02,138 - INFO -   11 | HOLD |   -0.0002 | $   9168.63 | $   8360.25 | 0.130698
2025-06-08 15:21:02,138 - INFO -   12 | SELL |   -0.0061 | $   9112.73 | $   8541.23 | 0.098023
2025-06-08 15:21:02,138 - INFO -   13 | BUY  |    0.0017 | $   9128.31 | $   6405.92 | 0.424291
2025-06-08 15:21:02,138 - INFO -   14 | SELL |    0.0109 | $   9227.72 | $   7084.58 | 0.318219
2025-06-08 15:21:02,138 - INFO -   15 | HOLD |   -0.0019 | $   9210.62 | $   7084.58 | 0.318219
2025-06-08 15:21:02,138 - INFO -   16 | SELL |   -0.0017 | $   9195.16 | $   7592.19 | 0.238664
2025-06-08 15:21:02,138 - INFO -   17 | SELL |   -0.0085 | $   9117.00 | $   7958.92 | 0.178998
2025-06-08 15:21:02,138 - INFO -   18 | HOLD |   -0.0045 | $   9076.26 | $   7958.92 | 0.178998
2025-06-08 15:21:02,138 - INFO -   19 | HOLD |   -0.0023 | $   9018.95 | $   7958.92 | 0.178998
2025-06-08 15:21:02,138 - INFO -   ...    ...      ...         ...          ...         ...
2025-06-08 15:21:02,138 - INFO - 1262 | HOLD |   -0.0052 | $    721.02 | $    396.33 | 0.012411
2025-06-08 15:21:02,138 - INFO - 1263 | HOLD |   -0.0052 | $    719.60 | $    396.33 | 0.012411
2025-06-08 15:21:02,138 - INFO - 1264 | BUY  |   -0.0054 | $    717.17 | $    297.25 | 0.016145
2025-06-08 15:21:02,138 - INFO - 1265 | SELL |   -0.0058 | $    713.22 | $    397.29 | 0.012109
2025-06-08 15:21:02,138 - INFO - 1266 | SELL |   -0.0063 | $    709.46 | $    472.37 | 0.009082
2025-06-08 15:21:02,138 - INFO - 1267 | BUY  |   -0.0049 | $    721.87 | $    354.28 | 0.013257
2025-06-08 15:21:02,138 - INFO - 1268 | SELL |   -0.0053 | $    711.65 | $    440.23 | 0.009943
2025-06-08 15:21:02,138 - INFO - 1269 | BUY  |   -0.0057 | $    695.91 | $    330.17 | 0.014104
2025-06-08 15:21:02,138 - INFO - 1270 | SELL |   -0.0059 | $    689.52 | $    416.60 | 0.010578
2025-06-08 15:21:02,138 - INFO - 1271 | SELL |   -0.0059 | $    686.81 | $    481.59 | 0.007933
2025-06-08 15:21:02,138 - INFO - 1272 | HOLD |   -0.0058 | $    687.61 | $    481.59 | 0.007933
2025-06-08 15:21:02,138 - INFO - 1273 | SELL |   -0.0058 | $    683.81 | $    530.22 | 0.005950
2025-06-08 15:21:02,138 - INFO - 1274 | SELL |   -0.0055 | $    681.70 | $    566.65 | 0.004463
2025-06-08 15:21:02,138 - INFO - 1275 | SELL |   -0.0063 | $    680.14 | $    593.95 | 0.003347
2025-06-08 15:21:02,138 - INFO - 1276 | BUY  |   -0.0058 | $    678.86 | $    445.46 | 0.008895
2025-06-08 15:21:02,138 - INFO - 1277 | SELL |   -0.0065 | $    673.00 | $    500.19 | 0.006671
2025-06-08 15:21:02,138 - INFO - 1278 | HOLD |   -0.0060 | $    672.94 | $    500.19 | 0.006671
2025-06-08 15:21:02,138 - INFO - 1279 | BUY  |   -0.0059 | $    670.06 | $    375.14 | 0.011417
2025-06-08 15:21:02,138 - INFO - 1280 | BUY  |   -0.0062 | $    660.58 | $    281.35 | 0.015071
2025-06-08 15:21:02,138 - INFO - 1281 | BUY  |   -0.0048 | $    669.31 | $    211.02 | 0.017740
2025-06-08 15:21:02,138 - INFO - 
Action distribution for Episode 10:
2025-06-08 15:21:02,138 - INFO -   HOLD:  440 ( 34.3%)
2025-06-08 15:21:02,138 - INFO -   BUY:   432 ( 33.7%)
2025-06-08 15:21:02,138 - INFO -   SELL:  410 ( 32.0%)
2025-06-08 15:21:02,138 - INFO - ----------------------------------------------------------------------
2025-06-08 15:21:02,278 - INFO - Step 13000: Loss = 84.292984, Epsilon = 0.9875
2025-06-08 15:21:03,017 - INFO - Step 14000: Loss = 14.289681, Epsilon = 0.9865
2025-06-08 15:21:03,018 - INFO - Step 14000: Target network updated
2025-06-08 15:21:03,098 - INFO - Episode 11: Reward = -2.3815, Portfolio = $402.24, Return = -95.98%, Cash = $165.26, Crypto = 0.009173, Steps = 1282
2025-06-08 15:21:03,761 - INFO - Step 15000: Loss = 14.701974, Epsilon = 0.9855
2025-06-08 15:21:04,050 - INFO - Episode 12: Reward = -2.1747, Portfolio = $459.95, Return = -95.40%, Cash = $138.71, Crypto = 0.012435, Steps = 1282
2025-06-08 15:21:04,541 - INFO - Step 16000: Loss = 10.066979, Epsilon = 0.9846
2025-06-08 15:21:04,541 - INFO - Step 16000: Target network updated
2025-06-08 15:21:05,101 - INFO - Episode 13: Reward = -2.1043, Portfolio = $701.18, Return = -92.99%, Cash = $322.99, Crypto = 0.014639, Steps = 1282
2025-06-08 15:21:05,374 - INFO - Step 17000: Loss = 4.636100, Epsilon = 0.9836
2025-06-08 15:21:06,162 - INFO - Episode 14: Reward = -2.1226, Portfolio = $894.90, Return = -91.05%, Cash = $587.63, Crypto = 0.011894, Steps = 1282
2025-06-08 15:21:06,205 - INFO - Step 18000: Loss = 6.250865, Epsilon = 0.9826
2025-06-08 15:21:06,205 - INFO - Step 18000: Target network updated
2025-06-08 15:21:07,003 - INFO - Step 19000: Loss = 52.160995, Epsilon = 0.9817
2025-06-08 15:21:07,196 - INFO - Episode 15: Reward = -2.3411, Portfolio = $486.92, Return = -95.13%, Cash = $208.93, Crypto = 0.010761, Steps = 1282
2025-06-08 15:21:07,825 - INFO - Step 20000: Loss = 18.662998, Epsilon = 0.9807
2025-06-08 15:21:07,825 - INFO - Step 20000: Target network updated
2025-06-08 15:21:08,221 - INFO - Episode 16: Reward = -2.2400, Portfolio = $519.57, Return = -94.80%, Cash = $268.13, Crypto = 0.009733, Steps = 1282
2025-06-08 15:21:08,585 - INFO - Step 21000: Loss = 5.973437, Epsilon = 0.9797
2025-06-08 15:21:09,171 - INFO - Episode 17: Reward = -2.2958, Portfolio = $383.89, Return = -96.16%, Cash = $91.84, Crypto = 0.011305, Steps = 1282
2025-06-08 15:21:09,325 - INFO - Step 22000: Loss = 3.535362, Epsilon = 0.9788
2025-06-08 15:21:09,325 - INFO - Step 22000: Target network updated
2025-06-08 15:21:10,077 - INFO - Step 23000: Loss = 8.400885, Epsilon = 0.9778
2025-06-08 15:21:10,132 - INFO - Episode 18: Reward = -2.1194, Portfolio = $803.22, Return = -91.97%, Cash = $108.88, Crypto = 0.026878, Steps = 1282
2025-06-08 15:21:10,816 - INFO - Step 24000: Loss = 11.252794, Epsilon = 0.9769
2025-06-08 15:21:10,816 - INFO - Step 24000: Target network updated
2025-06-08 15:21:11,079 - INFO - Episode 19: Reward = -2.0654, Portfolio = $535.26, Return = -94.65%, Cash = $418.45, Crypto = 0.004522, Steps = 1282
2025-06-08 15:21:11,551 - INFO - Step 25000: Loss = 10.866370, Epsilon = 0.9759
2025-06-08 15:21:12,018 - INFO - Episode 20: Reward = -2.1865, Portfolio = $418.59, Return = -95.81%, Cash = $97.34, Crypto = 0.012435, Steps = 1282
2025-06-08 15:21:12,019 - INFO - Episode 20 Summary: Avg Reward (100 eps) = -2.1504, Avg Portfolio (100 eps) = $621.76, Epsilon = 0.975
2025-06-08 15:21:12,019 - INFO - 
Detailed steps for Episode 20:
2025-06-08 15:21:12,019 - INFO - Step | Action | Reward    | Portfolio   | Cash       | Crypto
2025-06-08 15:21:12,019 - INFO - ----------------------------------------------------------------------
2025-06-08 15:21:12,019 - INFO -    0 | SELL |   -0.0100 | $  10000.00 | $  10000.00 | 0.000000
2025-06-08 15:21:12,019 - INFO -    1 | HOLD |    0.0000 | $  10000.00 | $  10000.00 | 0.000000
2025-06-08 15:21:12,019 - INFO -    2 | BUY  |   -0.0049 | $   9950.98 | $   7500.00 | 0.493077
2025-06-08 15:21:12,019 - INFO -    3 | BUY  |    0.0257 | $  10206.57 | $   5625.00 | 0.823474
2025-06-08 15:21:12,019 - INFO -    4 | BUY  |   -0.0320 | $   9879.79 | $   4218.75 | 1.088586
2025-06-08 15:21:12,019 - INFO -    5 | HOLD |    0.0211 | $  10088.75 | $   4218.75 | 1.088586
2025-06-08 15:21:12,019 - INFO -    6 | SELL |   -0.0475 | $   9609.21 | $   5515.19 | 0.816439
2025-06-08 15:21:12,019 - INFO -    7 | HOLD |    0.0179 | $   9781.60 | $   5515.19 | 0.816439
2025-06-08 15:21:12,019 - INFO -    8 | HOLD |    0.0011 | $   9792.06 | $   5515.19 | 0.816439
2025-06-08 15:21:12,019 - INFO -    9 | HOLD |    0.0794 | $  10569.92 | $   5515.19 | 0.816439
2025-06-08 15:21:12,019 - INFO -   10 | HOLD |    0.0006 | $  10576.12 | $   5515.19 | 0.816439
2025-06-08 15:21:12,019 - INFO -   11 | HOLD |   -0.0011 | $  10564.92 | $   5515.19 | 0.816439
2025-06-08 15:21:12,019 - INFO -   12 | HOLD |   -0.0274 | $  10275.24 | $   5515.19 | 0.816439
2025-06-08 15:21:12,019 - INFO -   13 | SELL |    0.0402 | $  10688.24 | $   6759.34 | 0.612330
2025-06-08 15:21:12,019 - INFO -   14 | HOLD |    0.0182 | $  10883.26 | $   6759.34 | 0.612330
2025-06-08 15:21:12,019 - INFO -   15 | HOLD |   -0.0030 | $  10850.35 | $   6759.34 | 0.612330
2025-06-08 15:21:12,019 - INFO -   16 | SELL |   -0.0027 | $  10820.61 | $   7736.10 | 0.459247
2025-06-08 15:21:12,019 - INFO -   17 | SELL |   -0.0139 | $  10670.20 | $   8441.77 | 0.344435
2025-06-08 15:21:12,019 - INFO -   18 | BUY  |   -0.0112 | $  10550.42 | $   6331.33 | 0.675899
2025-06-08 15:21:12,019 - INFO -   19 | SELL |    0.0006 | $  10284.00 | $   7281.97 | 0.506924
2025-06-08 15:21:12,019 - INFO -   ...    ...      ...         ...          ...         ...
2025-06-08 15:21:12,019 - INFO - 1262 | HOLD |   -0.0055 | $    439.94 | $    292.79 | 0.005625
2025-06-08 15:21:12,019 - INFO - 1263 | SELL |   -0.0056 | $    437.46 | $    327.58 | 0.004218
2025-06-08 15:21:12,019 - INFO - 1264 | SELL |   -0.0056 | $    435.92 | $    353.64 | 0.003164
2025-06-08 15:21:12,019 - INFO - 1265 | HOLD |   -0.0053 | $    436.18 | $    353.64 | 0.003164
2025-06-08 15:21:12,019 - INFO - 1266 | BUY  |   -0.0057 | $    434.50 | $    265.23 | 0.006484
2025-06-08 15:21:12,019 - INFO - 1267 | SELL |   -0.0042 | $    442.76 | $    307.93 | 0.004863
2025-06-08 15:21:12,019 - INFO - 1268 | SELL |   -0.0045 | $    439.01 | $    339.45 | 0.003647
2025-06-08 15:21:12,019 - INFO - 1269 | BUY  |   -0.0050 | $    432.37 | $    254.59 | 0.006856
2025-06-08 15:21:12,019 - INFO - 1270 | HOLD |   -0.0050 | $    431.47 | $    254.59 | 0.006856
2025-06-08 15:21:12,019 - INFO - 1271 | SELL |   -0.0051 | $    429.72 | $    296.71 | 0.005142
2025-06-08 15:21:12,019 - INFO - 1272 | BUY  |   -0.0053 | $    428.78 | $    222.53 | 0.007942
2025-06-08 15:21:12,019 - INFO - 1273 | SELL |   -0.0055 | $    424.97 | $    271.22 | 0.005957
2025-06-08 15:21:12,019 - INFO - 1274 | HOLD |   -0.0051 | $    424.78 | $    271.22 | 0.005957
2025-06-08 15:21:12,019 - INFO - 1275 | SELL |   -0.0054 | $    422.70 | $    307.65 | 0.004467
2025-06-08 15:21:12,019 - INFO - 1276 | HOLD |   -0.0041 | $    424.88 | $    307.65 | 0.004467
2025-06-08 15:21:12,019 - INFO - 1277 | BUY  |   -0.0047 | $    421.88 | $    230.74 | 0.007378
2025-06-08 15:21:12,019 - INFO - 1278 | BUY  |   -0.0045 | $    420.67 | $    173.06 | 0.009562
2025-06-08 15:21:12,019 - INFO - 1279 | BUY  |   -0.0046 | $    419.22 | $    129.79 | 0.011204
2025-06-08 15:21:12,019 - INFO - 1280 | HOLD |   -0.0048 | $    411.72 | $    129.79 | 0.011204
2025-06-08 15:21:12,019 - INFO - 1281 | BUY  |   -0.0032 | $    418.59 | $     97.34 | 0.012435
2025-06-08 15:21:12,020 - INFO - 
Action distribution for Episode 20:
2025-06-08 15:21:12,020 - INFO -   HOLD:  444 ( 34.6%)
2025-06-08 15:21:12,020 - INFO -   BUY:   431 ( 33.6%)
2025-06-08 15:21:12,020 - INFO -   SELL:  407 ( 31.7%)
2025-06-08 15:21:12,020 - INFO - ----------------------------------------------------------------------
2025-06-08 15:21:12,344 - INFO - Step 26000: Loss = 21.922085, Epsilon = 0.9749
2025-06-08 15:21:12,345 - INFO - Step 26000: Target network updated
2025-06-08 15:21:13,043 - INFO - Episode 21: Reward = -2.1687, Portfolio = $650.54, Return = -93.49%, Cash = $208.37, Crypto = 0.017116, Steps = 1282
2025-06-08 15:21:13,104 - INFO - Step 27000: Loss = 11.777929, Epsilon = 0.9740
2025-06-08 15:21:13,852 - INFO - Step 28000: Loss = 4.663803, Epsilon = 0.9730
2025-06-08 15:21:13,852 - INFO - Step 28000: Target network updated
2025-06-08 15:21:14,022 - INFO - Episode 22: Reward = -2.0602, Portfolio = $481.54, Return = -95.18%, Cash = $231.82, Crypto = 0.009667, Steps = 1282
2025-06-08 15:21:14,713 - INFO - Step 29000: Loss = 5.033552, Epsilon = 0.9720
2025-06-08 15:21:15,110 - INFO - Episode 23: Reward = -2.1890, Portfolio = $376.82, Return = -96.23%, Cash = $229.98, Crypto = 0.005684, Steps = 1282
2025-06-08 15:21:15,527 - INFO - Step 30000: Loss = 8.064796, Epsilon = 0.9711
2025-06-08 15:21:15,527 - INFO - Step 30000: Target network updated
2025-06-08 15:21:16,095 - INFO - Episode 24: Reward = -2.4163, Portfolio = $532.06, Return = -94.68%, Cash = $210.79, Crypto = 0.012436, Steps = 1282
2025-06-08 15:21:16,270 - INFO - Step 31000: Loss = 10.540741, Epsilon = 0.9701
2025-06-08 15:21:17,013 - INFO - Step 32000: Loss = 3.444003, Epsilon = 0.9691
2025-06-08 15:21:17,013 - INFO - Step 32000: Target network updated
2025-06-08 15:21:17,050 - INFO - Episode 25: Reward = -2.3866, Portfolio = $424.43, Return = -95.76%, Cash = $291.18, Crypto = 0.005158, Steps = 1282
2025-06-08 15:21:17,766 - INFO - Step 33000: Loss = 12.008165, Epsilon = 0.9682
2025-06-08 15:21:18,021 - INFO - Episode 26: Reward = -1.9426, Portfolio = $517.49, Return = -94.83%, Cash = $223.04, Crypto = 0.011398, Steps = 1282
2025-06-08 15:21:18,535 - INFO - Step 34000: Loss = 10.347145, Epsilon = 0.9672
2025-06-08 15:21:18,536 - INFO - Step 34000: Target network updated
2025-06-08 15:21:18,998 - INFO - Episode 27: Reward = -1.9330, Portfolio = $978.62, Return = -90.21%, Cash = $206.79, Crypto = 0.029877, Steps = 1282
2025-06-08 15:21:19,300 - INFO - Step 35000: Loss = 7.046302, Epsilon = 0.9662
2025-06-08 15:21:19,968 - INFO - Episode 28: Reward = -2.4878, Portfolio = $395.31, Return = -96.05%, Cash = $205.51, Crypto = 0.007347, Steps = 1282
2025-06-08 15:21:20,056 - INFO - Step 36000: Loss = 7.502516, Epsilon = 0.9653
2025-06-08 15:21:20,056 - INFO - Step 36000: Target network updated
2025-06-08 15:21:20,802 - INFO - Step 37000: Loss = 5.723409, Epsilon = 0.9643
2025-06-08 15:21:20,933 - INFO - Episode 29: Reward = -2.3357, Portfolio = $629.32, Return = -93.71%, Cash = $389.83, Crypto = 0.009271, Steps = 1282
2025-06-08 15:21:21,560 - INFO - Step 38000: Loss = 9.603422, Epsilon = 0.9633
2025-06-08 15:21:21,561 - INFO - Step 38000: Target network updated
2025-06-08 15:21:21,902 - INFO - Episode 30: Reward = -2.4257, Portfolio = $593.45, Return = -94.07%, Cash = $298.76, Crypto = 0.011407, Steps = 1282
2025-06-08 15:21:21,902 - INFO - Episode 30 Summary: Avg Reward (100 eps) = -2.1785, Avg Portfolio (100 eps) = $600.49, Epsilon = 0.963
2025-06-08 15:21:21,902 - INFO - 
Detailed steps for Episode 30:
2025-06-08 15:21:21,902 - INFO - Step | Action | Reward    | Portfolio   | Cash       | Crypto
2025-06-08 15:21:21,902 - INFO - ----------------------------------------------------------------------
2025-06-08 15:21:21,902 - INFO -    0 | HOLD |    0.0000 | $  10000.00 | $  10000.00 | 0.000000
2025-06-08 15:21:21,902 - INFO -    1 | HOLD |    0.0000 | $  10000.00 | $  10000.00 | 0.000000
2025-06-08 15:21:21,902 - INFO -    2 | SELL |   -0.0100 | $  10000.00 | $  10000.00 | 0.000000
2025-06-08 15:21:21,902 - INFO -    3 | BUY  |   -0.0049 | $   9950.98 | $   7500.00 | 0.440530
2025-06-08 15:21:21,902 - INFO -    4 | SELL |   -0.0190 | $   9762.28 | $   8044.09 | 0.330398
2025-06-08 15:21:21,902 - INFO -    5 | HOLD |    0.0065 | $   9825.70 | $   8044.09 | 0.330398
2025-06-08 15:21:21,902 - INFO -    6 | HOLD |   -0.0127 | $   9700.86 | $   8044.09 | 0.330398
2025-06-08 15:21:21,902 - INFO -    7 | SELL |    0.0050 | $   9749.05 | $   8454.15 | 0.247798
2025-06-08 15:21:21,902 - INFO -    8 | SELL |   -0.0013 | $   9735.99 | $   8762.44 | 0.185849
2025-06-08 15:21:21,902 - INFO -    9 | SELL |    0.0167 | $   9898.68 | $   9035.71 | 0.139386
2025-06-08 15:21:21,902 - INFO -   10 | BUY  |   -0.0044 | $   9855.44 | $   6776.78 | 0.496656
2025-06-08 15:21:21,902 - INFO -   11 | BUY  |   -0.0041 | $   9815.41 | $   5082.59 | 0.765202
2025-06-08 15:21:21,902 - INFO -   12 | HOLD |   -0.0277 | $   9543.91 | $   5082.59 | 0.765202
2025-06-08 15:21:21,902 - INFO -   13 | BUY  |    0.0444 | $   9967.45 | $   3811.94 | 0.959353
2025-06-08 15:21:21,902 - INFO -   14 | BUY  |    0.0288 | $  10254.31 | $   2858.96 | 1.098080
2025-06-08 15:21:21,902 - INFO -   15 | BUY  |   -0.0071 | $  10181.28 | $   2144.22 | 1.202962
2025-06-08 15:21:21,902 - INFO -   16 | BUY  |    0.0031 | $  10213.33 | $   1608.16 | 1.281210
2025-06-08 15:21:21,902 - INFO -   17 | BUY  |   -0.0317 | $   9889.45 | $   1206.12 | 1.342132
2025-06-08 15:21:21,902 - INFO -   18 | BUY  |   -0.0315 | $   9578.06 | $    904.59 | 1.389490
2025-06-08 15:21:21,902 - INFO -   19 | HOLD |   -0.0022 | $   9133.21 | $    904.59 | 1.389490
2025-06-08 15:21:21,902 - INFO -   ...    ...      ...         ...          ...         ...
2025-06-08 15:21:21,902 - INFO - 1262 | SELL |   -0.0067 | $    639.12 | $    380.55 | 0.009883
2025-06-08 15:21:21,902 - INFO - 1263 | BUY  |   -0.0070 | $    636.12 | $    285.41 | 0.013464
2025-06-08 15:21:21,902 - INFO - 1264 | SELL |   -0.0073 | $    631.22 | $    368.58 | 0.010098
2025-06-08 15:21:21,902 - INFO - 1265 | BUY  |   -0.0074 | $    630.23 | $    276.43 | 0.013561
2025-06-08 15:21:21,902 - INFO - 1266 | SELL |   -0.0084 | $    626.03 | $    360.51 | 0.010171
2025-06-08 15:21:21,902 - INFO - 1267 | BUY  |   -0.0053 | $    640.75 | $    270.39 | 0.013357
2025-06-08 15:21:21,902 - INFO - 1268 | BUY  |   -0.0056 | $    633.68 | $    202.79 | 0.015785
2025-06-08 15:21:21,902 - INFO - 1269 | SELL |   -0.0058 | $    607.00 | $    300.01 | 0.011839
2025-06-08 15:21:21,902 - INFO - 1270 | BUY  |   -0.0058 | $    603.98 | $    225.00 | 0.014689
2025-06-08 15:21:21,902 - INFO - 1271 | HOLD |   -0.0057 | $    604.98 | $    225.00 | 0.014689
2025-06-08 15:21:21,903 - INFO - 1272 | HOLD |   -0.0055 | $    606.46 | $    225.00 | 0.014689
2025-06-08 15:21:21,903 - INFO - 1273 | HOLD |   -0.0055 | $    604.16 | $    225.00 | 0.014689
2025-06-08 15:21:21,903 - INFO - 1274 | BUY  |   -0.0052 | $    602.58 | $    168.75 | 0.016828
2025-06-08 15:21:21,903 - INFO - 1275 | HOLD |   -0.0045 | $    602.13 | $    168.75 | 0.016828
2025-06-08 15:21:21,903 - INFO - 1276 | SELL |   -0.0035 | $    604.80 | $    273.63 | 0.012621
2025-06-08 15:21:21,903 - INFO - 1277 | BUY  |   -0.0037 | $    599.24 | $    205.22 | 0.015210
2025-06-08 15:21:21,903 - INFO - 1278 | SELL |   -0.0040 | $    594.16 | $    298.76 | 0.011407
2025-06-08 15:21:21,903 - INFO - 1279 | HOLD |   -0.0037 | $    593.44 | $    298.76 | 0.011407
2025-06-08 15:21:21,903 - INFO - 1280 | HOLD |   -0.0042 | $    585.80 | $    298.76 | 0.011407
2025-06-08 15:21:21,903 - INFO - 1281 | HOLD |   -0.0036 | $    593.45 | $    298.76 | 0.011407
2025-06-08 15:21:21,903 - INFO - 
Action distribution for Episode 30:
2025-06-08 15:21:21,903 - INFO -   HOLD:  410 ( 32.0%)
2025-06-08 15:21:21,903 - INFO -   BUY:   428 ( 33.4%)
2025-06-08 15:21:21,903 - INFO -   SELL:  444 ( 34.6%)
2025-06-08 15:21:21,903 - INFO - ----------------------------------------------------------------------
2025-06-08 15:21:22,315 - INFO - Step 39000: Loss = 4.936546, Epsilon = 0.9624
2025-06-08 15:21:22,933 - INFO - Episode 31: Reward = -1.9456, Portfolio = $763.82, Return = -92.36%, Cash = $440.13, Crypto = 0.012530, Steps = 1282
2025-06-08 15:21:23,147 - INFO - Step 40000: Loss = 7.307349, Epsilon = 0.9614
2025-06-08 15:21:23,148 - INFO - Step 40000: Target network updated
2025-06-08 15:21:23,939 - INFO - Step 41000: Loss = 7.367476, Epsilon = 0.9605
2025-06-08 15:21:23,957 - INFO - Episode 32: Reward = -1.8477, Portfolio = $654.08, Return = -93.46%, Cash = $261.67, Crypto = 0.015190, Steps = 1282
2025-06-08 15:21:24,697 - INFO - Step 42000: Loss = 4.412737, Epsilon = 0.9595
2025-06-08 15:21:24,697 - INFO - Step 42000: Target network updated
2025-06-08 15:21:24,926 - INFO - Episode 33: Reward = -2.1299, Portfolio = $413.93, Return = -95.86%, Cash = $250.55, Crypto = 0.006324, Steps = 1282
2025-06-08 15:21:25,448 - INFO - Step 43000: Loss = 4.456279, Epsilon = 0.9585
2025-06-08 15:21:25,887 - INFO - Episode 34: Reward = -2.4145, Portfolio = $565.85, Return = -94.34%, Cash = $276.06, Crypto = 0.011218, Steps = 1282
2025-06-08 15:21:26,199 - INFO - Step 44000: Loss = 6.346380, Epsilon = 0.9576
2025-06-08 15:21:26,200 - INFO - Step 44000: Target network updated
2025-06-08 15:21:26,850 - INFO - Episode 35: Reward = -2.2988, Portfolio = $533.99, Return = -94.66%, Cash = $317.72, Crypto = 0.008372, Steps = 1282
2025-06-08 15:21:26,949 - INFO - Step 45000: Loss = 6.417591, Epsilon = 0.9566
2025-06-08 15:21:27,715 - INFO - Step 46000: Loss = 11.975183, Epsilon = 0.9556
2025-06-08 15:21:27,716 - INFO - Step 46000: Target network updated
2025-06-08 15:21:27,829 - INFO - Episode 36: Reward = -2.2417, Portfolio = $550.93, Return = -94.49%, Cash = $247.71, Crypto = 0.011737, Steps = 1282
2025-06-08 15:21:28,461 - INFO - Step 47000: Loss = 7.997104, Epsilon = 0.9547
2025-06-08 15:21:28,786 - INFO - Episode 37: Reward = -2.0891, Portfolio = $671.08, Return = -93.29%, Cash = $523.03, Crypto = 0.005731, Steps = 1282
2025-06-08 15:21:29,275 - INFO - Step 48000: Loss = 3.699934, Epsilon = 0.9537
2025-06-08 15:21:29,275 - INFO - Step 48000: Target network updated
2025-06-08 15:21:29,812 - INFO - Episode 38: Reward = -2.0083, Portfolio = $707.88, Return = -92.92%, Cash = $311.81, Crypto = 0.015332, Steps = 1282
2025-06-08 15:21:30,051 - INFO - Step 49000: Loss = 7.241448, Epsilon = 0.9527
2025-06-08 15:21:30,849 - INFO - Episode 39: Reward = -2.4105, Portfolio = $449.71, Return = -95.50%, Cash = $253.89, Crypto = 0.007580, Steps = 1282
2025-06-08 15:21:30,853 - INFO - Step 50000: Loss = 4.760715, Epsilon = 0.9518
2025-06-08 15:21:30,853 - INFO - Step 50000: Target network updated
2025-06-08 15:21:31,659 - INFO - Step 51000: Loss = 13.512508, Epsilon = 0.9508
2025-06-08 15:21:31,868 - INFO - Episode 40: Reward = -2.1842, Portfolio = $703.06, Return = -92.97%, Cash = $281.58, Crypto = 0.016315, Steps = 1282
2025-06-08 15:21:31,868 - INFO - Episode 40 Summary: Avg Reward (100 eps) = -2.1731, Avg Portfolio (100 eps) = $600.73, Epsilon = 0.951
2025-06-08 15:21:31,868 - INFO - 
Detailed steps for Episode 40:
2025-06-08 15:21:31,868 - INFO - Step | Action | Reward    | Portfolio   | Cash       | Crypto
2025-06-08 15:21:31,868 - INFO - ----------------------------------------------------------------------
2025-06-08 15:21:31,868 - INFO -    0 | SELL |   -0.0100 | $  10000.00 | $  10000.00 | 0.000000
2025-06-08 15:21:31,868 - INFO -    1 | HOLD |    0.0000 | $  10000.00 | $  10000.00 | 0.000000
2025-06-08 15:21:31,868 - INFO -    2 | SELL |   -0.0100 | $  10000.00 | $  10000.00 | 0.000000
2025-06-08 15:21:31,868 - INFO -    3 | HOLD |    0.0000 | $  10000.00 | $  10000.00 | 0.000000
2025-06-08 15:21:31,868 - INFO -    4 | BUY  |   -0.0049 | $   9950.98 | $   7500.00 | 0.471309
2025-06-08 15:21:31,868 - INFO -    5 | BUY  |    0.0054 | $  10004.68 | $   5625.00 | 0.812208
2025-06-08 15:21:31,868 - INFO -    6 | SELL |   -0.0358 | $   9646.89 | $   6592.29 | 0.609156
2025-06-08 15:21:31,868 - INFO -    7 | BUY  |    0.0100 | $   9743.20 | $   4944.22 | 0.918355
2025-06-08 15:21:31,868 - INFO -    8 | SELL |   -0.0050 | $   9694.83 | $   6086.77 | 0.688766
2025-06-08 15:21:31,868 - INFO -    9 | HOLD |    0.0677 | $  10351.05 | $   6086.77 | 0.688766
2025-06-08 15:21:31,868 - INFO -   10 | BUY  |   -0.0024 | $  10326.44 | $   4565.08 | 0.929435
2025-06-08 15:21:31,868 - INFO -   11 | HOLD |   -0.0012 | $  10313.70 | $   4565.08 | 0.929435
2025-06-08 15:21:31,868 - INFO -   12 | BUY  |   -0.0341 | $   9961.54 | $   3423.81 | 1.121347
2025-06-08 15:21:31,868 - INFO -   13 | SELL |    0.0569 | $  10528.78 | $   5132.60 | 0.841010
2025-06-08 15:21:31,868 - INFO -   14 | BUY  |    0.0231 | $  10771.48 | $   3849.45 | 1.027799
2025-06-08 15:21:31,868 - INFO -   15 | BUY  |   -0.0069 | $  10697.37 | $   2887.09 | 1.169018
2025-06-08 15:21:31,868 - INFO -   16 | BUY  |    0.0025 | $  10724.58 | $   2165.32 | 1.274375
2025-06-08 15:21:31,868 - INFO -   17 | SELL |   -0.0389 | $  10307.20 | $   4123.49 | 0.955781
2025-06-08 15:21:31,869 - INFO -   18 | BUY  |   -0.0231 | $  10069.45 | $   3092.62 | 1.117689
2025-06-08 15:21:31,869 - INFO -   19 | HOLD |   -0.0004 | $   9711.62 | $   3092.62 | 1.117689
2025-06-08 15:21:31,869 - INFO -   ...    ...      ...         ...          ...         ...
2025-06-08 15:21:31,869 - INFO - 1262 | BUY  |   -0.0078 | $    745.49 | $    188.58 | 0.021287
2025-06-08 15:21:31,869 - INFO - 1263 | BUY  |   -0.0080 | $    742.13 | $    141.43 | 0.023061
2025-06-08 15:21:31,869 - INFO - 1264 | HOLD |   -0.0080 | $    741.22 | $    141.43 | 0.023061
2025-06-08 15:21:31,869 - INFO - 1265 | BUY  |   -0.0073 | $    742.40 | $    106.08 | 0.024390
2025-06-08 15:21:31,869 - INFO - 1266 | SELL |   -0.0086 | $    734.85 | $    257.30 | 0.018293
2025-06-08 15:21:31,869 - INFO - 1267 | BUY  |   -0.0032 | $    763.24 | $    192.97 | 0.020567
2025-06-08 15:21:31,869 - INFO - 1268 | SELL |   -0.0038 | $    747.38 | $    326.31 | 0.015425
2025-06-08 15:21:31,869 - INFO - 1269 | SELL |   -0.0043 | $    721.31 | $    421.31 | 0.011569
2025-06-08 15:21:31,869 - INFO - 1270 | SELL |   -0.0046 | $    716.07 | $    492.20 | 0.008677
2025-06-08 15:21:31,869 - INFO - 1271 | SELL |   -0.0045 | $    713.85 | $    545.51 | 0.006508
2025-06-08 15:21:31,869 - INFO - 1272 | HOLD |   -0.0043 | $    714.51 | $    545.51 | 0.006508
2025-06-08 15:21:31,869 - INFO - 1273 | SELL |   -0.0043 | $    711.38 | $    585.40 | 0.004881
2025-06-08 15:21:31,869 - INFO - 1274 | SELL |   -0.0040 | $    709.65 | $    615.29 | 0.003660
2025-06-08 15:21:31,869 - INFO - 1275 | SELL |   -0.0033 | $    708.38 | $    637.68 | 0.002745
2025-06-08 15:21:31,869 - INFO - 1276 | SELL |   -0.0027 | $    708.81 | $    654.78 | 0.002059
2025-06-08 15:21:31,869 - INFO - 1277 | SELL |   -0.0027 | $    707.46 | $    667.45 | 0.001544
2025-06-08 15:21:31,869 - INFO - 1278 | HOLD |   -0.0027 | $    707.44 | $    667.45 | 0.001544
2025-06-08 15:21:31,869 - INFO - 1279 | BUY  |   -0.0027 | $    704.07 | $    500.59 | 0.007877
2025-06-08 15:21:31,869 - INFO - 1280 | BUY  |   -0.0027 | $    696.34 | $    375.44 | 0.012753
2025-06-08 15:21:31,869 - INFO - 1281 | BUY  |   -0.0025 | $    703.06 | $    281.58 | 0.016315
2025-06-08 15:21:31,869 - INFO - 
Action distribution for Episode 40:
2025-06-08 15:21:31,869 - INFO -   HOLD:  425 ( 33.2%)
2025-06-08 15:21:31,869 - INFO -   BUY:   418 ( 32.6%)
2025-06-08 15:21:31,869 - INFO -   SELL:  439 ( 34.2%)
2025-06-08 15:21:31,869 - INFO - ----------------------------------------------------------------------
2025-06-08 15:21:32,432 - INFO - Step 52000: Loss = 8.163589, Epsilon = 0.9498
2025-06-08 15:21:32,433 - INFO - Step 52000: Target network updated
2025-06-08 15:21:32,887 - INFO - Episode 41: Reward = -2.3376, Portfolio = $371.85, Return = -96.28%, Cash = $173.56, Crypto = 0.007676, Steps = 1282
2025-06-08 15:21:33,250 - INFO - Step 53000: Loss = 7.156254, Epsilon = 0.9489
2025-06-08 15:21:33,884 - INFO - Episode 42: Reward = -2.1251, Portfolio = $631.91, Return = -93.68%, Cash = $532.35, Crypto = 0.003854, Steps = 1282
2025-06-08 15:21:34,007 - INFO - Step 54000: Loss = 4.967740, Epsilon = 0.9479
2025-06-08 15:21:34,008 - INFO - Step 54000: Target network updated
2025-06-08 15:21:34,773 - INFO - Step 55000: Loss = 19.582523, Epsilon = 0.9470
2025-06-08 15:21:34,867 - INFO - Episode 43: Reward = -2.2559, Portfolio = $637.11, Return = -93.63%, Cash = $423.39, Crypto = 0.008273, Steps = 1282
2025-06-08 15:21:35,529 - INFO - Step 56000: Loss = 2.560162, Epsilon = 0.9460
2025-06-08 15:21:35,529 - INFO - Step 56000: Target network updated
2025-06-08 15:21:35,836 - INFO - Episode 44: Reward = -2.3255, Portfolio = $626.76, Return = -93.73%, Cash = $346.23, Crypto = 0.010859, Steps = 1282
2025-06-08 15:21:36,293 - INFO - Step 57000: Loss = 12.822086, Epsilon = 0.9450
2025-06-08 15:21:36,814 - INFO - Episode 45: Reward = -2.1862, Portfolio = $484.55, Return = -95.15%, Cash = $367.89, Crypto = 0.004516, Steps = 1282
2025-06-08 15:21:37,056 - INFO - Step 58000: Loss = 4.748886, Epsilon = 0.9441
2025-06-08 15:21:37,056 - INFO - Step 58000: Target network updated
2025-06-08 15:21:37,841 - INFO - Episode 46: Reward = -2.0238, Portfolio = $624.69, Return = -93.75%, Cash = $255.11, Crypto = 0.014306, Steps = 1282
2025-06-08 15:21:37,866 - INFO - Step 59000: Loss = 8.063559, Epsilon = 0.9431
2025-06-08 15:21:38,648 - INFO - Step 60000: Loss = 2.080547, Epsilon = 0.9421
2025-06-08 15:21:38,648 - INFO - Step 60000: Target network updated
2025-06-08 15:21:38,837 - INFO - Episode 47: Reward = -2.4287, Portfolio = $602.61, Return = -93.97%, Cash = $140.82, Crypto = 0.017876, Steps = 1282
2025-06-08 15:21:39,429 - INFO - Step 61000: Loss = 4.043100, Epsilon = 0.9412
2025-06-08 15:21:39,836 - INFO - Episode 48: Reward = -2.3250, Portfolio = $367.82, Return = -96.32%, Cash = $143.20, Crypto = 0.008695, Steps = 1282
2025-06-08 15:21:40,190 - INFO - Step 62000: Loss = 2.725641, Epsilon = 0.9402
2025-06-08 15:21:40,190 - INFO - Step 62000: Target network updated
2025-06-08 15:21:40,811 - INFO - Episode 49: Reward = -2.1982, Portfolio = $700.17, Return = -93.00%, Cash = $537.53, Crypto = 0.006296, Steps = 1282
2025-06-08 15:21:40,956 - INFO - Step 63000: Loss = 4.872458, Epsilon = 0.9392
2025-06-08 15:21:41,723 - INFO - Step 64000: Loss = 2.926310, Epsilon = 0.9383
2025-06-08 15:21:41,723 - INFO - Step 64000: Target network updated
2025-06-08 15:21:41,798 - INFO - Episode 50: Reward = -2.2906, Portfolio = $393.05, Return = -96.07%, Cash = $255.30, Crypto = 0.005332, Steps = 1282
2025-06-08 15:21:41,798 - INFO - Episode 50 Summary: Avg Reward (100 eps) = -2.1884, Avg Portfolio (100 eps) = $589.39, Epsilon = 0.938
2025-06-08 15:21:41,798 - INFO - 
Detailed steps for Episode 50:
2025-06-08 15:21:41,798 - INFO - Step | Action | Reward    | Portfolio   | Cash       | Crypto
2025-06-08 15:21:41,798 - INFO - ----------------------------------------------------------------------
2025-06-08 15:21:41,799 - INFO -    0 | BUY  |   -0.0049 | $   9950.98 | $   7500.00 | 0.309869
2025-06-08 15:21:41,799 - INFO -    1 | HOLD |    0.0001 | $   9951.51 | $   7500.00 | 0.309869
2025-06-08 15:21:41,799 - INFO -    2 | SELL |   -0.0935 | $   9021.04 | $   7865.82 | 0.232402
2025-06-08 15:21:41,799 - INFO -    3 | HOLD |    0.0153 | $   9158.84 | $   7865.82 | 0.232402
2025-06-08 15:21:41,799 - INFO -    4 | SELL |   -0.0109 | $   9059.29 | $   8152.86 | 0.174301
2025-06-08 15:21:41,799 - INFO -    5 | SELL |    0.0024 | $   9081.00 | $   8376.08 | 0.130726
2025-06-08 15:21:41,799 - INFO -    6 | BUY  |   -0.0100 | $   8990.54 | $   6282.06 | 0.540132
2025-06-08 15:21:41,799 - INFO -    7 | SELL |    0.0088 | $   9069.31 | $   6952.41 | 0.405099
2025-06-08 15:21:41,799 - INFO -    8 | SELL |   -0.0024 | $   9047.97 | $   7456.41 | 0.303825
2025-06-08 15:21:41,799 - INFO -    9 | HOLD |    0.0320 | $   9337.44 | $   7456.41 | 0.303825
2025-06-08 15:21:41,799 - INFO -   10 | HOLD |    0.0002 | $   9339.75 | $   7456.41 | 0.303825
2025-06-08 15:21:41,799 - INFO -   11 | BUY  |   -0.0044 | $   9299.03 | $   5592.31 | 0.599302
2025-06-08 15:21:41,799 - INFO -   12 | SELL |   -0.0276 | $   9042.72 | $   6422.15 | 0.449477
2025-06-08 15:21:41,799 - INFO -   13 | HOLD |    0.0291 | $   9306.14 | $   6422.15 | 0.449477
2025-06-08 15:21:41,799 - INFO -   14 | SELL |    0.0113 | $   9411.45 | $   7141.10 | 0.337108
2025-06-08 15:21:41,799 - INFO -   15 | BUY  |   -0.0056 | $   9358.33 | $   5355.82 | 0.599082
2025-06-08 15:21:41,799 - INFO -   16 | SELL |   -0.0031 | $   9329.23 | $   6311.45 | 0.449312
2025-06-08 15:21:41,799 - INFO -   17 | SELL |   -0.0158 | $   9182.07 | $   7001.85 | 0.336984
2025-06-08 15:21:41,799 - INFO -   18 | SELL |   -0.0112 | $   9079.08 | $   7501.44 | 0.252738
2025-06-08 15:21:41,799 - INFO -   19 | BUY  |   -0.0021 | $   8961.39 | $   5626.08 | 0.563203
2025-06-08 15:21:41,799 - INFO -   ...    ...      ...         ...          ...         ...
2025-06-08 15:21:41,799 - INFO - 1262 | SELL |   -0.0057 | $    417.52 | $    259.10 | 0.006055
2025-06-08 15:21:41,799 - INFO - 1263 | HOLD |   -0.0058 | $    416.83 | $    259.10 | 0.006055
2025-06-08 15:21:41,799 - INFO - 1264 | BUY  |   -0.0058 | $    415.32 | $    194.33 | 0.008497
2025-06-08 15:21:41,799 - INFO - 1265 | SELL |   -0.0063 | $    413.24 | $    246.98 | 0.006373
2025-06-08 15:21:41,799 - INFO - 1266 | HOLD |   -0.0073 | $    413.35 | $    246.98 | 0.006373
2025-06-08 15:21:41,799 - INFO - 1267 | HOLD |   -0.0047 | $    423.68 | $    246.98 | 0.006373
2025-06-08 15:21:41,799 - INFO - 1268 | SELL |   -0.0049 | $    418.76 | $    288.29 | 0.004780
2025-06-08 15:21:41,799 - INFO - 1269 | SELL |   -0.0054 | $    410.68 | $    317.73 | 0.003585
2025-06-08 15:21:41,799 - INFO - 1270 | BUY  |   -0.0056 | $    408.66 | $    238.30 | 0.006603
2025-06-08 15:21:41,799 - INFO - 1271 | SELL |   -0.0053 | $    406.97 | $    278.86 | 0.004952
2025-06-08 15:21:41,799 - INFO - 1272 | HOLD |   -0.0052 | $    407.47 | $    278.86 | 0.004952
2025-06-08 15:21:41,799 - INFO - 1273 | SELL |   -0.0050 | $    405.10 | $    309.22 | 0.003714
2025-06-08 15:21:41,799 - INFO - 1274 | BUY  |   -0.0047 | $    403.46 | $    231.92 | 0.006654
2025-06-08 15:21:41,799 - INFO - 1275 | BUY  |   -0.0044 | $    402.14 | $    173.94 | 0.008861
2025-06-08 15:21:41,799 - INFO - 1276 | SELL |   -0.0034 | $    403.55 | $    229.16 | 0.006646
2025-06-08 15:21:41,799 - INFO - 1277 | SELL |   -0.0040 | $    399.18 | $    270.05 | 0.004984
2025-06-08 15:21:41,799 - INFO - 1278 | SELL |   -0.0044 | $    397.51 | $    300.71 | 0.003738
2025-06-08 15:21:41,799 - INFO - 1279 | SELL |   -0.0045 | $    396.07 | $    323.64 | 0.002804
2025-06-08 15:21:41,799 - INFO - 1280 | SELL |   -0.0042 | $    393.31 | $    340.40 | 0.002103
2025-06-08 15:21:41,799 - INFO - 1281 | BUY  |   -0.0044 | $    393.05 | $    255.30 | 0.005332
2025-06-08 15:21:41,799 - INFO - 
Action distribution for Episode 50:
2025-06-08 15:21:41,800 - INFO -   HOLD:  416 ( 32.4%)
2025-06-08 15:21:41,800 - INFO -   BUY:   419 ( 32.7%)
2025-06-08 15:21:41,800 - INFO -   SELL:  447 ( 34.9%)
2025-06-08 15:21:41,800 - INFO - ----------------------------------------------------------------------
2025-06-08 15:21:42,523 - INFO - Step 65000: Loss = 10.219618, Epsilon = 0.9373
2025-06-08 15:21:42,854 - INFO - Episode 51: Reward = -2.4693, Portfolio = $653.35, Return = -93.47%, Cash = $435.44, Crypto = 0.008435, Steps = 1282
2025-06-08 15:21:43,389 - INFO - Step 66000: Loss = 1.092277, Epsilon = 0.9363
2025-06-08 15:21:43,390 - INFO - Step 66000: Target network updated
2025-06-08 15:21:43,907 - INFO - Episode 52: Reward = -2.4508, Portfolio = $429.48, Return = -95.71%, Cash = $269.77, Crypto = 0.006182, Steps = 1282
2025-06-08 15:21:44,172 - INFO - Step 67000: Loss = 5.831954, Epsilon = 0.9354
2025-06-08 15:21:44,919 - INFO - Episode 53: Reward = -2.0579, Portfolio = $518.58, Return = -94.81%, Cash = $112.35, Crypto = 0.015725, Steps = 1282
2025-06-08 15:21:44,968 - INFO - Step 68000: Loss = 5.926551, Epsilon = 0.9344
2025-06-08 15:21:44,968 - INFO - Step 68000: Target network updated
2025-06-08 15:21:45,773 - INFO - Step 69000: Loss = 5.070585, Epsilon = 0.9334
2025-06-08 15:21:46,025 - INFO - Episode 54: Reward = -2.2110, Portfolio = $622.49, Return = -93.78%, Cash = $259.17, Crypto = 0.014064, Steps = 1282
2025-06-08 15:21:46,671 - INFO - Step 70000: Loss = 2.335265, Epsilon = 0.9325
2025-06-08 15:21:46,672 - INFO - Step 70000: Target network updated
2025-06-08 15:21:47,063 - INFO - Episode 55: Reward = -2.2762, Portfolio = $552.07, Return = -94.48%, Cash = $135.35, Crypto = 0.016131, Steps = 1282
2025-06-08 15:21:47,445 - INFO - Step 71000: Loss = 17.835794, Epsilon = 0.9315
2025-06-08 15:21:48,058 - INFO - Episode 56: Reward = -2.1360, Portfolio = $848.55, Return = -91.51%, Cash = $492.50, Crypto = 0.013783, Steps = 1282
2025-06-08 15:21:48,219 - INFO - Step 72000: Loss = 2.739209, Epsilon = 0.9306
2025-06-08 15:21:48,219 - INFO - Step 72000: Target network updated
2025-06-08 15:21:48,995 - INFO - Step 73000: Loss = 6.694267, Epsilon = 0.9296
2025-06-08 15:21:49,052 - INFO - Episode 57: Reward = -2.2864, Portfolio = $521.83, Return = -94.78%, Cash = $194.36, Crypto = 0.012676, Steps = 1282
2025-06-08 15:21:49,781 - INFO - Step 74000: Loss = 4.190563, Epsilon = 0.9286
2025-06-08 15:21:49,781 - INFO - Step 74000: Target network updated
2025-06-08 15:21:50,066 - INFO - Episode 58: Reward = -2.3501, Portfolio = $737.54, Return = -92.62%, Cash = $205.91, Crypto = 0.020579, Steps = 1282
2025-06-08 15:21:50,607 - INFO - Step 75000: Loss = 2.700645, Epsilon = 0.9277
2025-06-08 15:21:51,128 - INFO - Episode 59: Reward = -2.2509, Portfolio = $565.82, Return = -94.34%, Cash = $269.46, Crypto = 0.011472, Steps = 1282
2025-06-08 15:21:51,416 - INFO - Step 76000: Loss = 2.927191, Epsilon = 0.9267
2025-06-08 15:21:51,417 - INFO - Step 76000: Target network updated
2025-06-08 15:21:52,131 - INFO - Episode 60: Reward = -2.0132, Portfolio = $792.59, Return = -92.07%, Cash = $302.69, Crypto = 0.018964, Steps = 1282
2025-06-08 15:21:52,131 - INFO - Episode 60 Summary: Avg Reward (100 eps) = -2.1987, Avg Portfolio (100 eps) = $595.20, Epsilon = 0.926
2025-06-08 15:21:52,131 - INFO - 
Detailed steps for Episode 60:
2025-06-08 15:21:52,131 - INFO - Step | Action | Reward    | Portfolio   | Cash       | Crypto
2025-06-08 15:21:52,131 - INFO - ----------------------------------------------------------------------
2025-06-08 15:21:52,131 - INFO -    0 | SELL |   -0.0100 | $  10000.00 | $  10000.00 | 0.000000
2025-06-08 15:21:52,131 - INFO -    1 | HOLD |    0.0000 | $  10000.00 | $  10000.00 | 0.000000
2025-06-08 15:21:52,131 - INFO -    2 | SELL |   -0.0100 | $  10000.00 | $  10000.00 | 0.000000
2025-06-08 15:21:52,131 - INFO -    3 | HOLD |    0.0000 | $  10000.00 | $  10000.00 | 0.000000
2025-06-08 15:21:52,131 - INFO -    4 | HOLD |    0.0000 | $  10000.00 | $  10000.00 | 0.000000
2025-06-08 15:21:52,131 - INFO -    5 | HOLD |    0.0000 | $  10000.00 | $  10000.00 | 0.000000
2025-06-08 15:21:52,131 - INFO -    6 | HOLD |    0.0000 | $  10000.00 | $  10000.00 | 0.000000
2025-06-08 15:21:52,131 - INFO -    7 | SELL |   -0.0100 | $  10000.00 | $  10000.00 | 0.000000
2025-06-08 15:21:52,131 - INFO -    8 | HOLD |    0.0000 | $  10000.00 | $  10000.00 | 0.000000
2025-06-08 15:21:52,131 - INFO -    9 | HOLD |    0.0000 | $  10000.00 | $  10000.00 | 0.000000
2025-06-08 15:21:52,131 - INFO -   10 | BUY  |   -0.0049 | $   9950.98 | $   7500.00 | 0.395397
2025-06-08 15:21:52,131 - INFO -   11 | SELL |   -0.0036 | $   9914.99 | $   8080.82 | 0.296548
2025-06-08 15:21:52,131 - INFO -   12 | BUY  |   -0.0146 | $   9770.16 | $   6060.62 | 0.636258
2025-06-08 15:21:52,131 - INFO -   13 | SELL |    0.0329 | $  10092.01 | $   7030.19 | 0.477193
2025-06-08 15:21:52,131 - INFO -   14 | HOLD |    0.0151 | $  10243.99 | $   7030.19 | 0.477193
2025-06-08 15:21:52,131 - INFO -   15 | HOLD |   -0.0025 | $  10218.35 | $   7030.19 | 0.477193
2025-06-08 15:21:52,131 - INFO -   16 | HOLD |    0.0017 | $  10235.23 | $   7030.19 | 0.477193
2025-06-08 15:21:52,131 - INFO -   17 | HOLD |   -0.0115 | $  10117.54 | $   7030.19 | 0.477193
2025-06-08 15:21:52,131 - INFO -   18 | SELL |   -0.0144 | $   9971.69 | $   7737.64 | 0.357895
2025-06-08 15:21:52,131 - INFO -   19 | BUY  |   -0.0009 | $   9819.18 | $   5803.23 | 0.678136
2025-06-08 15:21:52,131 - INFO -   ...    ...      ...         ...          ...         ...
2025-06-08 15:21:52,131 - INFO - 1262 | HOLD |   -0.0074 | $    840.90 | $    549.54 | 0.011137
2025-06-08 15:21:52,131 - INFO - 1263 | BUY  |   -0.0072 | $    836.93 | $    412.15 | 0.016308
2025-06-08 15:21:52,131 - INFO - 1264 | HOLD |   -0.0070 | $    836.29 | $    412.15 | 0.016308
2025-06-08 15:21:52,131 - INFO - 1265 | BUY  |   -0.0066 | $    835.59 | $    309.12 | 0.020180
2025-06-08 15:21:52,131 - INFO - 1266 | SELL |   -0.0096 | $    829.34 | $    434.23 | 0.015135
2025-06-08 15:21:52,131 - INFO - 1267 | HOLD |   -0.0032 | $    853.88 | $    434.23 | 0.015135
2025-06-08 15:21:52,131 - INFO - 1268 | HOLD |   -0.0032 | $    847.37 | $    434.23 | 0.015135
2025-06-08 15:21:52,131 - INFO - 1269 | SELL |   -0.0038 | $    821.79 | $    527.44 | 0.011351
2025-06-08 15:21:52,132 - INFO - 1270 | SELL |   -0.0039 | $    816.65 | $    597.00 | 0.008513
2025-06-08 15:21:52,132 - INFO - 1271 | BUY  |   -0.0040 | $    814.30 | $    447.75 | 0.014170
2025-06-08 15:21:52,132 - INFO - 1272 | HOLD |   -0.0040 | $    815.73 | $    447.75 | 0.014170
2025-06-08 15:21:52,132 - INFO - 1273 | SELL |   -0.0040 | $    808.93 | $    534.62 | 0.010627
2025-06-08 15:21:52,132 - INFO - 1274 | BUY  |   -0.0037 | $    805.96 | $    400.96 | 0.015710
2025-06-08 15:21:52,132 - INFO - 1275 | HOLD |   -0.0030 | $    805.54 | $    400.96 | 0.015710
2025-06-08 15:21:52,132 - INFO - 1276 | SELL |   -0.0024 | $    808.04 | $    498.87 | 0.011782
2025-06-08 15:21:52,132 - INFO - 1277 | BUY  |   -0.0028 | $    801.65 | $    374.15 | 0.016502
2025-06-08 15:21:52,132 - INFO - 1278 | BUY  |   -0.0030 | $    799.66 | $    280.61 | 0.020044
2025-06-08 15:21:52,132 - INFO - 1279 | SELL |   -0.0033 | $    791.91 | $    403.58 | 0.015033
2025-06-08 15:21:52,132 - INFO - 1280 | BUY  |   -0.0039 | $    779.87 | $    302.69 | 0.018964
2025-06-08 15:21:52,132 - INFO - 1281 | HOLD |   -0.0028 | $    792.59 | $    302.69 | 0.018964
2025-06-08 15:21:52,132 - INFO - 
Action distribution for Episode 60:
2025-06-08 15:21:52,132 - INFO -   HOLD:  467 ( 36.4%)
2025-06-08 15:21:52,132 - INFO -   BUY:   383 ( 29.9%)
2025-06-08 15:21:52,132 - INFO -   SELL:  432 ( 33.7%)
2025-06-08 15:21:52,132 - INFO - ----------------------------------------------------------------------
2025-06-08 15:21:52,197 - INFO - Step 77000: Loss = 7.555148, Epsilon = 0.9257
2025-06-08 15:21:53,014 - INFO - Step 78000: Loss = 1.189242, Epsilon = 0.9248
2025-06-08 15:21:53,014 - INFO - Step 78000: Target network updated
2025-06-08 15:21:53,173 - INFO - Episode 61: Reward = -2.1007, Portfolio = $620.46, Return = -93.80%, Cash = $152.09, Crypto = 0.018130, Steps = 1282
2025-06-08 15:21:53,808 - INFO - Step 79000: Loss = 3.144102, Epsilon = 0.9238
2025-06-08 15:21:54,215 - INFO - Episode 62: Reward = -1.8462, Portfolio = $587.15, Return = -94.13%, Cash = $244.09, Crypto = 0.013280, Steps = 1282
2025-06-08 15:21:54,694 - INFO - Step 80000: Loss = 3.637350, Epsilon = 0.9228
2025-06-08 15:21:54,694 - INFO - Step 80000: Target network updated
2025-06-08 15:21:55,284 - INFO - Episode 63: Reward = -2.0771, Portfolio = $806.35, Return = -91.94%, Cash = $483.07, Crypto = 0.012514, Steps = 1282
2025-06-08 15:21:55,472 - INFO - Step 81000: Loss = 4.950142, Epsilon = 0.9219
2025-06-08 15:21:56,278 - INFO - Step 82000: Loss = 1.012277, Epsilon = 0.9209
2025-06-08 15:21:56,279 - INFO - Step 82000: Target network updated
2025-06-08 15:21:56,315 - INFO - Episode 64: Reward = -2.1776, Portfolio = $631.54, Return = -93.68%, Cash = $305.39, Crypto = 0.012625, Steps = 1282
2025-06-08 15:21:57,052 - INFO - Step 83000: Loss = 6.587649, Epsilon = 0.9199
2025-06-08 15:21:57,304 - INFO - Episode 65: Reward = -2.3819, Portfolio = $371.68, Return = -96.28%, Cash = $160.74, Crypto = 0.008165, Steps = 1282
2025-06-08 15:21:57,831 - INFO - Step 84000: Loss = 1.609176, Epsilon = 0.9190
2025-06-08 15:21:57,832 - INFO - Step 84000: Target network updated
2025-06-08 15:21:58,386 - INFO - Episode 66: Reward = -2.2967, Portfolio = $780.00, Return = -92.20%, Cash = $262.46, Crypto = 0.020034, Steps = 1282
2025-06-08 15:21:58,761 - INFO - Step 85000: Loss = 4.600128, Epsilon = 0.9180
2025-06-08 15:21:59,617 - INFO - Episode 67: Reward = -2.3512, Portfolio = $608.98, Return = -93.91%, Cash = $416.63, Crypto = 0.007446, Steps = 1282
2025-06-08 15:21:59,717 - INFO - Step 86000: Loss = 2.258445, Epsilon = 0.9170
2025-06-08 15:21:59,717 - INFO - Step 86000: Target network updated
2025-06-08 15:22:00,662 - INFO - Step 87000: Loss = 4.060372, Epsilon = 0.9161
2025-06-08 15:22:00,813 - INFO - Episode 68: Reward = -2.1991, Portfolio = $728.63, Return = -92.71%, Cash = $400.62, Crypto = 0.012697, Steps = 1282
2025-06-08 15:22:01,547 - INFO - Step 88000: Loss = 3.790428, Epsilon = 0.9151
2025-06-08 15:22:01,547 - INFO - Step 88000: Target network updated
2025-06-08 15:22:01,959 - INFO - Episode 69: Reward = -2.2518, Portfolio = $477.75, Return = -95.22%, Cash = $226.25, Crypto = 0.009736, Steps = 1282
2025-06-08 15:22:02,438 - INFO - Step 89000: Loss = 4.255114, Epsilon = 0.9142
2025-06-08 15:22:03,122 - INFO - Episode 70: Reward = -2.0422, Portfolio = $747.74, Return = -92.52%, Cash = $581.63, Crypto = 0.006430, Steps = 1282
2025-06-08 15:22:03,122 - INFO - Episode 70 Summary: Avg Reward (100 eps) = -2.1950, Avg Portfolio (100 eps) = $601.03, Epsilon = 0.913
2025-06-08 15:22:03,122 - INFO - 
Detailed steps for Episode 70:
2025-06-08 15:22:03,122 - INFO - Step | Action | Reward    | Portfolio   | Cash       | Crypto
2025-06-08 15:22:03,122 - INFO - ----------------------------------------------------------------------
2025-06-08 15:22:03,122 - INFO -    0 | SELL |   -0.0100 | $  10000.00 | $  10000.00 | 0.000000
2025-06-08 15:22:03,122 - INFO -    1 | SELL |   -0.0100 | $  10000.00 | $  10000.00 | 0.000000
2025-06-08 15:22:03,122 - INFO -    2 | HOLD |    0.0000 | $  10000.00 | $  10000.00 | 0.000000
2025-06-08 15:22:03,122 - INFO -    3 | BUY  |   -0.0049 | $   9950.98 | $   7500.00 | 0.440530
2025-06-08 15:22:03,122 - INFO -    4 | BUY  |   -0.0198 | $   9754.15 | $   5625.00 | 0.794012
2025-06-08 15:22:03,122 - INFO -    5 | SELL |    0.0101 | $   9853.04 | $   6641.87 | 0.595509
2025-06-08 15:22:03,122 - INFO -    6 | BUY  |   -0.0261 | $   9595.48 | $   4981.40 | 0.920151
2025-06-08 15:22:03,122 - INFO -    7 | SELL |    0.0140 | $   9729.67 | $   6123.39 | 0.690113
2025-06-08 15:22:03,122 - INFO -    8 | HOLD |    0.0009 | $   9738.51 | $   6123.39 | 0.690113
2025-06-08 15:22:03,122 - INFO -    9 | HOLD |    0.0675 | $  10396.01 | $   6123.39 | 0.690113
2025-06-08 15:22:03,122 - INFO -   10 | HOLD |    0.0005 | $  10401.25 | $   6123.39 | 0.690113
2025-06-08 15:22:03,122 - INFO -   11 | HOLD |   -0.0009 | $  10391.79 | $   6123.39 | 0.690113
2025-06-08 15:22:03,122 - INFO -   12 | HOLD |   -0.0236 | $  10146.93 | $   6123.39 | 0.690113
2025-06-08 15:22:03,122 - INFO -   13 | HOLD |    0.0399 | $  10551.37 | $   6123.39 | 0.690113
2025-06-08 15:22:03,122 - INFO -   14 | SELL |    0.0153 | $  10713.07 | $   7227.24 | 0.517585
2025-06-08 15:22:03,122 - INFO -   15 | BUY  |   -0.0059 | $  10649.83 | $   5420.43 | 0.782720
2025-06-08 15:22:03,122 - INFO -   16 | SELL |   -0.0036 | $  10611.80 | $   6668.99 | 0.587040
2025-06-08 15:22:03,122 - INFO -   17 | SELL |   -0.0181 | $  10419.54 | $   7571.02 | 0.440280
2025-06-08 15:22:03,122 - INFO -   18 | SELL |   -0.0129 | $  10284.98 | $   8223.74 | 0.330210
2025-06-08 15:22:03,122 - INFO -   19 | HOLD |    0.0005 | $  10179.26 | $   8223.74 | 0.330210
2025-06-08 15:22:03,122 - INFO -   ...    ...      ...         ...          ...         ...
2025-06-08 15:22:03,122 - INFO - 1262 | HOLD |   -0.0072 | $    780.02 | $    329.32 | 0.017227
2025-06-08 15:22:03,122 - INFO - 1263 | HOLD |   -0.0071 | $    778.05 | $    329.32 | 0.017227
2025-06-08 15:22:03,122 - INFO - 1264 | HOLD |   -0.0066 | $    777.37 | $    329.32 | 0.017227
2025-06-08 15:22:03,122 - INFO - 1265 | BUY  |   -0.0065 | $    777.16 | $    246.99 | 0.020321
2025-06-08 15:22:03,122 - INFO - 1266 | HOLD |   -0.0070 | $    777.49 | $    246.99 | 0.020321
2025-06-08 15:22:03,122 - INFO - 1267 | SELL |   -0.0025 | $    803.39 | $    380.81 | 0.015241
2025-06-08 15:22:03,122 - INFO - 1268 | HOLD |   -0.0027 | $    796.84 | $    380.81 | 0.015241
2025-06-08 15:22:03,122 - INFO - 1269 | BUY  |   -0.0035 | $    774.16 | $    285.61 | 0.018840
2025-06-08 15:22:03,122 - INFO - 1270 | HOLD |   -0.0035 | $    771.69 | $    285.61 | 0.018840
2025-06-08 15:22:03,122 - INFO - 1271 | HOLD |   -0.0030 | $    772.98 | $    285.61 | 0.018840
2025-06-08 15:22:03,122 - INFO - 1272 | SELL |   -0.0031 | $    768.76 | $    401.81 | 0.014130
2025-06-08 15:22:03,122 - INFO - 1273 | SELL |   -0.0031 | $    761.98 | $    488.43 | 0.010598
2025-06-08 15:22:03,122 - INFO - 1274 | BUY  |   -0.0031 | $    759.24 | $    366.32 | 0.015241
2025-06-08 15:22:03,123 - INFO - 1275 | HOLD |   -0.0023 | $    758.83 | $    366.32 | 0.015241
2025-06-08 15:22:03,123 - INFO - 1276 | HOLD |   -0.0012 | $    766.26 | $    366.32 | 0.015241
2025-06-08 15:22:03,123 - INFO - 1277 | SELL |   -0.0015 | $    756.22 | $    460.10 | 0.011431
2025-06-08 15:22:03,123 - INFO - 1278 | SELL |   -0.0017 | $    752.41 | $    530.40 | 0.008573
2025-06-08 15:22:03,123 - INFO - 1279 | HOLD |   -0.0016 | $    751.86 | $    530.40 | 0.008573
2025-06-08 15:22:03,123 - INFO - 1280 | SELL |   -0.0020 | $    743.43 | $    581.63 | 0.006430
2025-06-08 15:22:03,123 - INFO - 1281 | HOLD |   -0.0022 | $    747.74 | $    581.63 | 0.006430
2025-06-08 15:22:03,123 - INFO - 
Action distribution for Episode 70:
2025-06-08 15:22:03,123 - INFO -   HOLD:  455 ( 35.5%)
2025-06-08 15:22:03,123 - INFO -   BUY:   406 ( 31.7%)
2025-06-08 15:22:03,123 - INFO -   SELL:  421 ( 32.8%)
2025-06-08 15:22:03,123 - INFO - ----------------------------------------------------------------------
2025-06-08 15:22:03,342 - INFO - Step 90000: Loss = 1.780439, Epsilon = 0.9132
2025-06-08 15:22:03,343 - INFO - Step 90000: Target network updated
2025-06-08 15:22:04,168 - INFO - Step 91000: Loss = 6.280032, Epsilon = 0.9122
2025-06-08 15:22:04,189 - INFO - Episode 71: Reward = -1.9167, Portfolio = $576.70, Return = -94.23%, Cash = $321.08, Crypto = 0.009895, Steps = 1282
2025-06-08 15:22:04,996 - INFO - Step 92000: Loss = 2.650545, Epsilon = 0.9113
2025-06-08 15:22:04,996 - INFO - Step 92000: Target network updated
2025-06-08 15:22:05,235 - INFO - Episode 72: Reward = -2.1325, Portfolio = $568.66, Return = -94.31%, Cash = $77.08, Crypto = 0.019029, Steps = 1282
2025-06-08 15:22:05,785 - INFO - Step 93000: Loss = 5.731098, Epsilon = 0.9103
2025-06-08 15:22:06,239 - INFO - Episode 73: Reward = -2.1468, Portfolio = $580.00, Return = -94.20%, Cash = $69.32, Crypto = 0.019768, Steps = 1282
2025-06-08 15:22:06,566 - INFO - Step 94000: Loss = 1.330537, Epsilon = 0.9093
2025-06-08 15:22:06,566 - INFO - Step 94000: Target network updated
2025-06-08 15:22:07,263 - INFO - Episode 74: Reward = -2.0501, Portfolio = $765.95, Return = -92.34%, Cash = $432.62, Crypto = 0.012903, Steps = 1282
2025-06-08 15:22:07,378 - INFO - Step 95000: Loss = 2.771801, Epsilon = 0.9084
2025-06-08 15:22:08,211 - INFO - Step 96000: Loss = 4.871968, Epsilon = 0.9074
2025-06-08 15:22:08,212 - INFO - Step 96000: Target network updated
2025-06-08 15:22:08,338 - INFO - Episode 75: Reward = -2.3183, Portfolio = $765.03, Return = -92.35%, Cash = $9.21, Crypto = 0.029257, Steps = 1282
2025-06-08 15:22:09,058 - INFO - Step 97000: Loss = 2.119385, Epsilon = 0.9064
2025-06-08 15:22:09,416 - INFO - Episode 76: Reward = -2.1096, Portfolio = $649.03, Return = -93.51%, Cash = $301.09, Crypto = 0.013469, Steps = 1282
2025-06-08 15:22:09,882 - INFO - Step 98000: Loss = 2.245104, Epsilon = 0.9055
2025-06-08 15:22:09,882 - INFO - Step 98000: Target network updated
2025-06-08 15:22:10,484 - INFO - Episode 77: Reward = -2.2704, Portfolio = $582.08, Return = -94.18%, Cash = $215.64, Crypto = 0.014185, Steps = 1282
2025-06-08 15:22:10,727 - INFO - Step 99000: Loss = 4.986415, Epsilon = 0.9045
2025-06-08 15:22:11,543 - INFO - Episode 78: Reward = -2.1926, Portfolio = $597.50, Return = -94.03%, Cash = $254.98, Crypto = 0.013259, Steps = 1282
2025-06-08 15:22:11,546 - INFO - Step 100000: Loss = 5.069945, Epsilon = 0.9035
2025-06-08 15:22:11,547 - INFO - Step 100000: Target network updated
2025-06-08 15:22:12,337 - INFO - Step 101000: Loss = 2.958846, Epsilon = 0.9026
2025-06-08 15:22:12,557 - INFO - Episode 79: Reward = -2.3317, Portfolio = $602.71, Return = -93.97%, Cash = $187.00, Crypto = 0.016092, Steps = 1282
2025-06-08 15:22:13,145 - INFO - Step 102000: Loss = 1.328421, Epsilon = 0.9016
2025-06-08 15:22:13,146 - INFO - Step 102000: Target network updated
2025-06-08 15:22:13,581 - INFO - Episode 80: Reward = -2.0729, Portfolio = $680.46, Return = -93.20%, Cash = $309.76, Crypto = 0.014350, Steps = 1282
2025-06-08 15:22:13,581 - INFO - Episode 80 Summary: Avg Reward (100 eps) = -2.1899, Avg Portfolio (100 eps) = $605.50, Epsilon = 0.901
2025-06-08 15:22:13,581 - INFO - 
Detailed steps for Episode 80:
2025-06-08 15:22:13,581 - INFO - Step | Action | Reward    | Portfolio   | Cash       | Crypto
2025-06-08 15:22:13,581 - INFO - ----------------------------------------------------------------------
2025-06-08 15:22:13,581 - INFO -    0 | BUY  |   -0.0049 | $   9950.98 | $   7500.00 | 0.309869
2025-06-08 15:22:13,581 - INFO -    1 | BUY  |   -0.0036 | $   9914.74 | $   5625.00 | 0.542221
2025-06-08 15:22:13,581 - INFO -    2 | HOLD |   -0.1608 | $   8320.27 | $   5625.00 | 0.542221
2025-06-08 15:22:13,581 - INFO -    3 | BUY  |    0.0353 | $   8614.18 | $   4218.75 | 0.790019
2025-06-08 15:22:13,581 - INFO -    4 | HOLD |   -0.0333 | $   8327.14 | $   4218.75 | 0.790019
2025-06-08 15:22:13,581 - INFO -    5 | BUY  |    0.0157 | $   8458.10 | $   3164.06 | 0.981775
2025-06-08 15:22:13,581 - INFO -    6 | BUY  |   -0.0457 | $   8071.64 | $   2373.05 | 1.136428
2025-06-08 15:22:13,581 - INFO -    7 | BUY  |    0.0283 | $   8299.97 | $   1779.79 | 1.247731
2025-06-08 15:22:13,581 - INFO -    8 | BUY  |    0.0009 | $   8307.22 | $   1334.84 | 1.331004
2025-06-08 15:22:13,581 - INFO -    9 | SELL |    0.1403 | $   9472.34 | $   3291.96 | 0.998253
2025-06-08 15:22:13,581 - INFO -   10 | HOLD |    0.0008 | $   9479.91 | $   3291.96 | 0.998253
2025-06-08 15:22:13,581 - INFO -   11 | SELL |   -0.0096 | $   9389.04 | $   4758.35 | 0.748690
2025-06-08 15:22:13,581 - INFO -   12 | SELL |   -0.0341 | $   9068.84 | $   5795.05 | 0.561518
2025-06-08 15:22:13,581 - INFO -   13 | BUY  |    0.0332 | $   9369.51 | $   4346.28 | 0.782884
2025-06-08 15:22:13,581 - INFO -   14 | BUY  |    0.0243 | $   9597.55 | $   3259.71 | 0.941057
2025-06-08 15:22:13,581 - INFO -   15 | SELL |   -0.0135 | $   9468.38 | $   4752.94 | 0.705793
2025-06-08 15:22:13,581 - INFO -   16 | SELL |   -0.0036 | $   9434.10 | $   5878.79 | 0.529344
2025-06-08 15:22:13,581 - INFO -   17 | BUY  |   -0.0169 | $   9274.72 | $   4409.09 | 0.752053
2025-06-08 15:22:13,581 - INFO -   18 | BUY  |   -0.0208 | $   9081.94 | $   3306.82 | 0.925175
2025-06-08 15:22:13,581 - INFO -   19 | BUY  |   -0.0010 | $   8769.53 | $   2480.11 | 1.062035
2025-06-08 15:22:13,581 - INFO -   ...    ...      ...         ...          ...         ...
2025-06-08 15:22:13,581 - INFO - 1262 | HOLD |   -0.0047 | $    746.01 | $    415.43 | 0.012636
2025-06-08 15:22:13,581 - INFO - 1263 | HOLD |   -0.0047 | $    744.56 | $    415.43 | 0.012636
2025-06-08 15:22:13,581 - INFO - 1264 | SELL |   -0.0051 | $    739.96 | $    493.48 | 0.009477
2025-06-08 15:22:13,581 - INFO - 1265 | BUY  |   -0.0050 | $    738.31 | $    370.11 | 0.014113
2025-06-08 15:22:13,581 - INFO - 1266 | SELL |   -0.0061 | $    733.94 | $    457.61 | 0.010585
2025-06-08 15:22:13,581 - INFO - 1267 | HOLD |   -0.0038 | $    751.10 | $    457.61 | 0.010585
2025-06-08 15:22:13,581 - INFO - 1268 | BUY  |   -0.0041 | $    744.30 | $    343.21 | 0.014694
2025-06-08 15:22:13,581 - INFO - 1269 | BUY  |   -0.0049 | $    722.55 | $    257.41 | 0.017937
2025-06-08 15:22:13,581 - INFO - 1270 | SELL |   -0.0054 | $    714.42 | $    367.32 | 0.013453
2025-06-08 15:22:13,581 - INFO - 1271 | BUY  |   -0.0053 | $    713.54 | $    275.49 | 0.016933
2025-06-08 15:22:13,581 - INFO - 1272 | HOLD |   -0.0053 | $    715.24 | $    275.49 | 0.016933
2025-06-08 15:22:13,581 - INFO - 1273 | SELL |   -0.0054 | $    707.12 | $    379.30 | 0.012700
2025-06-08 15:22:13,581 - INFO - 1274 | BUY  |   -0.0051 | $    704.85 | $    284.47 | 0.016306
2025-06-08 15:22:13,581 - INFO - 1275 | SELL |   -0.0048 | $    699.16 | $    384.21 | 0.012230
2025-06-08 15:22:13,581 - INFO - 1276 | BUY  |   -0.0037 | $    703.23 | $    288.16 | 0.015818
2025-06-08 15:22:13,581 - INFO - 1277 | BUY  |   -0.0042 | $    696.53 | $    216.12 | 0.018545
2025-06-08 15:22:13,581 - INFO - 1278 | HOLD |   -0.0040 | $    696.34 | $    216.12 | 0.018545
2025-06-08 15:22:13,582 - INFO - 1279 | SELL |   -0.0042 | $    689.18 | $    329.89 | 0.013908
2025-06-08 15:22:13,582 - INFO - 1280 | SELL |   -0.0047 | $    675.49 | $    413.01 | 0.010431
2025-06-08 15:22:13,582 - INFO - 1281 | BUY  |   -0.0047 | $    680.46 | $    309.76 | 0.014350
2025-06-08 15:22:13,582 - INFO - 
Action distribution for Episode 80:
2025-06-08 15:22:13,582 - INFO -   HOLD:  432 ( 33.7%)
2025-06-08 15:22:13,582 - INFO -   BUY:   428 ( 33.4%)
2025-06-08 15:22:13,582 - INFO -   SELL:  422 ( 32.9%)
2025-06-08 15:22:13,582 - INFO - ----------------------------------------------------------------------
2025-06-08 15:22:13,933 - INFO - Step 103000: Loss = 1.855259, Epsilon = 0.9007
2025-06-08 15:22:14,724 - INFO - Episode 81: Reward = -2.2244, Portfolio = $529.83, Return = -94.70%, Cash = $265.43, Crypto = 0.010235, Steps = 1282
2025-06-08 15:22:14,866 - INFO - Step 104000: Loss = 2.983766, Epsilon = 0.8997
2025-06-08 15:22:14,867 - INFO - Step 104000: Target network updated
2025-06-08 15:22:15,690 - INFO - Step 105000: Loss = 2.774785, Epsilon = 0.8987
2025-06-08 15:22:15,787 - INFO - Episode 82: Reward = -2.1963, Portfolio = $606.24, Return = -93.94%, Cash = $407.62, Crypto = 0.007689, Steps = 1282
2025-06-08 15:22:16,479 - INFO - Step 106000: Loss = 0.723209, Epsilon = 0.8978
2025-06-08 15:22:16,479 - INFO - Step 106000: Target network updated
2025-06-08 15:22:16,799 - INFO - Episode 83: Reward = -2.3333, Portfolio = $452.75, Return = -95.47%, Cash = $325.75, Crypto = 0.004916, Steps = 1282
2025-06-08 15:22:17,267 - INFO - Step 107000: Loss = 2.534136, Epsilon = 0.8968
2025-06-08 15:22:17,803 - INFO - Episode 84: Reward = -2.1137, Portfolio = $475.92, Return = -95.24%, Cash = $139.84, Crypto = 0.013010, Steps = 1282
2025-06-08 15:22:18,048 - INFO - Step 108000: Loss = 1.085491, Epsilon = 0.8958
2025-06-08 15:22:18,048 - INFO - Step 108000: Target network updated
2025-06-08 15:22:18,835 - INFO - Episode 85: Reward = -2.1216, Portfolio = $930.86, Return = -90.69%, Cash = $170.79, Crypto = 0.029422, Steps = 1282
2025-06-08 15:22:18,862 - INFO - Step 109000: Loss = 3.099944, Epsilon = 0.8949
2025-06-08 15:22:19,640 - INFO - Step 110000: Loss = 0.799306, Epsilon = 0.8939
2025-06-08 15:22:19,640 - INFO - Step 110000: Target network updated
2025-06-08 15:22:19,836 - INFO - Episode 86: Reward = -2.3075, Portfolio = $526.02, Return = -94.74%, Cash = $357.65, Crypto = 0.006518, Steps = 1282
2025-06-08 15:22:20,438 - INFO - Step 111000: Loss = 6.774531, Epsilon = 0.8929
2025-06-08 15:22:20,878 - INFO - Episode 87: Reward = -2.1021, Portfolio = $859.32, Return = -91.41%, Cash = $616.59, Crypto = 0.009396, Steps = 1282
2025-06-08 15:22:21,347 - INFO - Step 112000: Loss = 1.352677, Epsilon = 0.8920
2025-06-08 15:22:21,347 - INFO - Step 112000: Target network updated
2025-06-08 15:22:22,016 - INFO - Episode 88: Reward = -2.1605, Portfolio = $426.50, Return = -95.73%, Cash = $169.55, Crypto = 0.009947, Steps = 1282
2025-06-08 15:22:22,165 - INFO - Step 113000: Loss = 5.985723, Epsilon = 0.8910
2025-06-08 15:22:22,940 - INFO - Step 114000: Loss = 0.787650, Epsilon = 0.8900
2025-06-08 15:22:22,940 - INFO - Step 114000: Target network updated
2025-06-08 15:22:23,015 - INFO - Episode 89: Reward = -2.3232, Portfolio = $655.45, Return = -93.45%, Cash = $120.96, Crypto = 0.020690, Steps = 1282
2025-06-08 15:22:23,715 - INFO - Step 115000: Loss = 2.405951, Epsilon = 0.8891
2025-06-08 15:22:24,016 - INFO - Episode 90: Reward = -2.0915, Portfolio = $668.64, Return = -93.31%, Cash = $189.69, Crypto = 0.018540, Steps = 1282
2025-06-08 15:22:24,017 - INFO - Episode 90 Summary: Avg Reward (100 eps) = -2.1907, Avg Portfolio (100 eps) = $606.35, Epsilon = 0.889
2025-06-08 15:22:24,017 - INFO - 
Detailed steps for Episode 90:
2025-06-08 15:22:24,017 - INFO - Step | Action | Reward    | Portfolio   | Cash       | Crypto
2025-06-08 15:22:24,017 - INFO - ----------------------------------------------------------------------
2025-06-08 15:22:24,017 - INFO -    0 | HOLD |    0.0000 | $  10000.00 | $  10000.00 | 0.000000
2025-06-08 15:22:24,017 - INFO -    1 | HOLD |    0.0000 | $  10000.00 | $  10000.00 | 0.000000
2025-06-08 15:22:24,017 - INFO -    2 | BUY  |   -0.0049 | $   9950.98 | $   7500.00 | 0.493077
2025-06-08 15:22:24,017 - INFO -    3 | SELL |    0.0259 | $  10209.04 | $   8151.54 | 0.369808
2025-06-08 15:22:24,017 - INFO -    4 | SELL |   -0.0155 | $  10050.64 | $   8608.29 | 0.277356
2025-06-08 15:22:24,017 - INFO -    5 | SELL |    0.0034 | $  10085.18 | $   8963.49 | 0.208017
2025-06-08 15:22:24,017 - INFO -    6 | SELL |   -0.0091 | $   9993.55 | $   9211.22 | 0.156013
2025-06-08 15:22:24,017 - INFO -    7 | BUY  |   -0.0012 | $   9981.34 | $   6908.42 | 0.588047
2025-06-08 15:22:24,017 - INFO -    8 | BUY  |   -0.0026 | $   9955.00 | $   5181.31 | 0.911281
2025-06-08 15:22:24,017 - INFO -    9 | SELL |    0.0801 | $  10752.71 | $   6521.27 | 0.683461
2025-06-08 15:22:24,017 - INFO -   10 | SELL |   -0.0044 | $  10704.93 | $   7527.47 | 0.512596
2025-06-08 15:22:24,017 - INFO -   11 | HOLD |   -0.0007 | $  10697.90 | $   7527.47 | 0.512596
2025-06-08 15:22:24,017 - INFO -   12 | HOLD |   -0.0170 | $  10516.03 | $   7527.47 | 0.512596
2025-06-08 15:22:24,017 - INFO -   13 | BUY  |    0.0251 | $  10779.54 | $   5645.60 | 0.800139
2025-06-08 15:22:24,017 - INFO -   14 | SELL |    0.0174 | $  10967.02 | $   6925.43 | 0.600104
2025-06-08 15:22:24,017 - INFO -   15 | HOLD |   -0.0029 | $  10934.77 | $   6925.43 | 0.600104
2025-06-08 15:22:24,017 - INFO -   16 | BUY  |   -0.0012 | $  10922.05 | $   5194.08 | 0.852829
2025-06-08 15:22:24,017 - INFO -   17 | SELL |   -0.0256 | $  10642.73 | $   6504.51 | 0.639622
2025-06-08 15:22:24,017 - INFO -   18 | HOLD |   -0.0137 | $  10497.15 | $   6504.51 | 0.639622
2025-06-08 15:22:24,017 - INFO -   19 | BUY  |    0.0006 | $  10260.49 | $   4878.38 | 0.908826
2025-06-08 15:22:24,017 - INFO -   ...    ...      ...         ...          ...         ...
2025-06-08 15:22:24,017 - INFO - 1262 | SELL |   -0.0062 | $    719.39 | $    430.85 | 0.011029
2025-06-08 15:22:24,017 - INFO - 1263 | BUY  |   -0.0062 | $    716.01 | $    323.14 | 0.015083
2025-06-08 15:22:24,017 - INFO - 1264 | SELL |   -0.0064 | $    710.52 | $    416.30 | 0.011312
2025-06-08 15:22:24,017 - INFO - 1265 | SELL |   -0.0066 | $    707.75 | $    486.40 | 0.008484
2025-06-08 15:22:24,017 - INFO - 1266 | SELL |   -0.0072 | $    705.12 | $    539.00 | 0.006363
2025-06-08 15:22:24,017 - INFO - 1267 | SELL |   -0.0059 | $    713.23 | $    580.91 | 0.004772
2025-06-08 15:22:24,017 - INFO - 1268 | BUY  |   -0.0061 | $    708.33 | $    435.68 | 0.009988
2025-06-08 15:22:24,017 - INFO - 1269 | SELL |   -0.0068 | $    691.45 | $    497.19 | 0.007491
2025-06-08 15:22:24,017 - INFO - 1270 | BUY  |   -0.0071 | $    688.03 | $    372.90 | 0.012214
2025-06-08 15:22:24,017 - INFO - 1271 | HOLD |   -0.0067 | $    688.87 | $    372.90 | 0.012214
2025-06-08 15:22:24,017 - INFO - 1272 | SELL |   -0.0071 | $    686.13 | $    448.23 | 0.009161
2025-06-08 15:22:24,017 - INFO - 1273 | SELL |   -0.0071 | $    681.74 | $    504.39 | 0.006871
2025-06-08 15:22:24,017 - INFO - 1274 | BUY  |   -0.0066 | $    679.04 | $    378.29 | 0.011666
2025-06-08 15:22:24,017 - INFO - 1275 | SELL |   -0.0072 | $    674.97 | $    449.65 | 0.008749
2025-06-08 15:22:24,017 - INFO - 1276 | BUY  |   -0.0061 | $    677.03 | $    337.23 | 0.012949
2025-06-08 15:22:24,017 - INFO - 1277 | BUY  |   -0.0069 | $    671.04 | $    252.93 | 0.016140
2025-06-08 15:22:24,017 - INFO - 1278 | HOLD |   -0.0072 | $    670.88 | $    252.93 | 0.016140
2025-06-08 15:22:24,017 - INFO - 1279 | BUY  |   -0.0068 | $    668.62 | $    189.69 | 0.018540
2025-06-08 15:22:24,017 - INFO - 1280 | HOLD |   -0.0069 | $    656.21 | $    189.69 | 0.018540
2025-06-08 15:22:24,017 - INFO - 1281 | HOLD |   -0.0048 | $    668.64 | $    189.69 | 0.018540
2025-06-08 15:22:24,018 - INFO - 
Action distribution for Episode 90:
2025-06-08 15:22:24,018 - INFO -   HOLD:  434 ( 33.9%)
2025-06-08 15:22:24,018 - INFO -   BUY:   409 ( 31.9%)
2025-06-08 15:22:24,018 - INFO -   SELL:  439 ( 34.2%)
2025-06-08 15:22:24,018 - INFO - ----------------------------------------------------------------------
2025-06-08 15:22:24,556 - INFO - Step 116000: Loss = 0.629857, Epsilon = 0.8881
2025-06-08 15:22:24,557 - INFO - Step 116000: Target network updated
2025-06-08 15:22:25,098 - INFO - Episode 91: Reward = -2.1434, Portfolio = $668.68, Return = -93.31%, Cash = $395.55, Crypto = 0.010573, Steps = 1282
2025-06-08 15:22:25,377 - INFO - Step 117000: Loss = 2.035244, Epsilon = 0.8871
2025-06-08 15:22:26,119 - INFO - Episode 92: Reward = -2.1942, Portfolio = $476.71, Return = -95.23%, Cash = $260.43, Crypto = 0.008372, Steps = 1282
2025-06-08 15:22:26,167 - INFO - Step 118000: Loss = 0.915843, Epsilon = 0.8862
2025-06-08 15:22:26,167 - INFO - Step 118000: Target network updated
2025-06-08 15:22:26,952 - INFO - Step 119000: Loss = 4.584743, Epsilon = 0.8852
2025-06-08 15:22:27,128 - INFO - Episode 93: Reward = -2.1052, Portfolio = $782.11, Return = -92.18%, Cash = $165.05, Crypto = 0.023886, Steps = 1282
2025-06-08 15:22:27,741 - INFO - Step 120000: Loss = 5.143085, Epsilon = 0.8843
2025-06-08 15:22:27,742 - INFO - Step 120000: Target network updated
2025-06-08 15:22:28,136 - INFO - Episode 94: Reward = -2.0751, Portfolio = $665.16, Return = -93.35%, Cash = $211.64, Crypto = 0.017556, Steps = 1282
2025-06-08 15:22:28,528 - INFO - Step 121000: Loss = 4.343342, Epsilon = 0.8833
2025-06-08 15:22:29,161 - INFO - Episode 95: Reward = -2.2580, Portfolio = $685.03, Return = -93.15%, Cash = $313.09, Crypto = 0.014398, Steps = 1282
2025-06-08 15:22:29,352 - INFO - Step 122000: Loss = 0.888296, Epsilon = 0.8823
2025-06-08 15:22:29,352 - INFO - Step 122000: Target network updated
2025-06-08 15:22:30,202 - INFO - Step 123000: Loss = 9.791157, Epsilon = 0.8814
2025-06-08 15:22:30,262 - INFO - Episode 96: Reward = -2.3894, Portfolio = $438.06, Return = -95.62%, Cash = $160.74, Crypto = 0.010735, Steps = 1282
2025-06-08 15:22:31,014 - INFO - Step 124000: Loss = 0.529681, Epsilon = 0.8804
2025-06-08 15:22:31,015 - INFO - Step 124000: Target network updated
2025-06-08 15:22:31,295 - INFO - Episode 97: Reward = -2.0518, Portfolio = $773.59, Return = -92.26%, Cash = $377.07, Crypto = 0.015349, Steps = 1282
2025-06-08 15:22:31,816 - INFO - Step 125000: Loss = 11.421216, Epsilon = 0.8794
2025-06-08 15:22:32,354 - INFO - Episode 98: Reward = -2.2063, Portfolio = $942.84, Return = -90.57%, Cash = $739.93, Crypto = 0.007855, Steps = 1282
2025-06-08 15:22:32,669 - INFO - Step 126000: Loss = 0.559627, Epsilon = 0.8785
2025-06-08 15:22:32,669 - INFO - Step 126000: Target network updated
2025-06-08 15:22:33,450 - INFO - Episode 99: Reward = -2.1395, Portfolio = $659.36, Return = -93.41%, Cash = $188.52, Crypto = 0.018226, Steps = 1282
2025-06-08 15:22:33,522 - INFO - Step 127000: Loss = 1.786901, Epsilon = 0.8775
2025-06-08 15:22:34,370 - INFO - Step 128000: Loss = 4.275763, Epsilon = 0.8765
2025-06-08 15:22:34,370 - INFO - Step 128000: Target network updated
2025-06-08 15:22:34,529 - INFO - Episode 100: Reward = -2.0151, Portfolio = $1143.67, Return = -88.56%, Cash = $254.05, Crypto = 0.034437, Steps = 1282
2025-06-08 15:22:34,529 - INFO - Episode 100 Summary: Avg Reward (100 eps) = -2.1874, Avg Portfolio (100 eps) = $618.07, Epsilon = 0.876
2025-06-08 15:22:34,529 - INFO - 
Detailed steps for Episode 100:
2025-06-08 15:22:34,529 - INFO - Step | Action | Reward    | Portfolio   | Cash       | Crypto
2025-06-08 15:22:34,529 - INFO - ----------------------------------------------------------------------
2025-06-08 15:22:34,529 - INFO -    0 | BUY  |   -0.0049 | $   9950.98 | $   7500.00 | 0.309869
2025-06-08 15:22:34,529 - INFO -    1 | BUY  |   -0.0036 | $   9914.74 | $   5625.00 | 0.542221
2025-06-08 15:22:34,529 - INFO -    2 | BUY  |   -0.1636 | $   8292.69 | $   4218.75 | 0.819577
2025-06-08 15:22:34,529 - INFO -    3 | SELL |    0.0517 | $   8721.64 | $   5301.72 | 0.614682
2025-06-08 15:22:34,529 - INFO -    4 | SELL |   -0.0302 | $   8458.34 | $   6060.91 | 0.461012
2025-06-08 15:22:34,529 - INFO -    5 | BUY  |    0.0069 | $   8517.12 | $   4545.68 | 0.736500
2025-06-08 15:22:34,529 - INFO -    6 | HOLD |   -0.0327 | $   8238.84 | $   4545.68 | 0.736500
2025-06-08 15:22:34,529 - INFO -    7 | BUY  |    0.0162 | $   8372.07 | $   3409.26 | 0.949706
2025-06-08 15:22:34,529 - INFO -    8 | SELL |   -0.0060 | $   8322.05 | $   4590.82 | 0.712280
2025-06-08 15:22:34,529 - INFO -    9 | HOLD |    0.0815 | $   9000.68 | $   4590.82 | 0.712280
2025-06-08 15:22:34,529 - INFO -   10 | HOLD |    0.0006 | $   9006.08 | $   4590.82 | 0.712280
2025-06-08 15:22:34,529 - INFO -   11 | SELL |   -0.0072 | $   8941.25 | $   5637.12 | 0.534210
2025-06-08 15:22:34,529 - INFO -   12 | HOLD |   -0.0212 | $   8751.70 | $   5637.12 | 0.534210
2025-06-08 15:22:34,530 - INFO -   13 | HOLD |    0.0358 | $   9064.78 | $   5637.12 | 0.534210
2025-06-08 15:22:34,530 - INFO -   14 | BUY  |    0.0157 | $   9207.29 | $   4227.84 | 0.739360
2025-06-08 15:22:34,530 - INFO -   15 | HOLD |   -0.0043 | $   9167.55 | $   4227.84 | 0.739360
2025-06-08 15:22:34,530 - INFO -   16 | SELL |   -0.0039 | $   9131.64 | $   5407.24 | 0.554520
2025-06-08 15:22:34,530 - INFO -   17 | SELL |   -0.0199 | $   8950.02 | $   6259.30 | 0.415890
2025-06-08 15:22:34,530 - INFO -   18 | SELL |   -0.0142 | $   8822.91 | $   6875.86 | 0.311918
2025-06-08 15:22:34,530 - INFO -   19 | BUY  |   -0.0013 | $   8689.35 | $   5156.90 | 0.596492
2025-06-08 15:22:34,530 - INFO -   ...    ...      ...         ...          ...         ...
2025-06-08 15:22:34,530 - INFO - 1262 | HOLD |   -0.0051 | $   1216.27 | $    520.56 | 0.026592
2025-06-08 15:22:34,530 - INFO - 1263 | BUY  |   -0.0051 | $   1210.67 | $    390.42 | 0.031490
2025-06-08 15:22:34,530 - INFO - 1264 | SELL |   -0.0054 | $   1199.20 | $    584.94 | 0.023618
2025-06-08 15:22:34,530 - INFO - 1265 | SELL |   -0.0058 | $   1193.41 | $    731.28 | 0.017713
2025-06-08 15:22:34,530 - INFO - 1266 | BUY  |   -0.0062 | $   1190.12 | $    548.46 | 0.024579
2025-06-08 15:22:34,530 - INFO - 1267 | SELL |   -0.0042 | $   1221.45 | $    710.32 | 0.018434
2025-06-08 15:22:34,530 - INFO - 1268 | HOLD |   -0.0043 | $   1213.52 | $    710.32 | 0.018434
2025-06-08 15:22:34,530 - INFO - 1269 | HOLD |   -0.0046 | $   1188.34 | $    710.32 | 0.018434
2025-06-08 15:22:34,530 - INFO - 1270 | BUY  |   -0.0047 | $   1182.45 | $    532.74 | 0.025182
2025-06-08 15:22:34,530 - INFO - 1271 | SELL |   -0.0048 | $   1176.02 | $    687.45 | 0.018886
2025-06-08 15:22:34,530 - INFO - 1272 | BUY  |   -0.0050 | $   1174.55 | $    515.59 | 0.025375
2025-06-08 15:22:34,530 - INFO - 1273 | BUY  |   -0.0049 | $   1168.04 | $    386.69 | 0.030270
2025-06-08 15:22:34,530 - INFO - 1274 | SELL |   -0.0049 | $   1157.30 | $    572.03 | 0.022703
2025-06-08 15:22:34,530 - INFO - 1275 | BUY  |   -0.0045 | $   1153.89 | $    429.02 | 0.028147
2025-06-08 15:22:34,530 - INFO - 1276 | HOLD |   -0.0028 | $   1167.60 | $    429.02 | 0.028147
2025-06-08 15:22:34,530 - INFO - 1277 | SELL |   -0.0035 | $   1149.07 | $    602.20 | 0.021110
2025-06-08 15:22:34,530 - INFO - 1278 | HOLD |   -0.0035 | $   1148.86 | $    602.20 | 0.021110
2025-06-08 15:22:34,530 - INFO - 1279 | BUY  |   -0.0036 | $   1144.57 | $    451.65 | 0.026824
2025-06-08 15:22:34,530 - INFO - 1280 | BUY  |   -0.0038 | $   1124.39 | $    338.74 | 0.031223
2025-06-08 15:22:34,530 - INFO - 1281 | BUY  |   -0.0031 | $   1143.67 | $    254.05 | 0.034437
2025-06-08 15:22:34,530 - INFO - 
Action distribution for Episode 100:
2025-06-08 15:22:34,530 - INFO -   HOLD:  435 ( 33.9%)
2025-06-08 15:22:34,530 - INFO -   BUY:   426 ( 33.2%)
2025-06-08 15:22:34,530 - INFO -   SELL:  421 ( 32.8%)
2025-06-08 15:22:34,530 - INFO - ----------------------------------------------------------------------
2025-06-08 15:22:35,219 - INFO - Step 129000: Loss = 1.411102, Epsilon = 0.8756
2025-06-08 15:22:35,668 - INFO - Episode 101: Reward = -1.9691, Portfolio = $593.93, Return = -94.06%, Cash = $435.58, Crypto = 0.006130, Steps = 1282
2025-06-08 15:22:36,144 - INFO - Step 130000: Loss = 0.861377, Epsilon = 0.8746
2025-06-08 15:22:36,144 - INFO - Step 130000: Target network updated
2025-06-08 15:22:36,806 - INFO - Episode 102: Reward = -2.4312, Portfolio = $491.77, Return = -95.08%, Cash = $61.53, Crypto = 0.016654, Steps = 1282
2025-06-08 15:22:37,014 - INFO - Step 131000: Loss = 2.444722, Epsilon = 0.8736
2025-06-08 15:22:37,939 - INFO - Step 132000: Loss = 1.399517, Epsilon = 0.8727
2025-06-08 15:22:37,939 - INFO - Step 132000: Target network updated
2025-06-08 15:22:37,976 - INFO - Episode 103: Reward = -2.1376, Portfolio = $844.79, Return = -91.55%, Cash = $624.75, Crypto = 0.008518, Steps = 1282
2025-06-08 15:22:38,735 - INFO - Step 133000: Loss = 1.736016, Epsilon = 0.8717
2025-06-08 15:22:38,993 - INFO - Episode 104: Reward = -2.1638, Portfolio = $843.51, Return = -91.56%, Cash = $520.01, Crypto = 0.012523, Steps = 1282
2025-06-08 15:22:39,531 - INFO - Step 134000: Loss = 0.734968, Epsilon = 0.8708
2025-06-08 15:22:39,531 - INFO - Step 134000: Target network updated
2025-06-08 15:22:40,011 - INFO - Episode 105: Reward = -2.3008, Portfolio = $407.32, Return = -95.93%, Cash = $155.93, Crypto = 0.009731, Steps = 1282
2025-06-08 15:22:40,317 - INFO - Step 135000: Loss = 2.459998, Epsilon = 0.8698
2025-06-08 15:22:41,037 - INFO - Episode 106: Reward = -1.9697, Portfolio = $995.59, Return = -90.04%, Cash = $192.61, Crypto = 0.031083, Steps = 1282
2025-06-08 15:22:41,125 - INFO - Step 136000: Loss = 0.950742, Epsilon = 0.8688
2025-06-08 15:22:41,125 - INFO - Step 136000: Target network updated
2025-06-08 15:22:41,918 - INFO - Step 137000: Loss = 1.246858, Epsilon = 0.8679
2025-06-08 15:22:42,056 - INFO - Episode 107: Reward = -2.3587, Portfolio = $555.66, Return = -94.44%, Cash = $257.49, Crypto = 0.011542, Steps = 1282
2025-06-08 15:22:42,708 - INFO - Step 138000: Loss = 1.447855, Epsilon = 0.8669
2025-06-08 15:22:42,708 - INFO - Step 138000: Target network updated
2025-06-08 15:22:43,069 - INFO - Episode 108: Reward = -2.0152, Portfolio = $702.90, Return = -92.97%, Cash = $277.98, Crypto = 0.016449, Steps = 1282
2025-06-08 15:22:43,498 - INFO - Step 139000: Loss = 1.916414, Epsilon = 0.8659
2025-06-08 15:22:44,081 - INFO - Episode 109: Reward = -2.3285, Portfolio = $411.92, Return = -95.88%, Cash = $208.53, Crypto = 0.007873, Steps = 1282
2025-06-08 15:22:44,293 - INFO - Step 140000: Loss = 0.470600, Epsilon = 0.8650
2025-06-08 15:22:44,293 - INFO - Step 140000: Target network updated
2025-06-08 15:22:45,085 - INFO - Step 141000: Loss = 0.639941, Epsilon = 0.8640
2025-06-08 15:22:45,101 - INFO - Episode 110: Reward = -2.4343, Portfolio = $561.57, Return = -94.38%, Cash = $397.59, Crypto = 0.006347, Steps = 1282
2025-06-08 15:22:45,101 - INFO - Episode 110 Summary: Avg Reward (100 eps) = -2.1987, Avg Portfolio (100 eps) = $613.87, Epsilon = 0.864
2025-06-08 15:22:45,101 - INFO - 
Detailed steps for Episode 110:
2025-06-08 15:22:45,101 - INFO - Step | Action | Reward    | Portfolio   | Cash       | Crypto
2025-06-08 15:22:45,101 - INFO - ----------------------------------------------------------------------
2025-06-08 15:22:45,102 - INFO -    0 | BUY  |   -0.0049 | $   9950.98 | $   7500.00 | 0.309869
2025-06-08 15:22:45,102 - INFO -    1 | HOLD |    0.0001 | $   9951.51 | $   7500.00 | 0.309869
2025-06-08 15:22:45,102 - INFO -    2 | SELL |   -0.0935 | $   9021.04 | $   7865.82 | 0.232402
2025-06-08 15:22:45,102 - INFO -    3 | SELL |    0.0135 | $   9142.67 | $   8172.91 | 0.174301
2025-06-08 15:22:45,102 - INFO -    4 | SELL |   -0.0082 | $   9068.01 | $   8388.19 | 0.130726
2025-06-08 15:22:45,102 - INFO -    5 | BUY  |   -0.0018 | $   9051.99 | $   6291.14 | 0.511996
2025-06-08 15:22:45,102 - INFO -    6 | HOLD |   -0.0214 | $   8858.54 | $   6291.14 | 0.511996
2025-06-08 15:22:45,102 - INFO -    7 | BUY  |    0.0087 | $   8935.80 | $   4718.36 | 0.807070
2025-06-08 15:22:45,102 - INFO -    8 | SELL |   -0.0048 | $   8893.29 | $   5722.46 | 0.605302
2025-06-08 15:22:45,102 - INFO -    9 | HOLD |    0.0648 | $   9470.00 | $   5722.46 | 0.605302
2025-06-08 15:22:45,102 - INFO -   10 | SELL |   -0.0045 | $   9427.69 | $   6613.59 | 0.453977
2025-06-08 15:22:45,102 - INFO -   11 | BUY  |   -0.0041 | $   9389.04 | $   4960.19 | 0.716056
2025-06-08 15:22:45,102 - INFO -   12 | HOLD |   -0.0271 | $   9134.98 | $   4960.19 | 0.716056
2025-06-08 15:22:45,102 - INFO -   13 | BUY  |    0.0433 | $   9530.32 | $   3720.14 | 0.905531
2025-06-08 15:22:45,102 - INFO -   14 | HOLD |    0.0303 | $   9818.72 | $   3720.14 | 0.905531
2025-06-08 15:22:45,102 - INFO -   15 | HOLD |   -0.0050 | $   9770.05 | $   3720.14 | 0.905531
2025-06-08 15:22:45,102 - INFO -   16 | BUY  |    0.0014 | $   9783.85 | $   2790.11 | 1.041288
2025-06-08 15:22:45,102 - INFO -   17 | HOLD |   -0.0262 | $   9527.03 | $   2790.11 | 1.041288
2025-06-08 15:22:45,102 - INFO -   18 | SELL |   -0.0334 | $   9208.78 | $   4333.84 | 0.780966
2025-06-08 15:22:45,102 - INFO -   19 | HOLD |   -0.0016 | $   8958.75 | $   4333.84 | 0.780966
2025-06-08 15:22:45,102 - INFO -   ...    ...      ...         ...          ...         ...
2025-06-08 15:22:45,102 - INFO - 1262 | SELL |   -0.0049 | $    599.96 | $    338.31 | 0.010001
2025-06-08 15:22:45,102 - INFO - 1263 | BUY  |   -0.0051 | $    597.16 | $    253.73 | 0.013184
2025-06-08 15:22:45,102 - INFO - 1264 | HOLD |   -0.0050 | $    596.64 | $    253.73 | 0.013184
2025-06-08 15:22:45,102 - INFO - 1265 | SELL |   -0.0053 | $    593.41 | $    335.43 | 0.009888
2025-06-08 15:22:45,102 - INFO - 1266 | BUY  |   -0.0056 | $    591.93 | $    251.57 | 0.013037
2025-06-08 15:22:45,102 - INFO - 1267 | HOLD |   -0.0033 | $    613.07 | $    251.57 | 0.013037
2025-06-08 15:22:45,102 - INFO - 1268 | HOLD |   -0.0034 | $    607.46 | $    251.57 | 0.013037
2025-06-08 15:22:45,102 - INFO - 1269 | BUY  |   -0.0041 | $    588.42 | $    188.68 | 0.015415
2025-06-08 15:22:45,102 - INFO - 1270 | SELL |   -0.0044 | $    581.43 | $    283.14 | 0.011561
2025-06-08 15:22:45,102 - INFO - 1271 | SELL |   -0.0043 | $    578.48 | $    354.17 | 0.008671
2025-06-08 15:22:45,102 - INFO - 1272 | HOLD |   -0.0042 | $    579.35 | $    354.17 | 0.008671
2025-06-08 15:22:45,102 - INFO - 1273 | SELL |   -0.0042 | $    575.19 | $    407.33 | 0.006503
2025-06-08 15:22:45,102 - INFO - 1274 | BUY  |   -0.0040 | $    572.99 | $    305.50 | 0.010376
2025-06-08 15:22:45,102 - INFO - 1275 | HOLD |   -0.0032 | $    572.71 | $    305.50 | 0.010376
2025-06-08 15:22:45,102 - INFO - 1276 | SELL |   -0.0026 | $    574.36 | $    370.16 | 0.007782
2025-06-08 15:22:45,102 - INFO - 1277 | BUY  |   -0.0029 | $    569.94 | $    277.62 | 0.011284
2025-06-08 15:22:45,102 - INFO - 1278 | SELL |   -0.0033 | $    566.17 | $    347.02 | 0.008463
2025-06-08 15:22:45,102 - INFO - 1279 | HOLD |   -0.0030 | $    565.64 | $    347.02 | 0.008463
2025-06-08 15:22:45,102 - INFO - 1280 | SELL |   -0.0035 | $    557.31 | $    397.59 | 0.006347
2025-06-08 15:22:45,102 - INFO - 1281 | HOLD |   -0.0033 | $    561.57 | $    397.59 | 0.006347
2025-06-08 15:22:45,102 - INFO - 
Action distribution for Episode 110:
2025-06-08 15:22:45,103 - INFO -   HOLD:  401 ( 31.3%)
2025-06-08 15:22:45,103 - INFO -   BUY:   418 ( 32.6%)
2025-06-08 15:22:45,103 - INFO -   SELL:  463 ( 36.1%)
2025-06-08 15:22:45,103 - INFO - ----------------------------------------------------------------------
2025-06-08 15:22:45,930 - INFO - Step 142000: Loss = 1.536932, Epsilon = 0.8630
2025-06-08 15:22:45,930 - INFO - Step 142000: Target network updated
2025-06-08 15:22:46,180 - INFO - Episode 111: Reward = -2.2288, Portfolio = $627.64, Return = -93.72%, Cash = $203.93, Crypto = 0.016402, Steps = 1282
2025-06-08 15:22:46,741 - INFO - Step 143000: Loss = 3.547995, Epsilon = 0.8621
2025-06-08 15:22:47,210 - INFO - Episode 112: Reward = -2.3013, Portfolio = $544.85, Return = -94.55%, Cash = $257.61, Crypto = 0.011119, Steps = 1282
2025-06-08 15:22:47,543 - INFO - Step 144000: Loss = 2.093903, Epsilon = 0.8611
2025-06-08 15:22:47,543 - INFO - Step 144000: Target network updated
2025-06-08 15:22:48,224 - INFO - Episode 113: Reward = -2.1643, Portfolio = $737.48, Return = -92.63%, Cash = $327.26, Crypto = 0.015879, Steps = 1282
2025-06-08 15:22:48,332 - INFO - Step 145000: Loss = 1.012492, Epsilon = 0.8601
2025-06-08 15:22:49,128 - INFO - Step 146000: Loss = 0.300535, Epsilon = 0.8592
2025-06-08 15:22:49,128 - INFO - Step 146000: Target network updated
2025-06-08 15:22:49,247 - INFO - Episode 114: Reward = -1.9845, Portfolio = $917.61, Return = -90.82%, Cash = $522.04, Crypto = 0.015312, Steps = 1282
2025-06-08 15:22:49,921 - INFO - Step 147000: Loss = 2.915028, Epsilon = 0.8582
2025-06-08 15:22:50,262 - INFO - Episode 115: Reward = -2.3228, Portfolio = $682.87, Return = -93.17%, Cash = $240.61, Crypto = 0.017120, Steps = 1282
2025-06-08 15:22:50,717 - INFO - Step 148000: Loss = 0.465487, Epsilon = 0.8572
2025-06-08 15:22:50,718 - INFO - Step 148000: Target network updated
2025-06-08 15:22:51,282 - INFO - Episode 116: Reward = -2.5468, Portfolio = $416.33, Return = -95.84%, Cash = $261.77, Crypto = 0.005983, Steps = 1282
2025-06-08 15:22:51,512 - INFO - Step 149000: Loss = 1.648025, Epsilon = 0.8563
2025-06-08 15:22:52,298 - INFO - Episode 117: Reward = -2.3775, Portfolio = $552.50, Return = -94.47%, Cash = $164.01, Crypto = 0.015039, Steps = 1282
2025-06-08 15:22:52,304 - INFO - Step 150000: Loss = 1.121108, Epsilon = 0.8553
2025-06-08 15:22:52,305 - INFO - Step 150000: Target network updated
2025-06-08 15:22:53,102 - INFO - Step 151000: Loss = 2.718873, Epsilon = 0.8544
2025-06-08 15:22:53,319 - INFO - Episode 118: Reward = -2.0300, Portfolio = $496.13, Return = -95.04%, Cash = $399.16, Crypto = 0.003753, Steps = 1282
2025-06-08 15:22:53,896 - INFO - Step 152000: Loss = 0.364948, Epsilon = 0.8534
2025-06-08 15:22:53,896 - INFO - Step 152000: Target network updated
2025-06-08 15:22:54,348 - INFO - Episode 119: Reward = -2.2164, Portfolio = $573.66, Return = -94.26%, Cash = $313.33, Crypto = 0.010077, Steps = 1282
2025-06-08 15:22:54,705 - INFO - Step 153000: Loss = 1.629229, Epsilon = 0.8524
2025-06-08 15:22:55,426 - INFO - Episode 120: Reward = -2.3724, Portfolio = $568.54, Return = -94.31%, Cash = $179.06, Crypto = 0.015076, Steps = 1282
2025-06-08 15:22:55,426 - INFO - Episode 120 Summary: Avg Reward (100 eps) = -2.2039, Avg Portfolio (100 eps) = $618.98, Epsilon = 0.852
2025-06-08 15:22:55,426 - INFO - 
Detailed steps for Episode 120:
2025-06-08 15:22:55,426 - INFO - Step | Action | Reward    | Portfolio   | Cash       | Crypto
2025-06-08 15:22:55,426 - INFO - ----------------------------------------------------------------------
2025-06-08 15:22:55,426 - INFO -    0 | HOLD |    0.0000 | $  10000.00 | $  10000.00 | 0.000000
2025-06-08 15:22:55,426 - INFO -    1 | BUY  |   -0.0049 | $   9950.98 | $   7500.00 | 0.309802
2025-06-08 15:22:55,426 - INFO -    2 | HOLD |   -0.0916 | $   9039.96 | $   7500.00 | 0.309802
2025-06-08 15:22:55,426 - INFO -    3 | BUY  |    0.0163 | $   9186.89 | $   5625.00 | 0.640200
2025-06-08 15:22:55,426 - INFO -    4 | BUY  |   -0.0283 | $   8926.70 | $   4218.75 | 0.905311
2025-06-08 15:22:55,426 - INFO -    5 | BUY  |    0.0172 | $   9079.79 | $   3164.06 | 1.097067
2025-06-08 15:22:55,426 - INFO -    6 | HOLD |   -0.0457 | $   8665.28 | $   3164.06 | 1.097067
2025-06-08 15:22:55,426 - INFO -    7 | SELL |    0.0185 | $   8825.27 | $   4525.62 | 0.822800
2025-06-08 15:22:55,426 - INFO -    8 | BUY  |   -0.0013 | $   8813.62 | $   3394.21 | 1.034547
2025-06-08 15:22:55,426 - INFO -    9 | HOLD |    0.1118 | $   9799.29 | $   3394.21 | 1.034547
2025-06-08 15:22:55,426 - INFO -   10 | HOLD |    0.0008 | $   9807.14 | $   3394.21 | 1.034547
2025-06-08 15:22:55,426 - INFO -   11 | HOLD |   -0.0014 | $   9792.95 | $   3394.21 | 1.034547
2025-06-08 15:22:55,426 - INFO -   12 | BUY  |   -0.0392 | $   9409.25 | $   2545.66 | 1.177236
2025-06-08 15:22:55,426 - INFO -   13 | SELL |    0.0633 | $  10004.76 | $   4339.62 | 0.882927
2025-06-08 15:22:55,426 - INFO -   14 | HOLD |    0.0281 | $  10285.96 | $   4339.62 | 0.882927
2025-06-08 15:22:55,426 - INFO -   15 | SELL |   -0.0118 | $  10164.78 | $   5740.61 | 0.662195
2025-06-08 15:22:55,426 - INFO -   16 | HOLD |    0.0023 | $  10188.20 | $   5740.61 | 0.662195
2025-06-08 15:22:55,426 - INFO -   17 | SELL |   -0.0213 | $   9971.32 | $   6758.12 | 0.496646
2025-06-08 15:22:55,426 - INFO -   18 | BUY  |   -0.0147 | $   9825.16 | $   5068.59 | 0.762002
2025-06-08 15:22:55,427 - INFO -   19 | SELL |   -0.0004 | $   9524.79 | $   6140.34 | 0.571502
2025-06-08 15:22:55,427 - INFO -   ...    ...      ...         ...          ...         ...
2025-06-08 15:22:55,427 - INFO - 1262 | SELL |   -0.0077 | $    600.78 | $    369.78 | 0.008829
2025-06-08 15:22:55,427 - INFO - 1263 | HOLD |   -0.0079 | $    599.77 | $    369.78 | 0.008829
2025-06-08 15:22:55,427 - INFO - 1264 | HOLD |   -0.0076 | $    599.42 | $    369.78 | 0.008829
2025-06-08 15:22:55,427 - INFO - 1265 | BUY  |   -0.0074 | $    598.32 | $    277.34 | 0.012303
2025-06-08 15:22:55,427 - INFO - 1266 | BUY  |   -0.0082 | $    597.17 | $    208.00 | 0.014907
2025-06-08 15:22:55,427 - INFO - 1267 | SELL |   -0.0028 | $    616.17 | $    306.17 | 0.011180
2025-06-08 15:22:55,427 - INFO - 1268 | BUY  |   -0.0028 | $    609.86 | $    229.63 | 0.013929
2025-06-08 15:22:55,427 - INFO - 1269 | HOLD |   -0.0037 | $    590.83 | $    229.63 | 0.013929
2025-06-08 15:22:55,427 - INFO - 1270 | HOLD |   -0.0038 | $    589.01 | $    229.63 | 0.013929
2025-06-08 15:22:55,427 - INFO - 1271 | SELL |   -0.0036 | $    585.46 | $    315.21 | 0.010447
2025-06-08 15:22:55,427 - INFO - 1272 | BUY  |   -0.0035 | $    584.96 | $    236.40 | 0.013422
2025-06-08 15:22:55,427 - INFO - 1273 | SELL |   -0.0038 | $    578.52 | $    318.69 | 0.010066
2025-06-08 15:22:55,427 - INFO - 1274 | HOLD |   -0.0034 | $    578.20 | $    318.69 | 0.010066
2025-06-08 15:22:55,427 - INFO - 1275 | HOLD |   -0.0027 | $    577.93 | $    318.69 | 0.010066
2025-06-08 15:22:55,427 - INFO - 1276 | BUY  |   -0.0022 | $    581.27 | $    239.01 | 0.013043
2025-06-08 15:22:55,427 - INFO - 1277 | BUY  |   -0.0025 | $    575.73 | $    179.26 | 0.015304
2025-06-08 15:22:55,427 - INFO - 1278 | BUY  |   -0.0024 | $    574.70 | $    134.45 | 0.017001
2025-06-08 15:22:55,427 - INFO - 1279 | SELL |   -0.0029 | $    568.13 | $    238.75 | 0.012751
2025-06-08 15:22:55,427 - INFO - 1280 | BUY  |   -0.0033 | $    558.43 | $    179.06 | 0.015076
2025-06-08 15:22:55,427 - INFO - 1281 | HOLD |   -0.0027 | $    568.54 | $    179.06 | 0.015076
2025-06-08 15:22:55,427 - INFO - 
Action distribution for Episode 120:
2025-06-08 15:22:55,427 - INFO -   HOLD:  399 ( 31.1%)
2025-06-08 15:22:55,427 - INFO -   BUY:   415 ( 32.4%)
2025-06-08 15:22:55,427 - INFO -   SELL:  468 ( 36.5%)
2025-06-08 15:22:55,427 - INFO - ----------------------------------------------------------------------
2025-06-08 15:22:55,561 - INFO - Step 154000: Loss = 0.512765, Epsilon = 0.8515
2025-06-08 15:22:55,561 - INFO - Step 154000: Target network updated
2025-06-08 15:22:56,378 - INFO - Step 155000: Loss = 1.372660, Epsilon = 0.8505
2025-06-08 15:22:56,486 - INFO - Episode 121: Reward = -2.4216, Portfolio = $536.71, Return = -94.63%, Cash = $200.47, Crypto = 0.013016, Steps = 1282
2025-06-08 15:22:57,214 - INFO - Step 156000: Loss = 0.392782, Epsilon = 0.8495
2025-06-08 15:22:57,214 - INFO - Step 156000: Target network updated
2025-06-08 15:22:57,536 - INFO - Episode 122: Reward = -1.9754, Portfolio = $586.30, Return = -94.14%, Cash = $278.60, Crypto = 0.011911, Steps = 1282
2025-06-08 15:22:58,018 - INFO - Step 157000: Loss = 2.228947, Epsilon = 0.8486
2025-06-08 15:22:58,560 - INFO - Episode 123: Reward = -1.9652, Portfolio = $591.22, Return = -94.09%, Cash = $206.78, Crypto = 0.014881, Steps = 1282
2025-06-08 15:22:58,870 - INFO - Step 158000: Loss = 0.287109, Epsilon = 0.8476
2025-06-08 15:22:58,871 - INFO - Step 158000: Target network updated
2025-06-08 15:22:59,760 - INFO - Episode 124: Reward = -2.2164, Portfolio = $546.49, Return = -94.54%, Cash = $291.71, Crypto = 0.009862, Steps = 1282
2025-06-08 15:22:59,791 - INFO - Step 159000: Loss = 3.753478, Epsilon = 0.8466
2025-06-08 15:23:00,594 - INFO - Step 160000: Loss = 0.288675, Epsilon = 0.8457
2025-06-08 15:23:00,595 - INFO - Step 160000: Target network updated
2025-06-08 15:23:00,800 - INFO - Episode 125: Reward = -2.2397, Portfolio = $341.74, Return = -96.58%, Cash = $108.14, Crypto = 0.009043, Steps = 1282
2025-06-08 15:23:01,412 - INFO - Step 161000: Loss = 2.842864, Epsilon = 0.8447
2025-06-08 15:23:01,836 - INFO - Episode 126: Reward = -1.8726, Portfolio = $1276.00, Return = -87.24%, Cash = $188.66, Crypto = 0.042091, Steps = 1282
2025-06-08 15:23:02,223 - INFO - Step 162000: Loss = 0.382784, Epsilon = 0.8437
2025-06-08 15:23:02,223 - INFO - Step 162000: Target network updated
2025-06-08 15:23:02,876 - INFO - Episode 127: Reward = -1.9680, Portfolio = $834.48, Return = -91.66%, Cash = $408.44, Crypto = 0.016492, Steps = 1282
2025-06-08 15:23:03,040 - INFO - Step 163000: Loss = 2.958502, Epsilon = 0.8428
2025-06-08 15:23:03,850 - INFO - Step 164000: Loss = 0.366838, Epsilon = 0.8418
2025-06-08 15:23:03,850 - INFO - Step 164000: Target network updated
2025-06-08 15:23:03,925 - INFO - Episode 128: Reward = -2.2293, Portfolio = $880.51, Return = -91.19%, Cash = $520.49, Crypto = 0.013936, Steps = 1282
2025-06-08 15:23:04,658 - INFO - Step 165000: Loss = 1.195621, Epsilon = 0.8409
2025-06-08 15:23:04,957 - INFO - Episode 129: Reward = -2.0485, Portfolio = $552.70, Return = -94.47%, Cash = $256.99, Crypto = 0.011447, Steps = 1282
2025-06-08 15:23:05,517 - INFO - Step 166000: Loss = 0.444137, Epsilon = 0.8399
2025-06-08 15:23:05,517 - INFO - Step 166000: Target network updated
2025-06-08 15:23:06,090 - INFO - Episode 130: Reward = -2.2687, Portfolio = $459.74, Return = -95.40%, Cash = $243.53, Crypto = 0.008370, Steps = 1282
2025-06-08 15:23:06,090 - INFO - Episode 130 Summary: Avg Reward (100 eps) = -2.1925, Avg Portfolio (100 eps) = $629.25, Epsilon = 0.839
2025-06-08 15:23:06,090 - INFO - 
Detailed steps for Episode 130:
2025-06-08 15:23:06,090 - INFO - Step | Action | Reward    | Portfolio   | Cash       | Crypto
2025-06-08 15:23:06,090 - INFO - ----------------------------------------------------------------------
2025-06-08 15:23:06,090 - INFO -    0 | HOLD |    0.0000 | $  10000.00 | $  10000.00 | 0.000000
2025-06-08 15:23:06,090 - INFO -    1 | SELL |   -0.0100 | $  10000.00 | $  10000.00 | 0.000000
2025-06-08 15:23:06,090 - INFO -    2 | SELL |   -0.0100 | $  10000.00 | $  10000.00 | 0.000000
2025-06-08 15:23:06,090 - INFO -    3 | HOLD |    0.0000 | $  10000.00 | $  10000.00 | 0.000000
2025-06-08 15:23:06,090 - INFO -    4 | SELL |   -0.0100 | $  10000.00 | $  10000.00 | 0.000000
2025-06-08 15:23:06,090 - INFO -    5 | HOLD |    0.0000 | $  10000.00 | $  10000.00 | 0.000000
2025-06-08 15:23:06,090 - INFO -    6 | SELL |   -0.0100 | $  10000.00 | $  10000.00 | 0.000000
2025-06-08 15:23:06,090 - INFO -    7 | SELL |   -0.0100 | $  10000.00 | $  10000.00 | 0.000000
2025-06-08 15:23:06,090 - INFO -    8 | BUY  |   -0.0049 | $   9950.98 | $   7500.00 | 0.467884
2025-06-08 15:23:06,090 - INFO -    9 | SELL |    0.0412 | $  10360.55 | $   8187.98 | 0.350913
2025-06-08 15:23:06,090 - INFO -   10 | HOLD |    0.0003 | $  10363.21 | $   8187.98 | 0.350913
2025-06-08 15:23:06,090 - INFO -   11 | BUY  |   -0.0043 | $  10318.26 | $   6140.99 | 0.675381
2025-06-08 15:23:06,090 - INFO -   12 | HOLD |   -0.0232 | $  10078.63 | $   6140.99 | 0.675381
2025-06-08 15:23:06,090 - INFO -   13 | HOLD |    0.0393 | $  10474.44 | $   6140.99 | 0.675381
2025-06-08 15:23:06,090 - INFO -   14 | SELL |    0.0151 | $  10632.69 | $   7221.27 | 0.506536
2025-06-08 15:23:06,090 - INFO -   15 | SELL |   -0.0065 | $  10563.16 | $   8025.01 | 0.379902
2025-06-08 15:23:06,090 - INFO -   16 | SELL |   -0.0017 | $  10544.71 | $   8631.02 | 0.284926
2025-06-08 15:23:06,090 - INFO -   17 | SELL |   -0.0088 | $  10451.39 | $   9068.83 | 0.213695
2025-06-08 15:23:06,090 - INFO -   18 | BUY  |   -0.0089 | $  10358.30 | $   6801.62 | 0.569780
2025-06-08 15:23:06,090 - INFO -   19 | HOLD |    0.0006 | $  10175.88 | $   6801.62 | 0.569780
2025-06-08 15:23:06,090 - INFO -   ...    ...      ...         ...          ...         ...
2025-06-08 15:23:06,090 - INFO - 1262 | HOLD |   -0.0061 | $    489.63 | $    393.09 | 0.003690
2025-06-08 15:23:06,090 - INFO - 1263 | SELL |   -0.0058 | $    488.01 | $    415.92 | 0.002768
2025-06-08 15:23:06,090 - INFO - 1264 | SELL |   -0.0057 | $    487.00 | $    433.01 | 0.002076
2025-06-08 15:23:06,090 - INFO - 1265 | SELL |   -0.0059 | $    486.49 | $    445.88 | 0.001557
2025-06-08 15:23:06,090 - INFO - 1266 | BUY  |   -0.0066 | $    484.33 | $    334.41 | 0.005743
2025-06-08 15:23:06,090 - INFO - 1267 | HOLD |   -0.0047 | $    493.64 | $    334.41 | 0.005743
2025-06-08 15:23:06,090 - INFO - 1268 | SELL |   -0.0047 | $    489.21 | $    371.64 | 0.004307
2025-06-08 15:23:06,090 - INFO - 1269 | BUY  |   -0.0053 | $    481.51 | $    278.73 | 0.007820
2025-06-08 15:23:06,090 - INFO - 1270 | BUY  |   -0.0055 | $    479.12 | $    209.05 | 0.010468
2025-06-08 15:23:06,090 - INFO - 1271 | HOLD |   -0.0053 | $    479.83 | $    209.05 | 0.010468
2025-06-08 15:23:06,090 - INFO - 1272 | BUY  |   -0.0053 | $    479.86 | $    156.79 | 0.012441
2025-06-08 15:23:06,090 - INFO - 1273 | SELL |   -0.0055 | $    473.89 | $    233.05 | 0.009330
2025-06-08 15:23:06,090 - INFO - 1274 | BUY  |   -0.0050 | $    472.45 | $    174.79 | 0.011546
2025-06-08 15:23:06,090 - INFO - 1275 | BUY  |   -0.0046 | $    471.28 | $    131.09 | 0.013210
2025-06-08 15:23:06,090 - INFO - 1276 | SELL |   -0.0034 | $    473.38 | $    213.41 | 0.009907
2025-06-08 15:23:06,090 - INFO - 1277 | BUY  |   -0.0040 | $    469.02 | $    160.06 | 0.011926
2025-06-08 15:23:06,091 - INFO - 1278 | SELL |   -0.0047 | $    465.04 | $    233.41 | 0.008945
2025-06-08 15:23:06,091 - INFO - 1279 | BUY  |   -0.0045 | $    463.33 | $    175.06 | 0.011159
2025-06-08 15:23:06,091 - INFO - 1280 | HOLD |   -0.0049 | $    455.86 | $    175.06 | 0.011159
2025-06-08 15:23:06,091 - INFO - 1281 | SELL |   -0.0042 | $    459.74 | $    243.53 | 0.008370
2025-06-08 15:23:06,091 - INFO - 
Action distribution for Episode 130:
2025-06-08 15:23:06,091 - INFO -   HOLD:  426 ( 33.2%)
2025-06-08 15:23:06,091 - INFO -   BUY:   411 ( 32.1%)
2025-06-08 15:23:06,091 - INFO -   SELL:  445 ( 34.7%)
2025-06-08 15:23:06,091 - INFO - ----------------------------------------------------------------------
2025-06-08 15:23:06,387 - INFO - Step 167000: Loss = 3.189221, Epsilon = 0.8389
2025-06-08 15:23:07,196 - INFO - Episode 131: Reward = -2.4170, Portfolio = $609.09, Return = -93.91%, Cash = $259.10, Crypto = 0.013548, Steps = 1282
2025-06-08 15:23:07,252 - INFO - Step 168000: Loss = 0.355103, Epsilon = 0.8380
2025-06-08 15:23:07,252 - INFO - Step 168000: Target network updated
2025-06-08 15:23:08,078 - INFO - Step 169000: Loss = 3.293619, Epsilon = 0.8370
2025-06-08 15:23:08,263 - INFO - Episode 132: Reward = -2.3318, Portfolio = $640.01, Return = -93.60%, Cash = $58.57, Crypto = 0.022507, Steps = 1282
2025-06-08 15:23:08,954 - INFO - Step 170000: Loss = 0.355120, Epsilon = 0.8360
2025-06-08 15:23:08,954 - INFO - Step 170000: Target network updated
2025-06-08 15:23:09,384 - INFO - Episode 133: Reward = -1.8096, Portfolio = $1670.38, Return = -83.30%, Cash = $734.20, Crypto = 0.036240, Steps = 1282
2025-06-08 15:23:09,814 - INFO - Step 171000: Loss = 3.046583, Epsilon = 0.8351
2025-06-08 15:23:10,502 - INFO - Episode 134: Reward = -2.1681, Portfolio = $560.11, Return = -94.40%, Cash = $350.91, Crypto = 0.008098, Steps = 1282
2025-06-08 15:23:10,721 - INFO - Step 172000: Loss = 0.305409, Epsilon = 0.8341
2025-06-08 15:23:10,721 - INFO - Step 172000: Target network updated
2025-06-08 15:23:11,592 - INFO - Step 173000: Loss = 1.308856, Epsilon = 0.8331
2025-06-08 15:23:11,652 - INFO - Episode 135: Reward = -1.9799, Portfolio = $909.47, Return = -90.91%, Cash = $215.02, Crypto = 0.026882, Steps = 1282
2025-06-08 15:23:12,444 - INFO - Step 174000: Loss = 0.530598, Epsilon = 0.8322
2025-06-08 15:23:12,444 - INFO - Step 174000: Target network updated
2025-06-08 15:23:12,721 - INFO - Episode 136: Reward = -2.1408, Portfolio = $751.01, Return = -92.49%, Cash = $329.72, Crypto = 0.016308, Steps = 1282
2025-06-08 15:23:13,241 - INFO - Step 175000: Loss = 1.010389, Epsilon = 0.8312
2025-06-08 15:23:13,746 - INFO - Episode 137: Reward = -2.1451, Portfolio = $915.56, Return = -90.84%, Cash = $601.49, Crypto = 0.012157, Steps = 1282
2025-06-08 15:23:14,056 - INFO - Step 176000: Loss = 0.355001, Epsilon = 0.8302
2025-06-08 15:23:14,057 - INFO - Step 176000: Target network updated
2025-06-08 15:23:14,898 - INFO - Episode 138: Reward = -2.0601, Portfolio = $518.36, Return = -94.82%, Cash = $264.10, Crypto = 0.009842, Steps = 1282
2025-06-08 15:23:14,972 - INFO - Step 177000: Loss = 1.678136, Epsilon = 0.8293
2025-06-08 15:23:15,841 - INFO - Step 178000: Loss = 0.300564, Epsilon = 0.8283
2025-06-08 15:23:15,841 - INFO - Step 178000: Target network updated
2025-06-08 15:23:16,013 - INFO - Episode 139: Reward = -2.1365, Portfolio = $734.80, Return = -92.65%, Cash = $436.26, Crypto = 0.011556, Steps = 1282
2025-06-08 15:23:16,664 - INFO - Step 179000: Loss = 3.093035, Epsilon = 0.8273
2025-06-08 15:23:17,048 - INFO - Episode 140: Reward = -1.9528, Portfolio = $913.72, Return = -90.86%, Cash = $298.84, Crypto = 0.023802, Steps = 1282
2025-06-08 15:23:17,049 - INFO - Episode 140 Summary: Avg Reward (100 eps) = -2.1882, Avg Portfolio (100 eps) = $651.33, Epsilon = 0.827
2025-06-08 15:23:17,049 - INFO - 
Detailed steps for Episode 140:
2025-06-08 15:23:17,049 - INFO - Step | Action | Reward    | Portfolio   | Cash       | Crypto
2025-06-08 15:23:17,049 - INFO - ----------------------------------------------------------------------
2025-06-08 15:23:17,049 - INFO -    0 | HOLD |    0.0000 | $  10000.00 | $  10000.00 | 0.000000
2025-06-08 15:23:17,049 - INFO -    1 | HOLD |    0.0000 | $  10000.00 | $  10000.00 | 0.000000
2025-06-08 15:23:17,049 - INFO -    2 | SELL |   -0.0100 | $  10000.00 | $  10000.00 | 0.000000
2025-06-08 15:23:17,049 - INFO -    3 | BUY  |   -0.0049 | $   9950.98 | $   7500.00 | 0.440530
2025-06-08 15:23:17,049 - INFO -    4 | BUY  |   -0.0198 | $   9754.15 | $   5625.00 | 0.794012
2025-06-08 15:23:17,049 - INFO -    5 | SELL |    0.0101 | $   9853.04 | $   6641.87 | 0.595509
2025-06-08 15:23:17,049 - INFO -    6 | HOLD |   -0.0228 | $   9628.04 | $   6641.87 | 0.595509
2025-06-08 15:23:17,049 - INFO -    7 | HOLD |    0.0131 | $   9753.78 | $   6641.87 | 0.595509
2025-06-08 15:23:17,049 - INFO -    8 | BUY  |   -0.0026 | $   9728.85 | $   4981.40 | 0.906271
2025-06-08 15:23:17,049 - INFO -    9 | HOLD |    0.0888 | $  10592.30 | $   4981.40 | 0.906271
2025-06-08 15:23:17,049 - INFO -   10 | BUY  |   -0.0017 | $  10574.76 | $   3736.05 | 1.103235
2025-06-08 15:23:17,049 - INFO -   11 | SELL |   -0.0095 | $  10474.34 | $   5356.65 | 0.827426
2025-06-08 15:23:17,049 - INFO -   12 | SELL |   -0.0338 | $  10120.46 | $   6502.38 | 0.620570
2025-06-08 15:23:17,049 - INFO -   13 | HOLD |    0.0359 | $  10484.15 | $   6502.38 | 0.620570
2025-06-08 15:23:17,049 - INFO -   14 | SELL |    0.0139 | $  10629.55 | $   7494.99 | 0.465427
2025-06-08 15:23:17,049 - INFO -   15 | SELL |   -0.0060 | $  10565.67 | $   8233.51 | 0.349070
2025-06-08 15:23:17,049 - INFO -   16 | HOLD |    0.0012 | $  10578.02 | $   8233.51 | 0.349070
2025-06-08 15:23:17,049 - INFO -   17 | BUY  |   -0.0120 | $  10451.56 | $   6175.13 | 0.660984
2025-06-08 15:23:17,049 - INFO -   18 | HOLD |   -0.0144 | $  10301.12 | $   6175.13 | 0.660984
2025-06-08 15:23:17,049 - INFO -   19 | HOLD |    0.0003 | $  10089.50 | $   6175.13 | 0.660984
2025-06-08 15:23:17,049 - INFO -   ...    ...      ...         ...          ...         ...
2025-06-08 15:23:17,049 - INFO - 1262 | HOLD |   -0.0047 | $    974.88 | $    320.57 | 0.025010
2025-06-08 15:23:17,049 - INFO - 1263 | SELL |   -0.0051 | $    963.87 | $    475.29 | 0.018757
2025-06-08 15:23:17,049 - INFO - 1264 | BUY  |   -0.0051 | $    960.81 | $    356.46 | 0.023236
2025-06-08 15:23:17,049 - INFO - 1265 | SELL |   -0.0055 | $    955.12 | $    500.44 | 0.017427
2025-06-08 15:23:17,049 - INFO - 1266 | HOLD |   -0.0063 | $    955.40 | $    500.44 | 0.017427
2025-06-08 15:23:17,049 - INFO - 1267 | HOLD |   -0.0039 | $    983.66 | $    500.44 | 0.017427
2025-06-08 15:23:17,049 - INFO - 1268 | BUY  |   -0.0042 | $    973.71 | $    375.33 | 0.021921
2025-06-08 15:23:17,049 - INFO - 1269 | HOLD |   -0.0049 | $    943.77 | $    375.33 | 0.021921
2025-06-08 15:23:17,049 - INFO - 1270 | BUY  |   -0.0050 | $    939.06 | $    281.50 | 0.025486
2025-06-08 15:23:17,049 - INFO - 1271 | HOLD |   -0.0048 | $    940.80 | $    281.50 | 0.025486
2025-06-08 15:23:17,049 - INFO - 1272 | BUY  |   -0.0048 | $    941.99 | $    211.12 | 0.028143
2025-06-08 15:23:17,049 - INFO - 1273 | BUY  |   -0.0048 | $    936.53 | $    158.34 | 0.030148
2025-06-08 15:23:17,049 - INFO - 1274 | BUY  |   -0.0044 | $    934.77 | $    118.76 | 0.031653
2025-06-08 15:23:17,049 - INFO - 1275 | SELL |   -0.0043 | $    923.74 | $    312.36 | 0.023740
2025-06-08 15:23:17,049 - INFO - 1276 | HOLD |   -0.0028 | $    935.30 | $    312.36 | 0.023740
2025-06-08 15:23:17,049 - INFO - 1277 | BUY  |   -0.0029 | $    925.83 | $    234.27 | 0.026695
2025-06-08 15:23:17,049 - INFO - 1278 | SELL |   -0.0033 | $    916.92 | $    398.45 | 0.020021
2025-06-08 15:23:17,049 - INFO - 1279 | HOLD |   -0.0033 | $    915.65 | $    398.45 | 0.020021
2025-06-08 15:23:17,049 - INFO - 1280 | HOLD |   -0.0034 | $    902.24 | $    398.45 | 0.020021
2025-06-08 15:23:17,049 - INFO - 1281 | BUY  |   -0.0030 | $    913.72 | $    298.84 | 0.023802
2025-06-08 15:23:17,050 - INFO - 
Action distribution for Episode 140:
2025-06-08 15:23:17,050 - INFO -   HOLD:  412 ( 32.1%)
2025-06-08 15:23:17,050 - INFO -   BUY:   453 ( 35.3%)
2025-06-08 15:23:17,050 - INFO -   SELL:  417 ( 32.5%)
2025-06-08 15:23:17,050 - INFO - ----------------------------------------------------------------------
2025-06-08 15:23:17,479 - INFO - Step 180000: Loss = 0.319082, Epsilon = 0.8264
2025-06-08 15:23:17,479 - INFO - Step 180000: Target network updated
2025-06-08 15:23:18,107 - INFO - Episode 141: Reward = -2.3002, Portfolio = $599.36, Return = -94.01%, Cash = $379.56, Crypto = 0.008508, Steps = 1282
2025-06-08 15:23:18,306 - INFO - Step 181000: Loss = 0.976793, Epsilon = 0.8254
2025-06-08 15:23:19,123 - INFO - Step 182000: Loss = 0.295959, Epsilon = 0.8245
2025-06-08 15:23:19,124 - INFO - Step 182000: Target network updated
2025-06-08 15:23:19,158 - INFO - Episode 142: Reward = -2.1801, Portfolio = $539.56, Return = -94.60%, Cash = $85.17, Crypto = 0.017589, Steps = 1282
2025-06-08 15:23:19,926 - INFO - Step 183000: Loss = 1.399530, Epsilon = 0.8235
2025-06-08 15:23:20,191 - INFO - Episode 143: Reward = -2.2147, Portfolio = $873.81, Return = -91.26%, Cash = $679.50, Crypto = 0.007522, Steps = 1282
2025-06-08 15:23:20,776 - INFO - Step 184000: Loss = 0.309699, Epsilon = 0.8225
2025-06-08 15:23:20,776 - INFO - Step 184000: Target network updated
2025-06-08 15:23:21,304 - INFO - Episode 144: Reward = -2.1614, Portfolio = $453.24, Return = -95.47%, Cash = $138.79, Crypto = 0.012172, Steps = 1282
2025-06-08 15:23:21,644 - INFO - Step 185000: Loss = 1.636980, Epsilon = 0.8216
2025-06-08 15:23:22,405 - INFO - Episode 145: Reward = -2.0507, Portfolio = $686.84, Return = -93.13%, Cash = $279.22, Crypto = 0.015779, Steps = 1282
2025-06-08 15:23:22,500 - INFO - Step 186000: Loss = 0.455826, Epsilon = 0.8206
2025-06-08 15:23:22,500 - INFO - Step 186000: Target network updated
2025-06-08 15:23:23,336 - INFO - Step 187000: Loss = 0.538187, Epsilon = 0.8196
2025-06-08 15:23:23,473 - INFO - Episode 146: Reward = -1.8312, Portfolio = $1439.65, Return = -85.60%, Cash = $383.62, Crypto = 0.040879, Steps = 1282
2025-06-08 15:23:24,131 - INFO - Step 188000: Loss = 0.430636, Epsilon = 0.8187
2025-06-08 15:23:24,131 - INFO - Step 188000: Target network updated
2025-06-08 15:23:24,504 - INFO - Episode 147: Reward = -2.3907, Portfolio = $382.29, Return = -96.18%, Cash = $184.30, Crypto = 0.007664, Steps = 1282
2025-06-08 15:23:24,968 - INFO - Step 189000: Loss = 1.009327, Epsilon = 0.8177
2025-06-08 15:23:25,605 - INFO - Episode 148: Reward = -2.1736, Portfolio = $642.60, Return = -93.57%, Cash = $280.83, Crypto = 0.014004, Steps = 1282
2025-06-08 15:23:25,829 - INFO - Step 190000: Loss = 0.217956, Epsilon = 0.8167
2025-06-08 15:23:25,829 - INFO - Step 190000: Target network updated
2025-06-08 15:23:26,653 - INFO - Step 191000: Loss = 1.987159, Epsilon = 0.8158
2025-06-08 15:23:26,668 - INFO - Episode 149: Reward = -2.2856, Portfolio = $554.86, Return = -94.45%, Cash = $331.02, Crypto = 0.008664, Steps = 1282
2025-06-08 15:23:27,457 - INFO - Step 192000: Loss = 0.449545, Epsilon = 0.8148
2025-06-08 15:23:27,457 - INFO - Step 192000: Target network updated
2025-06-08 15:23:27,702 - INFO - Episode 150: Reward = -1.9403, Portfolio = $792.29, Return = -92.08%, Cash = $174.15, Crypto = 0.023928, Steps = 1282
2025-06-08 15:23:27,702 - INFO - Episode 150 Summary: Avg Reward (100 eps) = -2.1785, Avg Portfolio (100 eps) = $666.57, Epsilon = 0.815
2025-06-08 15:23:27,702 - INFO - 
Detailed steps for Episode 150:
2025-06-08 15:23:27,702 - INFO - Step | Action | Reward    | Portfolio   | Cash       | Crypto
2025-06-08 15:23:27,703 - INFO - ----------------------------------------------------------------------
2025-06-08 15:23:27,703 - INFO -    0 | HOLD |    0.0000 | $  10000.00 | $  10000.00 | 0.000000
2025-06-08 15:23:27,703 - INFO -    1 | HOLD |    0.0000 | $  10000.00 | $  10000.00 | 0.000000
2025-06-08 15:23:27,703 - INFO -    2 | BUY  |   -0.0049 | $   9950.98 | $   7500.00 | 0.493077
2025-06-08 15:23:27,703 - INFO -    3 | SELL |    0.0259 | $  10209.04 | $   8151.54 | 0.369808
2025-06-08 15:23:27,703 - INFO -    4 | BUY  |   -0.0171 | $  10034.72 | $   6113.66 | 0.753997
2025-06-08 15:23:27,703 - INFO -    5 | SELL |    0.0094 | $  10128.62 | $   7079.28 | 0.565498
2025-06-08 15:23:27,703 - INFO -    6 | SELL |   -0.0246 | $   9879.51 | $   7752.76 | 0.424123
2025-06-08 15:23:27,703 - INFO -    7 | BUY  |    0.0052 | $   9931.06 | $   5814.57 | 0.787751
2025-06-08 15:23:27,703 - INFO -    8 | HOLD |    0.0010 | $   9941.15 | $   5814.57 | 0.787751
2025-06-08 15:23:27,703 - INFO -    9 | SELL |    0.0694 | $  10630.72 | $   6972.88 | 0.590814
2025-06-08 15:23:27,703 - INFO -   10 | SELL |   -0.0039 | $  10589.43 | $   7842.68 | 0.443110
2025-06-08 15:23:27,703 - INFO -   11 | SELL |   -0.0038 | $  10549.09 | $   8493.59 | 0.332333
2025-06-08 15:23:27,703 - INFO -   12 | BUY  |   -0.0151 | $  10389.54 | $   6370.19 | 0.689395
2025-06-08 15:23:27,703 - INFO -   13 | BUY  |    0.0359 | $  10762.34 | $   4777.65 | 0.932731
2025-06-08 15:23:27,703 - INFO -   14 | HOLD |    0.0276 | $  11059.41 | $   4777.65 | 0.932731
2025-06-08 15:23:27,703 - INFO -   15 | BUY  |   -0.0067 | $  10985.86 | $   3583.23 | 1.108001
2025-06-08 15:23:27,703 - INFO -   16 | HOLD |    0.0036 | $  11025.06 | $   3583.23 | 1.108001
2025-06-08 15:23:27,703 - INFO -   17 | SELL |   -0.0329 | $  10662.17 | $   5285.76 | 0.831001
2025-06-08 15:23:27,703 - INFO -   18 | SELL |   -0.0238 | $  10408.19 | $   6517.74 | 0.623251
2025-06-08 15:23:27,703 - INFO -   19 | BUY  |    0.0005 | $  10176.71 | $   4888.31 | 0.893003
2025-06-08 15:23:27,703 - INFO -   ...    ...      ...         ...          ...         ...
2025-06-08 15:23:27,703 - INFO - 1262 | SELL |   -0.0061 | $    831.83 | $    500.25 | 0.012674
2025-06-08 15:23:27,703 - INFO - 1263 | BUY  |   -0.0063 | $    827.92 | $    375.19 | 0.017381
2025-06-08 15:23:27,703 - INFO - 1264 | BUY  |   -0.0065 | $    825.40 | $    281.39 | 0.020917
2025-06-08 15:23:27,703 - INFO - 1265 | SELL |   -0.0069 | $    820.28 | $    411.00 | 0.015687
2025-06-08 15:23:27,703 - INFO - 1266 | BUY  |   -0.0074 | $    818.52 | $    308.25 | 0.019546
2025-06-08 15:23:27,703 - INFO - 1267 | HOLD |   -0.0039 | $    850.21 | $    308.25 | 0.019546
2025-06-08 15:23:27,703 - INFO - 1268 | HOLD |   -0.0040 | $    841.80 | $    308.25 | 0.019546
2025-06-08 15:23:27,703 - INFO - 1269 | HOLD |   -0.0047 | $    815.11 | $    308.25 | 0.019546
2025-06-08 15:23:27,703 - INFO - 1270 | BUY  |   -0.0046 | $    811.04 | $    231.19 | 0.022474
2025-06-08 15:23:27,703 - INFO - 1271 | HOLD |   -0.0043 | $    812.57 | $    231.19 | 0.022474
2025-06-08 15:23:27,703 - INFO - 1272 | SELL |   -0.0047 | $    807.54 | $    369.80 | 0.016856
2025-06-08 15:23:27,703 - INFO - 1273 | BUY  |   -0.0047 | $    803.08 | $    277.35 | 0.020367
2025-06-08 15:23:27,703 - INFO - 1274 | BUY  |   -0.0044 | $    801.06 | $    208.01 | 0.023004
2025-06-08 15:23:27,703 - INFO - 1275 | HOLD |   -0.0036 | $    800.44 | $    208.01 | 0.023004
2025-06-08 15:23:27,703 - INFO - 1276 | HOLD |   -0.0023 | $    811.64 | $    208.01 | 0.023004
2025-06-08 15:23:27,703 - INFO - 1277 | BUY  |   -0.0024 | $    802.93 | $    156.01 | 0.024972
2025-06-08 15:23:27,703 - INFO - 1278 | SELL |   -0.0025 | $    794.60 | $    309.59 | 0.018729
2025-06-08 15:23:27,703 - INFO - 1279 | BUY  |   -0.0025 | $    791.89 | $    232.20 | 0.021666
2025-06-08 15:23:27,703 - INFO - 1280 | BUY  |   -0.0030 | $    776.24 | $    174.15 | 0.023928
2025-06-08 15:23:27,703 - INFO - 1281 | HOLD |   -0.0021 | $    792.29 | $    174.15 | 0.023928
2025-06-08 15:23:27,703 - INFO - 
Action distribution for Episode 150:
2025-06-08 15:23:27,703 - INFO -   HOLD:  420 ( 32.8%)
2025-06-08 15:23:27,703 - INFO -   BUY:   433 ( 33.8%)
2025-06-08 15:23:27,703 - INFO -   SELL:  429 ( 33.5%)
2025-06-08 15:23:27,703 - INFO - ----------------------------------------------------------------------
2025-06-08 15:23:28,278 - INFO - Step 193000: Loss = 0.973232, Epsilon = 0.8138
2025-06-08 15:23:28,765 - INFO - Episode 151: Reward = -2.1325, Portfolio = $509.87, Return = -94.90%, Cash = $256.47, Crypto = 0.009809, Steps = 1282
2025-06-08 15:23:29,114 - INFO - Step 194000: Loss = 0.271448, Epsilon = 0.8129
2025-06-08 15:23:29,114 - INFO - Step 194000: Target network updated
2025-06-08 15:23:29,804 - INFO - Episode 152: Reward = -1.9979, Portfolio = $539.87, Return = -94.60%, Cash = $189.36, Crypto = 0.013568, Steps = 1282
2025-06-08 15:23:29,912 - INFO - Step 195000: Loss = 0.590986, Epsilon = 0.8119
2025-06-08 15:23:30,704 - INFO - Step 196000: Loss = 0.770199, Epsilon = 0.8110
2025-06-08 15:23:30,704 - INFO - Step 196000: Target network updated
2025-06-08 15:23:30,821 - INFO - Episode 153: Reward = -1.8134, Portfolio = $632.77, Return = -93.67%, Cash = $251.59, Crypto = 0.014755, Steps = 1282
2025-06-08 15:23:31,504 - INFO - Step 197000: Loss = 0.737566, Epsilon = 0.8100
2025-06-08 15:23:31,866 - INFO - Episode 154: Reward = -2.1482, Portfolio = $666.91, Return = -93.33%, Cash = $548.50, Crypto = 0.004583, Steps = 1282
2025-06-08 15:23:32,352 - INFO - Step 198000: Loss = 0.311415, Epsilon = 0.8090
2025-06-08 15:23:32,352 - INFO - Step 198000: Target network updated
2025-06-08 15:23:32,998 - INFO - Episode 155: Reward = -2.1208, Portfolio = $924.28, Return = -90.76%, Cash = $469.18, Crypto = 0.017617, Steps = 1282
2025-06-08 15:23:33,250 - INFO - Step 199000: Loss = 0.507856, Epsilon = 0.8081
2025-06-08 15:23:34,056 - INFO - Episode 156: Reward = -2.1583, Portfolio = $594.92, Return = -94.05%, Cash = $210.29, Crypto = 0.014889, Steps = 1282
2025-06-08 15:23:34,063 - INFO - Step 200000: Loss = 0.346540, Epsilon = 0.8071
2025-06-08 15:23:34,064 - INFO - Step 200000: Target network updated
2025-06-08 15:23:34,930 - INFO - Step 201000: Loss = 2.079920, Epsilon = 0.8061
2025-06-08 15:23:35,156 - INFO - Episode 157: Reward = -2.3324, Portfolio = $537.97, Return = -94.62%, Cash = $148.36, Crypto = 0.015082, Steps = 1282
2025-06-08 15:23:35,767 - INFO - Step 202000: Loss = 0.138789, Epsilon = 0.8052
2025-06-08 15:23:35,767 - INFO - Step 202000: Target network updated
2025-06-08 15:23:36,228 - INFO - Episode 158: Reward = -2.1011, Portfolio = $450.06, Return = -95.50%, Cash = $263.59, Crypto = 0.007218, Steps = 1282
2025-06-08 15:23:36,598 - INFO - Step 203000: Loss = 1.770351, Epsilon = 0.8042
2025-06-08 15:23:37,289 - INFO - Episode 159: Reward = -2.1591, Portfolio = $408.00, Return = -95.92%, Cash = $85.26, Crypto = 0.012493, Steps = 1282
2025-06-08 15:23:37,421 - INFO - Step 204000: Loss = 0.151969, Epsilon = 0.8032
2025-06-08 15:23:37,421 - INFO - Step 204000: Target network updated
2025-06-08 15:23:38,227 - INFO - Step 205000: Loss = 1.671999, Epsilon = 0.8023
2025-06-08 15:23:38,321 - INFO - Episode 160: Reward = -2.1832, Portfolio = $604.17, Return = -93.96%, Cash = $308.71, Crypto = 0.011437, Steps = 1282
2025-06-08 15:23:38,321 - INFO - Episode 160 Summary: Avg Reward (100 eps) = -2.1649, Avg Portfolio (100 eps) = $662.83, Epsilon = 0.802
2025-06-08 15:23:38,321 - INFO - 
Detailed steps for Episode 160:
2025-06-08 15:23:38,321 - INFO - Step | Action | Reward    | Portfolio   | Cash       | Crypto
2025-06-08 15:23:38,321 - INFO - ----------------------------------------------------------------------
2025-06-08 15:23:38,321 - INFO -    0 | HOLD |    0.0000 | $  10000.00 | $  10000.00 | 0.000000
2025-06-08 15:23:38,321 - INFO -    1 | SELL |   -0.0100 | $  10000.00 | $  10000.00 | 0.000000
2025-06-08 15:23:38,321 - INFO -    2 | BUY  |   -0.0049 | $   9950.98 | $   7500.00 | 0.493077
2025-06-08 15:23:38,321 - INFO -    3 | BUY  |    0.0257 | $  10206.57 | $   5625.00 | 0.823474
2025-06-08 15:23:38,321 - INFO -    4 | BUY  |   -0.0320 | $   9879.79 | $   4218.75 | 1.088586
2025-06-08 15:23:38,321 - INFO -    5 | SELL |    0.0137 | $  10015.37 | $   5612.87 | 0.816439
2025-06-08 15:23:38,322 - INFO -    6 | SELL |   -0.0359 | $   9655.72 | $   6585.20 | 0.612330
2025-06-08 15:23:38,322 - INFO -    7 | BUY  |    0.0100 | $   9752.73 | $   4938.90 | 0.921196
2025-06-08 15:23:38,322 - INFO -    8 | HOLD |    0.0012 | $   9764.53 | $   4938.90 | 0.921196
2025-06-08 15:23:38,322 - INFO -    9 | BUY  |    0.0874 | $  10617.99 | $   3704.18 | 1.116718
2025-06-08 15:23:38,322 - INFO -   10 | HOLD |    0.0008 | $  10626.46 | $   3704.18 | 1.116718
2025-06-08 15:23:38,322 - INFO -   11 | SELL |   -0.0096 | $  10524.81 | $   5344.58 | 0.837538
2025-06-08 15:23:38,322 - INFO -   12 | HOLD |   -0.0282 | $  10227.65 | $   5344.58 | 0.837538
2025-06-08 15:23:38,322 - INFO -   13 | HOLD |    0.0480 | $  10718.49 | $   5344.58 | 0.837538
2025-06-08 15:23:38,322 - INFO -   14 | HOLD |    0.0249 | $  10985.24 | $   5344.58 | 0.837538
2025-06-08 15:23:38,322 - INFO -   15 | SELL |   -0.0105 | $  10870.29 | $   6673.55 | 0.628154
2025-06-08 15:23:38,322 - INFO -   16 | SELL |   -0.0028 | $  10839.77 | $   7675.55 | 0.471115
2025-06-08 15:23:38,322 - INFO -   17 | HOLD |   -0.0107 | $  10723.57 | $   7675.55 | 0.471115
2025-06-08 15:23:38,322 - INFO -   18 | SELL |   -0.0134 | $  10579.59 | $   8373.99 | 0.353337
2025-06-08 15:23:38,322 - INFO -   19 | HOLD |    0.0009 | $  10466.46 | $   8373.99 | 0.353337
2025-06-08 15:23:38,322 - INFO -   ...    ...      ...         ...          ...         ...
2025-06-08 15:23:38,322 - INFO - 1262 | SELL |   -0.0084 | $    633.97 | $    389.40 | 0.009348
2025-06-08 15:23:38,322 - INFO - 1263 | HOLD |   -0.0079 | $    632.90 | $    389.40 | 0.009348
2025-06-08 15:23:38,322 - INFO - 1264 | SELL |   -0.0081 | $    629.49 | $    447.14 | 0.007011
2025-06-08 15:23:38,322 - INFO - 1265 | HOLD |   -0.0081 | $    630.06 | $    447.14 | 0.007011
2025-06-08 15:23:38,322 - INFO - 1266 | SELL |   -0.0092 | $    627.89 | $    490.61 | 0.005258
2025-06-08 15:23:38,322 - INFO - 1267 | SELL |   -0.0069 | $    634.59 | $    525.24 | 0.003944
2025-06-08 15:23:38,322 - INFO - 1268 | SELL |   -0.0070 | $    631.55 | $    550.81 | 0.002958
2025-06-08 15:23:38,322 - INFO - 1269 | SELL |   -0.0076 | $    626.55 | $    569.02 | 0.002218
2025-06-08 15:23:38,322 - INFO - 1270 | SELL |   -0.0072 | $    625.54 | $    582.62 | 0.001664
2025-06-08 15:23:38,322 - INFO - 1271 | BUY  |   -0.0073 | $    622.80 | $    436.96 | 0.007184
2025-06-08 15:23:38,322 - INFO - 1272 | HOLD |   -0.0072 | $    623.53 | $    436.96 | 0.007184
2025-06-08 15:23:38,322 - INFO - 1273 | HOLD |   -0.0066 | $    622.40 | $    436.96 | 0.007184
2025-06-08 15:23:38,322 - INFO - 1274 | SELL |   -0.0062 | $    619.85 | $    480.95 | 0.005388
2025-06-08 15:23:38,322 - INFO - 1275 | BUY  |   -0.0064 | $    617.35 | $    360.71 | 0.009965
2025-06-08 15:23:38,322 - INFO - 1276 | SELL |   -0.0052 | $    618.93 | $    422.81 | 0.007474
2025-06-08 15:23:38,322 - INFO - 1277 | SELL |   -0.0057 | $    614.01 | $    468.80 | 0.005605
2025-06-08 15:23:38,322 - INFO - 1278 | BUY  |   -0.0065 | $    611.66 | $    351.60 | 0.010043
2025-06-08 15:23:38,322 - INFO - 1279 | HOLD |   -0.0059 | $    611.02 | $    351.60 | 0.010043
2025-06-08 15:23:38,322 - INFO - 1280 | SELL |   -0.0058 | $    601.14 | $    411.61 | 0.007532
2025-06-08 15:23:38,322 - INFO - 1281 | BUY  |   -0.0054 | $    604.17 | $    308.71 | 0.011437
2025-06-08 15:23:38,322 - INFO - 
Action distribution for Episode 160:
2025-06-08 15:23:38,322 - INFO -   HOLD:  420 ( 32.8%)
2025-06-08 15:23:38,322 - INFO -   BUY:   399 ( 31.1%)
2025-06-08 15:23:38,322 - INFO -   SELL:  463 ( 36.1%)
2025-06-08 15:23:38,322 - INFO - ----------------------------------------------------------------------
2025-06-08 15:23:39,056 - INFO - Step 206000: Loss = 0.271921, Epsilon = 0.8013
2025-06-08 15:23:39,057 - INFO - Step 206000: Target network updated
2025-06-08 15:23:39,379 - INFO - Episode 161: Reward = -2.3768, Portfolio = $525.96, Return = -94.74%, Cash = $269.32, Crypto = 0.009934, Steps = 1282
2025-06-08 15:23:39,868 - INFO - Step 207000: Loss = 1.313124, Epsilon = 0.8003
2025-06-08 15:23:40,423 - INFO - Episode 162: Reward = -2.1982, Portfolio = $664.02, Return = -93.36%, Cash = $294.75, Crypto = 0.014294, Steps = 1282
2025-06-08 15:23:40,685 - INFO - Step 208000: Loss = 0.244630, Epsilon = 0.7994
2025-06-08 15:23:40,685 - INFO - Step 208000: Target network updated
2025-06-08 15:23:41,482 - INFO - Episode 163: Reward = -1.9256, Portfolio = $589.00, Return = -94.11%, Cash = $257.43, Crypto = 0.012835, Steps = 1282
2025-06-08 15:23:41,512 - INFO - Step 209000: Loss = 0.999364, Epsilon = 0.7984
2025-06-08 15:23:42,419 - INFO - Step 210000: Loss = 0.239741, Epsilon = 0.7974
2025-06-08 15:23:42,420 - INFO - Step 210000: Target network updated
2025-06-08 15:23:42,622 - INFO - Episode 164: Reward = -2.2520, Portfolio = $596.30, Return = -94.04%, Cash = $539.84, Crypto = 0.002185, Steps = 1282
2025-06-08 15:23:43,242 - INFO - Step 211000: Loss = 1.696516, Epsilon = 0.7965
2025-06-08 15:23:43,671 - INFO - Episode 165: Reward = -2.3864, Portfolio = $527.94, Return = -94.72%, Cash = $231.18, Crypto = 0.011487, Steps = 1282
2025-06-08 15:23:44,082 - INFO - Step 212000: Loss = 0.211207, Epsilon = 0.7955
2025-06-08 15:23:44,082 - INFO - Step 212000: Target network updated
2025-06-08 15:23:44,782 - INFO - Episode 166: Reward = -2.3012, Portfolio = $542.81, Return = -94.57%, Cash = $237.84, Crypto = 0.011805, Steps = 1282
2025-06-08 15:23:44,948 - INFO - Step 213000: Loss = 1.333676, Epsilon = 0.7946
2025-06-08 15:23:45,896 - INFO - Step 214000: Loss = 0.250387, Epsilon = 0.7936
2025-06-08 15:23:45,896 - INFO - Step 214000: Target network updated
2025-06-08 15:23:45,977 - INFO - Episode 167: Reward = -2.3228, Portfolio = $364.76, Return = -96.35%, Cash = $157.31, Crypto = 0.008030, Steps = 1282
2025-06-08 15:23:46,764 - INFO - Step 215000: Loss = 0.661312, Epsilon = 0.7926
2025-06-08 15:23:47,079 - INFO - Episode 168: Reward = -1.7950, Portfolio = $658.49, Return = -93.42%, Cash = $425.85, Crypto = 0.009005, Steps = 1282
2025-06-08 15:23:47,597 - INFO - Step 216000: Loss = 0.276049, Epsilon = 0.7917
2025-06-08 15:23:47,598 - INFO - Step 216000: Target network updated
2025-06-08 15:23:48,167 - INFO - Episode 169: Reward = -1.7414, Portfolio = $1014.55, Return = -89.85%, Cash = $586.72, Crypto = 0.016561, Steps = 1282
2025-06-08 15:23:48,463 - INFO - Step 217000: Loss = 0.717867, Epsilon = 0.7907
2025-06-08 15:23:49,293 - INFO - Episode 170: Reward = -1.9665, Portfolio = $674.75, Return = -93.25%, Cash = $393.65, Crypto = 0.010881, Steps = 1282
2025-06-08 15:23:49,293 - INFO - Episode 170 Summary: Avg Reward (100 eps) = -2.1604, Avg Portfolio (100 eps) = $660.82, Epsilon = 0.790
2025-06-08 15:23:49,293 - INFO - 
Detailed steps for Episode 170:
2025-06-08 15:23:49,293 - INFO - Step | Action | Reward    | Portfolio   | Cash       | Crypto
2025-06-08 15:23:49,293 - INFO - ----------------------------------------------------------------------
2025-06-08 15:23:49,293 - INFO -    0 | HOLD |    0.0000 | $  10000.00 | $  10000.00 | 0.000000
2025-06-08 15:23:49,293 - INFO -    1 | BUY  |   -0.0049 | $   9950.98 | $   7500.00 | 0.309802
2025-06-08 15:23:49,293 - INFO -    2 | BUY  |   -0.0952 | $   9003.20 | $   5625.00 | 0.679610
2025-06-08 15:23:49,293 - INFO -    3 | BUY  |    0.0417 | $   9378.58 | $   4218.75 | 0.927408
2025-06-08 15:23:49,293 - INFO -    4 | HOLD |   -0.0359 | $   9041.61 | $   4218.75 | 0.927408
2025-06-08 15:23:49,293 - INFO -    5 | HOLD |    0.0197 | $   9219.63 | $   4218.75 | 0.927408
2025-06-08 15:23:49,293 - INFO -    6 | HOLD |   -0.0380 | $   8869.22 | $   4218.75 | 0.927408
2025-06-08 15:23:49,293 - INFO -    7 | HOLD |    0.0221 | $   9065.04 | $   4218.75 | 0.927408
2025-06-08 15:23:49,293 - INFO -    8 | BUY  |   -0.0010 | $   9056.24 | $   3164.06 | 1.124797
2025-06-08 15:23:49,294 - INFO -    9 | BUY  |    0.1166 | $  10112.39 | $   2373.05 | 1.250056
2025-06-08 15:23:49,294 - INFO -   10 | SELL |   -0.0086 | $  10025.01 | $   4213.39 | 0.937542
2025-06-08 15:23:49,294 - INFO -   11 | BUY  |   -0.0033 | $   9991.50 | $   3160.04 | 1.104508
2025-06-08 15:23:49,294 - INFO -   12 | HOLD |   -0.0392 | $   9599.61 | $   3160.04 | 1.104508
2025-06-08 15:23:49,294 - INFO -   13 | HOLD |    0.0674 | $  10246.91 | $   3160.04 | 1.104508
2025-06-08 15:23:49,294 - INFO -   14 | SELL |    0.0253 | $  10505.70 | $   4926.72 | 0.828381
2025-06-08 15:23:49,294 - INFO -   15 | HOLD |   -0.0042 | $  10461.19 | $   4926.72 | 0.828381
2025-06-08 15:23:49,294 - INFO -   16 | SELL |   -0.0038 | $  10420.95 | $   6248.12 | 0.621286
2025-06-08 15:23:49,294 - INFO -   17 | BUY  |   -0.0176 | $  10237.08 | $   4686.09 | 0.857986
2025-06-08 15:23:49,294 - INFO -   18 | HOLD |   -0.0191 | $  10041.80 | $   4686.09 | 0.857986
2025-06-08 15:23:49,294 - INFO -   19 | SELL |   -0.0002 | $   9703.60 | $   5892.83 | 0.643489
2025-06-08 15:23:49,294 - INFO -   ...    ...      ...         ...          ...         ...
2025-06-08 15:23:49,294 - INFO - 1262 | SELL |   -0.0051 | $    721.71 | $    420.66 | 0.011507
2025-06-08 15:23:49,294 - INFO - 1263 | SELL |   -0.0055 | $    716.65 | $    491.85 | 0.008630
2025-06-08 15:23:49,294 - INFO - 1264 | HOLD |   -0.0055 | $    716.31 | $    491.85 | 0.008630
2025-06-08 15:23:49,294 - INFO - 1265 | HOLD |   -0.0056 | $    717.01 | $    491.85 | 0.008630
2025-06-08 15:23:49,294 - INFO - 1266 | BUY  |   -0.0065 | $    714.74 | $    368.89 | 0.013248
2025-06-08 15:23:49,294 - INFO - 1267 | HOLD |   -0.0033 | $    736.22 | $    368.89 | 0.013248
2025-06-08 15:23:49,294 - INFO - 1268 | SELL |   -0.0035 | $    726.00 | $    454.77 | 0.009936
2025-06-08 15:23:49,294 - INFO - 1269 | BUY  |   -0.0043 | $    710.20 | $    341.08 | 0.014234
2025-06-08 15:23:49,294 - INFO - 1270 | SELL |   -0.0045 | $    703.75 | $    428.30 | 0.010676
2025-06-08 15:23:49,294 - INFO - 1271 | SELL |   -0.0045 | $    701.02 | $    493.90 | 0.008007
2025-06-08 15:23:49,294 - INFO - 1272 | BUY  |   -0.0047 | $    699.41 | $    370.42 | 0.012668
2025-06-08 15:23:49,294 - INFO - 1273 | SELL |   -0.0048 | $    693.33 | $    448.08 | 0.009501
2025-06-08 15:23:49,294 - INFO - 1274 | BUY  |   -0.0043 | $    690.83 | $    336.06 | 0.013761
2025-06-08 15:23:49,294 - INFO - 1275 | BUY  |   -0.0037 | $    688.81 | $    252.05 | 0.016960
2025-06-08 15:23:49,294 - INFO - 1276 | HOLD |   -0.0024 | $    697.07 | $    252.05 | 0.016960
2025-06-08 15:23:49,294 - INFO - 1277 | BUY  |   -0.0029 | $    690.16 | $    189.04 | 0.019344
2025-06-08 15:23:49,294 - INFO - 1278 | HOLD |   -0.0026 | $    689.97 | $    189.04 | 0.019344
2025-06-08 15:23:49,294 - INFO - 1279 | HOLD |   -0.0027 | $    688.74 | $    189.04 | 0.019344
2025-06-08 15:23:49,294 - INFO - 1280 | SELL |   -0.0034 | $    669.70 | $    304.64 | 0.014508
2025-06-08 15:23:49,294 - INFO - 1281 | SELL |   -0.0034 | $    674.75 | $    393.65 | 0.010881
2025-06-08 15:23:49,294 - INFO - 
Action distribution for Episode 170:
2025-06-08 15:23:49,294 - INFO -   HOLD:  441 ( 34.4%)
2025-06-08 15:23:49,294 - INFO -   BUY:   426 ( 33.2%)
2025-06-08 15:23:49,294 - INFO -   SELL:  415 ( 32.4%)
2025-06-08 15:23:49,294 - INFO - ----------------------------------------------------------------------
2025-06-08 15:23:49,350 - INFO - Step 218000: Loss = 0.166605, Epsilon = 0.7897
2025-06-08 15:23:49,350 - INFO - Step 218000: Target network updated
2025-06-08 15:23:50,270 - INFO - Step 219000: Loss = 0.874695, Epsilon = 0.7888
2025-06-08 15:23:50,460 - INFO - Episode 171: Reward = -2.1649, Portfolio = $793.52, Return = -92.06%, Cash = $281.71, Crypto = 0.019812, Steps = 1282
2025-06-08 15:23:51,124 - INFO - Step 220000: Loss = 0.252784, Epsilon = 0.7878
2025-06-08 15:23:51,124 - INFO - Step 220000: Target network updated
2025-06-08 15:23:51,561 - INFO - Episode 172: Reward = -2.5003, Portfolio = $400.26, Return = -96.00%, Cash = $209.07, Crypto = 0.007401, Steps = 1282
2025-06-08 15:23:52,055 - INFO - Step 221000: Loss = 0.637578, Epsilon = 0.7868
2025-06-08 15:23:52,734 - INFO - Episode 173: Reward = -2.1261, Portfolio = $794.89, Return = -92.05%, Cash = $258.91, Crypto = 0.020748, Steps = 1282
2025-06-08 15:23:52,929 - INFO - Step 222000: Loss = 0.078132, Epsilon = 0.7859
2025-06-08 15:23:52,930 - INFO - Step 222000: Target network updated
2025-06-08 15:23:53,778 - INFO - Step 223000: Loss = 1.063097, Epsilon = 0.7849
2025-06-08 15:23:53,836 - INFO - Episode 174: Reward = -2.1273, Portfolio = $425.45, Return = -95.75%, Cash = $176.88, Crypto = 0.009622, Steps = 1282
2025-06-08 15:23:54,642 - INFO - Step 224000: Loss = 0.327214, Epsilon = 0.7839
2025-06-08 15:23:54,643 - INFO - Step 224000: Target network updated
2025-06-08 15:23:54,942 - INFO - Episode 175: Reward = -2.1448, Portfolio = $531.93, Return = -94.68%, Cash = $217.63, Crypto = 0.012167, Steps = 1282
2025-06-08 15:23:55,486 - INFO - Step 225000: Loss = 1.291497, Epsilon = 0.7830
2025-06-08 15:23:56,019 - INFO - Episode 176: Reward = -2.3520, Portfolio = $478.51, Return = -95.21%, Cash = $245.62, Crypto = 0.009015, Steps = 1282
2025-06-08 15:23:56,322 - INFO - Step 226000: Loss = 0.398185, Epsilon = 0.7820
2025-06-08 15:23:56,323 - INFO - Step 226000: Target network updated
2025-06-08 15:23:57,083 - INFO - Episode 177: Reward = -2.4577, Portfolio = $781.30, Return = -92.19%, Cash = $346.07, Crypto = 0.016847, Steps = 1282
2025-06-08 15:23:57,154 - INFO - Step 227000: Loss = 0.895257, Epsilon = 0.7811
2025-06-08 15:23:57,977 - INFO - Step 228000: Loss = 0.505068, Epsilon = 0.7801
2025-06-08 15:23:57,977 - INFO - Step 228000: Target network updated
2025-06-08 15:23:58,142 - INFO - Episode 178: Reward = -2.1574, Portfolio = $484.98, Return = -95.15%, Cash = $410.24, Crypto = 0.002893, Steps = 1282
2025-06-08 15:23:58,802 - INFO - Step 229000: Loss = 1.549024, Epsilon = 0.7791
2025-06-08 15:23:59,194 - INFO - Episode 179: Reward = -1.9961, Portfolio = $819.25, Return = -91.81%, Cash = $441.57, Crypto = 0.014620, Steps = 1282
2025-06-08 15:23:59,627 - INFO - Step 230000: Loss = 0.634067, Epsilon = 0.7782
2025-06-08 15:23:59,627 - INFO - Step 230000: Target network updated
2025-06-08 15:24:00,282 - INFO - Episode 180: Reward = -2.2628, Portfolio = $430.43, Return = -95.70%, Cash = $171.53, Crypto = 0.010022, Steps = 1282
2025-06-08 15:24:00,282 - INFO - Episode 180 Summary: Avg Reward (100 eps) = -2.1678, Avg Portfolio (100 eps) = $656.54, Epsilon = 0.777
2025-06-08 15:24:00,283 - INFO - 
Detailed steps for Episode 180:
2025-06-08 15:24:00,283 - INFO - Step | Action | Reward    | Portfolio   | Cash       | Crypto
2025-06-08 15:24:00,283 - INFO - ----------------------------------------------------------------------
2025-06-08 15:24:00,283 - INFO -    0 | BUY  |   -0.0049 | $   9950.98 | $   7500.00 | 0.309869
2025-06-08 15:24:00,283 - INFO -    1 | HOLD |    0.0001 | $   9951.51 | $   7500.00 | 0.309869
2025-06-08 15:24:00,283 - INFO -    2 | HOLD |   -0.0916 | $   9040.29 | $   7500.00 | 0.309869
2025-06-08 15:24:00,283 - INFO -    3 | BUY  |    0.0163 | $   9187.26 | $   5625.00 | 0.640267
2025-06-08 15:24:00,283 - INFO -    4 | SELL |   -0.0299 | $   8913.00 | $   6415.78 | 0.480200
2025-06-08 15:24:00,283 - INFO -    5 | SELL |    0.0067 | $   8972.81 | $   7030.76 | 0.360150
2025-06-08 15:24:00,283 - INFO -    6 | BUY  |   -0.0190 | $   8802.27 | $   5273.07 | 0.703800
2025-06-08 15:24:00,283 - INFO -    7 | SELL |    0.0117 | $   8904.90 | $   6146.55 | 0.527850
2025-06-08 15:24:00,283 - INFO -    8 | HOLD |    0.0008 | $   8911.66 | $   6146.55 | 0.527850
2025-06-08 15:24:00,283 - INFO -    9 | BUY  |    0.0531 | $   9384.44 | $   4609.91 | 0.771181
2025-06-08 15:24:00,283 - INFO -   10 | SELL |   -0.0057 | $   9330.54 | $   5745.25 | 0.578386
2025-06-08 15:24:00,283 - INFO -   11 | SELL |   -0.0056 | $   9277.89 | $   6594.87 | 0.433789
2025-06-08 15:24:00,283 - INFO -   12 | BUY  |   -0.0201 | $   9091.65 | $   4946.16 | 0.711031
2025-06-08 15:24:00,283 - INFO -   13 | HOLD |    0.0458 | $   9508.36 | $   4946.16 | 0.711031
2025-06-08 15:24:00,283 - INFO -   14 | HOLD |    0.0238 | $   9734.81 | $   4946.16 | 0.711031
2025-06-08 15:24:00,283 - INFO -   15 | BUY  |   -0.0064 | $   9672.35 | $   3709.62 | 0.892483
2025-06-08 15:24:00,283 - INFO -   16 | SELL |   -0.0045 | $   9629.00 | $   5133.27 | 0.669362
2025-06-08 15:24:00,283 - INFO -   17 | SELL |   -0.0228 | $   9409.77 | $   6161.79 | 0.502022
2025-06-08 15:24:00,283 - INFO -   18 | HOLD |   -0.0121 | $   9295.51 | $   6161.79 | 0.502022
2025-06-08 15:24:00,283 - INFO -   19 | HOLD |   -0.0014 | $   9134.79 | $   6161.79 | 0.502022
2025-06-08 15:24:00,283 - INFO -   ...    ...      ...         ...          ...         ...
2025-06-08 15:24:00,283 - INFO - 1262 | SELL |   -0.0079 | $    464.66 | $    290.48 | 0.006658
2025-06-08 15:24:00,283 - INFO - 1263 | SELL |   -0.0081 | $    461.73 | $    331.66 | 0.004993
2025-06-08 15:24:00,283 - INFO - 1264 | SELL |   -0.0085 | $    459.91 | $    362.51 | 0.003745
2025-06-08 15:24:00,283 - INFO - 1265 | BUY  |   -0.0087 | $    458.44 | $    271.88 | 0.007150
2025-06-08 15:24:00,283 - INFO - 1266 | HOLD |   -0.0088 | $    458.55 | $    271.88 | 0.007150
2025-06-08 15:24:00,283 - INFO - 1267 | BUY  |   -0.0047 | $    468.81 | $    203.91 | 0.009554
2025-06-08 15:24:00,283 - INFO - 1268 | BUY  |   -0.0050 | $    463.70 | $    152.93 | 0.011385
2025-06-08 15:24:00,283 - INFO - 1269 | SELL |   -0.0054 | $    444.46 | $    223.05 | 0.008539
2025-06-08 15:24:00,283 - INFO - 1270 | BUY  |   -0.0057 | $    442.26 | $    167.29 | 0.010657
2025-06-08 15:24:00,283 - INFO - 1271 | HOLD |   -0.0053 | $    442.98 | $    167.29 | 0.010657
2025-06-08 15:24:00,283 - INFO - 1272 | SELL |   -0.0057 | $    440.59 | $    233.02 | 0.007993
2025-06-08 15:24:00,283 - INFO - 1273 | SELL |   -0.0058 | $    436.76 | $    282.02 | 0.005995
2025-06-08 15:24:00,283 - INFO - 1274 | HOLD |   -0.0053 | $    436.57 | $    282.02 | 0.005995
2025-06-08 15:24:00,283 - INFO - 1275 | BUY  |   -0.0048 | $    435.02 | $    211.51 | 0.008679
2025-06-08 15:24:00,283 - INFO - 1276 | HOLD |   -0.0035 | $    439.25 | $    211.51 | 0.008679
2025-06-08 15:24:00,283 - INFO - 1277 | SELL |   -0.0039 | $    433.53 | $    264.91 | 0.006509
2025-06-08 15:24:00,283 - INFO - 1278 | SELL |   -0.0042 | $    431.36 | $    304.94 | 0.004882
2025-06-08 15:24:00,283 - INFO - 1279 | HOLD |   -0.0040 | $    431.05 | $    304.94 | 0.004882
2025-06-08 15:24:00,283 - INFO - 1280 | BUY  |   -0.0042 | $    426.29 | $    228.71 | 0.007852
2025-06-08 15:24:00,283 - INFO - 1281 | BUY  |   -0.0037 | $    430.43 | $    171.53 | 0.010022
2025-06-08 15:24:00,284 - INFO - 
Action distribution for Episode 180:
2025-06-08 15:24:00,284 - INFO -   HOLD:  401 ( 31.3%)
2025-06-08 15:24:00,284 - INFO -   BUY:   452 ( 35.3%)
2025-06-08 15:24:00,284 - INFO -   SELL:  429 ( 33.5%)
2025-06-08 15:24:00,284 - INFO - ----------------------------------------------------------------------
2025-06-08 15:24:00,521 - INFO - Step 231000: Loss = 0.611292, Epsilon = 0.7772
2025-06-08 15:24:01,564 - INFO - Step 232000: Loss = 0.357989, Epsilon = 0.7762
2025-06-08 15:24:01,564 - INFO - Step 232000: Target network updated
2025-06-08 15:24:01,600 - INFO - Episode 181: Reward = -2.4325, Portfolio = $601.86, Return = -93.98%, Cash = $429.32, Crypto = 0.006679, Steps = 1282
2025-06-08 15:24:02,432 - INFO - Step 233000: Loss = 0.742987, Epsilon = 0.7753
2025-06-08 15:24:02,696 - INFO - Episode 182: Reward = -2.3043, Portfolio = $394.21, Return = -96.06%, Cash = $120.01, Crypto = 0.010614, Steps = 1282
2025-06-08 15:24:03,255 - INFO - Step 234000: Loss = 0.183935, Epsilon = 0.7743
2025-06-08 15:24:03,255 - INFO - Step 234000: Target network updated
2025-06-08 15:24:03,742 - INFO - Episode 183: Reward = -2.1205, Portfolio = $681.90, Return = -93.18%, Cash = $133.66, Crypto = 0.021222, Steps = 1282
2025-06-08 15:24:04,064 - INFO - Step 235000: Loss = 0.700261, Epsilon = 0.7733
2025-06-08 15:24:04,786 - INFO - Episode 184: Reward = -1.9720, Portfolio = $994.73, Return = -90.05%, Cash = $534.65, Crypto = 0.017810, Steps = 1282
2025-06-08 15:24:04,879 - INFO - Step 236000: Loss = 0.716503, Epsilon = 0.7724
2025-06-08 15:24:04,880 - INFO - Step 236000: Target network updated
2025-06-08 15:24:05,709 - INFO - Step 237000: Loss = 0.586207, Epsilon = 0.7714
2025-06-08 15:24:05,844 - INFO - Episode 185: Reward = -2.2878, Portfolio = $750.16, Return = -92.50%, Cash = $144.96, Crypto = 0.023427, Steps = 1282
2025-06-08 15:24:06,530 - INFO - Step 238000: Loss = 0.177332, Epsilon = 0.7704
2025-06-08 15:24:06,530 - INFO - Step 238000: Target network updated
2025-06-08 15:24:06,899 - INFO - Episode 186: Reward = -2.3154, Portfolio = $454.83, Return = -95.45%, Cash = $238.95, Crypto = 0.008357, Steps = 1282
2025-06-08 15:24:07,343 - INFO - Step 239000: Loss = 1.100188, Epsilon = 0.7695
2025-06-08 15:24:07,933 - INFO - Episode 187: Reward = -2.7999, Portfolio = $592.27, Return = -94.08%, Cash = $363.02, Crypto = 0.008874, Steps = 1282
2025-06-08 15:24:08,156 - INFO - Step 240000: Loss = 0.121476, Epsilon = 0.7685
2025-06-08 15:24:08,157 - INFO - Step 240000: Target network updated
2025-06-08 15:24:08,962 - INFO - Step 241000: Loss = 0.777652, Epsilon = 0.7675
2025-06-08 15:24:08,975 - INFO - Episode 188: Reward = -2.2728, Portfolio = $782.69, Return = -92.17%, Cash = $241.01, Crypto = 0.020968, Steps = 1282
2025-06-08 15:24:09,806 - INFO - Step 242000: Loss = 0.150001, Epsilon = 0.7666
2025-06-08 15:24:09,807 - INFO - Step 242000: Target network updated
2025-06-08 15:24:10,070 - INFO - Episode 189: Reward = -1.7882, Portfolio = $548.13, Return = -94.52%, Cash = $172.55, Crypto = 0.014539, Steps = 1282
2025-06-08 15:24:10,722 - INFO - Step 243000: Loss = 1.227830, Epsilon = 0.7656
2025-06-08 15:24:11,219 - INFO - Episode 190: Reward = -2.4981, Portfolio = $614.70, Return = -93.85%, Cash = $185.81, Crypto = 0.016602, Steps = 1282
2025-06-08 15:24:11,219 - INFO - Episode 190 Summary: Avg Reward (100 eps) = -2.1760, Avg Portfolio (100 eps) = $659.38, Epsilon = 0.765
2025-06-08 15:24:11,219 - INFO - 
Detailed steps for Episode 190:
2025-06-08 15:24:11,219 - INFO - Step | Action | Reward    | Portfolio   | Cash       | Crypto
2025-06-08 15:24:11,219 - INFO - ----------------------------------------------------------------------
2025-06-08 15:24:11,219 - INFO -    0 | BUY  |   -0.0049 | $   9950.98 | $   7500.00 | 0.309869
2025-06-08 15:24:11,219 - INFO -    1 | HOLD |    0.0001 | $   9951.51 | $   7500.00 | 0.309869
2025-06-08 15:24:11,219 - INFO -    2 | SELL |   -0.0935 | $   9021.04 | $   7865.82 | 0.232402
2025-06-08 15:24:11,219 - INFO -    3 | SELL |    0.0135 | $   9142.67 | $   8172.91 | 0.174301
2025-06-08 15:24:11,219 - INFO -    4 | BUY  |   -0.0113 | $   9039.28 | $   6129.68 | 0.559498
2025-06-08 15:24:11,219 - INFO -    5 | SELL |    0.0077 | $   9108.96 | $   6846.22 | 0.419624
2025-06-08 15:24:11,219 - INFO -    6 | HOLD |   -0.0174 | $   8950.41 | $   6846.22 | 0.419624
2025-06-08 15:24:11,219 - INFO -    7 | HOLD |    0.0099 | $   9039.02 | $   6846.22 | 0.419624
2025-06-08 15:24:11,219 - INFO -    8 | SELL |   -0.0024 | $   9016.91 | $   7368.28 | 0.314718
2025-06-08 15:24:11,219 - INFO -    9 | HOLD |    0.0333 | $   9316.76 | $   7368.28 | 0.314718
2025-06-08 15:24:11,219 - INFO -   10 | HOLD |    0.0003 | $   9319.15 | $   7368.28 | 0.314718
2025-06-08 15:24:11,219 - INFO -   11 | SELL |   -0.0031 | $   9290.50 | $   7830.59 | 0.236038
2025-06-08 15:24:11,219 - INFO -   12 | BUY  |   -0.0131 | $   9168.37 | $   5872.94 | 0.565228
2025-06-08 15:24:11,219 - INFO -   13 | BUY  |    0.0330 | $   9470.84 | $   4404.71 | 0.789570
2025-06-08 15:24:11,219 - INFO -   14 | HOLD |    0.0266 | $   9722.31 | $   4404.71 | 0.789570
2025-06-08 15:24:11,219 - INFO -   15 | SELL |   -0.0111 | $   9613.93 | $   5657.56 | 0.592178
2025-06-08 15:24:11,219 - INFO -   16 | BUY  |   -0.0007 | $   9607.15 | $   4243.17 | 0.798635
2025-06-08 15:24:11,219 - INFO -   17 | BUY  |   -0.0227 | $   9389.37 | $   3182.38 | 0.959380
2025-06-08 15:24:11,219 - INFO -   18 | BUY  |   -0.0249 | $   9155.42 | $   2386.78 | 1.084335
2025-06-08 15:24:11,219 - INFO -   19 | BUY  |   -0.0022 | $   8796.56 | $   1790.09 | 1.183118
2025-06-08 15:24:11,219 - INFO -   ...    ...      ...         ...          ...         ...
2025-06-08 15:24:11,220 - INFO - 1262 | SELL |   -0.0141 | $    633.54 | $    499.99 | 0.005105
2025-06-08 15:24:11,220 - INFO - 1263 | BUY  |   -0.0141 | $    630.51 | $    374.99 | 0.009809
2025-06-08 15:24:11,220 - INFO - 1264 | HOLD |   -0.0129 | $    630.12 | $    374.99 | 0.009809
2025-06-08 15:24:11,220 - INFO - 1265 | SELL |   -0.0133 | $    627.72 | $    435.78 | 0.007357
2025-06-08 15:24:11,220 - INFO - 1266 | SELL |   -0.0194 | $    625.44 | $    481.39 | 0.005518
2025-06-08 15:24:11,220 - INFO - 1267 | SELL |   -0.0087 | $    632.47 | $    517.73 | 0.004138
2025-06-08 15:24:11,220 - INFO - 1268 | HOLD |   -0.0083 | $    630.69 | $    517.73 | 0.004138
2025-06-08 15:24:11,220 - INFO - 1269 | HOLD |   -0.0086 | $    625.04 | $    517.73 | 0.004138
2025-06-08 15:24:11,220 - INFO - 1270 | SELL |   -0.0083 | $    623.17 | $    543.09 | 0.003104
2025-06-08 15:24:11,220 - INFO - 1271 | HOLD |   -0.0075 | $    623.38 | $    543.09 | 0.003104
2025-06-08 15:24:11,220 - INFO - 1272 | HOLD |   -0.0070 | $    623.69 | $    543.09 | 0.003104
2025-06-08 15:24:11,220 - INFO - 1273 | SELL |   -0.0068 | $    622.20 | $    562.11 | 0.002328
2025-06-08 15:24:11,220 - INFO - 1274 | SELL |   -0.0064 | $    621.38 | $    576.37 | 0.001746
2025-06-08 15:24:11,220 - INFO - 1275 | HOLD |   -0.0057 | $    621.33 | $    576.37 | 0.001746
2025-06-08 15:24:11,220 - INFO - 1276 | SELL |   -0.0052 | $    621.61 | $    587.25 | 0.001309
2025-06-08 15:24:11,220 - INFO - 1277 | BUY  |   -0.0053 | $    618.29 | $    440.44 | 0.006865
2025-06-08 15:24:11,220 - INFO - 1278 | BUY  |   -0.0054 | $    616.06 | $    330.33 | 0.011034
2025-06-08 15:24:11,220 - INFO - 1279 | HOLD |   -0.0051 | $    615.36 | $    330.33 | 0.011034
2025-06-08 15:24:11,220 - INFO - 1280 | BUY  |   -0.0053 | $    606.35 | $    247.74 | 0.014252
2025-06-08 15:24:11,220 - INFO - 1281 | BUY  |   -0.0032 | $    614.70 | $    185.81 | 0.016602
2025-06-08 15:24:11,220 - INFO - 
Action distribution for Episode 190:
2025-06-08 15:24:11,220 - INFO -   HOLD:  414 ( 32.3%)
2025-06-08 15:24:11,220 - INFO -   BUY:   427 ( 33.3%)
2025-06-08 15:24:11,220 - INFO -   SELL:  441 ( 34.4%)
2025-06-08 15:24:11,220 - INFO - ----------------------------------------------------------------------
2025-06-08 15:24:11,609 - INFO - Step 244000: Loss = 0.188263, Epsilon = 0.7647
2025-06-08 15:24:11,609 - INFO - Step 244000: Target network updated
2025-06-08 15:24:12,405 - INFO - Episode 191: Reward = -2.2721, Portfolio = $744.47, Return = -92.56%, Cash = $191.17, Crypto = 0.021418, Steps = 1282
2025-06-08 15:24:12,529 - INFO - Step 245000: Loss = 0.725250, Epsilon = 0.7637
2025-06-08 15:24:13,358 - INFO - Step 246000: Loss = 0.216322, Epsilon = 0.7627
2025-06-08 15:24:13,359 - INFO - Step 246000: Target network updated
2025-06-08 15:24:13,476 - INFO - Episode 192: Reward = -1.9507, Portfolio = $790.91, Return = -92.09%, Cash = $459.19, Crypto = 0.012841, Steps = 1282
2025-06-08 15:24:14,197 - INFO - Step 247000: Loss = 1.095615, Epsilon = 0.7618
2025-06-08 15:24:14,548 - INFO - Episode 193: Reward = -2.3804, Portfolio = $404.67, Return = -95.95%, Cash = $130.38, Crypto = 0.010618, Steps = 1282
2025-06-08 15:24:15,070 - INFO - Step 248000: Loss = 0.102967, Epsilon = 0.7608
2025-06-08 15:24:15,070 - INFO - Step 248000: Target network updated
2025-06-08 15:24:15,690 - INFO - Episode 194: Reward = -2.6465, Portfolio = $431.88, Return = -95.68%, Cash = $287.16, Crypto = 0.005602, Steps = 1282
2025-06-08 15:24:15,947 - INFO - Step 249000: Loss = 1.162722, Epsilon = 0.7598
2025-06-08 15:24:16,785 - INFO - Episode 195: Reward = -2.7071, Portfolio = $341.91, Return = -96.58%, Cash = $62.75, Crypto = 0.010806, Steps = 1282
2025-06-08 15:24:16,794 - INFO - Step 250000: Loss = 0.183036, Epsilon = 0.7589
2025-06-08 15:24:16,795 - INFO - Step 250000: Target network updated
2025-06-08 15:24:17,610 - INFO - Step 251000: Loss = 2.900865, Epsilon = 0.7579
2025-06-08 15:24:17,829 - INFO - Episode 196: Reward = -2.1027, Portfolio = $742.17, Return = -92.58%, Cash = $199.15, Crypto = 0.021020, Steps = 1282
2025-06-08 15:24:18,433 - INFO - Step 252000: Loss = 0.142093, Epsilon = 0.7569
2025-06-08 15:24:18,433 - INFO - Step 252000: Target network updated
2025-06-08 15:24:18,887 - INFO - Episode 197: Reward = -2.5570, Portfolio = $708.31, Return = -92.92%, Cash = $350.27, Crypto = 0.013860, Steps = 1282
2025-06-08 15:24:19,255 - INFO - Step 253000: Loss = 1.024321, Epsilon = 0.7560
2025-06-08 15:24:19,945 - INFO - Episode 198: Reward = -2.4174, Portfolio = $491.10, Return = -95.09%, Cash = $331.91, Crypto = 0.006162, Steps = 1282
2025-06-08 15:24:20,081 - INFO - Step 254000: Loss = 0.122724, Epsilon = 0.7550
2025-06-08 15:24:20,081 - INFO - Step 254000: Target network updated
2025-06-08 15:24:20,902 - INFO - Step 255000: Loss = 1.927413, Epsilon = 0.7540
2025-06-08 15:24:20,997 - INFO - Episode 199: Reward = -2.1374, Portfolio = $569.88, Return = -94.30%, Cash = $411.08, Crypto = 0.006147, Steps = 1282
2025-06-08 15:24:21,730 - INFO - Step 256000: Loss = 0.158047, Epsilon = 0.7531
2025-06-08 15:24:21,730 - INFO - Step 256000: Target network updated
2025-06-08 15:24:22,060 - INFO - Episode 200: Reward = -2.3364, Portfolio = $734.06, Return = -92.66%, Cash = $273.71, Crypto = 0.017820, Steps = 1282
2025-06-08 15:24:22,060 - INFO - Episode 200 Summary: Avg Reward (100 eps) = -2.1953, Avg Portfolio (100 eps) = $646.62, Epsilon = 0.753
2025-06-08 15:24:22,060 - INFO - 
Detailed steps for Episode 200:
2025-06-08 15:24:22,060 - INFO - Step | Action | Reward    | Portfolio   | Cash       | Crypto
2025-06-08 15:24:22,060 - INFO - ----------------------------------------------------------------------
2025-06-08 15:24:22,060 - INFO -    0 | HOLD |    0.0000 | $  10000.00 | $  10000.00 | 0.000000
2025-06-08 15:24:22,060 - INFO -    1 | SELL |   -0.0100 | $  10000.00 | $  10000.00 | 0.000000
2025-06-08 15:24:22,060 - INFO -    2 | BUY  |   -0.0049 | $   9950.98 | $   7500.00 | 0.493077
2025-06-08 15:24:22,060 - INFO -    3 | SELL |    0.0259 | $  10209.04 | $   8151.54 | 0.369808
2025-06-08 15:24:22,060 - INFO -    4 | SELL |   -0.0155 | $  10050.64 | $   8608.29 | 0.277356
2025-06-08 15:24:22,060 - INFO -    5 | HOLD |    0.0053 | $  10103.88 | $   8608.29 | 0.277356
2025-06-08 15:24:22,060 - INFO -    6 | HOLD |   -0.0104 | $   9999.08 | $   8608.29 | 0.277356
2025-06-08 15:24:22,060 - INFO -    7 | SELL |    0.0040 | $  10039.53 | $   8952.51 | 0.208017
2025-06-08 15:24:22,060 - INFO -    8 | BUY  |   -0.0041 | $   9998.31 | $   6714.38 | 0.626890
2025-06-08 15:24:22,060 - INFO -    9 | SELL |    0.0549 | $  10547.06 | $   7636.17 | 0.470168
2025-06-08 15:24:22,060 - INFO -   10 | HOLD |    0.0003 | $  10550.63 | $   7636.17 | 0.470168
2025-06-08 15:24:22,060 - INFO -   11 | SELL |   -0.0041 | $  10507.83 | $   8326.82 | 0.352626
2025-06-08 15:24:22,060 - INFO -   12 | SELL |   -0.0144 | $  10357.02 | $   8815.10 | 0.264469
2025-06-08 15:24:22,060 - INFO -   13 | BUY  |    0.0108 | $  10468.80 | $   6611.32 | 0.601199
2025-06-08 15:24:22,061 - INFO -   14 | HOLD |    0.0183 | $  10660.28 | $   6611.32 | 0.601199
2025-06-08 15:24:22,061 - INFO -   15 | BUY  |   -0.0061 | $  10595.56 | $   4958.49 | 0.843738
2025-06-08 15:24:22,061 - INFO -   16 | HOLD |    0.0028 | $  10625.41 | $   4958.49 | 0.843738
2025-06-08 15:24:22,061 - INFO -   17 | SELL |   -0.0260 | $  10349.07 | $   6254.96 | 0.632804
2025-06-08 15:24:22,061 - INFO -   18 | SELL |   -0.0187 | $  10155.67 | $   7193.11 | 0.474603
2025-06-08 15:24:22,061 - INFO -   19 | BUY  |   -0.0000 | $   9968.46 | $   5394.83 | 0.772307
2025-06-08 15:24:22,061 - INFO -   ...    ...      ...         ...          ...         ...
2025-06-08 15:24:22,061 - INFO - 1262 | HOLD |   -0.0075 | $    784.14 | $    623.99 | 0.006121
2025-06-08 15:24:22,061 - INFO - 1263 | HOLD |   -0.0075 | $    783.43 | $    623.99 | 0.006121
2025-06-08 15:24:22,061 - INFO - 1264 | SELL |   -0.0075 | $    781.20 | $    661.80 | 0.004591
2025-06-08 15:24:22,061 - INFO - 1265 | BUY  |   -0.0075 | $    778.33 | $    496.35 | 0.010808
2025-06-08 15:24:22,061 - INFO - 1266 | SELL |   -0.0091 | $    774.98 | $    563.37 | 0.008106
2025-06-08 15:24:22,061 - INFO - 1267 | BUY  |   -0.0063 | $    785.36 | $    422.52 | 0.013086
2025-06-08 15:24:22,061 - INFO - 1268 | SELL |   -0.0067 | $    775.27 | $    507.36 | 0.009815
2025-06-08 15:24:22,061 - INFO - 1269 | BUY  |   -0.0070 | $    759.38 | $    380.52 | 0.014610
2025-06-08 15:24:22,061 - INFO - 1270 | HOLD |   -0.0069 | $    757.47 | $    380.52 | 0.014610
2025-06-08 15:24:22,061 - INFO - 1271 | HOLD |   -0.0064 | $    758.46 | $    380.52 | 0.014610
2025-06-08 15:24:22,061 - INFO - 1272 | SELL |   -0.0064 | $    755.19 | $    470.63 | 0.010957
2025-06-08 15:24:22,061 - INFO - 1273 | SELL |   -0.0065 | $    749.94 | $    537.81 | 0.008218
2025-06-08 15:24:22,061 - INFO - 1274 | BUY  |   -0.0061 | $    747.03 | $    403.35 | 0.013331
2025-06-08 15:24:22,061 - INFO - 1275 | HOLD |   -0.0059 | $    746.68 | $    403.35 | 0.013331
2025-06-08 15:24:22,061 - INFO - 1276 | BUY  |   -0.0047 | $    751.19 | $    302.52 | 0.017099
2025-06-08 15:24:22,061 - INFO - 1277 | SELL |   -0.0052 | $    739.93 | $    407.72 | 0.012824
2025-06-08 15:24:22,061 - INFO - 1278 | SELL |   -0.0055 | $    735.65 | $    486.59 | 0.009618
2025-06-08 15:24:22,061 - INFO - 1279 | HOLD |   -0.0052 | $    735.04 | $    486.59 | 0.009618
2025-06-08 15:24:22,061 - INFO - 1280 | BUY  |   -0.0055 | $    726.22 | $    364.94 | 0.014358
2025-06-08 15:24:22,061 - INFO - 1281 | BUY  |   -0.0044 | $    734.06 | $    273.71 | 0.017820
2025-06-08 15:24:22,061 - INFO - 
Action distribution for Episode 200:
2025-06-08 15:24:22,061 - INFO -   HOLD:  434 ( 33.9%)
2025-06-08 15:24:22,061 - INFO -   BUY:   410 ( 32.0%)
2025-06-08 15:24:22,061 - INFO -   SELL:  438 ( 34.2%)
2025-06-08 15:24:22,061 - INFO - ----------------------------------------------------------------------
2025-06-08 15:24:22,561 - INFO - Step 257000: Loss = 0.968663, Epsilon = 0.7521
2025-06-08 15:24:23,140 - INFO - Episode 201: Reward = -2.2489, Portfolio = $653.54, Return = -93.46%, Cash = $148.58, Crypto = 0.019547, Steps = 1282
2025-06-08 15:24:23,411 - INFO - Step 258000: Loss = 0.195961, Epsilon = 0.7511
2025-06-08 15:24:23,412 - INFO - Step 258000: Target network updated
2025-06-08 15:24:24,206 - INFO - Episode 202: Reward = -2.1357, Portfolio = $957.68, Return = -90.42%, Cash = $528.85, Crypto = 0.016600, Steps = 1282
2025-06-08 15:24:24,238 - INFO - Step 259000: Loss = 0.621432, Epsilon = 0.7502
2025-06-08 15:24:25,064 - INFO - Step 260000: Loss = 0.111181, Epsilon = 0.7492
2025-06-08 15:24:25,064 - INFO - Step 260000: Target network updated
2025-06-08 15:24:25,263 - INFO - Episode 203: Reward = -2.0974, Portfolio = $1110.68, Return = -88.89%, Cash = $431.28, Crypto = 0.026299, Steps = 1282
2025-06-08 15:24:25,887 - INFO - Step 261000: Loss = 1.293407, Epsilon = 0.7483
2025-06-08 15:24:26,327 - INFO - Episode 204: Reward = -2.2068, Portfolio = $654.57, Return = -93.45%, Cash = $461.19, Crypto = 0.007485, Steps = 1282
2025-06-08 15:24:26,735 - INFO - Step 262000: Loss = 0.251212, Epsilon = 0.7473
2025-06-08 15:24:26,735 - INFO - Step 262000: Target network updated
2025-06-08 15:24:27,464 - INFO - Episode 205: Reward = -2.3653, Portfolio = $541.41, Return = -94.59%, Cash = $502.47, Crypto = 0.001507, Steps = 1282
2025-06-08 15:24:27,624 - INFO - Step 263000: Loss = 0.522697, Epsilon = 0.7463
2025-06-08 15:24:28,445 - INFO - Step 264000: Loss = 0.136615, Epsilon = 0.7454
2025-06-08 15:24:28,445 - INFO - Step 264000: Target network updated
2025-06-08 15:24:28,521 - INFO - Episode 206: Reward = -2.3226, Portfolio = $500.50, Return = -95.00%, Cash = $302.44, Crypto = 0.007667, Steps = 1282
2025-06-08 15:24:29,275 - INFO - Step 265000: Loss = 0.930840, Epsilon = 0.7444
2025-06-08 15:24:29,584 - INFO - Episode 207: Reward = -1.9032, Portfolio = $799.19, Return = -92.01%, Cash = $432.53, Crypto = 0.014193, Steps = 1282
2025-06-08 15:24:30,108 - INFO - Step 266000: Loss = 0.241765, Epsilon = 0.7434
2025-06-08 15:24:30,109 - INFO - Step 266000: Target network updated
2025-06-08 15:24:30,649 - INFO - Episode 208: Reward = -2.1564, Portfolio = $607.76, Return = -93.92%, Cash = $186.87, Crypto = 0.016292, Steps = 1282
2025-06-08 15:24:30,936 - INFO - Step 267000: Loss = 0.925348, Epsilon = 0.7425
2025-06-08 15:24:31,809 - INFO - Episode 209: Reward = -2.6378, Portfolio = $316.57, Return = -96.83%, Cash = $239.60, Crypto = 0.002980, Steps = 1282
2025-06-08 15:24:31,869 - INFO - Step 268000: Loss = 0.114047, Epsilon = 0.7415
2025-06-08 15:24:31,869 - INFO - Step 268000: Target network updated
2025-06-08 15:24:32,773 - INFO - Step 269000: Loss = 0.402220, Epsilon = 0.7405
2025-06-08 15:24:32,987 - INFO - Episode 210: Reward = -2.0788, Portfolio = $523.32, Return = -94.77%, Cash = $217.09, Crypto = 0.011854, Steps = 1282
2025-06-08 15:24:32,987 - INFO - Episode 210 Summary: Avg Reward (100 eps) = -2.1957, Avg Portfolio (100 eps) = $649.18, Epsilon = 0.740
2025-06-08 15:24:32,987 - INFO - 
Detailed steps for Episode 210:
2025-06-08 15:24:32,987 - INFO - Step | Action | Reward    | Portfolio   | Cash       | Crypto
2025-06-08 15:24:32,987 - INFO - ----------------------------------------------------------------------
2025-06-08 15:24:32,987 - INFO -    0 | SELL |   -0.0100 | $  10000.00 | $  10000.00 | 0.000000
2025-06-08 15:24:32,987 - INFO -    1 | BUY  |   -0.0049 | $   9950.98 | $   7500.00 | 0.309802
2025-06-08 15:24:32,987 - INFO -    2 | SELL |   -0.0935 | $   9020.71 | $   7865.74 | 0.232352
2025-06-08 15:24:32,987 - INFO -    3 | SELL |    0.0135 | $   9142.32 | $   8172.77 | 0.174264
2025-06-08 15:24:32,987 - INFO -    4 | HOLD |   -0.0069 | $   9079.00 | $   8172.77 | 0.174264
2025-06-08 15:24:32,987 - INFO -    5 | BUY  |   -0.0007 | $   9072.39 | $   6129.57 | 0.545742
2025-06-08 15:24:32,988 - INFO -    6 | BUY  |   -0.0260 | $   8836.14 | $   4597.18 | 0.845344
2025-06-08 15:24:32,988 - INFO -    7 | HOLD |    0.0202 | $   9014.64 | $   4597.18 | 0.845344
2025-06-08 15:24:32,988 - INFO -    8 | SELL |   -0.0049 | $   8970.11 | $   5648.90 | 0.634008
2025-06-08 15:24:32,988 - INFO -    9 | SELL |    0.0619 | $   9525.10 | $   6581.15 | 0.475506
2025-06-08 15:24:32,988 - INFO -   10 | SELL |   -0.0035 | $   9491.86 | $   7281.19 | 0.356630
2025-06-08 15:24:32,988 - INFO -   11 | HOLD |   -0.0005 | $   9486.97 | $   7281.19 | 0.356630
2025-06-08 15:24:32,988 - INFO -   12 | SELL |   -0.0161 | $   9334.44 | $   7775.01 | 0.267472
2025-06-08 15:24:32,988 - INFO -   13 | HOLD |    0.0168 | $   9491.20 | $   7775.01 | 0.267472
2025-06-08 15:24:32,988 - INFO -   14 | SELL |    0.0066 | $   9553.87 | $   8202.84 | 0.200604
2025-06-08 15:24:32,988 - INFO -   15 | SELL |   -0.0029 | $   9526.33 | $   8521.15 | 0.150453
2025-06-08 15:24:32,988 - INFO -   16 | BUY  |   -0.0038 | $   9489.89 | $   6390.86 | 0.461409
2025-06-08 15:24:32,988 - INFO -   17 | BUY  |   -0.0153 | $   9344.76 | $   4793.15 | 0.703517
2025-06-08 15:24:32,988 - INFO -   18 | HOLD |   -0.0171 | $   9184.63 | $   4793.15 | 0.703517
2025-06-08 15:24:32,988 - INFO -   19 | HOLD |   -0.0019 | $   8959.40 | $   4793.15 | 0.703517
2025-06-08 15:24:32,988 - INFO -   ...    ...      ...         ...          ...         ...
2025-06-08 15:24:32,988 - INFO - 1262 | BUY  |   -0.0046 | $    560.83 | $    139.35 | 0.016110
2025-06-08 15:24:32,988 - INFO - 1263 | HOLD |   -0.0046 | $    558.98 | $    139.35 | 0.016110
2025-06-08 15:24:32,988 - INFO - 1264 | BUY  |   -0.0047 | $    557.67 | $    104.51 | 0.017423
2025-06-08 15:24:32,988 - INFO - 1265 | BUY  |   -0.0045 | $    558.57 | $     78.38 | 0.018405
2025-06-08 15:24:32,988 - INFO - 1266 | HOLD |   -0.0047 | $    558.87 | $     78.38 | 0.018405
2025-06-08 15:24:32,988 - INFO - 1267 | BUY  |   -0.0019 | $    588.33 | $     58.79 | 0.019098
2025-06-08 15:24:32,988 - INFO - 1268 | HOLD |   -0.0020 | $    580.11 | $     58.79 | 0.019098
2025-06-08 15:24:32,988 - INFO - 1269 | HOLD |   -0.0029 | $    554.03 | $     58.79 | 0.019098
2025-06-08 15:24:32,988 - INFO - 1270 | BUY  |   -0.0030 | $    551.24 | $     44.09 | 0.019657
2025-06-08 15:24:32,988 - INFO - 1271 | HOLD |   -0.0029 | $    552.58 | $     44.09 | 0.019657
2025-06-08 15:24:32,988 - INFO - 1272 | SELL |   -0.0031 | $    548.18 | $    165.33 | 0.014742
2025-06-08 15:24:32,988 - INFO - 1273 | SELL |   -0.0032 | $    541.11 | $    255.71 | 0.011057
2025-06-08 15:24:32,988 - INFO - 1274 | BUY  |   -0.0030 | $    539.50 | $    191.78 | 0.013488
2025-06-08 15:24:32,988 - INFO - 1275 | SELL |   -0.0022 | $    534.79 | $    274.28 | 0.010116
2025-06-08 15:24:32,988 - INFO - 1276 | BUY  |   -0.0014 | $    538.38 | $    205.71 | 0.012678
2025-06-08 15:24:32,988 - INFO - 1277 | SELL |   -0.0019 | $    530.03 | $    283.71 | 0.009508
2025-06-08 15:24:32,988 - INFO - 1278 | SELL |   -0.0020 | $    526.86 | $    342.19 | 0.007131
2025-06-08 15:24:32,988 - INFO - 1279 | SELL |   -0.0021 | $    524.10 | $    385.94 | 0.005348
2025-06-08 15:24:32,988 - INFO - 1280 | BUY  |   -0.0024 | $    518.63 | $    289.45 | 0.009108
2025-06-08 15:24:32,988 - INFO - 1281 | BUY  |   -0.0023 | $    523.32 | $    217.09 | 0.011854
2025-06-08 15:24:32,988 - INFO - 
Action distribution for Episode 210:
2025-06-08 15:24:32,988 - INFO -   HOLD:  459 ( 35.8%)
2025-06-08 15:24:32,988 - INFO -   BUY:   428 ( 33.4%)
2025-06-08 15:24:32,988 - INFO -   SELL:  395 ( 30.8%)
2025-06-08 15:24:32,988 - INFO - ----------------------------------------------------------------------
2025-06-08 15:24:33,801 - INFO - Step 270000: Loss = 0.360771, Epsilon = 0.7396
2025-06-08 15:24:33,802 - INFO - Step 270000: Target network updated
2025-06-08 15:24:34,251 - INFO - Episode 211: Reward = -2.4802, Portfolio = $453.93, Return = -95.46%, Cash = $122.23, Crypto = 0.012840, Steps = 1282
2025-06-08 15:24:34,767 - INFO - Step 271000: Loss = 0.364598, Epsilon = 0.7386
2025-06-08 15:24:35,586 - INFO - Episode 212: Reward = -2.2723, Portfolio = $347.94, Return = -96.52%, Cash = $149.68, Crypto = 0.007675, Steps = 1282
2025-06-08 15:24:35,817 - INFO - Step 272000: Loss = 0.116333, Epsilon = 0.7376
2025-06-08 15:24:35,817 - INFO - Step 272000: Target network updated
2025-06-08 15:24:36,807 - INFO - Step 273000: Loss = 0.689616, Epsilon = 0.7367
2025-06-08 15:24:36,865 - INFO - Episode 213: Reward = -2.4338, Portfolio = $529.52, Return = -94.70%, Cash = $242.54, Crypto = 0.011109, Steps = 1282
2025-06-08 15:24:37,757 - INFO - Step 274000: Loss = 0.177563, Epsilon = 0.7357
2025-06-08 15:24:37,757 - INFO - Step 274000: Target network updated
2025-06-08 15:24:38,068 - INFO - Episode 214: Reward = -2.1002, Portfolio = $1014.08, Return = -89.86%, Cash = $171.43, Crypto = 0.032619, Steps = 1282
2025-06-08 15:24:38,615 - INFO - Step 275000: Loss = 1.037232, Epsilon = 0.7348
2025-06-08 15:24:39,133 - INFO - Episode 215: Reward = -2.1790, Portfolio = $565.44, Return = -94.35%, Cash = $441.61, Crypto = 0.004793, Steps = 1282
2025-06-08 15:24:39,466 - INFO - Step 276000: Loss = 0.206244, Epsilon = 0.7338
2025-06-08 15:24:39,467 - INFO - Step 276000: Target network updated
2025-06-08 15:24:40,221 - INFO - Episode 216: Reward = -2.1389, Portfolio = $467.77, Return = -95.32%, Cash = $206.27, Crypto = 0.010123, Steps = 1282
2025-06-08 15:24:40,302 - INFO - Step 277000: Loss = 0.635830, Epsilon = 0.7328
2025-06-08 15:24:41,130 - INFO - Step 278000: Loss = 0.271252, Epsilon = 0.7319
2025-06-08 15:24:41,130 - INFO - Step 278000: Target network updated
2025-06-08 15:24:41,290 - INFO - Episode 217: Reward = -2.1053, Portfolio = $893.34, Return = -91.07%, Cash = $573.46, Crypto = 0.012383, Steps = 1282
2025-06-08 15:24:42,020 - INFO - Step 279000: Loss = 0.447965, Epsilon = 0.7309
2025-06-08 15:24:42,444 - INFO - Episode 218: Reward = -2.0312, Portfolio = $631.93, Return = -93.68%, Cash = $371.11, Crypto = 0.010096, Steps = 1282
2025-06-08 15:24:42,902 - INFO - Step 280000: Loss = 0.053257, Epsilon = 0.7299
2025-06-08 15:24:42,902 - INFO - Step 280000: Target network updated
2025-06-08 15:24:43,569 - INFO - Episode 219: Reward = -2.1516, Portfolio = $448.71, Return = -95.51%, Cash = $290.19, Crypto = 0.006136, Steps = 1282
2025-06-08 15:24:43,773 - INFO - Step 281000: Loss = 0.543420, Epsilon = 0.7290
2025-06-08 15:24:44,647 - INFO - Step 282000: Loss = 0.176037, Epsilon = 0.7280
2025-06-08 15:24:44,648 - INFO - Step 282000: Target network updated
2025-06-08 15:24:44,681 - INFO - Episode 220: Reward = -2.4391, Portfolio = $544.68, Return = -94.55%, Cash = $82.66, Crypto = 0.017884, Steps = 1282
2025-06-08 15:24:44,681 - INFO - Episode 220 Summary: Avg Reward (100 eps) = -2.1936, Avg Portfolio (100 eps) = $646.98, Epsilon = 0.728
2025-06-08 15:24:44,681 - INFO - 
Detailed steps for Episode 220:
2025-06-08 15:24:44,681 - INFO - Step | Action | Reward    | Portfolio   | Cash       | Crypto
2025-06-08 15:24:44,681 - INFO - ----------------------------------------------------------------------
2025-06-08 15:24:44,681 - INFO -    0 | HOLD |    0.0000 | $  10000.00 | $  10000.00 | 0.000000
2025-06-08 15:24:44,681 - INFO -    1 | BUY  |   -0.0049 | $   9950.98 | $   7500.00 | 0.309802
2025-06-08 15:24:44,681 - INFO -    2 | HOLD |   -0.0916 | $   9039.96 | $   7500.00 | 0.309802
2025-06-08 15:24:44,681 - INFO -    3 | BUY  |    0.0163 | $   9186.89 | $   5625.00 | 0.640200
2025-06-08 15:24:44,681 - INFO -    4 | BUY  |   -0.0283 | $   8926.70 | $   4218.75 | 0.905311
2025-06-08 15:24:44,681 - INFO -    5 | BUY  |    0.0172 | $   9079.79 | $   3164.06 | 1.097067
2025-06-08 15:24:44,681 - INFO -    6 | SELL |   -0.0532 | $   8596.52 | $   4470.60 | 0.822800
2025-06-08 15:24:44,681 - INFO -    7 | SELL |    0.0140 | $   8716.51 | $   5491.77 | 0.617100
2025-06-08 15:24:44,681 - INFO -    8 | HOLD |    0.0009 | $   8724.41 | $   5491.77 | 0.617100
2025-06-08 15:24:44,681 - INFO -    9 | HOLD |    0.0674 | $   9312.36 | $   5491.77 | 0.617100
2025-06-08 15:24:44,681 - INFO -   10 | HOLD |    0.0005 | $   9317.04 | $   5491.77 | 0.617100
2025-06-08 15:24:44,681 - INFO -   11 | HOLD |   -0.0009 | $   9308.58 | $   5491.77 | 0.617100
2025-06-08 15:24:44,681 - INFO -   12 | BUY  |   -0.0264 | $   9062.70 | $   4118.83 | 0.847969
2025-06-08 15:24:44,681 - INFO -   13 | BUY  |    0.0526 | $   9539.47 | $   3089.12 | 1.005305
2025-06-08 15:24:44,681 - INFO -   14 | SELL |    0.0247 | $   9775.02 | $   4697.12 | 0.753978
2025-06-08 15:24:44,681 - INFO -   15 | SELL |   -0.0106 | $   9671.53 | $   5893.50 | 0.565484
2025-06-08 15:24:44,681 - INFO -   16 | HOLD |    0.0021 | $   9691.54 | $   5893.50 | 0.565484
2025-06-08 15:24:44,681 - INFO -   17 | HOLD |   -0.0144 | $   9552.06 | $   5893.50 | 0.565484
2025-06-08 15:24:44,681 - INFO -   18 | HOLD |   -0.0135 | $   9423.36 | $   5893.50 | 0.565484
2025-06-08 15:24:44,681 - INFO -   19 | SELL |   -0.0011 | $   9200.46 | $   6688.84 | 0.424113
2025-06-08 15:24:44,681 - INFO -   ...    ...      ...         ...          ...         ...
2025-06-08 15:24:44,681 - INFO - 1262 | SELL |   -0.0071 | $    573.83 | $    376.78 | 0.007532
2025-06-08 15:24:44,681 - INFO - 1263 | BUY  |   -0.0070 | $    571.12 | $    282.58 | 0.011077
2025-06-08 15:24:44,681 - INFO - 1264 | SELL |   -0.0075 | $    567.08 | $    351.01 | 0.008308
2025-06-08 15:24:44,681 - INFO - 1265 | SELL |   -0.0081 | $    565.05 | $    402.49 | 0.006231
2025-06-08 15:24:44,681 - INFO - 1266 | BUY  |   -0.0090 | $    563.18 | $    301.86 | 0.010010
2025-06-08 15:24:44,681 - INFO - 1267 | BUY  |   -0.0047 | $    577.92 | $    226.40 | 0.012678
2025-06-08 15:24:44,681 - INFO - 1268 | HOLD |   -0.0046 | $    572.47 | $    226.40 | 0.012678
2025-06-08 15:24:44,681 - INFO - 1269 | HOLD |   -0.0054 | $    555.16 | $    226.40 | 0.012678
2025-06-08 15:24:44,681 - INFO - 1270 | BUY  |   -0.0053 | $    552.39 | $    169.80 | 0.014829
2025-06-08 15:24:44,681 - INFO - 1271 | HOLD |   -0.0049 | $    553.40 | $    169.80 | 0.014829
2025-06-08 15:24:44,681 - INFO - 1272 | SELL |   -0.0051 | $    550.08 | $    261.26 | 0.011122
2025-06-08 15:24:44,682 - INFO - 1273 | HOLD |   -0.0052 | $    548.33 | $    261.26 | 0.011122
2025-06-08 15:24:44,682 - INFO - 1274 | HOLD |   -0.0049 | $    547.97 | $    261.26 | 0.011122
2025-06-08 15:24:44,682 - INFO - 1275 | HOLD |   -0.0041 | $    547.67 | $    261.26 | 0.011122
2025-06-08 15:24:44,682 - INFO - 1276 | BUY  |   -0.0031 | $    551.81 | $    195.94 | 0.013562
2025-06-08 15:24:44,682 - INFO - 1277 | HOLD |   -0.0036 | $    547.27 | $    195.94 | 0.013562
2025-06-08 15:24:44,682 - INFO - 1278 | BUY  |   -0.0036 | $    546.18 | $    146.96 | 0.015416
2025-06-08 15:24:44,682 - INFO - 1279 | BUY  |   -0.0035 | $    544.48 | $    110.22 | 0.016811
2025-06-08 15:24:44,682 - INFO - 1280 | BUY  |   -0.0040 | $    532.68 | $     82.66 | 0.017884
2025-06-08 15:24:44,682 - INFO - 1281 | HOLD |   -0.0026 | $    544.68 | $     82.66 | 0.017884
2025-06-08 15:24:44,682 - INFO - 
Action distribution for Episode 220:
2025-06-08 15:24:44,682 - INFO -   HOLD:  408 ( 31.8%)
2025-06-08 15:24:44,682 - INFO -   BUY:   427 ( 33.3%)
2025-06-08 15:24:44,682 - INFO -   SELL:  447 ( 34.9%)
2025-06-08 15:24:44,682 - INFO - ----------------------------------------------------------------------
2025-06-08 15:24:45,535 - INFO - Step 283000: Loss = 0.411072, Epsilon = 0.7270
2025-06-08 15:24:45,815 - INFO - Episode 221: Reward = -2.3205, Portfolio = $406.66, Return = -95.93%, Cash = $169.54, Crypto = 0.009179, Steps = 1282
2025-06-08 15:24:46,388 - INFO - Step 284000: Loss = 0.073314, Epsilon = 0.7261
2025-06-08 15:24:46,389 - INFO - Step 284000: Target network updated
2025-06-08 15:24:46,888 - INFO - Episode 222: Reward = -2.4384, Portfolio = $626.44, Return = -93.74%, Cash = $186.70, Crypto = 0.017022, Steps = 1282
2025-06-08 15:24:47,218 - INFO - Step 285000: Loss = 0.340937, Epsilon = 0.7251
2025-06-08 15:24:48,009 - INFO - Episode 223: Reward = -2.0147, Portfolio = $510.08, Return = -94.90%, Cash = $71.81, Crypto = 0.016965, Steps = 1282
2025-06-08 15:24:48,109 - INFO - Step 286000: Loss = 0.259847, Epsilon = 0.7241
2025-06-08 15:24:48,109 - INFO - Step 286000: Target network updated
2025-06-08 15:24:48,941 - INFO - Step 287000: Loss = 1.110567, Epsilon = 0.7232
2025-06-08 15:24:49,079 - INFO - Episode 224: Reward = -2.1103, Portfolio = $588.99, Return = -94.11%, Cash = $262.09, Crypto = 0.012654, Steps = 1282
2025-06-08 15:24:49,773 - INFO - Step 288000: Loss = 0.273283, Epsilon = 0.7222
2025-06-08 15:24:49,774 - INFO - Step 288000: Target network updated
2025-06-08 15:24:50,173 - INFO - Episode 225: Reward = -2.3684, Portfolio = $743.78, Return = -92.56%, Cash = $363.24, Crypto = 0.014731, Steps = 1282
2025-06-08 15:24:50,673 - INFO - Step 289000: Loss = 0.488457, Epsilon = 0.7212
2025-06-08 15:24:51,347 - INFO - Episode 226: Reward = -1.8506, Portfolio = $691.09, Return = -93.09%, Cash = $70.03, Crypto = 0.024041, Steps = 1282
2025-06-08 15:24:51,588 - INFO - Step 290000: Loss = 0.151649, Epsilon = 0.7203
2025-06-08 15:24:51,588 - INFO - Step 290000: Target network updated
2025-06-08 15:24:52,426 - INFO - Step 291000: Loss = 0.699962, Epsilon = 0.7193
2025-06-08 15:24:52,436 - INFO - Episode 227: Reward = -2.1236, Portfolio = $592.27, Return = -94.08%, Cash = $324.00, Crypto = 0.010385, Steps = 1282
2025-06-08 15:24:53,281 - INFO - Step 292000: Loss = 0.102967, Epsilon = 0.7184
2025-06-08 15:24:53,281 - INFO - Step 292000: Target network updated
2025-06-08 15:24:53,552 - INFO - Episode 228: Reward = -2.0662, Portfolio = $1569.55, Return = -84.30%, Cash = $412.08, Crypto = 0.044805, Steps = 1282
2025-06-08 15:24:54,134 - INFO - Step 293000: Loss = 0.584989, Epsilon = 0.7174
2025-06-08 15:24:54,617 - INFO - Episode 229: Reward = -2.2480, Portfolio = $535.51, Return = -94.64%, Cash = $278.52, Crypto = 0.009948, Steps = 1282
2025-06-08 15:24:54,971 - INFO - Step 294000: Loss = 0.120734, Epsilon = 0.7164
2025-06-08 15:24:54,971 - INFO - Step 294000: Target network updated
2025-06-08 15:24:55,691 - INFO - Episode 230: Reward = -1.9843, Portfolio = $647.46, Return = -93.53%, Cash = $198.03, Crypto = 0.017397, Steps = 1282
2025-06-08 15:24:55,691 - INFO - Episode 230 Summary: Avg Reward (100 eps) = -2.1968, Avg Portfolio (100 eps) = $650.04, Epsilon = 0.716
2025-06-08 15:24:55,691 - INFO - 
Detailed steps for Episode 230:
2025-06-08 15:24:55,691 - INFO - Step | Action | Reward    | Portfolio   | Cash       | Crypto
2025-06-08 15:24:55,691 - INFO - ----------------------------------------------------------------------
2025-06-08 15:24:55,691 - INFO -    0 | HOLD |    0.0000 | $  10000.00 | $  10000.00 | 0.000000
2025-06-08 15:24:55,691 - INFO -    1 | SELL |   -0.0100 | $  10000.00 | $  10000.00 | 0.000000
2025-06-08 15:24:55,691 - INFO -    2 | BUY  |   -0.0049 | $   9950.98 | $   7500.00 | 0.493077
2025-06-08 15:24:55,691 - INFO -    3 | HOLD |    0.0294 | $  10243.33 | $   7500.00 | 0.493077
2025-06-08 15:24:55,691 - INFO -    4 | SELL |   -0.0206 | $  10032.13 | $   8108.99 | 0.369808
2025-06-08 15:24:55,691 - INFO -    5 | BUY  |    0.0031 | $  10063.36 | $   6081.74 | 0.738387
2025-06-08 15:24:55,691 - INFO -    6 | BUY  |   -0.0307 | $   9754.56 | $   4561.31 | 1.035651
2025-06-08 15:24:55,691 - INFO -    7 | BUY  |    0.0201 | $   9950.88 | $   3420.98 | 1.249591
2025-06-08 15:24:55,692 - INFO -    8 | HOLD |    0.0016 | $   9966.88 | $   3420.98 | 1.249591
2025-06-08 15:24:55,692 - INFO -    9 | SELL |    0.1097 | $  11060.73 | $   5258.39 | 0.937193
2025-06-08 15:24:55,692 - INFO -   10 | SELL |   -0.0059 | $  10995.22 | $   6638.13 | 0.702895
2025-06-08 15:24:55,692 - INFO -   11 | HOLD |   -0.0009 | $  10985.58 | $   6638.13 | 0.702895
2025-06-08 15:24:55,692 - INFO -   12 | HOLD |   -0.0227 | $  10736.19 | $   6638.13 | 0.702895
2025-06-08 15:24:55,692 - INFO -   13 | SELL |    0.0331 | $  11091.75 | $   7709.26 | 0.527171
2025-06-08 15:24:55,692 - INFO -   14 | BUY  |    0.0117 | $  11221.86 | $   5781.94 | 0.807732
2025-06-08 15:24:55,692 - INFO -   15 | BUY  |   -0.0064 | $  11150.11 | $   4336.46 | 1.019846
2025-06-08 15:24:55,692 - INFO -   16 | SELL |   -0.0044 | $  11100.57 | $   5963.27 | 0.764884
2025-06-08 15:24:55,692 - INFO -   17 | SELL |   -0.0226 | $  10850.06 | $   7138.57 | 0.573663
2025-06-08 15:24:55,692 - INFO -   18 | BUY  |   -0.0153 | $  10684.50 | $   5353.93 | 0.853957
2025-06-08 15:24:55,692 - INFO -   19 | HOLD |    0.0008 | $  10411.10 | $   5353.93 | 0.853957
2025-06-08 15:24:55,692 - INFO -   ...    ...      ...         ...          ...         ...
2025-06-08 15:24:55,692 - INFO - 1262 | HOLD |   -0.0052 | $    683.51 | $    454.26 | 0.008763
2025-06-08 15:24:55,692 - INFO - 1263 | SELL |   -0.0054 | $    679.65 | $    508.47 | 0.006572
2025-06-08 15:24:55,692 - INFO - 1264 | SELL |   -0.0056 | $    677.26 | $    549.06 | 0.004929
2025-06-08 15:24:55,692 - INFO - 1265 | HOLD |   -0.0058 | $    677.66 | $    549.06 | 0.004929
2025-06-08 15:24:55,692 - INFO - 1266 | BUY  |   -0.0071 | $    675.05 | $    411.80 | 0.010084
2025-06-08 15:24:55,692 - INFO - 1267 | HOLD |   -0.0043 | $    691.40 | $    411.80 | 0.010084
2025-06-08 15:24:55,692 - INFO - 1268 | BUY  |   -0.0046 | $    685.04 | $    308.85 | 0.013781
2025-06-08 15:24:55,692 - INFO - 1269 | HOLD |   -0.0053 | $    666.22 | $    308.85 | 0.013781
2025-06-08 15:24:55,692 - INFO - 1270 | BUY  |   -0.0053 | $    662.90 | $    231.64 | 0.016715
2025-06-08 15:24:55,692 - INFO - 1271 | HOLD |   -0.0049 | $    664.04 | $    231.64 | 0.016715
2025-06-08 15:24:55,692 - INFO - 1272 | BUY  |   -0.0047 | $    664.59 | $    173.73 | 0.018902
2025-06-08 15:24:55,692 - INFO - 1273 | BUY  |   -0.0047 | $    660.77 | $    130.30 | 0.020551
2025-06-08 15:24:55,692 - INFO - 1274 | HOLD |   -0.0044 | $    660.10 | $    130.30 | 0.020551
2025-06-08 15:24:55,692 - INFO - 1275 | SELL |   -0.0041 | $    652.94 | $    255.99 | 0.015413
2025-06-08 15:24:55,692 - INFO - 1276 | SELL |   -0.0031 | $    655.39 | $    352.05 | 0.011560
2025-06-08 15:24:55,692 - INFO - 1277 | HOLD |   -0.0033 | $    651.52 | $    352.05 | 0.011560
2025-06-08 15:24:55,692 - INFO - 1278 | BUY  |   -0.0036 | $    649.68 | $    264.04 | 0.014892
2025-06-08 15:24:55,692 - INFO - 1279 | BUY  |   -0.0037 | $    647.44 | $    198.03 | 0.017397
2025-06-08 15:24:55,692 - INFO - 1280 | HOLD |   -0.0040 | $    635.79 | $    198.03 | 0.017397
2025-06-08 15:24:55,692 - INFO - 1281 | HOLD |   -0.0027 | $    647.46 | $    198.03 | 0.017397
2025-06-08 15:24:55,692 - INFO - 
Action distribution for Episode 230:
2025-06-08 15:24:55,692 - INFO -   HOLD:  404 ( 31.5%)
2025-06-08 15:24:55,692 - INFO -   BUY:   410 ( 32.0%)
2025-06-08 15:24:55,692 - INFO -   SELL:  468 ( 36.5%)
2025-06-08 15:24:55,692 - INFO - ----------------------------------------------------------------------
2025-06-08 15:24:55,815 - INFO - Step 295000: Loss = 0.564797, Epsilon = 0.7155
2025-06-08 15:24:56,729 - INFO - Step 296000: Loss = 0.070556, Epsilon = 0.7145
2025-06-08 15:24:56,730 - INFO - Step 296000: Target network updated
2025-06-08 15:24:56,864 - INFO - Episode 231: Reward = -2.4146, Portfolio = $596.74, Return = -94.03%, Cash = $268.99, Crypto = 0.012687, Steps = 1282
2025-06-08 15:24:57,665 - INFO - Step 297000: Loss = 0.325394, Epsilon = 0.7135
2025-06-08 15:24:58,050 - INFO - Episode 232: Reward = -1.9028, Portfolio = $759.66, Return = -92.40%, Cash = $265.55, Crypto = 0.019127, Steps = 1282
2025-06-08 15:24:58,580 - INFO - Step 298000: Loss = 0.165373, Epsilon = 0.7126
2025-06-08 15:24:58,580 - INFO - Step 298000: Target network updated
2025-06-08 15:24:59,206 - INFO - Episode 233: Reward = -2.2864, Portfolio = $598.98, Return = -94.01%, Cash = $16.77, Crypto = 0.022537, Steps = 1282
2025-06-08 15:24:59,481 - INFO - Step 299000: Loss = 1.520038, Epsilon = 0.7116
2025-06-08 15:25:00,382 - INFO - Episode 234: Reward = -2.2699, Portfolio = $441.25, Return = -95.59%, Cash = $163.69, Crypto = 0.010745, Steps = 1282
2025-06-08 15:25:00,395 - INFO - Step 300000: Loss = 0.146970, Epsilon = 0.7106
2025-06-08 15:25:00,395 - INFO - Step 300000: Target network updated
2025-06-08 15:25:01,242 - INFO - Step 301000: Loss = 0.139119, Epsilon = 0.7097
2025-06-08 15:25:01,466 - INFO - Episode 235: Reward = -2.3265, Portfolio = $419.34, Return = -95.81%, Cash = $206.22, Crypto = 0.008250, Steps = 1282
2025-06-08 15:25:02,088 - INFO - Step 302000: Loss = 0.126576, Epsilon = 0.7087
2025-06-08 15:25:02,088 - INFO - Step 302000: Target network updated
2025-06-08 15:25:02,552 - INFO - Episode 236: Reward = -2.1365, Portfolio = $890.02, Return = -91.10%, Cash = $393.21, Crypto = 0.019231, Steps = 1282
2025-06-08 15:25:02,925 - INFO - Step 303000: Loss = 0.381012, Epsilon = 0.7077
2025-06-08 15:25:03,651 - INFO - Episode 237: Reward = -2.4005, Portfolio = $535.31, Return = -94.65%, Cash = $138.19, Crypto = 0.015372, Steps = 1282
2025-06-08 15:25:03,796 - INFO - Step 304000: Loss = 0.079771, Epsilon = 0.7068
2025-06-08 15:25:03,796 - INFO - Step 304000: Target network updated
2025-06-08 15:25:04,699 - INFO - Step 305000: Loss = 0.471183, Epsilon = 0.7058
2025-06-08 15:25:04,803 - INFO - Episode 238: Reward = -2.2689, Portfolio = $525.30, Return = -94.75%, Cash = $212.45, Crypto = 0.012111, Steps = 1282
2025-06-08 15:25:05,625 - INFO - Step 306000: Loss = 0.436816, Epsilon = 0.7049
2025-06-08 15:25:05,625 - INFO - Step 306000: Target network updated
2025-06-08 15:25:05,974 - INFO - Episode 239: Reward = -2.0939, Portfolio = $501.66, Return = -94.98%, Cash = $230.93, Crypto = 0.010480, Steps = 1282
2025-06-08 15:25:06,546 - INFO - Step 307000: Loss = 0.448661, Epsilon = 0.7039
2025-06-08 15:25:07,117 - INFO - Episode 240: Reward = -2.3375, Portfolio = $596.39, Return = -94.04%, Cash = $303.15, Crypto = 0.011351, Steps = 1282
2025-06-08 15:25:07,117 - INFO - Episode 240 Summary: Avg Reward (100 eps) = -2.2098, Avg Portfolio (100 eps) = $626.46, Epsilon = 0.703
2025-06-08 15:25:07,117 - INFO - 
Detailed steps for Episode 240:
2025-06-08 15:25:07,117 - INFO - Step | Action | Reward    | Portfolio   | Cash       | Crypto
2025-06-08 15:25:07,117 - INFO - ----------------------------------------------------------------------
2025-06-08 15:25:07,117 - INFO -    0 | SELL |   -0.0100 | $  10000.00 | $  10000.00 | 0.000000
2025-06-08 15:25:07,117 - INFO -    1 | BUY  |   -0.0049 | $   9950.98 | $   7500.00 | 0.309802
2025-06-08 15:25:07,117 - INFO -    2 | HOLD |   -0.0916 | $   9039.96 | $   7500.00 | 0.309802
2025-06-08 15:25:07,117 - INFO -    3 | HOLD |    0.0203 | $   9223.65 | $   7500.00 | 0.309802
2025-06-08 15:25:07,117 - INFO -    4 | BUY  |   -0.0162 | $   9074.32 | $   5625.00 | 0.663284
2025-06-08 15:25:07,117 - INFO -    5 | HOLD |    0.0140 | $   9201.64 | $   5625.00 | 0.663284
2025-06-08 15:25:07,117 - INFO -    6 | SELL |   -0.0318 | $   8909.45 | $   6414.93 | 0.497463
2025-06-08 15:25:07,117 - INFO -    7 | SELL |    0.0081 | $   8982.00 | $   7032.33 | 0.373097
2025-06-08 15:25:07,117 - INFO -    8 | SELL |   -0.0022 | $   8962.34 | $   7496.51 | 0.279823
2025-06-08 15:25:07,117 - INFO -    9 | SELL |    0.0273 | $   9207.29 | $   7907.96 | 0.209867
2025-06-08 15:25:07,117 - INFO -   10 | SELL |   -0.0016 | $   9192.62 | $   8216.93 | 0.157400
2025-06-08 15:25:07,117 - INFO -   11 | HOLD |   -0.0002 | $   9190.46 | $   8216.93 | 0.157400
2025-06-08 15:25:07,117 - INFO -   12 | SELL |   -0.0073 | $   9123.14 | $   8434.88 | 0.118050
2025-06-08 15:25:07,117 - INFO -   13 | HOLD |    0.0076 | $   9192.33 | $   8434.88 | 0.118050
2025-06-08 15:25:07,117 - INFO -   14 | SELL |    0.0030 | $   9219.99 | $   8623.70 | 0.088538
2025-06-08 15:25:07,117 - INFO -   15 | BUY  |   -0.0051 | $   9172.96 | $   6467.78 | 0.404903
2025-06-08 15:25:07,117 - INFO -   16 | BUY  |   -0.0019 | $   9155.58 | $   4850.83 | 0.640926
2025-06-08 15:25:07,117 - INFO -   17 | SELL |   -0.0229 | $   8945.66 | $   5835.67 | 0.480695
2025-06-08 15:25:07,117 - INFO -   18 | HOLD |   -0.0122 | $   8836.26 | $   5835.67 | 0.480695
2025-06-08 15:25:07,117 - INFO -   19 | HOLD |   -0.0029 | $   8682.36 | $   5835.67 | 0.480695
2025-06-08 15:25:07,117 - INFO -   ...    ...      ...         ...          ...         ...
2025-06-08 15:25:07,117 - INFO - 1262 | SELL |   -0.0087 | $    631.92 | $    457.70 | 0.006659
2025-06-08 15:25:07,117 - INFO - 1263 | BUY  |   -0.0085 | $    628.92 | $    343.27 | 0.010966
2025-06-08 15:25:07,117 - INFO - 1264 | BUY  |   -0.0086 | $    626.80 | $    257.45 | 0.014201
2025-06-08 15:25:07,117 - INFO - 1265 | BUY  |   -0.0081 | $    626.69 | $    193.09 | 0.016620
2025-06-08 15:25:07,117 - INFO - 1266 | SELL |   -0.0111 | $    621.54 | $    296.14 | 0.012465
2025-06-08 15:25:07,117 - INFO - 1267 | SELL |   -0.0049 | $    637.43 | $    378.22 | 0.009349
2025-06-08 15:25:07,117 - INFO - 1268 | SELL |   -0.0053 | $    630.22 | $    438.83 | 0.007011
2025-06-08 15:25:07,117 - INFO - 1269 | HOLD |   -0.0056 | $    620.65 | $    438.83 | 0.007011
2025-06-08 15:25:07,117 - INFO - 1270 | SELL |   -0.0056 | $    617.47 | $    481.79 | 0.005259
2025-06-08 15:25:07,117 - INFO - 1271 | BUY  |   -0.0054 | $    615.46 | $    361.34 | 0.009823
2025-06-08 15:25:07,117 - INFO - 1272 | SELL |   -0.0055 | $    613.27 | $    421.93 | 0.007368
2025-06-08 15:25:07,117 - INFO - 1273 | BUY  |   -0.0053 | $    610.04 | $    316.45 | 0.011374
2025-06-08 15:25:07,117 - INFO - 1274 | BUY  |   -0.0050 | $    608.12 | $    237.34 | 0.014383
2025-06-08 15:25:07,118 - INFO - 1275 | BUY  |   -0.0044 | $    606.57 | $    178.00 | 0.016641
2025-06-08 15:25:07,118 - INFO - 1276 | HOLD |   -0.0027 | $    614.67 | $    178.00 | 0.016641
2025-06-08 15:25:07,118 - INFO - 1277 | SELL |   -0.0032 | $    603.72 | $    280.39 | 0.012481
2025-06-08 15:25:07,118 - INFO - 1278 | BUY  |   -0.0034 | $    602.22 | $    210.29 | 0.015135
2025-06-08 15:25:07,118 - INFO - 1279 | HOLD |   -0.0033 | $    601.26 | $    210.29 | 0.015135
2025-06-08 15:25:07,118 - INFO - 1280 | HOLD |   -0.0036 | $    591.13 | $    210.29 | 0.015135
2025-06-08 15:25:07,118 - INFO - 1281 | SELL |   -0.0034 | $    596.39 | $    303.15 | 0.011351
2025-06-08 15:25:07,118 - INFO - 
Action distribution for Episode 240:
2025-06-08 15:25:07,118 - INFO -   HOLD:  408 ( 31.8%)
2025-06-08 15:25:07,118 - INFO -   BUY:   426 ( 33.2%)
2025-06-08 15:25:07,118 - INFO -   SELL:  448 ( 34.9%)
2025-06-08 15:25:07,118 - INFO - ----------------------------------------------------------------------
2025-06-08 15:25:07,448 - INFO - Step 308000: Loss = 0.063791, Epsilon = 0.7029
2025-06-08 15:25:07,448 - INFO - Step 308000: Target network updated
2025-06-08 15:25:08,317 - INFO - Episode 241: Reward = -2.1865, Portfolio = $536.19, Return = -94.64%, Cash = $406.23, Crypto = 0.005031, Steps = 1282
2025-06-08 15:25:08,357 - INFO - Step 309000: Loss = 0.462320, Epsilon = 0.7020
2025-06-08 15:25:09,287 - INFO - Step 310000: Loss = 0.106476, Epsilon = 0.7010
2025-06-08 15:25:09,287 - INFO - Step 310000: Target network updated
2025-06-08 15:25:09,494 - INFO - Episode 242: Reward = -1.9527, Portfolio = $687.26, Return = -93.13%, Cash = $492.55, Crypto = 0.007537, Steps = 1282
2025-06-08 15:25:10,174 - INFO - Step 311000: Loss = 0.354269, Epsilon = 0.7000
2025-06-08 15:25:10,610 - INFO - Episode 243: Reward = -1.8759, Portfolio = $1224.08, Return = -87.76%, Cash = $684.33, Crypto = 0.020893, Steps = 1282
2025-06-08 15:25:11,022 - INFO - Step 312000: Loss = 0.104142, Epsilon = 0.6991
2025-06-08 15:25:11,022 - INFO - Step 312000: Target network updated
2025-06-08 15:25:11,705 - INFO - Episode 244: Reward = -2.2263, Portfolio = $527.64, Return = -94.72%, Cash = $193.24, Crypto = 0.012944, Steps = 1282
2025-06-08 15:25:11,868 - INFO - Step 313000: Loss = 0.416737, Epsilon = 0.6981
2025-06-08 15:25:12,701 - INFO - Step 314000: Loss = 0.109216, Epsilon = 0.6971
2025-06-08 15:25:12,701 - INFO - Step 314000: Target network updated
2025-06-08 15:25:12,777 - INFO - Episode 245: Reward = -2.0347, Portfolio = $889.67, Return = -91.10%, Cash = $472.53, Crypto = 0.016147, Steps = 1282
2025-06-08 15:25:13,552 - INFO - Step 315000: Loss = 0.537117, Epsilon = 0.6962
2025-06-08 15:25:13,861 - INFO - Episode 246: Reward = -2.0219, Portfolio = $609.84, Return = -93.90%, Cash = $77.21, Crypto = 0.020618, Steps = 1282
2025-06-08 15:25:14,419 - INFO - Step 316000: Loss = 0.090746, Epsilon = 0.6952
2025-06-08 15:25:14,420 - INFO - Step 316000: Target network updated
2025-06-08 15:25:15,002 - INFO - Episode 247: Reward = -2.3684, Portfolio = $559.88, Return = -94.40%, Cash = $241.84, Crypto = 0.012311, Steps = 1282
2025-06-08 15:25:15,308 - INFO - Step 317000: Loss = 0.144074, Epsilon = 0.6942
2025-06-08 15:25:16,101 - INFO - Episode 248: Reward = -1.8560, Portfolio = $967.83, Return = -90.32%, Cash = $375.07, Crypto = 0.022946, Steps = 1282
2025-06-08 15:25:16,157 - INFO - Step 318000: Loss = 0.081646, Epsilon = 0.6933
2025-06-08 15:25:16,158 - INFO - Step 318000: Target network updated
2025-06-08 15:25:16,996 - INFO - Step 319000: Loss = 0.281630, Epsilon = 0.6923
2025-06-08 15:25:17,177 - INFO - Episode 249: Reward = -2.1272, Portfolio = $1072.43, Return = -89.28%, Cash = $826.01, Crypto = 0.009539, Steps = 1282
2025-06-08 15:25:17,834 - INFO - Step 320000: Loss = 0.087007, Epsilon = 0.6913
2025-06-08 15:25:17,834 - INFO - Step 320000: Target network updated
2025-06-08 15:25:18,261 - INFO - Episode 250: Reward = -1.5912, Portfolio = $792.85, Return = -92.07%, Cash = $493.27, Crypto = 0.011597, Steps = 1282
2025-06-08 15:25:18,262 - INFO - Episode 250 Summary: Avg Reward (100 eps) = -2.1969, Avg Portfolio (100 eps) = $635.49, Epsilon = 0.691
2025-06-08 15:25:18,262 - INFO - 
Detailed steps for Episode 250:
2025-06-08 15:25:18,262 - INFO - Step | Action | Reward    | Portfolio   | Cash       | Crypto
2025-06-08 15:25:18,262 - INFO - ----------------------------------------------------------------------
2025-06-08 15:25:18,262 - INFO -    0 | HOLD |    0.0000 | $  10000.00 | $  10000.00 | 0.000000
2025-06-08 15:25:18,262 - INFO -    1 | HOLD |    0.0000 | $  10000.00 | $  10000.00 | 0.000000
2025-06-08 15:25:18,262 - INFO -    2 | HOLD |    0.0000 | $  10000.00 | $  10000.00 | 0.000000
2025-06-08 15:25:18,262 - INFO -    3 | SELL |   -0.0100 | $  10000.00 | $  10000.00 | 0.000000
2025-06-08 15:25:18,262 - INFO -    4 | BUY  |   -0.0049 | $   9950.98 | $   7500.00 | 0.471309
2025-06-08 15:25:18,262 - INFO -    5 | SELL |    0.0059 | $  10009.68 | $   8103.59 | 0.353482
2025-06-08 15:25:18,262 - INFO -    6 | HOLD |   -0.0133 | $   9876.12 | $   8103.59 | 0.353482
2025-06-08 15:25:18,262 - INFO -    7 | SELL |    0.0052 | $   9927.67 | $   8542.30 | 0.265111
2025-06-08 15:25:18,262 - INFO -    8 | SELL |   -0.0014 | $   9913.71 | $   8872.13 | 0.198834
2025-06-08 15:25:18,262 - INFO -    9 | SELL |    0.0176 | $  10087.76 | $   9164.49 | 0.149125
2025-06-08 15:25:18,262 - INFO -   10 | BUY  |   -0.0043 | $  10043.96 | $   6873.37 | 0.511487
2025-06-08 15:25:18,262 - INFO -   11 | HOLD |   -0.0007 | $  10036.95 | $   6873.37 | 0.511487
2025-06-08 15:25:18,262 - INFO -   12 | BUY  |   -0.0214 | $   9821.78 | $   5155.03 | 0.800436
2025-06-08 15:25:18,262 - INFO -   13 | HOLD |    0.0478 | $  10290.88 | $   5155.03 | 0.800436
2025-06-08 15:25:18,262 - INFO -   14 | HOLD |    0.0248 | $  10545.81 | $   5155.03 | 0.800436
2025-06-08 15:25:18,262 - INFO -   15 | SELL |   -0.0104 | $  10435.95 | $   6425.12 | 0.600327
2025-06-08 15:25:18,262 - INFO -   16 | BUY  |   -0.0010 | $  10425.69 | $   4818.84 | 0.834795
2025-06-08 15:25:18,262 - INFO -   17 | SELL |   -0.0262 | $  10152.28 | $   6101.57 | 0.626096
2025-06-08 15:25:18,262 - INFO -   18 | HOLD |   -0.0140 | $  10009.78 | $   6101.57 | 0.626096
2025-06-08 15:25:18,262 - INFO -   19 | HOLD |   -0.0006 | $   9809.34 | $   6101.57 | 0.626096
2025-06-08 15:25:18,262 - INFO -   ...    ...      ...         ...          ...         ...
2025-06-08 15:25:18,262 - INFO - 1262 | BUY  |   -0.0048 | $    837.30 | $    252.73 | 0.022344
2025-06-08 15:25:18,262 - INFO - 1263 | HOLD |   -0.0049 | $    834.73 | $    252.73 | 0.022344
2025-06-08 15:25:18,262 - INFO - 1264 | SELL |   -0.0053 | $    826.59 | $    390.75 | 0.016758
2025-06-08 15:25:18,262 - INFO - 1265 | BUY  |   -0.0056 | $    826.04 | $    293.06 | 0.020429
2025-06-08 15:25:18,262 - INFO - 1266 | SELL |   -0.0063 | $    819.71 | $    419.72 | 0.015322
2025-06-08 15:25:18,262 - INFO - 1267 | SELL |   -0.0045 | $    839.24 | $    520.62 | 0.011491
2025-06-08 15:25:18,262 - INFO - 1268 | HOLD |   -0.0045 | $    834.30 | $    520.62 | 0.011491
2025-06-08 15:25:18,262 - INFO - 1269 | SELL |   -0.0051 | $    814.88 | $    591.39 | 0.008618
2025-06-08 15:25:18,262 - INFO - 1270 | HOLD |   -0.0052 | $    813.75 | $    591.39 | 0.008618
2025-06-08 15:25:18,262 - INFO - 1271 | HOLD |   -0.0047 | $    814.34 | $    591.39 | 0.008618
2025-06-08 15:25:18,262 - INFO - 1272 | SELL |   -0.0049 | $    812.41 | $    644.54 | 0.006464
2025-06-08 15:25:18,262 - INFO - 1273 | BUY  |   -0.0049 | $    808.23 | $    483.41 | 0.012584
2025-06-08 15:25:18,262 - INFO - 1274 | HOLD |   -0.0045 | $    807.82 | $    483.41 | 0.012584
2025-06-08 15:25:18,262 - INFO - 1275 | BUY  |   -0.0042 | $    805.12 | $    362.56 | 0.017185
2025-06-08 15:25:18,262 - INFO - 1276 | HOLD |   -0.0027 | $    813.49 | $    362.56 | 0.017185
2025-06-08 15:25:18,262 - INFO - 1277 | HOLD |   -0.0026 | $    807.74 | $    362.56 | 0.017185
2025-06-08 15:25:18,262 - INFO - 1278 | BUY  |   -0.0024 | $    805.79 | $    271.92 | 0.020616
2025-06-08 15:25:18,262 - INFO - 1279 | SELL |   -0.0029 | $    797.82 | $    398.40 | 0.015462
2025-06-08 15:25:18,262 - INFO - 1280 | HOLD |   -0.0033 | $    787.47 | $    398.40 | 0.015462
2025-06-08 15:25:18,262 - INFO - 1281 | SELL |   -0.0034 | $    792.85 | $    493.27 | 0.011597
2025-06-08 15:25:18,263 - INFO - 
Action distribution for Episode 250:
2025-06-08 15:25:18,263 - INFO -   HOLD:  455 ( 35.5%)
2025-06-08 15:25:18,263 - INFO -   BUY:   471 ( 36.7%)
2025-06-08 15:25:18,263 - INFO -   SELL:  356 ( 27.8%)
2025-06-08 15:25:18,263 - INFO - ----------------------------------------------------------------------
2025-06-08 15:25:18,691 - INFO - Step 321000: Loss = 0.203803, Epsilon = 0.6904
2025-06-08 15:25:19,358 - INFO - Episode 251: Reward = -2.2395, Portfolio = $856.77, Return = -91.43%, Cash = $393.08, Crypto = 0.017949, Steps = 1282
2025-06-08 15:25:19,550 - INFO - Step 322000: Loss = 0.064185, Epsilon = 0.6894
2025-06-08 15:25:19,550 - INFO - Step 322000: Target network updated
2025-06-08 15:25:20,391 - INFO - Step 323000: Loss = 0.338128, Epsilon = 0.6885
2025-06-08 15:25:20,446 - INFO - Episode 252: Reward = -1.9654, Portfolio = $1305.44, Return = -86.95%, Cash = $849.65, Crypto = 0.017643, Steps = 1282
2025-06-08 15:25:21,234 - INFO - Step 324000: Loss = 0.050624, Epsilon = 0.6875
2025-06-08 15:25:21,235 - INFO - Step 324000: Target network updated
2025-06-08 15:25:21,527 - INFO - Episode 253: Reward = -2.0675, Portfolio = $575.44, Return = -94.25%, Cash = $463.86, Crypto = 0.004319, Steps = 1282
2025-06-08 15:25:22,092 - INFO - Step 325000: Loss = 0.392179, Epsilon = 0.6865
2025-06-08 15:25:22,626 - INFO - Episode 254: Reward = -1.9683, Portfolio = $719.93, Return = -92.80%, Cash = $482.15, Crypto = 0.009205, Steps = 1282
2025-06-08 15:25:22,949 - INFO - Step 326000: Loss = 0.118732, Epsilon = 0.6856
2025-06-08 15:25:22,949 - INFO - Step 326000: Target network updated
2025-06-08 15:25:23,729 - INFO - Episode 255: Reward = -2.0770, Portfolio = $685.31, Return = -93.15%, Cash = $302.88, Crypto = 0.014804, Steps = 1282
2025-06-08 15:25:23,810 - INFO - Step 327000: Loss = 0.145576, Epsilon = 0.6846
2025-06-08 15:25:24,657 - INFO - Step 328000: Loss = 0.061208, Epsilon = 0.6836
2025-06-08 15:25:24,657 - INFO - Step 328000: Target network updated
2025-06-08 15:25:24,818 - INFO - Episode 256: Reward = -2.2371, Portfolio = $773.56, Return = -92.26%, Cash = $561.50, Crypto = 0.008208, Steps = 1282
2025-06-08 15:25:25,526 - INFO - Step 329000: Loss = 0.337928, Epsilon = 0.6827
2025-06-08 15:25:25,932 - INFO - Episode 257: Reward = -2.1496, Portfolio = $598.66, Return = -94.01%, Cash = $181.29, Crypto = 0.016157, Steps = 1282
2025-06-08 15:25:26,381 - INFO - Step 330000: Loss = 0.049630, Epsilon = 0.6817
2025-06-08 15:25:26,382 - INFO - Step 330000: Target network updated
2025-06-08 15:25:27,082 - INFO - Episode 258: Reward = -2.2798, Portfolio = $460.95, Return = -95.39%, Cash = $220.13, Crypto = 0.009322, Steps = 1282
2025-06-08 15:25:27,294 - INFO - Step 331000: Loss = 2.011980, Epsilon = 0.6807
2025-06-08 15:25:28,131 - INFO - Step 332000: Loss = 0.066032, Epsilon = 0.6798
2025-06-08 15:25:28,131 - INFO - Step 332000: Target network updated
2025-06-08 15:25:28,162 - INFO - Episode 259: Reward = -2.2801, Portfolio = $728.93, Return = -92.71%, Cash = $464.76, Crypto = 0.010226, Steps = 1282
2025-06-08 15:25:28,972 - INFO - Step 333000: Loss = 0.571770, Epsilon = 0.6788
2025-06-08 15:25:29,238 - INFO - Episode 260: Reward = -2.2811, Portfolio = $459.60, Return = -95.40%, Cash = $222.11, Crypto = 0.009193, Steps = 1282
2025-06-08 15:25:29,238 - INFO - Episode 260 Summary: Avg Reward (100 eps) = -2.2009, Avg Portfolio (100 eps) = $648.45, Epsilon = 0.679
2025-06-08 15:25:29,238 - INFO - 
Detailed steps for Episode 260:
2025-06-08 15:25:29,238 - INFO - Step | Action | Reward    | Portfolio   | Cash       | Crypto
2025-06-08 15:25:29,238 - INFO - ----------------------------------------------------------------------
2025-06-08 15:25:29,238 - INFO -    0 | BUY  |   -0.0049 | $   9950.98 | $   7500.00 | 0.309869
2025-06-08 15:25:29,238 - INFO -    1 | BUY  |   -0.0036 | $   9914.74 | $   5625.00 | 0.542221
2025-06-08 15:25:29,238 - INFO -    2 | SELL |   -0.1642 | $   8286.57 | $   6265.13 | 0.406666
2025-06-08 15:25:29,238 - INFO -    3 | HOLD |    0.0291 | $   8527.69 | $   6265.13 | 0.406666
2025-06-08 15:25:29,238 - INFO -    4 | SELL |   -0.0204 | $   8353.50 | $   6767.39 | 0.304999
2025-06-08 15:25:29,238 - INFO -    5 | SELL |    0.0045 | $   8391.49 | $   7158.00 | 0.228749
2025-06-08 15:25:29,238 - INFO -    6 | HOLD |   -0.0103 | $   8305.06 | $   7158.00 | 0.228749
2025-06-08 15:25:29,238 - INFO -    7 | SELL |    0.0040 | $   8338.42 | $   7441.90 | 0.171562
2025-06-08 15:25:29,238 - INFO -    8 | HOLD |    0.0003 | $   8340.61 | $   7441.90 | 0.171562
2025-06-08 15:25:29,238 - INFO -    9 | BUY  |    0.0152 | $   8467.59 | $   5581.42 | 0.466173
2025-06-08 15:25:29,238 - INFO -   10 | BUY  |   -0.0028 | $   8443.77 | $   4186.07 | 0.686861
2025-06-08 15:25:29,238 - INFO -   11 | HOLD |   -0.0011 | $   8434.35 | $   4186.07 | 0.686861
2025-06-08 15:25:29,238 - INFO -   12 | SELL |   -0.0348 | $   8140.58 | $   5137.15 | 0.515146
2025-06-08 15:25:29,238 - INFO -   13 | HOLD |    0.0371 | $   8442.49 | $   5137.15 | 0.515146
2025-06-08 15:25:29,238 - INFO -   14 | SELL |    0.0143 | $   8563.19 | $   5961.14 | 0.386359
2025-06-08 15:25:29,238 - INFO -   15 | SELL |   -0.0062 | $   8510.16 | $   6574.19 | 0.289770
2025-06-08 15:25:29,239 - INFO -   16 | HOLD |    0.0012 | $   8520.41 | $   6574.19 | 0.289770
2025-06-08 15:25:29,239 - INFO -   17 | BUY  |   -0.0122 | $   8416.72 | $   4930.65 | 0.538822
2025-06-08 15:25:29,239 - INFO -   18 | HOLD |   -0.0146 | $   8294.08 | $   4930.65 | 0.538822
2025-06-08 15:25:29,239 - INFO -   19 | SELL |   -0.0025 | $   8081.69 | $   5688.49 | 0.404117
2025-06-08 15:25:29,239 - INFO -   ...    ...      ...         ...          ...         ...
2025-06-08 15:25:29,239 - INFO - 1262 | BUY  |   -0.0057 | $    483.74 | $    313.60 | 0.006503
2025-06-08 15:25:29,239 - INFO - 1263 | BUY  |   -0.0058 | $    481.46 | $    235.20 | 0.009454
2025-06-08 15:25:29,239 - INFO - 1264 | BUY  |   -0.0060 | $    479.93 | $    176.40 | 0.011671
2025-06-08 15:25:29,239 - INFO - 1265 | SELL |   -0.0065 | $    477.08 | $    248.72 | 0.008753
2025-06-08 15:25:29,239 - INFO - 1266 | BUY  |   -0.0085 | $    476.00 | $    186.54 | 0.011088
2025-06-08 15:25:29,239 - INFO - 1267 | SELL |   -0.0043 | $    490.14 | $    259.55 | 0.008316
2025-06-08 15:25:29,239 - INFO - 1268 | HOLD |   -0.0045 | $    486.56 | $    259.55 | 0.008316
2025-06-08 15:25:29,239 - INFO - 1269 | HOLD |   -0.0052 | $    475.20 | $    259.55 | 0.008316
2025-06-08 15:25:29,239 - INFO - 1270 | BUY  |   -0.0054 | $    472.84 | $    194.67 | 0.010782
2025-06-08 15:25:29,239 - INFO - 1271 | BUY  |   -0.0049 | $    472.62 | $    146.00 | 0.012626
2025-06-08 15:25:29,239 - INFO - 1272 | SELL |   -0.0049 | $    469.79 | $    223.87 | 0.009470
2025-06-08 15:25:29,239 - INFO - 1273 | HOLD |   -0.0048 | $    468.31 | $    223.87 | 0.009470
2025-06-08 15:25:29,239 - INFO - 1274 | HOLD |   -0.0041 | $    468.00 | $    223.87 | 0.009470
2025-06-08 15:25:29,239 - INFO - 1275 | SELL |   -0.0037 | $    464.70 | $    281.79 | 0.007102
2025-06-08 15:25:29,239 - INFO - 1276 | SELL |   -0.0028 | $    465.83 | $    326.05 | 0.005327
2025-06-08 15:25:29,239 - INFO - 1277 | BUY  |   -0.0032 | $    462.45 | $    244.54 | 0.008411
2025-06-08 15:25:29,239 - INFO - 1278 | HOLD |   -0.0031 | $    462.36 | $    244.54 | 0.008411
2025-06-08 15:25:29,239 - INFO - 1279 | SELL |   -0.0032 | $    459.11 | $    296.15 | 0.006309
2025-06-08 15:25:29,239 - INFO - 1280 | BUY  |   -0.0038 | $    453.44 | $    222.11 | 0.009193
2025-06-08 15:25:29,239 - INFO - 1281 | HOLD |   -0.0029 | $    459.60 | $    222.11 | 0.009193
2025-06-08 15:25:29,239 - INFO - 
Action distribution for Episode 260:
2025-06-08 15:25:29,239 - INFO -   HOLD:  425 ( 33.2%)
2025-06-08 15:25:29,239 - INFO -   BUY:   450 ( 35.1%)
2025-06-08 15:25:29,239 - INFO -   SELL:  407 ( 31.7%)
2025-06-08 15:25:29,239 - INFO - ----------------------------------------------------------------------
2025-06-08 15:25:29,818 - INFO - Step 334000: Loss = 0.070517, Epsilon = 0.6778
2025-06-08 15:25:29,818 - INFO - Step 334000: Target network updated
2025-06-08 15:25:30,323 - INFO - Episode 261: Reward = -2.1235, Portfolio = $784.40, Return = -92.16%, Cash = $491.63, Crypto = 0.011333, Steps = 1282
2025-06-08 15:25:30,662 - INFO - Step 335000: Loss = 0.137485, Epsilon = 0.6769
2025-06-08 15:25:31,402 - INFO - Episode 262: Reward = -2.2277, Portfolio = $410.78, Return = -95.89%, Cash = $256.71, Crypto = 0.005964, Steps = 1282
2025-06-08 15:25:31,504 - INFO - Step 336000: Loss = 0.076578, Epsilon = 0.6759
2025-06-08 15:25:31,504 - INFO - Step 336000: Target network updated
2025-06-08 15:25:32,348 - INFO - Step 337000: Loss = 0.384725, Epsilon = 0.6750
2025-06-08 15:25:32,489 - INFO - Episode 263: Reward = -2.0354, Portfolio = $991.37, Return = -90.09%, Cash = $912.81, Crypto = 0.003041, Steps = 1282
2025-06-08 15:25:33,216 - INFO - Step 338000: Loss = 0.033877, Epsilon = 0.6740
2025-06-08 15:25:33,216 - INFO - Step 338000: Target network updated
2025-06-08 15:25:33,594 - INFO - Episode 264: Reward = -2.3347, Portfolio = $328.45, Return = -96.72%, Cash = $146.17, Crypto = 0.007056, Steps = 1282
2025-06-08 15:25:34,067 - INFO - Step 339000: Loss = 0.175749, Epsilon = 0.6730
2025-06-08 15:25:34,686 - INFO - Episode 265: Reward = -2.2474, Portfolio = $548.52, Return = -94.51%, Cash = $402.05, Crypto = 0.005670, Steps = 1282
2025-06-08 15:25:34,919 - INFO - Step 340000: Loss = 0.051450, Epsilon = 0.6721
2025-06-08 15:25:34,919 - INFO - Step 340000: Target network updated
2025-06-08 15:25:35,769 - INFO - Step 341000: Loss = 0.914690, Epsilon = 0.6711
2025-06-08 15:25:35,780 - INFO - Episode 266: Reward = -2.0403, Portfolio = $613.86, Return = -93.86%, Cash = $183.88, Crypto = 0.016644, Steps = 1282
2025-06-08 15:25:36,630 - INFO - Step 342000: Loss = 0.231635, Epsilon = 0.6701
2025-06-08 15:25:36,630 - INFO - Step 342000: Target network updated
2025-06-08 15:25:36,874 - INFO - Episode 267: Reward = -2.7909, Portfolio = $412.75, Return = -95.87%, Cash = $205.56, Crypto = 0.008020, Steps = 1282
2025-06-08 15:25:37,480 - INFO - Step 343000: Loss = 0.422239, Epsilon = 0.6692
2025-06-08 15:25:37,966 - INFO - Episode 268: Reward = -1.7144, Portfolio = $774.47, Return = -92.26%, Cash = $537.70, Crypto = 0.009165, Steps = 1282
2025-06-08 15:25:38,327 - INFO - Step 344000: Loss = 0.077404, Epsilon = 0.6682
2025-06-08 15:25:38,328 - INFO - Step 344000: Target network updated
2025-06-08 15:25:39,055 - INFO - Episode 269: Reward = -2.0760, Portfolio = $662.22, Return = -93.38%, Cash = $258.26, Crypto = 0.015637, Steps = 1282
2025-06-08 15:25:39,183 - INFO - Step 345000: Loss = 0.384803, Epsilon = 0.6672
2025-06-08 15:25:40,025 - INFO - Step 346000: Loss = 0.050651, Epsilon = 0.6663
2025-06-08 15:25:40,025 - INFO - Step 346000: Target network updated
2025-06-08 15:25:40,142 - INFO - Episode 270: Reward = -2.3782, Portfolio = $794.50, Return = -92.05%, Cash = $455.40, Crypto = 0.013126, Steps = 1282
2025-06-08 15:25:40,142 - INFO - Episode 270 Summary: Avg Reward (100 eps) = -2.2079, Avg Portfolio (100 eps) = $650.08, Epsilon = 0.666
2025-06-08 15:25:40,142 - INFO - 
Detailed steps for Episode 270:
2025-06-08 15:25:40,142 - INFO - Step | Action | Reward    | Portfolio   | Cash       | Crypto
2025-06-08 15:25:40,142 - INFO - ----------------------------------------------------------------------
2025-06-08 15:25:40,142 - INFO -    0 | HOLD |    0.0000 | $  10000.00 | $  10000.00 | 0.000000
2025-06-08 15:25:40,142 - INFO -    1 | BUY  |   -0.0049 | $   9950.98 | $   7500.00 | 0.309802
2025-06-08 15:25:40,142 - INFO -    2 | SELL |   -0.0935 | $   9020.71 | $   7865.74 | 0.232352
2025-06-08 15:25:40,142 - INFO -    3 | SELL |    0.0135 | $   9142.32 | $   8172.77 | 0.174264
2025-06-08 15:25:40,142 - INFO -    4 | SELL |   -0.0082 | $   9067.67 | $   8388.00 | 0.130698
2025-06-08 15:25:40,142 - INFO -    5 | SELL |    0.0018 | $   9083.95 | $   8555.38 | 0.098023
2025-06-08 15:25:40,142 - INFO -    6 | BUY  |   -0.0087 | $   9004.98 | $   6416.53 | 0.516194
2025-06-08 15:25:40,142 - INFO -    7 | HOLD |    0.0121 | $   9113.97 | $   6416.53 | 0.516194
2025-06-08 15:25:40,142 - INFO -    8 | SELL |   -0.0030 | $   9086.78 | $   7058.75 | 0.387145
2025-06-08 15:25:40,142 - INFO -    9 | BUY  |    0.0368 | $   9421.04 | $   5294.06 | 0.666588
2025-06-08 15:25:40,142 - INFO -   10 | HOLD |    0.0005 | $   9426.09 | $   5294.06 | 0.666588
2025-06-08 15:25:40,143 - INFO -   11 | HOLD |   -0.0010 | $   9416.95 | $   5294.06 | 0.666588
2025-06-08 15:25:40,143 - INFO -   12 | BUY  |   -0.0279 | $   9154.49 | $   3970.54 | 0.889145
2025-06-08 15:25:40,143 - INFO -   13 | SELL |    0.0491 | $   9604.27 | $   5325.49 | 0.666859
2025-06-08 15:25:40,143 - INFO -   14 | HOLD |    0.0221 | $   9816.65 | $   5325.49 | 0.666859
2025-06-08 15:25:40,143 - INFO -   15 | HOLD |   -0.0037 | $   9780.82 | $   5325.49 | 0.666859
2025-06-08 15:25:40,143 - INFO -   16 | SELL |   -0.0033 | $   9748.42 | $   6389.23 | 0.500144
2025-06-08 15:25:40,143 - INFO -   17 | SELL |   -0.0168 | $   9584.62 | $   7157.74 | 0.375108
2025-06-08 15:25:40,143 - INFO -   18 | BUY  |   -0.0126 | $   9464.15 | $   5368.31 | 0.656155
2025-06-08 15:25:40,143 - INFO -   19 | BUY  |   -0.0013 | $   9227.77 | $   4026.23 | 0.878335
2025-06-08 15:25:40,143 - INFO -   ...    ...      ...         ...          ...         ...
2025-06-08 15:25:40,143 - INFO - 1262 | BUY  |   -0.0112 | $    844.31 | $    384.01 | 0.017594
2025-06-08 15:25:40,143 - INFO - 1263 | SELL |   -0.0114 | $    836.56 | $    492.85 | 0.013196
2025-06-08 15:25:40,143 - INFO - 1264 | HOLD |   -0.0112 | $    836.05 | $    492.85 | 0.013196
2025-06-08 15:25:40,143 - INFO - 1265 | BUY  |   -0.0115 | $    834.70 | $    369.64 | 0.017826
2025-06-08 15:25:40,143 - INFO - 1266 | SELL |   -0.0129 | $    829.18 | $    480.16 | 0.013369
2025-06-08 15:25:40,143 - INFO - 1267 | HOLD |   -0.0036 | $    850.85 | $    480.16 | 0.013369
2025-06-08 15:25:40,143 - INFO - 1268 | SELL |   -0.0039 | $    840.54 | $    566.83 | 0.010027
2025-06-08 15:25:40,143 - INFO - 1269 | SELL |   -0.0045 | $    823.60 | $    628.59 | 0.007520
2025-06-08 15:25:40,143 - INFO - 1270 | SELL |   -0.0048 | $    820.19 | $    674.67 | 0.005640
2025-06-08 15:25:40,143 - INFO - 1271 | HOLD |   -0.0045 | $    820.57 | $    674.67 | 0.005640
2025-06-08 15:25:40,143 - INFO - 1272 | HOLD |   -0.0044 | $    821.14 | $    674.67 | 0.005640
2025-06-08 15:25:40,143 - INFO - 1273 | BUY  |   -0.0045 | $    816.95 | $    506.00 | 0.012046
2025-06-08 15:25:40,143 - INFO - 1274 | BUY  |   -0.0046 | $    814.08 | $    379.50 | 0.016857
2025-06-08 15:25:40,143 - INFO - 1275 | SELL |   -0.0045 | $    808.20 | $    482.61 | 0.012643
2025-06-08 15:25:40,143 - INFO - 1276 | HOLD |   -0.0034 | $    814.36 | $    482.61 | 0.012643
2025-06-08 15:25:40,143 - INFO - 1277 | SELL |   -0.0036 | $    806.03 | $    560.39 | 0.009482
2025-06-08 15:25:40,143 - INFO - 1278 | SELL |   -0.0037 | $    802.87 | $    618.71 | 0.007112
2025-06-08 15:25:40,143 - INFO - 1279 | BUY  |   -0.0039 | $    799.38 | $    464.03 | 0.012982
2025-06-08 15:25:40,143 - INFO - 1280 | BUY  |   -0.0043 | $    788.42 | $    348.02 | 0.017502
2025-06-08 15:25:40,143 - INFO - 1281 | SELL |   -0.0037 | $    794.50 | $    455.40 | 0.013126
2025-06-08 15:25:40,143 - INFO - 
Action distribution for Episode 270:
2025-06-08 15:25:40,143 - INFO -   HOLD:  431 ( 33.6%)
2025-06-08 15:25:40,143 - INFO -   BUY:   406 ( 31.7%)
2025-06-08 15:25:40,143 - INFO -   SELL:  445 ( 34.7%)
2025-06-08 15:25:40,143 - INFO - ----------------------------------------------------------------------
2025-06-08 15:25:40,880 - INFO - Step 347000: Loss = 0.157484, Epsilon = 0.6653
2025-06-08 15:25:41,234 - INFO - Episode 271: Reward = -2.1056, Portfolio = $877.71, Return = -91.22%, Cash = $452.68, Crypto = 0.016453, Steps = 1282
2025-06-08 15:25:41,731 - INFO - Step 348000: Loss = 0.023522, Epsilon = 0.6643
2025-06-08 15:25:41,732 - INFO - Step 348000: Target network updated
2025-06-08 15:25:42,360 - INFO - Episode 272: Reward = -2.8466, Portfolio = $578.04, Return = -94.22%, Cash = $374.98, Crypto = 0.007861, Steps = 1282
2025-06-08 15:25:42,649 - INFO - Step 349000: Loss = 0.296977, Epsilon = 0.6634
2025-06-08 15:25:43,553 - INFO - Episode 273: Reward = -1.9385, Portfolio = $824.45, Return = -91.76%, Cash = $288.96, Crypto = 0.020729, Steps = 1282
2025-06-08 15:25:43,569 - INFO - Step 350000: Loss = 0.121621, Epsilon = 0.6624
2025-06-08 15:25:43,569 - INFO - Step 350000: Target network updated
2025-06-08 15:25:44,419 - INFO - Step 351000: Loss = 0.296581, Epsilon = 0.6614
2025-06-08 15:25:44,663 - INFO - Episode 274: Reward = -2.5755, Portfolio = $327.70, Return = -96.72%, Cash = $182.14, Crypto = 0.005635, Steps = 1282
2025-06-08 15:25:45,301 - INFO - Step 352000: Loss = 0.041548, Epsilon = 0.6605
2025-06-08 15:25:45,301 - INFO - Step 352000: Target network updated
2025-06-08 15:25:45,775 - INFO - Episode 275: Reward = -2.4337, Portfolio = $642.25, Return = -93.58%, Cash = $201.73, Crypto = 0.017052, Steps = 1282
2025-06-08 15:25:46,271 - INFO - Step 353000: Loss = 0.376880, Epsilon = 0.6595
2025-06-08 15:25:47,026 - INFO - Episode 276: Reward = -1.7538, Portfolio = $1032.79, Return = -89.67%, Cash = $348.78, Crypto = 0.026478, Steps = 1282
2025-06-08 15:25:47,177 - INFO - Step 354000: Loss = 0.051184, Epsilon = 0.6586
2025-06-08 15:25:47,178 - INFO - Step 354000: Target network updated
2025-06-08 15:25:48,049 - INFO - Step 355000: Loss = 0.203064, Epsilon = 0.6576
2025-06-08 15:25:48,142 - INFO - Episode 277: Reward = -1.5296, Portfolio = $1211.66, Return = -87.88%, Cash = $351.98, Crypto = 0.033278, Steps = 1282
2025-06-08 15:25:48,901 - INFO - Step 356000: Loss = 0.033217, Epsilon = 0.6566
2025-06-08 15:25:48,901 - INFO - Step 356000: Target network updated
2025-06-08 15:25:49,266 - INFO - Episode 278: Reward = -2.2266, Portfolio = $1153.29, Return = -88.47%, Cash = $943.95, Crypto = 0.008103, Steps = 1282
2025-06-08 15:25:49,804 - INFO - Step 357000: Loss = 0.277746, Epsilon = 0.6557
2025-06-08 15:25:50,405 - INFO - Episode 279: Reward = -2.0553, Portfolio = $619.63, Return = -93.80%, Cash = $316.47, Crypto = 0.011735, Steps = 1282
2025-06-08 15:25:50,699 - INFO - Step 358000: Loss = 0.102133, Epsilon = 0.6547
2025-06-08 15:25:50,699 - INFO - Step 358000: Target network updated
2025-06-08 15:25:51,552 - INFO - Episode 280: Reward = -2.6223, Portfolio = $526.04, Return = -94.74%, Cash = $435.47, Crypto = 0.003506, Steps = 1282
2025-06-08 15:25:51,552 - INFO - Episode 280 Summary: Avg Reward (100 eps) = -2.2059, Avg Portfolio (100 eps) = $668.61, Epsilon = 0.654
2025-06-08 15:25:51,552 - INFO - 
Detailed steps for Episode 280:
2025-06-08 15:25:51,552 - INFO - Step | Action | Reward    | Portfolio   | Cash       | Crypto
2025-06-08 15:25:51,552 - INFO - ----------------------------------------------------------------------
2025-06-08 15:25:51,552 - INFO -    0 | BUY  |   -0.0049 | $   9950.98 | $   7500.00 | 0.309869
2025-06-08 15:25:51,552 - INFO -    1 | BUY  |   -0.0036 | $   9914.74 | $   5625.00 | 0.542221
2025-06-08 15:25:51,552 - INFO -    2 | SELL |   -0.1642 | $   8286.57 | $   6265.13 | 0.406666
2025-06-08 15:25:51,552 - INFO -    3 | SELL |    0.0257 | $   8499.41 | $   6802.49 | 0.304999
2025-06-08 15:25:51,552 - INFO -    4 | HOLD |   -0.0130 | $   8388.59 | $   6802.49 | 0.304999
2025-06-08 15:25:51,552 - INFO -    5 | BUY  |    0.0030 | $   8413.79 | $   5101.86 | 0.614194
2025-06-08 15:25:51,552 - INFO -    6 | HOLD |   -0.0276 | $   8181.73 | $   5101.86 | 0.614194
2025-06-08 15:25:51,552 - INFO -    7 | BUY  |    0.0128 | $   8286.41 | $   3826.40 | 0.853487
2025-06-08 15:25:51,552 - INFO -    8 | SELL |   -0.0054 | $   8241.45 | $   4888.25 | 0.640115
2025-06-08 15:25:51,552 - INFO -    9 | BUY  |    0.0711 | $   8827.36 | $   3666.18 | 0.833632
2025-06-08 15:25:51,552 - INFO -   10 | BUY  |   -0.0013 | $   8815.71 | $   2749.64 | 0.978592
2025-06-08 15:25:51,552 - INFO -   11 | SELL |   -0.0101 | $   8726.64 | $   4187.14 | 0.733944
2025-06-08 15:25:51,552 - INFO -   12 | SELL |   -0.0360 | $   8412.74 | $   5203.43 | 0.550458
2025-06-08 15:25:51,552 - INFO -   13 | SELL |    0.0331 | $   8691.19 | $   6042.26 | 0.412844
2025-06-08 15:25:51,552 - INFO -   14 | SELL |    0.0111 | $   8787.92 | $   6702.61 | 0.309633
2025-06-08 15:25:51,552 - INFO -   15 | BUY  |   -0.0056 | $   8738.42 | $   5026.95 | 0.555521
2025-06-08 15:25:51,552 - INFO -   16 | BUY  |   -0.0006 | $   8733.44 | $   3770.22 | 0.738966
2025-06-08 15:25:51,552 - INFO -   17 | BUY  |   -0.0230 | $   8532.69 | $   2827.66 | 0.881794
2025-06-08 15:25:51,552 - INFO -   18 | HOLD |   -0.0235 | $   8331.99 | $   2827.66 | 0.881794
2025-06-08 15:25:51,552 - INFO -   19 | BUY  |   -0.0023 | $   8035.83 | $   2120.75 | 0.998824
2025-06-08 15:25:51,552 - INFO -   ...    ...      ...         ...          ...         ...
2025-06-08 15:25:51,552 - INFO - 1262 | SELL |   -0.0111 | $    552.30 | $    427.57 | 0.004768
2025-06-08 15:25:51,552 - INFO - 1263 | SELL |   -0.0112 | $    550.20 | $    457.06 | 0.003576
2025-06-08 15:25:51,552 - INFO - 1264 | BUY  |   -0.0116 | $    547.82 | $    342.80 | 0.007883
2025-06-08 15:25:51,552 - INFO - 1265 | SELL |   -0.0122 | $    545.89 | $    391.64 | 0.005912
2025-06-08 15:25:51,552 - INFO - 1266 | HOLD |   -0.0124 | $    545.99 | $    391.64 | 0.005912
2025-06-08 15:25:51,552 - INFO - 1267 | HOLD |   -0.0049 | $    555.58 | $    391.64 | 0.005912
2025-06-08 15:25:51,552 - INFO - 1268 | HOLD |   -0.0052 | $    553.03 | $    391.64 | 0.005912
2025-06-08 15:25:51,553 - INFO - 1269 | SELL |   -0.0059 | $    543.04 | $    428.05 | 0.004434
2025-06-08 15:25:51,553 - INFO - 1270 | SELL |   -0.0059 | $    541.03 | $    455.23 | 0.003326
2025-06-08 15:25:51,553 - INFO - 1271 | BUY  |   -0.0058 | $    539.03 | $    341.42 | 0.007639
2025-06-08 15:25:51,553 - INFO - 1272 | SELL |   -0.0059 | $    537.32 | $    388.53 | 0.005729
2025-06-08 15:25:51,553 - INFO - 1273 | HOLD |   -0.0058 | $    536.42 | $    388.53 | 0.005729
2025-06-08 15:25:51,553 - INFO - 1274 | HOLD |   -0.0055 | $    536.23 | $    388.53 | 0.005729
2025-06-08 15:25:51,553 - INFO - 1275 | HOLD |   -0.0048 | $    536.08 | $    388.53 | 0.005729
2025-06-08 15:25:51,553 - INFO - 1276 | SELL |   -0.0039 | $    536.99 | $    424.24 | 0.004297
2025-06-08 15:25:51,553 - INFO - 1277 | BUY  |   -0.0042 | $    533.47 | $    318.18 | 0.008311
2025-06-08 15:25:51,553 - INFO - 1278 | SELL |   -0.0045 | $    530.70 | $    369.29 | 0.006233
2025-06-08 15:25:51,553 - INFO - 1279 | SELL |   -0.0047 | $    528.29 | $    407.53 | 0.004675
2025-06-08 15:25:51,553 - INFO - 1280 | SELL |   -0.0052 | $    523.69 | $    435.47 | 0.003506
2025-06-08 15:25:51,553 - INFO - 1281 | HOLD |   -0.0044 | $    526.04 | $    435.47 | 0.003506
2025-06-08 15:25:51,553 - INFO - 
Action distribution for Episode 280:
2025-06-08 15:25:51,553 - INFO -   HOLD:  426 ( 33.2%)
2025-06-08 15:25:51,553 - INFO -   BUY:   386 ( 30.1%)
2025-06-08 15:25:51,553 - INFO -   SELL:  470 ( 36.7%)
2025-06-08 15:25:51,553 - INFO - ----------------------------------------------------------------------
2025-06-08 15:25:51,589 - INFO - Step 359000: Loss = 0.345949, Epsilon = 0.6537
2025-06-08 15:25:52,439 - INFO - Step 360000: Loss = 0.050002, Epsilon = 0.6528
2025-06-08 15:25:52,439 - INFO - Step 360000: Target network updated
2025-06-08 15:25:52,642 - INFO - Episode 281: Reward = -2.8381, Portfolio = $542.11, Return = -94.58%, Cash = $297.86, Crypto = 0.009455, Steps = 1282
2025-06-08 15:25:53,333 - INFO - Step 361000: Loss = 0.652291, Epsilon = 0.6518
2025-06-08 15:25:53,798 - INFO - Episode 282: Reward = -2.4554, Portfolio = $344.19, Return = -96.56%, Cash = $47.05, Crypto = 0.011502, Steps = 1282
2025-06-08 15:25:54,220 - INFO - Step 362000: Loss = 0.079602, Epsilon = 0.6508
2025-06-08 15:25:54,221 - INFO - Step 362000: Target network updated
2025-06-08 15:25:54,981 - INFO - Episode 283: Reward = -2.1675, Portfolio = $616.23, Return = -93.84%, Cash = $333.63, Crypto = 0.010939, Steps = 1282
2025-06-08 15:25:55,179 - INFO - Step 363000: Loss = 0.235200, Epsilon = 0.6499
2025-06-08 15:25:56,106 - INFO - Step 364000: Loss = 0.134355, Epsilon = 0.6489
2025-06-08 15:25:56,106 - INFO - Step 364000: Target network updated
2025-06-08 15:25:56,182 - INFO - Episode 284: Reward = -2.1116, Portfolio = $566.87, Return = -94.33%, Cash = $181.90, Crypto = 0.014902, Steps = 1282
2025-06-08 15:25:56,959 - INFO - Step 365000: Loss = 0.195474, Epsilon = 0.6479
