2025-06-08 15:42:36,052 - INFO - ============================================================
2025-06-08 15:42:36,052 - INFO - STARTING DQN TRADING EXPERIMENT
2025-06-08 15:42:36,052 - INFO - Log file: ../data/logs/dqn/training_20250608_154236.log
2025-06-08 15:42:36,052 - INFO - ============================================================
2025-06-08 15:42:36,082 - INFO - Loaded data from: ../data/04_feature/analytical_base_table_01.parquet
2025-06-08 15:42:36,082 - INFO - Data split: 1304 training rows, 559 validation rows
2025-06-08 15:42:36,083 - INFO - Training period: 2020-02-18 00:00:00 to 2023-09-13 00:00:00
2025-06-08 15:42:36,083 - INFO - Validation period: 2023-09-14 00:00:00 to 2025-03-25 00:00:00
2025-06-08 15:42:36,083 - INFO - ============================================================
2025-06-08 15:42:36,083 - INFO - STARTING DQN TRAINING
2025-06-08 15:42:36,083 - INFO - ============================================================
2025-06-08 15:42:36,083 - INFO - Device: cuda
2025-06-08 15:42:36,083 - INFO - Episodes: 1000
2025-06-08 15:42:36,083 - INFO - Batch size: 32
2025-06-08 15:42:36,084 - INFO - Learning rate: 0.0001
2025-06-08 15:42:36,084 - INFO - Gamma: 0.99
2025-06-08 15:42:36,084 - INFO - Hidden sizes: [128, 64, 32]
2025-06-08 15:42:36,084 - INFO - Initial epsilon: 1.0
2025-06-08 15:42:36,084 - INFO - Final epsilon: 0.01
2025-06-08 15:42:36,084 - INFO - Target update frequency: 2000
2025-06-08 15:42:36,084 - INFO - ============================================================
2025-06-08 15:42:37,135 - INFO - Episode 1: Reward = -2.5072, Portfolio = $572.83, Return = -94.27%, Cash = $156.53, Crypto = 0.016115, Steps = 1296
2025-06-08 15:42:37,436 - INFO - Step 2000: Target network updated
2025-06-08 15:42:37,660 - INFO - Episode 2: Reward = -2.4339, Portfolio = $699.75, Return = -93.00%, Cash = $466.45, Crypto = 0.009031, Steps = 1296
2025-06-08 15:42:38,140 - INFO - Episode 3: Reward = -2.4939, Portfolio = $430.72, Return = -95.69%, Cash = $107.50, Crypto = 0.012512, Steps = 1296
2025-06-08 15:42:38,181 - INFO - Step 4000: Target network updated
2025-06-08 15:42:38,615 - INFO - Episode 4: Reward = -2.2656, Portfolio = $517.96, Return = -94.82%, Cash = $284.89, Crypto = 0.009022, Steps = 1296
2025-06-08 15:42:38,919 - INFO - Step 6000: Target network updated
2025-06-08 15:42:39,095 - INFO - Episode 5: Reward = -2.4885, Portfolio = $509.94, Return = -94.90%, Cash = $343.31, Crypto = 0.006450, Steps = 1296
2025-06-08 15:42:39,572 - INFO - Episode 6: Reward = -2.6579, Portfolio = $498.80, Return = -95.01%, Cash = $230.05, Crypto = 0.010403, Steps = 1296
2025-06-08 15:42:39,657 - INFO - Step 8000: Target network updated
2025-06-08 15:42:40,055 - INFO - Episode 7: Reward = -2.3326, Portfolio = $519.69, Return = -94.80%, Cash = $402.17, Crypto = 0.004549, Steps = 1296
2025-06-08 15:42:40,533 - INFO - Step 10000: Loss = 663995233075200.000000, Epsilon = 0.9905
2025-06-08 15:42:40,533 - INFO - Step 10000: Target network updated
2025-06-08 15:42:40,815 - INFO - Episode 8: Reward = -2.4628, Portfolio = $392.69, Return = -96.07%, Cash = $264.57, Crypto = 0.004960, Steps = 1296
2025-06-08 15:42:41,285 - INFO - Step 11000: Loss = 23101735731986432.000000, Epsilon = 0.9895
2025-06-08 15:42:41,753 - INFO - Episode 9: Reward = -2.2881, Portfolio = $684.85, Return = -93.15%, Cash = $365.81, Crypto = 0.012350, Steps = 1296
2025-06-08 15:42:41,993 - INFO - Step 12000: Loss = 2626.915039, Epsilon = 0.9886
2025-06-08 15:42:41,994 - INFO - Step 12000: Target network updated
2025-06-08 15:42:42,668 - INFO - Episode 10: Reward = -2.7891, Portfolio = $332.21, Return = -96.68%, Cash = $132.37, Crypto = 0.007736, Steps = 1296
2025-06-08 15:42:42,668 - INFO - Episode 10 Summary: Avg Reward (100 eps) = -2.4720, Avg Portfolio (100 eps) = $515.94, Epsilon = 0.988
2025-06-08 15:42:42,668 - INFO - 
Detailed steps for Episode 10:
2025-06-08 15:42:42,668 - INFO - Step | Action | Price    | RSI   | PnL    | WkChg  | Reward    | Portfolio   | Cash       | Crypto
2025-06-08 15:42:42,668 - INFO - ------------------------------------------------------------------------------------------------------------------------
2025-06-08 15:42:42,668 - INFO -    0 | BUY  |  9341.71 |  35.4 |  -2.00% |  -7.89% |   -0.0049 | $   9950.98 | $   7500.00 | 0.262370
2025-06-08 15:42:42,668 - INFO -    1 | HOLD |  8820.52 |  27.7 |  -5.58% |  -8.44% |   -0.0137 | $   9814.24 | $   7500.00 | 0.262370
2025-06-08 15:42:42,668 - INFO -    2 | SELL |  8784.49 |  28.3 |  -5.96% |  -8.58% |   -0.0039 | $   9775.98 | $   8047.39 | 0.196777
2025-06-08 15:42:42,668 - INFO -    3 | SELL |  8672.46 |  25.2 |  -7.16% | -10.47% |   -0.0044 | $   9732.60 | $   8452.69 | 0.147583
2025-06-08 15:42:42,668 - INFO -    4 | BUY  |  8599.51 |  28.2 |  -7.94% | -11.01% |   -0.0054 | $   9680.40 | $   6339.52 | 0.388496
2025-06-08 15:42:42,668 - INFO -    5 | HOLD |  8562.45 |  26.8 |  -3.59% | -13.72% |   -0.0015 | $   9666.00 | $   6339.52 | 0.388496
2025-06-08 15:42:42,668 - INFO -    6 | BUY  |  8869.67 |  36.4 |  -0.13% |  -8.09% |    0.0091 | $   9754.28 | $   4754.64 | 0.563678
2025-06-08 15:42:42,668 - INFO -    7 | SELL |  8787.79 |  24.4 |  -1.01% |  -5.93% |   -0.0111 | $   9646.20 | $   5931.09 | 0.422759
2025-06-08 15:42:42,669 - INFO -    8 | SELL |  8755.25 |  29.8 |  -1.38% |  -0.74% |   -0.0062 | $   9586.18 | $   6810.16 | 0.317069
2025-06-08 15:42:42,669 - INFO -    9 | SELL |  9078.76 |  39.3 |   2.26% |   3.35% |    0.0069 | $   9652.77 | $   7493.83 | 0.237802
2025-06-08 15:42:42,669 - INFO -   10 | BUY  |  9122.55 |  38.4 |   2.76% |   5.19% |   -0.0027 | $   9626.45 | $   5620.37 | 0.439141
2025-06-08 15:42:42,669 - INFO -   11 | BUY  |  8909.95 |  35.7 |  -0.89% |   3.61% |   -0.0126 | $   9505.54 | $   4215.28 | 0.593748
2025-06-08 15:42:42,669 - INFO -   12 | HOLD |  8108.12 |  21.3 |  -9.60% |  -5.31% |   -0.0501 | $   9029.45 | $   4215.28 | 0.593748
2025-06-08 15:42:42,669 - INFO -   13 | HOLD |  7923.64 |  21.9 | -11.66% | -10.67% |   -0.0121 | $   8919.92 | $   4215.28 | 0.593748
2025-06-08 15:42:42,669 - INFO -   14 | HOLD |  7909.73 |  24.3 | -11.81% |  -9.99% |   -0.0009 | $   8911.66 | $   4215.28 | 0.593748
2025-06-08 15:42:42,669 - INFO -   15 | BUY  |  7911.43 |  29.9 | -11.79% |  -9.64% |   -0.0022 | $   8892.01 | $   3161.46 | 0.724338
2025-06-08 15:42:42,669 - INFO -   16 | HOLD |  4970.79 |  13.1 | -43.38% | -45.25% |   -0.2395 | $   6761.99 | $   3161.46 | 0.724338
2025-06-08 15:42:42,669 - INFO -   17 | BUY  |  5563.71 |  22.5 | -36.62% | -39.01% |    0.0612 | $   7175.97 | $   2371.09 | 0.863610
2025-06-08 15:42:42,669 - INFO -   18 | HOLD |  5200.37 |  21.4 | -37.04% | -41.63% |   -0.0437 | $   6862.18 | $   2371.09 | 0.863610
2025-06-08 15:42:42,669 - INFO -   19 | BUY  |  5392.31 |  24.0 | -34.72% | -33.49% |   -0.0028 | $   7016.33 | $   1778.32 | 0.971384
2025-06-08 15:42:42,669 - INFO -   ...    ...      ...       ...     ...       ...      ...         ...          ...         ...
2025-06-08 15:42:42,669 - INFO - 1276 | SELL | 26162.37 |  14.8 |  -8.58% |  -1.88% |   -0.0079 | $    346.35 | $    302.19 | 0.001688
2025-06-08 15:42:42,669 - INFO - 1277 | HOLD | 26047.67 |  14.5 |  -8.98% |  -0.01% |   -0.0076 | $    346.16 | $    302.19 | 0.001688
2025-06-08 15:42:42,669 - INFO - 1278 | BUY  | 26008.46 |  14.0 |  -9.12% |  -0.34% |   -0.0077 | $    344.61 | $    226.64 | 0.004536
2025-06-08 15:42:42,669 - INFO - 1279 | SELL | 26089.69 |  15.9 |  -3.30% |  -0.38% |   -0.0081 | $    343.50 | $    254.75 | 0.003402
2025-06-08 15:42:42,669 - INFO - 1280 | BUY  | 26106.15 |  13.9 |  -3.24% |  -0.07% |   -0.0085 | $    342.31 | $    191.06 | 0.005794
2025-06-08 15:42:42,669 - INFO - 1281 | SELL | 27727.39 |  37.9 |   4.16% |   6.51% |   -0.0051 | $    349.69 | $    229.21 | 0.004345
2025-06-08 15:42:42,669 - INFO - 1282 | SELL | 27297.27 |  38.1 |   2.55% |   3.27% |   -0.0052 | $    346.34 | $    257.38 | 0.003259
2025-06-08 15:42:42,669 - INFO - 1283 | BUY  | 25931.47 |  43.0 |  -2.58% |  -0.88% |   -0.0057 | $    340.63 | $    193.04 | 0.005692
2025-06-08 15:42:42,669 - INFO - 1284 | BUY  | 25800.72 |  47.4 |  -1.99% |  -0.95% |   -0.0058 | $    338.94 | $    144.78 | 0.007525
2025-06-08 15:42:42,669 - INFO - 1285 | BUY  | 25868.80 |  47.6 |  -1.25% |  -0.54% |   -0.0055 | $    338.74 | $    108.58 | 0.008897
2025-06-08 15:42:42,669 - INFO - 1286 | BUY  | 25969.57 |  47.7 |  -0.68% |  -0.46% |   -0.0054 | $    339.11 | $     81.44 | 0.009922
2025-06-08 15:42:42,669 - INFO - 1287 | HOLD | 25812.42 |  46.8 |  -1.21% |  -1.13% |   -0.0054 | $    337.55 | $     81.44 | 0.009922
2025-06-08 15:42:42,669 - INFO - 1288 | BUY  | 25779.98 |  47.4 |  -1.33% |  -7.02% |   -0.0048 | $    336.83 | $     61.08 | 0.010696
2025-06-08 15:42:42,669 - INFO - 1289 | SELL | 25753.24 |  42.4 |  -1.34% |  -5.66% |   -0.0048 | $    333.10 | $    126.50 | 0.008022
2025-06-08 15:42:42,669 - INFO - 1290 | SELL | 26240.20 |  50.8 |   0.52% |   1.19% |   -0.0038 | $    334.37 | $    176.49 | 0.006017
2025-06-08 15:42:42,669 - INFO - 1291 | HOLD | 25905.65 |  48.5 |  -0.76% |   0.41% |   -0.0038 | $    332.36 | $    176.49 | 0.006017
2025-06-08 15:42:42,669 - INFO - 1292 | HOLD | 25895.68 |  48.8 |  -0.79% |   0.10% |   -0.0040 | $    332.30 | $    176.49 | 0.006017
2025-06-08 15:42:42,669 - INFO - 1293 | HOLD | 25832.23 |  47.3 |  -1.04% |  -0.53% |   -0.0036 | $    331.92 | $    176.49 | 0.006017
2025-06-08 15:42:42,669 - INFO - 1294 | BUY  | 25162.65 |  41.4 |  -3.60% |  -2.52% |   -0.0041 | $    327.02 | $    132.37 | 0.007736
2025-06-08 15:42:42,669 - INFO - 1295 | HOLD | 25833.34 |  29.2 |  -0.23% |   0.21% |   -0.0027 | $    332.21 | $    132.37 | 0.007736
2025-06-08 15:42:42,669 - INFO - 
Action distribution for Episode 10:
2025-06-08 15:42:42,669 - INFO -   HOLD:  414 ( 31.9%)
2025-06-08 15:42:42,669 - INFO -   BUY:   433 ( 33.4%)
2025-06-08 15:42:42,669 - INFO -   SELL:  449 ( 34.6%)
2025-06-08 15:42:42,669 - INFO - ------------------------------------------------------------------------------------------------------------------------
2025-06-08 15:42:42,700 - INFO - Step 13000: Loss = 231817396224.000000, Epsilon = 0.9876
2025-06-08 15:42:43,433 - INFO - Step 14000: Loss = 954530660352.000000, Epsilon = 0.9866
2025-06-08 15:42:43,433 - INFO - Step 14000: Target network updated
2025-06-08 15:42:43,626 - INFO - Episode 11: Reward = -2.3194, Portfolio = $517.28, Return = -94.83%, Cash = $297.25, Crypto = 0.008517, Steps = 1296
2025-06-08 15:42:44,178 - INFO - Step 15000: Loss = 163828356612096.000000, Epsilon = 0.9857
2025-06-08 15:42:44,569 - INFO - Episode 12: Reward = -2.5656, Portfolio = $680.56, Return = -93.19%, Cash = $555.43, Crypto = 0.004843, Steps = 1296
2025-06-08 15:42:44,934 - INFO - Step 16000: Loss = 5777657430016.000000, Epsilon = 0.9847
2025-06-08 15:42:44,934 - INFO - Step 16000: Target network updated
2025-06-08 15:42:45,641 - INFO - Episode 13: Reward = -2.4668, Portfolio = $495.88, Return = -95.04%, Cash = $232.09, Crypto = 0.010211, Steps = 1296
2025-06-08 15:42:45,758 - INFO - Step 17000: Loss = 0.427520, Epsilon = 0.9838
2025-06-08 15:42:46,477 - INFO - Step 18000: Loss = 0.257318, Epsilon = 0.9828
2025-06-08 15:42:46,478 - INFO - Step 18000: Target network updated
2025-06-08 15:42:46,579 - INFO - Episode 14: Reward = -2.6074, Portfolio = $376.94, Return = -96.23%, Cash = $341.05, Crypto = 0.001389, Steps = 1296
2025-06-08 15:42:47,281 - INFO - Step 19000: Loss = 0.032461, Epsilon = 0.9819
2025-06-08 15:42:47,629 - INFO - Episode 15: Reward = -2.4027, Portfolio = $458.98, Return = -95.41%, Cash = $231.90, Crypto = 0.008790, Steps = 1296
2025-06-08 15:42:48,095 - INFO - Step 20000: Loss = 534313888.000000, Epsilon = 0.9809
2025-06-08 15:42:48,095 - INFO - Step 20000: Target network updated
2025-06-08 15:42:48,745 - INFO - Episode 16: Reward = -2.4057, Portfolio = $527.03, Return = -94.73%, Cash = $178.95, Crypto = 0.013474, Steps = 1296
2025-06-08 15:42:48,977 - INFO - Step 21000: Loss = 0.035547, Epsilon = 0.9800
2025-06-08 15:42:49,775 - INFO - Step 22000: Loss = 55693.656250, Epsilon = 0.9790
2025-06-08 15:42:49,775 - INFO - Step 22000: Target network updated
2025-06-08 15:42:49,800 - INFO - Episode 17: Reward = -2.3040, Portfolio = $451.42, Return = -95.49%, Cash = $409.80, Crypto = 0.001611, Steps = 1296
2025-06-08 15:42:50,530 - INFO - Step 23000: Loss = 0.043737, Epsilon = 0.9781
2025-06-08 15:42:50,767 - INFO - Episode 18: Reward = -2.3098, Portfolio = $394.56, Return = -96.05%, Cash = $256.35, Crypto = 0.005350, Steps = 1296
2025-06-08 15:42:51,288 - INFO - Step 24000: Loss = 0.067684, Epsilon = 0.9771
2025-06-08 15:42:51,289 - INFO - Step 24000: Target network updated
2025-06-08 15:42:51,755 - INFO - Episode 19: Reward = -2.3648, Portfolio = $347.01, Return = -96.53%, Cash = $243.15, Crypto = 0.004020, Steps = 1296
2025-06-08 15:42:52,048 - INFO - Step 25000: Loss = 2.421108, Epsilon = 0.9761
2025-06-08 15:42:52,755 - INFO - Episode 20: Reward = -2.4283, Portfolio = $474.09, Return = -95.26%, Cash = $245.15, Crypto = 0.008862, Steps = 1296
2025-06-08 15:42:52,756 - INFO - Episode 20 Summary: Avg Reward (100 eps) = -2.4447, Avg Portfolio (100 eps) = $494.16, Epsilon = 0.975
2025-06-08 15:42:52,756 - INFO - 
Detailed steps for Episode 20:
2025-06-08 15:42:52,756 - INFO - Step | Action | Price    | RSI   | PnL    | WkChg  | Reward    | Portfolio   | Cash       | Crypto
2025-06-08 15:42:52,756 - INFO - ------------------------------------------------------------------------------------------------------------------------
2025-06-08 15:42:52,756 - INFO -    0 | SELL |  9341.71 |  35.4 |  -2.00% |  -7.89% |   -0.0100 | $  10000.00 | $  10000.00 | 0.000000
2025-06-08 15:42:52,756 - INFO -    1 | HOLD |  8820.52 |  27.7 |  -2.00% |  -8.44% |    0.0000 | $  10000.00 | $  10000.00 | 0.000000
2025-06-08 15:42:52,756 - INFO -    2 | BUY  |  8784.49 |  28.3 |  -2.00% |  -8.58% |   -0.0049 | $   9950.98 | $   7500.00 | 0.279012
2025-06-08 15:42:52,756 - INFO -    3 | BUY  |  8672.46 |  25.2 |  -1.28% | -10.47% |   -0.0068 | $   9882.96 | $   5625.00 | 0.490975
2025-06-08 15:42:52,756 - INFO -    4 | HOLD |  8599.51 |  28.2 |  -1.56% | -11.01% |   -0.0036 | $   9847.14 | $   5625.00 | 0.490975
2025-06-08 15:42:52,756 - INFO -    5 | SELL |  8562.45 |  26.8 |  -1.99% | -13.72% |   -0.0072 | $   9776.40 | $   6623.44 | 0.368231
2025-06-08 15:42:52,756 - INFO -    6 | BUY  |  8869.67 |  36.4 |   1.53% |  -8.09% |    0.0083 | $   9857.06 | $   4967.58 | 0.551258
2025-06-08 15:42:52,756 - INFO -    7 | HOLD |  8787.79 |  24.4 |   0.08% |  -5.93% |   -0.0046 | $   9811.92 | $   4967.58 | 0.551258
2025-06-08 15:42:52,756 - INFO -    8 | BUY  |  8755.25 |  29.8 |  -0.29% |  -0.74% |   -0.0043 | $   9769.63 | $   3725.68 | 0.690323
2025-06-08 15:42:52,756 - INFO -    9 | BUY  |  9078.76 |  39.3 |   3.46% |   3.35% |    0.0210 | $   9974.70 | $   2794.26 | 0.790904
2025-06-08 15:42:52,756 - INFO -   10 | BUY  |  9122.55 |  38.4 |   3.50% |   5.19% |    0.0021 | $   9995.63 | $   2095.70 | 0.865979
2025-06-08 15:42:52,756 - INFO -   11 | SELL |  8909.95 |  35.7 |   0.78% |   3.61% |   -0.0281 | $   9715.08 | $   3928.21 | 0.649484
2025-06-08 15:42:52,756 - INFO -   12 | SELL |  8108.12 |  21.3 |  -8.29% |  -5.31% |   -0.0604 | $   9128.47 | $   5178.90 | 0.487113
2025-06-08 15:42:52,756 - INFO -   13 | SELL |  7923.64 |  21.9 | -10.37% | -10.67% |   -0.0151 | $   8990.37 | $   6095.58 | 0.365335
2025-06-08 15:42:52,756 - INFO -   14 | HOLD |  7909.73 |  24.3 | -10.53% |  -9.99% |   -0.0006 | $   8985.28 | $   6095.58 | 0.365335
2025-06-08 15:42:52,756 - INFO -   15 | BUY  |  7911.43 |  29.9 | -10.51% |  -9.64% |   -0.0033 | $   8956.03 | $   4571.69 | 0.554177
2025-06-08 15:42:52,756 - INFO -   16 | HOLD |  4970.79 |  13.1 | -41.69% | -45.25% |   -0.1820 | $   7326.39 | $   4571.69 | 0.554177
2025-06-08 15:42:52,756 - INFO -   17 | BUY  |  5563.71 |  22.5 | -34.73% | -39.01% |    0.0418 | $   7632.56 | $   3428.77 | 0.755574
2025-06-08 15:42:52,756 - INFO -   18 | BUY  |  5200.37 |  21.4 | -32.77% | -41.63% |   -0.0382 | $   7341.22 | $   2571.57 | 0.917175
2025-06-08 15:42:52,756 - INFO -   19 | SELL |  5392.31 |  24.0 | -26.02% | -33.49% |   -0.0031 | $   7455.45 | $   3746.18 | 0.687881
2025-06-08 15:42:52,756 - INFO -   ...    ...      ...       ...     ...       ...      ...         ...          ...         ...
2025-06-08 15:42:52,756 - INFO - 1276 | HOLD | 26162.37 |  14.8 |  -9.61% |  -1.88% |   -0.0043 | $    509.35 | $     34.11 | 0.018165
2025-06-08 15:42:52,756 - INFO - 1277 | SELL | 26047.67 |  14.5 | -10.00% |  -0.01% |   -0.0048 | $    501.35 | $    146.48 | 0.013624
2025-06-08 15:42:52,756 - INFO - 1278 | HOLD | 26008.46 |  14.0 | -10.14% |  -0.34% |   -0.0048 | $    500.81 | $    146.48 | 0.013624
2025-06-08 15:42:52,756 - INFO - 1279 | SELL | 26089.69 |  15.9 |  -9.86% |  -0.38% |   -0.0049 | $    497.48 | $    230.90 | 0.010218
2025-06-08 15:42:52,756 - INFO - 1280 | BUY  | 26106.15 |  13.9 |  -9.80% |  -0.07% |   -0.0052 | $    496.51 | $    173.18 | 0.012386
2025-06-08 15:42:52,756 - INFO - 1281 | SELL | 27727.39 |  37.9 |  -2.53% |   6.51% |   -0.0031 | $    512.30 | $    254.74 | 0.009289
2025-06-08 15:42:52,756 - INFO - 1282 | HOLD | 27297.27 |  38.1 |  -4.04% |   3.27% |   -0.0032 | $    508.31 | $    254.74 | 0.009289
2025-06-08 15:42:52,756 - INFO - 1283 | BUY  | 25931.47 |  43.0 |  -8.84% |  -0.88% |   -0.0038 | $    494.37 | $    191.05 | 0.011697
2025-06-08 15:42:52,756 - INFO - 1284 | HOLD | 25800.72 |  47.4 |  -7.62% |  -0.95% |   -0.0039 | $    492.84 | $    191.05 | 0.011697
2025-06-08 15:42:52,756 - INFO - 1285 | SELL | 25868.80 |  47.6 |  -7.38% |  -0.54% |   -0.0040 | $    489.85 | $    262.92 | 0.008773
2025-06-08 15:42:52,756 - INFO - 1286 | SELL | 25969.57 |  47.7 |  -7.01% |  -0.46% |   -0.0042 | $    487.89 | $    317.02 | 0.006579
2025-06-08 15:42:52,756 - INFO - 1287 | HOLD | 25812.42 |  46.8 |  -7.58% |  -1.13% |   -0.0040 | $    486.86 | $    317.02 | 0.006579
2025-06-08 15:42:52,756 - INFO - 1288 | BUY  | 25779.98 |  47.4 |  -7.69% |  -7.02% |   -0.0038 | $    485.09 | $    237.77 | 0.009594
2025-06-08 15:42:52,756 - INFO - 1289 | BUY  | 25753.24 |  42.4 |  -5.51% |  -5.66% |   -0.0030 | $    483.67 | $    178.33 | 0.011856
2025-06-08 15:42:52,756 - INFO - 1290 | SELL | 26240.20 |  50.8 |  -2.70% |   1.19% |   -0.0021 | $    485.55 | $    252.22 | 0.008892
2025-06-08 15:42:52,756 - INFO - 1291 | SELL | 25905.65 |  48.5 |  -3.94% |   0.41% |   -0.0027 | $    479.70 | $    306.93 | 0.006669
2025-06-08 15:42:52,756 - INFO - 1292 | BUY  | 25895.68 |  48.8 |  -3.97% |   0.10% |   -0.0030 | $    478.13 | $    230.19 | 0.009574
2025-06-08 15:42:52,756 - INFO - 1293 | HOLD | 25832.23 |  47.3 |  -3.04% |  -0.53% |   -0.0029 | $    477.52 | $    230.19 | 0.009574
2025-06-08 15:42:52,756 - INFO - 1294 | BUY  | 25162.65 |  41.4 |  -5.55% |  -2.52% |   -0.0033 | $    469.98 | $    172.65 | 0.011816
2025-06-08 15:42:52,757 - INFO - 1295 | SELL | 25833.34 |  29.2 |  -2.00% |   0.21% |   -0.0037 | $    474.09 | $    245.15 | 0.008862
2025-06-08 15:42:52,757 - INFO - 
Action distribution for Episode 20:
2025-06-08 15:42:52,757 - INFO -   HOLD:  432 ( 33.3%)
2025-06-08 15:42:52,757 - INFO -   BUY:   457 ( 35.3%)
2025-06-08 15:42:52,757 - INFO -   SELL:  407 ( 31.4%)
2025-06-08 15:42:52,757 - INFO - ------------------------------------------------------------------------------------------------------------------------
2025-06-08 15:42:52,817 - INFO - Step 26000: Loss = 0.043713, Epsilon = 0.9752
2025-06-08 15:42:52,818 - INFO - Step 26000: Target network updated
2025-06-08 15:42:53,548 - INFO - Step 27000: Loss = 0.037342, Epsilon = 0.9742
2025-06-08 15:42:53,707 - INFO - Episode 21: Reward = -2.3945, Portfolio = $519.10, Return = -94.81%, Cash = $195.94, Crypto = 0.012509, Steps = 1296
2025-06-08 15:42:54,263 - INFO - Step 28000: Loss = 0.033253, Epsilon = 0.9733
2025-06-08 15:42:54,264 - INFO - Step 28000: Target network updated
2025-06-08 15:42:54,624 - INFO - Episode 22: Reward = -2.1783, Portfolio = $638.94, Return = -93.61%, Cash = $58.85, Crypto = 0.022455, Steps = 1296
2025-06-08 15:42:54,967 - INFO - Step 29000: Loss = 0.038166, Epsilon = 0.9723
2025-06-08 15:42:55,544 - INFO - Episode 23: Reward = -2.3646, Portfolio = $619.85, Return = -93.80%, Cash = $395.11, Crypto = 0.008699, Steps = 1296
2025-06-08 15:42:55,692 - INFO - Step 30000: Loss = 57.196743, Epsilon = 0.9714
2025-06-08 15:42:55,692 - INFO - Step 30000: Target network updated
2025-06-08 15:42:56,552 - INFO - Step 31000: Loss = 0.036717, Epsilon = 0.9704
2025-06-08 15:42:56,631 - INFO - Episode 24: Reward = -2.1973, Portfolio = $555.68, Return = -94.44%, Cash = $107.26, Crypto = 0.017358, Steps = 1296
2025-06-08 15:42:57,279 - INFO - Step 32000: Loss = 0.039515, Epsilon = 0.9695
2025-06-08 15:42:57,280 - INFO - Step 32000: Target network updated
2025-06-08 15:42:57,565 - INFO - Episode 25: Reward = -2.4621, Portfolio = $735.64, Return = -92.64%, Cash = $473.73, Crypto = 0.010138, Steps = 1296
2025-06-08 15:42:58,028 - INFO - Step 33000: Loss = 5.317744, Epsilon = 0.9685
2025-06-08 15:42:58,582 - INFO - Episode 26: Reward = -2.5119, Portfolio = $358.10, Return = -96.42%, Cash = $271.63, Crypto = 0.003347, Steps = 1296
2025-06-08 15:42:58,821 - INFO - Step 34000: Loss = 33.497555, Epsilon = 0.9676
2025-06-08 15:42:58,821 - INFO - Step 34000: Target network updated
2025-06-08 15:42:59,531 - INFO - Episode 27: Reward = -2.4674, Portfolio = $365.62, Return = -96.34%, Cash = $265.10, Crypto = 0.003891, Steps = 1296
2025-06-08 15:42:59,538 - INFO - Step 35000: Loss = 1410583494656.000000, Epsilon = 0.9666
2025-06-08 15:43:00,265 - INFO - Step 36000: Loss = 0.816864, Epsilon = 0.9657
2025-06-08 15:43:00,265 - INFO - Step 36000: Target network updated
2025-06-08 15:43:00,474 - INFO - Episode 28: Reward = -2.2943, Portfolio = $647.93, Return = -93.52%, Cash = $374.07, Crypto = 0.010601, Steps = 1296
2025-06-08 15:43:00,984 - INFO - Step 37000: Loss = 11.817142, Epsilon = 0.9647
2025-06-08 15:43:01,400 - INFO - Episode 29: Reward = -2.4207, Portfolio = $630.56, Return = -93.69%, Cash = $336.82, Crypto = 0.011370, Steps = 1296
2025-06-08 15:43:01,696 - INFO - Step 38000: Loss = 0.107752, Epsilon = 0.9637
2025-06-08 15:43:01,696 - INFO - Step 38000: Target network updated
2025-06-08 15:43:02,380 - INFO - Episode 30: Reward = -2.5133, Portfolio = $467.16, Return = -95.33%, Cash = $308.37, Crypto = 0.006147, Steps = 1296
2025-06-08 15:43:02,381 - INFO - Episode 30 Summary: Avg Reward (100 eps) = -2.4233, Avg Portfolio (100 eps) = $514.06, Epsilon = 0.963
2025-06-08 15:43:02,381 - INFO - 
Detailed steps for Episode 30:
2025-06-08 15:43:02,381 - INFO - Step | Action | Price    | RSI   | PnL    | WkChg  | Reward    | Portfolio   | Cash       | Crypto
2025-06-08 15:43:02,381 - INFO - ------------------------------------------------------------------------------------------------------------------------
2025-06-08 15:43:02,381 - INFO -    0 | BUY  |  9341.71 |  35.4 |  -2.00% |  -7.89% |   -0.0049 | $   9950.98 | $   7500.00 | 0.262370
2025-06-08 15:43:02,381 - INFO -    1 | SELL |  8820.52 |  27.7 |  -5.58% |  -8.44% |   -0.0166 | $   9785.31 | $   8049.63 | 0.196777
2025-06-08 15:43:02,381 - INFO -    2 | SELL |  8784.49 |  28.3 |  -5.96% |  -8.58% |   -0.0029 | $   9756.61 | $   8460.17 | 0.147583
2025-06-08 15:43:02,381 - INFO -    3 | SELL |  8672.46 |  25.2 |  -7.16% | -10.47% |   -0.0033 | $   9724.08 | $   8764.15 | 0.110687
2025-06-08 15:43:02,381 - INFO -    4 | HOLD |  8599.51 |  28.2 |  -7.94% | -11.01% |   -0.0008 | $   9716.00 | $   8764.15 | 0.110687
2025-06-08 15:43:02,381 - INFO -    5 | BUY  |  8562.45 |  26.8 |  -8.34% | -13.72% |   -0.0048 | $   9668.94 | $   6573.11 | 0.361559
2025-06-08 15:43:02,381 - INFO -    6 | SELL |  8869.67 |  36.4 |   0.78% |  -8.09% |    0.0073 | $   9739.93 | $   7334.75 | 0.271169
2025-06-08 15:43:02,381 - INFO -    7 | HOLD |  8787.79 |  24.4 |  -0.15% |  -5.93% |   -0.0023 | $   9717.73 | $   7334.75 | 0.271169
2025-06-08 15:43:02,381 - INFO -    8 | BUY  |  8755.25 |  29.8 |  -0.52% |  -0.74% |   -0.0046 | $   9672.95 | $   5501.06 | 0.476501
2025-06-08 15:43:02,381 - INFO -    9 | SELL |  9078.76 |  39.3 |   3.39% |   3.35% |    0.0103 | $   9773.03 | $   6528.50 | 0.357376
2025-06-08 15:43:02,381 - INFO -   10 | BUY  |  9122.55 |  38.4 |   3.89% |   5.19% |   -0.0017 | $   9756.67 | $   4896.37 | 0.532779
2025-06-08 15:43:02,381 - INFO -   11 | BUY  |  8909.95 |  35.7 |   0.18% |   3.61% |   -0.0141 | $   9619.41 | $   3672.28 | 0.667470
2025-06-08 15:43:02,381 - INFO -   12 | SELL |  8108.12 |  21.3 |  -8.87% |  -5.31% |   -0.0627 | $   9016.56 | $   4957.61 | 0.500603
2025-06-08 15:43:02,381 - INFO -   13 | SELL |  7923.64 |  21.9 | -10.94% | -10.67% |   -0.0157 | $   8874.63 | $   5899.68 | 0.375452
2025-06-08 15:43:02,381 - INFO -   14 | BUY  |  7909.73 |  24.3 | -11.10% |  -9.99% |   -0.0038 | $   8840.48 | $   4424.76 | 0.558265
2025-06-08 15:43:02,381 - INFO -   15 | BUY  |  7911.43 |  29.9 |  -7.72% |  -9.64% |   -0.0023 | $   8819.74 | $   3318.57 | 0.695345
2025-06-08 15:43:02,381 - INFO -   16 | BUY  |  4970.79 |  13.1 | -41.13% | -45.25% |   -0.2337 | $   6758.71 | $   2488.93 | 0.858976
2025-06-08 15:43:02,381 - INFO -   17 | HOLD |  5563.71 |  22.5 | -28.50% | -39.01% |    0.0754 | $   7268.02 | $   2488.93 | 0.858976
2025-06-08 15:43:02,381 - INFO -   18 | HOLD |  5200.37 |  21.4 | -33.17% | -41.63% |   -0.0429 | $   6955.92 | $   2488.93 | 0.858976
2025-06-08 15:43:02,381 - INFO -   19 | BUY  |  5392.31 |  24.0 | -30.70% | -33.49% |   -0.0027 | $   7108.59 | $   1866.70 | 0.972106
2025-06-08 15:43:02,381 - INFO -   ...    ...      ...       ...     ...       ...      ...         ...          ...         ...
2025-06-08 15:43:02,381 - INFO - 1276 | SELL | 26162.37 |  14.8 |  -6.94% |  -1.88% |   -0.0063 | $    480.59 | $    356.20 | 0.004755
2025-06-08 15:43:02,381 - INFO - 1277 | HOLD | 26047.67 |  14.5 |  -7.35% |  -0.01% |   -0.0059 | $    480.04 | $    356.20 | 0.004755
2025-06-08 15:43:02,381 - INFO - 1278 | SELL | 26008.46 |  14.0 |  -7.49% |  -0.34% |   -0.0062 | $    478.31 | $    385.57 | 0.003566
2025-06-08 15:43:02,381 - INFO - 1279 | SELL | 26089.69 |  15.9 |  -7.20% |  -0.38% |   -0.0064 | $    477.44 | $    407.66 | 0.002674
2025-06-08 15:43:02,381 - INFO - 1280 | SELL | 26106.15 |  13.9 |  -7.14% |  -0.07% |   -0.0071 | $    476.61 | $    424.25 | 0.002006
2025-06-08 15:43:02,381 - INFO - 1281 | SELL | 27727.39 |  37.9 |  -1.37% |   6.51% |   -0.0063 | $    479.17 | $    437.45 | 0.001504
2025-06-08 15:43:02,381 - INFO - 1282 | SELL | 27297.27 |  38.1 |  -2.90% |   3.27% |   -0.0063 | $    478.01 | $    447.21 | 0.001128
2025-06-08 15:43:02,381 - INFO - 1283 | HOLD | 25931.47 |  43.0 |  -7.76% |  -0.88% |   -0.0064 | $    476.47 | $    447.21 | 0.001128
2025-06-08 15:43:02,381 - INFO - 1284 | HOLD | 25800.72 |  47.4 |  -8.22% |  -0.95% |   -0.0063 | $    476.32 | $    447.21 | 0.001128
2025-06-08 15:43:02,381 - INFO - 1285 | HOLD | 25868.80 |  47.6 |  -7.98% |  -0.54% |   -0.0056 | $    476.40 | $    447.21 | 0.001128
2025-06-08 15:43:02,381 - INFO - 1286 | BUY  | 25969.57 |  47.7 |  -7.62% |  -0.46% |   -0.0061 | $    474.32 | $    335.41 | 0.005349
2025-06-08 15:43:02,381 - INFO - 1287 | SELL | 25812.42 |  46.8 |  -2.31% |  -1.13% |   -0.0061 | $    471.75 | $    368.20 | 0.004012
2025-06-08 15:43:02,381 - INFO - 1288 | SELL | 25779.98 |  47.4 |  -2.43% |  -7.02% |   -0.0055 | $    470.33 | $    392.76 | 0.003009
2025-06-08 15:43:02,381 - INFO - 1289 | SELL | 25753.24 |  42.4 |  -2.53% |  -5.66% |   -0.0069 | $    469.28 | $    411.16 | 0.002257
2025-06-08 15:43:02,381 - INFO - 1290 | HOLD | 26240.20 |  50.8 |  -0.69% |   1.19% |   -0.0070 | $    470.38 | $    411.16 | 0.002257
2025-06-08 15:43:02,381 - INFO - 1291 | BUY  | 25905.65 |  48.5 |  -1.95% |   0.41% |   -0.0071 | $    467.61 | $    308.37 | 0.006147
2025-06-08 15:43:02,381 - INFO - 1292 | HOLD | 25895.68 |  48.8 |  -0.76% |   0.10% |   -0.0066 | $    467.55 | $    308.37 | 0.006147
2025-06-08 15:43:02,381 - INFO - 1293 | HOLD | 25832.23 |  47.3 |  -1.01% |  -0.53% |   -0.0066 | $    467.16 | $    308.37 | 0.006147
2025-06-08 15:43:02,381 - INFO - 1294 | HOLD | 25162.65 |  41.4 |  -3.57% |  -2.52% |   -0.0069 | $    463.04 | $    308.37 | 0.006147
2025-06-08 15:43:02,381 - INFO - 1295 | HOLD | 25833.34 |  29.2 |  -1.00% |   0.21% |   -0.0047 | $    467.16 | $    308.37 | 0.006147
2025-06-08 15:43:02,382 - INFO - 
Action distribution for Episode 30:
2025-06-08 15:43:02,382 - INFO -   HOLD:  425 ( 32.8%)
2025-06-08 15:43:02,382 - INFO -   BUY:   444 ( 34.3%)
2025-06-08 15:43:02,382 - INFO -   SELL:  427 ( 32.9%)
2025-06-08 15:43:02,382 - INFO - ------------------------------------------------------------------------------------------------------------------------
2025-06-08 15:43:02,486 - INFO - Step 39000: Loss = 17931.617188, Epsilon = 0.9628
2025-06-08 15:43:03,270 - INFO - Step 40000: Loss = 0.270152, Epsilon = 0.9618
2025-06-08 15:43:03,271 - INFO - Step 40000: Target network updated
2025-06-08 15:43:03,408 - INFO - Episode 31: Reward = -2.4043, Portfolio = $585.70, Return = -94.14%, Cash = $99.47, Crypto = 0.018822, Steps = 1296
2025-06-08 15:43:04,025 - INFO - Step 41000: Loss = 0.304309, Epsilon = 0.9609
2025-06-08 15:43:04,364 - INFO - Episode 32: Reward = -2.3633, Portfolio = $684.55, Return = -93.15%, Cash = $180.41, Crypto = 0.019515, Steps = 1296
2025-06-08 15:43:04,741 - INFO - Step 42000: Loss = 231.483139, Epsilon = 0.9599
2025-06-08 15:43:04,741 - INFO - Step 42000: Target network updated
2025-06-08 15:43:05,331 - INFO - Episode 33: Reward = -2.5945, Portfolio = $482.74, Return = -95.17%, Cash = $186.70, Crypto = 0.011460, Steps = 1296
2025-06-08 15:43:05,499 - INFO - Step 43000: Loss = 32.673206, Epsilon = 0.9590
2025-06-08 15:43:06,293 - INFO - Step 44000: Loss = 125.941437, Epsilon = 0.9580
2025-06-08 15:43:06,293 - INFO - Step 44000: Target network updated
2025-06-08 15:43:06,345 - INFO - Episode 34: Reward = -2.3812, Portfolio = $498.44, Return = -95.02%, Cash = $204.09, Crypto = 0.011394, Steps = 1296
2025-06-08 15:43:07,090 - INFO - Step 45000: Loss = 0.358080, Epsilon = 0.9571
2025-06-08 15:43:07,387 - INFO - Episode 35: Reward = -2.3330, Portfolio = $501.09, Return = -94.99%, Cash = $249.37, Crypto = 0.009744, Steps = 1296
2025-06-08 15:43:07,890 - INFO - Step 46000: Loss = 1124743249920.000000, Epsilon = 0.9561
2025-06-08 15:43:07,890 - INFO - Step 46000: Target network updated
2025-06-08 15:43:08,359 - INFO - Episode 36: Reward = -2.4775, Portfolio = $371.76, Return = -96.28%, Cash = $200.41, Crypto = 0.006633, Steps = 1296
2025-06-08 15:43:08,615 - INFO - Step 47000: Loss = 0.032130, Epsilon = 0.9552
2025-06-08 15:43:09,303 - INFO - Episode 37: Reward = -2.5382, Portfolio = $440.01, Return = -95.60%, Cash = $159.15, Crypto = 0.010872, Steps = 1296
2025-06-08 15:43:09,339 - INFO - Step 48000: Loss = 13692603392.000000, Epsilon = 0.9542
2025-06-08 15:43:09,339 - INFO - Step 48000: Target network updated
2025-06-08 15:43:10,065 - INFO - Step 49000: Loss = 0.021537, Epsilon = 0.9532
2025-06-08 15:43:10,243 - INFO - Episode 38: Reward = -2.8274, Portfolio = $247.14, Return = -97.53%, Cash = $135.94, Crypto = 0.004304, Steps = 1296
2025-06-08 15:43:10,790 - INFO - Step 50000: Loss = 0.022215, Epsilon = 0.9523
2025-06-08 15:43:10,790 - INFO - Step 50000: Target network updated
2025-06-08 15:43:11,184 - INFO - Episode 39: Reward = -2.5982, Portfolio = $466.40, Return = -95.34%, Cash = $228.00, Crypto = 0.009229, Steps = 1296
2025-06-08 15:43:11,514 - INFO - Step 51000: Loss = 0.036664, Epsilon = 0.9513
2025-06-08 15:43:12,123 - INFO - Episode 40: Reward = -2.3031, Portfolio = $527.51, Return = -94.72%, Cash = $265.14, Crypto = 0.010156, Steps = 1296
2025-06-08 15:43:12,123 - INFO - Episode 40 Summary: Avg Reward (100 eps) = -2.4380, Avg Portfolio (100 eps) = $505.68, Epsilon = 0.951
2025-06-08 15:43:12,124 - INFO - 
Detailed steps for Episode 40:
2025-06-08 15:43:12,124 - INFO - Step | Action | Price    | RSI   | PnL    | WkChg  | Reward    | Portfolio   | Cash       | Crypto
2025-06-08 15:43:12,124 - INFO - ------------------------------------------------------------------------------------------------------------------------
2025-06-08 15:43:12,124 - INFO -    0 | BUY  |  9341.71 |  35.4 |  -2.00% |  -7.89% |   -0.0049 | $   9950.98 | $   7500.00 | 0.262370
2025-06-08 15:43:12,124 - INFO -    1 | SELL |  8820.52 |  27.7 |  -5.58% |  -8.44% |   -0.0166 | $   9785.31 | $   8049.63 | 0.196777
2025-06-08 15:43:12,124 - INFO -    2 | HOLD |  8784.49 |  28.3 |  -5.96% |  -8.58% |   -0.0007 | $   9778.22 | $   8049.63 | 0.196777
2025-06-08 15:43:12,124 - INFO -    3 | SELL |  8672.46 |  25.2 |  -7.16% | -10.47% |   -0.0044 | $   9734.84 | $   8454.94 | 0.147583
2025-06-08 15:43:12,124 - INFO -    4 | BUY  |  8599.51 |  28.2 |  -7.94% | -11.01% |   -0.0054 | $   9682.63 | $   6341.20 | 0.388560
2025-06-08 15:43:12,124 - INFO -    5 | BUY  |  8562.45 |  26.8 |  -3.59% | -13.72% |   -0.0047 | $   9637.15 | $   4755.90 | 0.570076
2025-06-08 15:43:12,124 - INFO -    6 | BUY  |  8869.67 |  36.4 |   1.02% |  -8.09% |    0.0158 | $   9788.97 | $   3566.93 | 0.701497
2025-06-08 15:43:12,124 - INFO -    7 | BUY  |  8787.79 |  24.4 |  -0.10% |  -5.93% |   -0.0077 | $   9714.05 | $   2675.19 | 0.800981
2025-06-08 15:43:12,124 - INFO -    8 | BUY  |  8755.25 |  29.8 |  -0.46% |  -0.74% |   -0.0040 | $   9674.87 | $   2006.40 | 0.875872
2025-06-08 15:43:12,124 - INFO -    9 | HOLD |  9078.76 |  39.3 |   3.26% |   3.35% |    0.0293 | $   9958.23 | $   2006.40 | 0.875872
2025-06-08 15:43:12,124 - INFO -   10 | BUY  |  9122.55 |  38.4 |   3.76% |   5.19% |    0.0029 | $   9986.74 | $   1504.80 | 0.929778
2025-06-08 15:43:12,124 - INFO -   11 | HOLD |  8909.95 |  35.7 |   1.12% |   3.61% |   -0.0198 | $   9789.08 | $   1504.80 | 0.929778
2025-06-08 15:43:12,124 - INFO -   12 | HOLD |  8108.12 |  21.3 |  -7.98% |  -5.31% |   -0.0762 | $   9043.55 | $   1504.80 | 0.929778
2025-06-08 15:43:12,124 - INFO -   13 | BUY  |  7923.64 |  21.9 | -10.07% | -10.67% |   -0.0198 | $   8864.65 | $   1128.60 | 0.976325
2025-06-08 15:43:12,124 - INFO -   14 | SELL |  7909.73 |  24.3 |  -9.80% |  -9.99% |   -0.0124 | $   8754.53 | $   2962.68 | 0.732244
2025-06-08 15:43:12,124 - INFO -   15 | SELL |  7911.43 |  29.9 |  -9.78% |  -9.64% |   -0.0081 | $   8683.37 | $   4338.54 | 0.549183
2025-06-08 15:43:12,124 - INFO -   16 | BUY  |  4970.79 |  13.1 | -43.31% | -45.25% |   -0.1884 | $   7047.15 | $   3253.91 | 0.763106
2025-06-08 15:43:12,124 - INFO -   17 | HOLD |  5563.71 |  22.5 | -27.78% | -39.01% |    0.0642 | $   7499.61 | $   3253.91 | 0.763106
2025-06-08 15:43:12,124 - INFO -   18 | BUY  |  5200.37 |  21.4 | -32.50% | -41.63% |   -0.0391 | $   7206.39 | $   2440.43 | 0.916466
2025-06-08 15:43:12,124 - INFO -   19 | BUY  |  5392.31 |  24.0 | -25.98% | -33.49% |   -0.0029 | $   7370.34 | $   1830.32 | 1.027392
2025-06-08 15:43:12,124 - INFO -   ...    ...      ...       ...     ...       ...      ...         ...          ...         ...
2025-06-08 15:43:12,124 - INFO - 1276 | SELL | 26162.37 |  14.8 |  -7.78% |  -1.88% |   -0.0038 | $    560.15 | $    187.29 | 0.014252
2025-06-08 15:43:12,124 - INFO - 1277 | BUY  | 26047.67 |  14.5 |  -8.18% |  -0.01% |   -0.0039 | $    557.60 | $    140.47 | 0.016014
2025-06-08 15:43:12,124 - INFO - 1278 | HOLD | 26008.46 |  14.0 |  -7.49% |  -0.34% |   -0.0038 | $    556.97 | $    140.47 | 0.016014
2025-06-08 15:43:12,124 - INFO - 1279 | HOLD | 26089.69 |  15.9 |  -7.20% |  -0.38% |   -0.0038 | $    558.27 | $    140.47 | 0.016014
2025-06-08 15:43:12,124 - INFO - 1280 | BUY  | 26106.15 |  13.9 |  -7.14% |  -0.07% |   -0.0045 | $    557.84 | $    105.35 | 0.017333
2025-06-08 15:43:12,124 - INFO - 1281 | HOLD | 27727.39 |  37.9 |  -0.83% |   6.51% |   -0.0022 | $    585.94 | $    105.35 | 0.017333
2025-06-08 15:43:12,124 - INFO - 1282 | SELL | 27297.27 |  38.1 |  -2.37% |   3.27% |   -0.0024 | $    572.57 | $    217.72 | 0.013000
2025-06-08 15:43:12,124 - INFO - 1283 | SELL | 25931.47 |  43.0 |  -7.26% |  -0.88% |   -0.0031 | $    550.61 | $    297.78 | 0.009750
2025-06-08 15:43:12,124 - INFO - 1284 | HOLD | 25800.72 |  47.4 |  -7.72% |  -0.95% |   -0.0031 | $    549.33 | $    297.78 | 0.009750
2025-06-08 15:43:12,124 - INFO - 1285 | BUY  | 25868.80 |  47.6 |  -7.48% |  -0.54% |   -0.0031 | $    548.54 | $    223.34 | 0.012571
2025-06-08 15:43:12,124 - INFO - 1286 | SELL | 25969.57 |  47.7 |  -5.53% |  -0.46% |   -0.0033 | $    545.72 | $    300.87 | 0.009428
2025-06-08 15:43:12,124 - INFO - 1287 | SELL | 25812.42 |  46.8 |  -6.10% |  -1.13% |   -0.0033 | $    541.20 | $    358.67 | 0.007071
2025-06-08 15:43:12,124 - INFO - 1288 | BUY  | 25779.98 |  47.4 |  -6.22% |  -7.02% |   -0.0031 | $    539.21 | $    269.00 | 0.010481
2025-06-08 15:43:12,124 - INFO - 1289 | HOLD | 25753.24 |  42.4 |  -4.38% |  -5.66% |   -0.0020 | $    538.93 | $    269.00 | 0.010481
2025-06-08 15:43:12,124 - INFO - 1290 | BUY  | 26240.20 |  50.8 |  -2.58% |   1.19% |   -0.0013 | $    542.72 | $    201.75 | 0.012994
2025-06-08 15:43:12,124 - INFO - 1291 | BUY  | 25905.65 |  48.5 |  -3.34% |   0.41% |   -0.0016 | $    537.38 | $    151.31 | 0.014903
2025-06-08 15:43:12,124 - INFO - 1292 | HOLD | 25895.68 |  48.8 |  -2.96% |   0.10% |   -0.0017 | $    537.23 | $    151.31 | 0.014903
2025-06-08 15:43:12,124 - INFO - 1293 | SELL | 25832.23 |  47.3 |  -3.20% |  -0.53% |   -0.0019 | $    531.47 | $    242.75 | 0.011177
2025-06-08 15:43:12,124 - INFO - 1294 | BUY  | 25162.65 |  41.4 |  -5.71% |  -2.52% |   -0.0023 | $    522.80 | $    182.06 | 0.013541
2025-06-08 15:43:12,124 - INFO - 1295 | SELL | 25833.34 |  29.2 |  -2.22% |   0.21% |   -0.0024 | $    527.51 | $    265.14 | 0.010156
2025-06-08 15:43:12,125 - INFO - 
Action distribution for Episode 40:
2025-06-08 15:43:12,125 - INFO -   HOLD:  420 ( 32.4%)
2025-06-08 15:43:12,125 - INFO -   BUY:   456 ( 35.2%)
2025-06-08 15:43:12,125 - INFO -   SELL:  420 ( 32.4%)
2025-06-08 15:43:12,125 - INFO - ------------------------------------------------------------------------------------------------------------------------
2025-06-08 15:43:12,244 - INFO - Step 52000: Loss = 2.405080, Epsilon = 0.9504
2025-06-08 15:43:12,244 - INFO - Step 52000: Target network updated
2025-06-08 15:43:12,978 - INFO - Step 53000: Loss = 102.717903, Epsilon = 0.9494
2025-06-08 15:43:13,080 - INFO - Episode 41: Reward = -2.2003, Portfolio = $765.93, Return = -92.34%, Cash = $502.51, Crypto = 0.010197, Steps = 1296
2025-06-08 15:43:13,718 - INFO - Step 54000: Loss = 7.911757, Epsilon = 0.9485
2025-06-08 15:43:13,718 - INFO - Step 54000: Target network updated
2025-06-08 15:43:14,044 - INFO - Episode 42: Reward = -2.3618, Portfolio = $415.43, Return = -95.85%, Cash = $55.13, Crypto = 0.013947, Steps = 1296
2025-06-08 15:43:14,471 - INFO - Step 55000: Loss = 3.577163, Epsilon = 0.9475
2025-06-08 15:43:15,005 - INFO - Episode 43: Reward = -2.3072, Portfolio = $408.13, Return = -95.92%, Cash = $226.82, Crypto = 0.007018, Steps = 1296
2025-06-08 15:43:15,208 - INFO - Step 56000: Loss = 2937627.750000, Epsilon = 0.9466
2025-06-08 15:43:15,208 - INFO - Step 56000: Target network updated
2025-06-08 15:43:15,943 - INFO - Step 57000: Loss = 2247208960.000000, Epsilon = 0.9456
2025-06-08 15:43:15,960 - INFO - Episode 44: Reward = -2.3451, Portfolio = $489.27, Return = -95.11%, Cash = $110.95, Crypto = 0.014645, Steps = 1296
2025-06-08 15:43:16,667 - INFO - Step 58000: Loss = 0.036627, Epsilon = 0.9447
2025-06-08 15:43:16,667 - INFO - Step 58000: Target network updated
2025-06-08 15:43:16,901 - INFO - Episode 45: Reward = -2.4615, Portfolio = $379.07, Return = -96.21%, Cash = $251.59, Crypto = 0.004934, Steps = 1296
2025-06-08 15:43:17,394 - INFO - Step 59000: Loss = 133.766937, Epsilon = 0.9437
2025-06-08 15:43:17,843 - INFO - Episode 46: Reward = -2.2430, Portfolio = $536.17, Return = -94.64%, Cash = $195.37, Crypto = 0.013192, Steps = 1296
2025-06-08 15:43:18,127 - INFO - Step 60000: Loss = 379305504.000000, Epsilon = 0.9428
2025-06-08 15:43:18,127 - INFO - Step 60000: Target network updated
2025-06-08 15:43:18,823 - INFO - Episode 47: Reward = -2.2358, Portfolio = $489.21, Return = -95.11%, Cash = $193.49, Crypto = 0.011447, Steps = 1296
2025-06-08 15:43:18,897 - INFO - Step 61000: Loss = 8.623761, Epsilon = 0.9418
2025-06-08 15:43:19,721 - INFO - Step 62000: Loss = 66611.937500, Epsilon = 0.9408
2025-06-08 15:43:19,721 - INFO - Step 62000: Target network updated
2025-06-08 15:43:19,890 - INFO - Episode 48: Reward = -2.4688, Portfolio = $430.03, Return = -95.70%, Cash = $100.10, Crypto = 0.012772, Steps = 1296
2025-06-08 15:43:20,520 - INFO - Step 63000: Loss = 0.034932, Epsilon = 0.9399
2025-06-08 15:43:20,922 - INFO - Episode 49: Reward = -2.3136, Portfolio = $468.54, Return = -95.31%, Cash = $142.76, Crypto = 0.012611, Steps = 1296
2025-06-08 15:43:21,315 - INFO - Step 64000: Loss = 0.026685, Epsilon = 0.9389
2025-06-08 15:43:21,316 - INFO - Step 64000: Target network updated
2025-06-08 15:43:21,897 - INFO - Episode 50: Reward = -2.1619, Portfolio = $683.21, Return = -93.17%, Cash = $149.46, Crypto = 0.020661, Steps = 1296
2025-06-08 15:43:21,897 - INFO - Episode 50 Summary: Avg Reward (100 eps) = -2.4124, Avg Portfolio (100 eps) = $505.84, Epsilon = 0.938
2025-06-08 15:43:21,897 - INFO - 
Detailed steps for Episode 50:
2025-06-08 15:43:21,897 - INFO - Step | Action | Price    | RSI   | PnL    | WkChg  | Reward    | Portfolio   | Cash       | Crypto
2025-06-08 15:43:21,897 - INFO - ------------------------------------------------------------------------------------------------------------------------
2025-06-08 15:43:21,897 - INFO -    0 | HOLD |  9341.71 |  35.4 |  -2.00% |  -7.89% |    0.0000 | $  10000.00 | $  10000.00 | 0.000000
2025-06-08 15:43:21,897 - INFO -    1 | HOLD |  8820.52 |  27.7 |  -2.00% |  -8.44% |    0.0000 | $  10000.00 | $  10000.00 | 0.000000
2025-06-08 15:43:21,897 - INFO -    2 | SELL |  8784.49 |  28.3 |  -2.00% |  -8.58% |   -0.0100 | $  10000.00 | $  10000.00 | 0.000000
2025-06-08 15:43:21,897 - INFO -    3 | BUY  |  8672.46 |  25.2 |  -2.00% | -10.47% |   -0.0049 | $   9950.98 | $   7500.00 | 0.282617
2025-06-08 15:43:21,897 - INFO -    4 | HOLD |  8599.51 |  28.2 |  -0.84% | -11.01% |   -0.0021 | $   9930.36 | $   7500.00 | 0.282617
2025-06-08 15:43:21,897 - INFO -    5 | BUY  |  8562.45 |  26.8 |  -1.27% | -13.72% |   -0.0048 | $   9883.13 | $   5625.00 | 0.497302
2025-06-08 15:43:21,897 - INFO -    6 | BUY  |  8869.67 |  36.4 |   2.84% |  -8.09% |    0.0127 | $  10008.33 | $   4218.75 | 0.652739
2025-06-08 15:43:21,897 - INFO -    7 | SELL |  8787.79 |  24.4 |   1.20% |  -5.93% |   -0.0125 | $   9883.18 | $   5581.08 | 0.489555
2025-06-08 15:43:21,897 - INFO -    8 | SELL |  8755.25 |  29.8 |   0.83% |  -0.74% |   -0.0070 | $   9813.68 | $   6599.05 | 0.367166
2025-06-08 15:43:21,897 - INFO -    9 | BUY  |  9078.76 |  39.3 |   4.56% |   3.35% |    0.0088 | $   9900.11 | $   4949.29 | 0.545319
2025-06-08 15:43:21,897 - INFO -   10 | BUY  |  9122.55 |  38.4 |   3.52% |   5.19% |   -0.0000 | $   9899.73 | $   3711.96 | 0.678293
2025-06-08 15:43:21,897 - INFO -   11 | BUY  |  8909.95 |  35.7 |   0.41% |   3.61% |   -0.0164 | $   9737.33 | $   2783.97 | 0.780403
2025-06-08 15:43:21,897 - INFO -   12 | BUY  |  8108.12 |  21.3 |  -8.67% |  -5.31% |   -0.0657 | $   9097.93 | $   2087.98 | 0.864559
2025-06-08 15:43:21,897 - INFO -   13 | BUY  |  7923.64 |  21.9 |  -9.99% | -10.67% |   -0.0187 | $   8928.20 | $   1565.98 | 0.929146
2025-06-08 15:43:21,897 - INFO -   14 | HOLD |  7909.73 |  24.3 |  -9.52% |  -9.99% |   -0.0014 | $   8915.28 | $   1565.98 | 0.929146
2025-06-08 15:43:21,897 - INFO -   15 | SELL |  7911.43 |  29.9 |  -9.50% |  -9.64% |   -0.0101 | $   8824.97 | $   3311.82 | 0.696859
2025-06-08 15:43:21,897 - INFO -   16 | BUY  |  4970.79 |  13.1 | -43.14% | -45.25% |   -0.2340 | $   6759.52 | $   2483.86 | 0.860157
2025-06-08 15:43:21,897 - INFO -   17 | HOLD |  5563.71 |  22.5 | -30.68% | -39.01% |    0.0754 | $   7269.53 | $   2483.86 | 0.860157
2025-06-08 15:43:21,897 - INFO -   18 | BUY  |  5200.37 |  21.4 | -35.21% | -41.63% |   -0.0447 | $   6944.82 | $   1862.90 | 0.977224
2025-06-08 15:43:21,897 - INFO -   19 | HOLD |  5392.31 |  24.0 | -29.86% | -33.49% |   -0.0026 | $   7132.40 | $   1862.90 | 0.977224
2025-06-08 15:43:21,897 - INFO -   ...    ...      ...       ...     ...       ...      ...         ...          ...         ...
2025-06-08 15:43:21,897 - INFO - 1276 | BUY  | 26162.37 |  14.8 | -10.92% |  -1.88% |   -0.0055 | $    733.80 | $    472.68 | 0.009981
2025-06-08 15:43:21,897 - INFO - 1277 | BUY  | 26047.67 |  14.5 |  -5.18% |  -0.01% |   -0.0056 | $    730.34 | $    354.51 | 0.014428
2025-06-08 15:43:21,897 - INFO - 1278 | SELL | 26008.46 |  14.0 |  -3.79% |  -0.34% |   -0.0060 | $    725.08 | $    443.64 | 0.010821
2025-06-08 15:43:21,897 - INFO - 1279 | SELL | 26089.69 |  15.9 |  -3.49% |  -0.38% |   -0.0065 | $    722.43 | $    510.69 | 0.008116
2025-06-08 15:43:21,897 - INFO - 1280 | HOLD | 26106.15 |  13.9 |  -3.43% |  -0.07% |   -0.0083 | $    722.57 | $    510.69 | 0.008116
2025-06-08 15:43:21,898 - INFO - 1281 | HOLD | 27727.39 |  37.9 |   2.57% |   6.51% |   -0.0060 | $    735.73 | $    510.69 | 0.008116
2025-06-08 15:43:21,898 - INFO - 1282 | BUY  | 27297.27 |  38.1 |   0.98% |   3.27% |   -0.0062 | $    729.73 | $    383.02 | 0.012701
2025-06-08 15:43:21,898 - INFO - 1283 | BUY  | 25931.47 |  43.0 |  -4.41% |  -0.88% |   -0.0064 | $    710.51 | $    287.26 | 0.016322
2025-06-08 15:43:21,898 - INFO - 1284 | SELL | 25800.72 |  47.4 |  -3.95% |  -0.95% |   -0.0065 | $    703.11 | $    387.28 | 0.012241
2025-06-08 15:43:21,898 - INFO - 1285 | BUY  | 25868.80 |  47.6 |  -3.70% |  -0.54% |   -0.0063 | $    702.04 | $    290.46 | 0.015911
2025-06-08 15:43:21,898 - INFO - 1286 | HOLD | 25969.57 |  47.7 |  -2.49% |  -0.46% |   -0.0059 | $    703.65 | $    290.46 | 0.015911
2025-06-08 15:43:21,898 - INFO - 1287 | HOLD | 25812.42 |  46.8 |  -3.08% |  -1.13% |   -0.0058 | $    701.15 | $    290.46 | 0.015911
2025-06-08 15:43:21,898 - INFO - 1288 | BUY  | 25779.98 |  47.4 |  -3.21% |  -7.02% |   -0.0055 | $    699.21 | $    217.84 | 0.018672
2025-06-08 15:43:21,898 - INFO - 1289 | SELL | 25753.24 |  42.4 |  -2.85% |  -5.66% |   -0.0057 | $    692.70 | $    332.05 | 0.014004
2025-06-08 15:43:21,898 - INFO - 1290 | BUY  | 26240.20 |  50.8 |  -1.01% |   1.19% |   -0.0042 | $    697.89 | $    249.04 | 0.017105
2025-06-08 15:43:21,898 - INFO - 1291 | SELL | 25905.65 |  48.5 |  -2.09% |   0.41% |   -0.0047 | $    686.63 | $    354.28 | 0.012829
2025-06-08 15:43:21,898 - INFO - 1292 | BUY  | 25895.68 |  48.8 |  -2.13% |   0.10% |   -0.0049 | $    684.76 | $    265.71 | 0.016182
2025-06-08 15:43:21,898 - INFO - 1293 | HOLD | 25832.23 |  47.3 |  -1.94% |  -0.53% |   -0.0047 | $    683.73 | $    265.71 | 0.016182
2025-06-08 15:43:21,898 - INFO - 1294 | BUY  | 25162.65 |  41.4 |  -4.48% |  -2.52% |   -0.0052 | $    671.60 | $    199.28 | 0.018770
2025-06-08 15:43:21,898 - INFO - 1295 | BUY  | 25833.34 |  29.2 |  -1.32% |   0.21% |   -0.0038 | $    683.21 | $    149.46 | 0.020661
2025-06-08 15:43:21,898 - INFO - 
Action distribution for Episode 50:
2025-06-08 15:43:21,898 - INFO -   HOLD:  408 ( 31.5%)
2025-06-08 15:43:21,898 - INFO -   BUY:   506 ( 39.0%)
2025-06-08 15:43:21,898 - INFO -   SELL:  382 ( 29.5%)
2025-06-08 15:43:21,898 - INFO - ------------------------------------------------------------------------------------------------------------------------
2025-06-08 15:43:22,058 - INFO - Step 65000: Loss = 0.034163, Epsilon = 0.9380
2025-06-08 15:43:22,877 - INFO - Step 66000: Loss = 0.028718, Epsilon = 0.9370
2025-06-08 15:43:22,878 - INFO - Step 66000: Target network updated
2025-06-08 15:43:22,950 - INFO - Episode 51: Reward = -2.1180, Portfolio = $774.68, Return = -92.25%, Cash = $581.10, Crypto = 0.007494, Steps = 1296
2025-06-08 15:43:23,608 - INFO - Step 67000: Loss = 2232.337158, Epsilon = 0.9361
2025-06-08 15:43:23,890 - INFO - Episode 52: Reward = -2.3114, Portfolio = $450.14, Return = -95.50%, Cash = $197.06, Crypto = 0.009797, Steps = 1296
2025-06-08 15:43:24,332 - INFO - Step 68000: Loss = 0.027543, Epsilon = 0.9351
2025-06-08 15:43:24,332 - INFO - Step 68000: Target network updated
2025-06-08 15:43:24,831 - INFO - Episode 53: Reward = -2.2063, Portfolio = $373.77, Return = -96.26%, Cash = $166.88, Crypto = 0.008009, Steps = 1296
2025-06-08 15:43:25,057 - INFO - Step 69000: Loss = 0.028651, Epsilon = 0.9342
2025-06-08 15:43:25,770 - INFO - Episode 54: Reward = -2.2917, Portfolio = $722.41, Return = -92.78%, Cash = $415.85, Crypto = 0.011867, Steps = 1296
2025-06-08 15:43:25,782 - INFO - Step 70000: Loss = 0.037163, Epsilon = 0.9332
2025-06-08 15:43:25,783 - INFO - Step 70000: Target network updated
2025-06-08 15:43:26,514 - INFO - Step 71000: Loss = 0.030137, Epsilon = 0.9323
2025-06-08 15:43:26,719 - INFO - Episode 55: Reward = -2.2427, Portfolio = $552.90, Return = -94.47%, Cash = $189.54, Crypto = 0.014065, Steps = 1296
2025-06-08 15:43:27,245 - INFO - Step 72000: Loss = 0.036475, Epsilon = 0.9313
2025-06-08 15:43:27,245 - INFO - Step 72000: Target network updated
2025-06-08 15:43:27,663 - INFO - Episode 56: Reward = -2.2866, Portfolio = $445.36, Return = -95.55%, Cash = $192.25, Crypto = 0.009797, Steps = 1296
2025-06-08 15:43:27,972 - INFO - Step 73000: Loss = 33.436485, Epsilon = 0.9303
2025-06-08 15:43:28,609 - INFO - Episode 57: Reward = -2.1707, Portfolio = $418.29, Return = -95.82%, Cash = $171.45, Crypto = 0.009555, Steps = 1296
2025-06-08 15:43:28,703 - INFO - Step 74000: Loss = 0.035289, Epsilon = 0.9294
2025-06-08 15:43:28,703 - INFO - Step 74000: Target network updated
2025-06-08 15:43:29,432 - INFO - Step 75000: Loss = 0.031956, Epsilon = 0.9284
2025-06-08 15:43:29,554 - INFO - Episode 58: Reward = -2.2746, Portfolio = $572.39, Return = -94.28%, Cash = $117.85, Crypto = 0.017595, Steps = 1296
2025-06-08 15:43:30,165 - INFO - Step 76000: Loss = 0.033444, Epsilon = 0.9275
2025-06-08 15:43:30,165 - INFO - Step 76000: Target network updated
2025-06-08 15:43:30,504 - INFO - Episode 59: Reward = -2.0603, Portfolio = $740.05, Return = -92.60%, Cash = $302.21, Crypto = 0.016949, Steps = 1296
2025-06-08 15:43:30,898 - INFO - Step 77000: Loss = 0.030248, Epsilon = 0.9265
2025-06-08 15:43:31,468 - INFO - Episode 60: Reward = -2.3386, Portfolio = $520.32, Return = -94.80%, Cash = $248.30, Crypto = 0.010530, Steps = 1296
2025-06-08 15:43:31,468 - INFO - Episode 60 Summary: Avg Reward (100 eps) = -2.3820, Avg Portfolio (100 eps) = $514.37, Epsilon = 0.926
2025-06-08 15:43:31,468 - INFO - 
Detailed steps for Episode 60:
2025-06-08 15:43:31,468 - INFO - Step | Action | Price    | RSI   | PnL    | WkChg  | Reward    | Portfolio   | Cash       | Crypto
2025-06-08 15:43:31,468 - INFO - ------------------------------------------------------------------------------------------------------------------------
2025-06-08 15:43:31,468 - INFO -    0 | SELL |  9341.71 |  35.4 |  -2.00% |  -7.89% |   -0.0100 | $  10000.00 | $  10000.00 | 0.000000
2025-06-08 15:43:31,468 - INFO -    1 | BUY  |  8820.52 |  27.7 |  -2.00% |  -8.44% |   -0.0049 | $   9950.98 | $   7500.00 | 0.277872
2025-06-08 15:43:31,468 - INFO -    2 | BUY  |  8784.49 |  28.3 |  -0.41% |  -8.58% |   -0.0047 | $   9904.20 | $   5625.00 | 0.487132
2025-06-08 15:43:31,468 - INFO -    3 | HOLD |  8672.46 |  25.2 |  -1.51% | -10.47% |   -0.0055 | $   9849.63 | $   5625.00 | 0.487132
2025-06-08 15:43:31,468 - INFO -    4 | SELL |  8599.51 |  28.2 |  -2.33% | -11.01% |   -0.0089 | $   9761.73 | $   6619.91 | 0.365349
2025-06-08 15:43:31,468 - INFO -    5 | HOLD |  8562.45 |  26.8 |  -2.76% | -13.72% |   -0.0014 | $   9748.19 | $   6619.91 | 0.365349
2025-06-08 15:43:31,468 - INFO -    6 | HOLD |  8869.67 |  36.4 |   0.73% |  -8.09% |    0.0115 | $   9860.43 | $   6619.91 | 0.365349
2025-06-08 15:43:31,468 - INFO -    7 | HOLD |  8787.79 |  24.4 |  -0.20% |  -5.93% |   -0.0030 | $   9830.52 | $   6619.91 | 0.365349
2025-06-08 15:43:31,468 - INFO -    8 | BUY  |  8755.25 |  29.8 |  -0.57% |  -0.74% |   -0.0045 | $   9786.18 | $   4964.93 | 0.550669
2025-06-08 15:43:31,468 - INFO -    9 | BUY  |  9078.76 |  39.3 |   3.31% |   3.35% |    0.0157 | $   9939.99 | $   3723.70 | 0.684707
2025-06-08 15:43:31,468 - INFO -   10 | BUY  |  9122.55 |  38.4 |   3.14% |   5.19% |    0.0012 | $   9951.71 | $   2792.77 | 0.784752
2025-06-08 15:43:31,468 - INFO -   11 | BUY  |  8909.95 |  35.7 |   0.33% |   3.61% |   -0.0181 | $   9771.19 | $   2094.58 | 0.861577
2025-06-08 15:43:31,468 - INFO -   12 | SELL |  8108.12 |  21.3 |  -8.72% |  -5.31% |   -0.0796 | $   8993.03 | $   3753.70 | 0.646183
2025-06-08 15:43:31,468 - INFO -   13 | HOLD |  7923.64 |  21.9 | -10.80% | -10.67% |   -0.0133 | $   8873.82 | $   3753.70 | 0.646183
2025-06-08 15:43:31,468 - INFO -   14 | HOLD |  7909.73 |  24.3 | -10.96% |  -9.99% |   -0.0010 | $   8864.83 | $   3753.70 | 0.646183
2025-06-08 15:43:31,468 - INFO -   15 | SELL |  7911.43 |  29.9 | -10.94% |  -9.64% |   -0.0071 | $   8802.03 | $   4967.85 | 0.484637
2025-06-08 15:43:31,468 - INFO -   16 | SELL |  4970.79 |  13.1 | -44.04% | -45.25% |   -0.1653 | $   7346.77 | $   5540.00 | 0.363478
2025-06-08 15:43:31,468 - INFO -   17 | BUY  |  5563.71 |  22.5 | -37.37% | -39.01% |    0.0256 | $   7535.13 | $   4155.00 | 0.607531
2025-06-08 15:43:31,468 - INFO -   18 | BUY  |  5200.37 |  21.4 | -31.12% | -41.63% |   -0.0320 | $   7294.02 | $   3116.25 | 0.803360
2025-06-08 15:43:31,468 - INFO -   19 | BUY  |  5392.31 |  24.0 | -22.71% | -33.49% |   -0.0034 | $   7432.95 | $   2337.19 | 0.945004
2025-06-08 15:43:31,468 - INFO -   ...    ...      ...       ...     ...       ...      ...         ...          ...         ...
2025-06-08 15:43:31,468 - INFO - 1276 | SELL | 26162.37 |  14.8 |  -6.80% |  -1.88% |   -0.0057 | $    548.96 | $    441.16 | 0.004121
2025-06-08 15:43:31,468 - INFO - 1277 | SELL | 26047.67 |  14.5 |  -7.21% |  -0.01% |   -0.0058 | $    547.14 | $    466.65 | 0.003090
2025-06-08 15:43:31,468 - INFO - 1278 | SELL | 26008.46 |  14.0 |  -7.35% |  -0.34% |   -0.0057 | $    546.02 | $    485.74 | 0.002318
2025-06-08 15:43:31,468 - INFO - 1279 | SELL | 26089.69 |  15.9 |  -7.06% |  -0.38% |   -0.0057 | $    545.45 | $    500.10 | 0.001738
2025-06-08 15:43:31,468 - INFO - 1280 | BUY  | 26106.15 |  13.9 |  -7.00% |  -0.07% |   -0.0062 | $    543.03 | $    375.07 | 0.006434
2025-06-08 15:43:31,468 - INFO - 1281 | BUY  | 27727.39 |  37.9 |   4.09% |   6.51% |   -0.0050 | $    551.62 | $    281.30 | 0.009749
2025-06-08 15:43:31,468 - INFO - 1282 | HOLD | 27297.27 |  38.1 |   1.07% |   3.27% |   -0.0049 | $    547.43 | $    281.30 | 0.009749
2025-06-08 15:43:31,468 - INFO - 1283 | BUY  | 25931.47 |  43.0 |  -3.99% |  -0.88% |   -0.0055 | $    532.73 | $    210.98 | 0.012408
2025-06-08 15:43:31,468 - INFO - 1284 | BUY  | 25800.72 |  47.4 |  -3.65% |  -0.95% |   -0.0058 | $    530.08 | $    158.23 | 0.014412
2025-06-08 15:43:31,468 - INFO - 1285 | BUY  | 25868.80 |  47.6 |  -2.90% |  -0.54% |   -0.0055 | $    530.28 | $    118.68 | 0.015911
2025-06-08 15:43:31,468 - INFO - 1286 | HOLD | 25969.57 |  47.7 |  -2.25% |  -0.46% |   -0.0055 | $    531.88 | $    118.68 | 0.015911
2025-06-08 15:43:31,468 - INFO - 1287 | SELL | 25812.42 |  46.8 |  -2.85% |  -1.13% |   -0.0054 | $    524.25 | $    216.22 | 0.011933
2025-06-08 15:43:31,468 - INFO - 1288 | HOLD | 25779.98 |  47.4 |  -2.97% |  -7.02% |   -0.0050 | $    523.86 | $    216.22 | 0.011933
2025-06-08 15:43:31,469 - INFO - 1289 | HOLD | 25753.24 |  42.4 |  -3.07% |  -5.66% |   -0.0051 | $    523.54 | $    216.22 | 0.011933
2025-06-08 15:43:31,469 - INFO - 1290 | HOLD | 26240.20 |  50.8 |  -1.24% |   1.19% |   -0.0034 | $    529.35 | $    216.22 | 0.011933
2025-06-08 15:43:31,469 - INFO - 1291 | HOLD | 25905.65 |  48.5 |  -2.49% |   0.41% |   -0.0039 | $    525.36 | $    216.22 | 0.011933
2025-06-08 15:43:31,469 - INFO - 1292 | HOLD | 25895.68 |  48.8 |  -2.53% |   0.10% |   -0.0037 | $    525.24 | $    216.22 | 0.011933
2025-06-08 15:43:31,469 - INFO - 1293 | HOLD | 25832.23 |  47.3 |  -2.77% |  -0.53% |   -0.0035 | $    524.49 | $    216.22 | 0.011933
2025-06-08 15:43:31,469 - INFO - 1294 | BUY  | 25162.65 |  41.4 |  -5.29% |  -2.52% |   -0.0038 | $    515.44 | $    162.16 | 0.014040
2025-06-08 15:43:31,469 - INFO - 1295 | SELL | 25833.34 |  29.2 |  -1.99% |   0.21% |   -0.0032 | $    520.32 | $    248.30 | 0.010530
2025-06-08 15:43:31,469 - INFO - 
Action distribution for Episode 60:
2025-06-08 15:43:31,469 - INFO -   HOLD:  403 ( 31.1%)
2025-06-08 15:43:31,469 - INFO -   BUY:   489 ( 37.7%)
2025-06-08 15:43:31,469 - INFO -   SELL:  404 ( 31.2%)
2025-06-08 15:43:31,469 - INFO - ------------------------------------------------------------------------------------------------------------------------
2025-06-08 15:43:31,648 - INFO - Step 78000: Loss = 0.034694, Epsilon = 0.9256
2025-06-08 15:43:31,648 - INFO - Step 78000: Target network updated
2025-06-08 15:43:32,382 - INFO - Step 79000: Loss = 0.032774, Epsilon = 0.9246
2025-06-08 15:43:32,423 - INFO - Episode 61: Reward = -2.1237, Portfolio = $582.49, Return = -94.18%, Cash = $418.19, Crypto = 0.006360, Steps = 1296
2025-06-08 15:43:33,109 - INFO - Step 80000: Loss = 115068534784.000000, Epsilon = 0.9237
2025-06-08 15:43:33,109 - INFO - Step 80000: Target network updated
2025-06-08 15:43:33,369 - INFO - Episode 62: Reward = -2.0790, Portfolio = $537.77, Return = -94.62%, Cash = $209.47, Crypto = 0.012708, Steps = 1296
2025-06-08 15:43:33,846 - INFO - Step 81000: Loss = 2223806087168.000000, Epsilon = 0.9227
2025-06-08 15:43:34,325 - INFO - Episode 63: Reward = -2.1991, Portfolio = $451.92, Return = -95.48%, Cash = $210.19, Crypto = 0.009357, Steps = 1296
2025-06-08 15:43:34,586 - INFO - Step 82000: Loss = 1.147706, Epsilon = 0.9218
2025-06-08 15:43:34,586 - INFO - Step 82000: Target network updated
2025-06-08 15:43:35,278 - INFO - Episode 64: Reward = -2.2877, Portfolio = $340.24, Return = -96.60%, Cash = $125.96, Crypto = 0.008295, Steps = 1296
2025-06-08 15:43:35,321 - INFO - Step 83000: Loss = 74882334720.000000, Epsilon = 0.9208
2025-06-08 15:43:36,055 - INFO - Step 84000: Loss = 0.085266, Epsilon = 0.9199
2025-06-08 15:43:36,055 - INFO - Step 84000: Target network updated
2025-06-08 15:43:36,232 - INFO - Episode 65: Reward = -2.2181, Portfolio = $652.33, Return = -93.48%, Cash = $330.40, Crypto = 0.012462, Steps = 1296
2025-06-08 15:43:36,791 - INFO - Step 85000: Loss = 1106702.875000, Epsilon = 0.9189
2025-06-08 15:43:37,195 - INFO - Episode 66: Reward = -2.0827, Portfolio = $578.34, Return = -94.22%, Cash = $387.85, Crypto = 0.007374, Steps = 1296
2025-06-08 15:43:37,570 - INFO - Step 86000: Loss = 328515744.000000, Epsilon = 0.9179
2025-06-08 15:43:37,570 - INFO - Step 86000: Target network updated
2025-06-08 15:43:38,200 - INFO - Episode 67: Reward = -2.3066, Portfolio = $370.90, Return = -96.29%, Cash = $217.83, Crypto = 0.005925, Steps = 1296
2025-06-08 15:43:38,324 - INFO - Step 87000: Loss = 0.023400, Epsilon = 0.9170
2025-06-08 15:43:39,063 - INFO - Step 88000: Loss = 0.400595, Epsilon = 0.9160
2025-06-08 15:43:39,063 - INFO - Step 88000: Target network updated
2025-06-08 15:43:39,157 - INFO - Episode 68: Reward = -2.4666, Portfolio = $441.72, Return = -95.58%, Cash = $148.09, Crypto = 0.011366, Steps = 1296
2025-06-08 15:43:39,801 - INFO - Step 89000: Loss = 44891914240.000000, Epsilon = 0.9151
2025-06-08 15:43:40,117 - INFO - Episode 69: Reward = -2.3292, Portfolio = $477.51, Return = -95.22%, Cash = $71.13, Crypto = 0.015731, Steps = 1296
2025-06-08 15:43:40,545 - INFO - Step 90000: Loss = 2.181112, Epsilon = 0.9141
2025-06-08 15:43:40,545 - INFO - Step 90000: Target network updated
2025-06-08 15:43:41,075 - INFO - Episode 70: Reward = -2.5609, Portfolio = $434.34, Return = -95.66%, Cash = $308.27, Crypto = 0.004880, Steps = 1296
2025-06-08 15:43:41,075 - INFO - Episode 70 Summary: Avg Reward (100 eps) = -2.3653, Avg Portfolio (100 eps) = $510.43, Epsilon = 0.913
2025-06-08 15:43:41,075 - INFO - 
Detailed steps for Episode 70:
2025-06-08 15:43:41,075 - INFO - Step | Action | Price    | RSI   | PnL    | WkChg  | Reward    | Portfolio   | Cash       | Crypto
2025-06-08 15:43:41,075 - INFO - ------------------------------------------------------------------------------------------------------------------------
2025-06-08 15:43:41,075 - INFO -    0 | BUY  |  9341.71 |  35.4 |  -2.00% |  -7.89% |   -0.0049 | $   9950.98 | $   7500.00 | 0.262370
2025-06-08 15:43:41,075 - INFO -    1 | SELL |  8820.52 |  27.7 |  -5.58% |  -8.44% |   -0.0166 | $   9785.31 | $   8049.63 | 0.196777
2025-06-08 15:43:41,075 - INFO -    2 | HOLD |  8784.49 |  28.3 |  -5.96% |  -8.58% |   -0.0007 | $   9778.22 | $   8049.63 | 0.196777
2025-06-08 15:43:41,075 - INFO -    3 | SELL |  8672.46 |  25.2 |  -7.16% | -10.47% |   -0.0044 | $   9734.84 | $   8454.94 | 0.147583
2025-06-08 15:43:41,075 - INFO -    4 | SELL |  8599.51 |  28.2 |  -7.94% | -11.01% |   -0.0027 | $   9708.21 | $   8756.36 | 0.110687
2025-06-08 15:43:41,075 - INFO -    5 | SELL |  8562.45 |  26.8 |  -8.34% | -13.72% |   -0.0016 | $   9692.26 | $   8981.45 | 0.083015
2025-06-08 15:43:41,075 - INFO -    6 | SELL |  8869.67 |  36.4 |  -5.05% |  -8.09% |    0.0017 | $   9708.56 | $   9156.32 | 0.062262
2025-06-08 15:43:41,075 - INFO -    7 | BUY  |  8787.79 |  24.4 |  -5.93% |  -5.93% |   -0.0051 | $   9658.58 | $   6867.24 | 0.317638
2025-06-08 15:43:41,075 - INFO -    8 | HOLD |  8755.25 |  29.8 |  -1.59% |  -0.74% |   -0.0011 | $   9648.25 | $   6867.24 | 0.317638
2025-06-08 15:43:41,075 - INFO -    9 | SELL |  9078.76 |  39.3 |   2.05% |   3.35% |    0.0069 | $   9714.96 | $   7552.14 | 0.238229
2025-06-08 15:43:41,076 - INFO -   10 | BUY  |  9122.55 |  38.4 |   2.54% |   5.19% |   -0.0027 | $   9688.37 | $   5664.10 | 0.441134
2025-06-08 15:43:41,076 - INFO -   11 | BUY  |  8909.95 |  35.7 |  -1.00% |   3.61% |   -0.0125 | $   9566.82 | $   4248.08 | 0.596944
2025-06-08 15:43:41,076 - INFO -   12 | SELL |  8108.12 |  21.3 |  -9.68% |  -5.31% |   -0.0564 | $   9027.67 | $   5397.60 | 0.447708
2025-06-08 15:43:41,076 - INFO -   13 | BUY  |  7923.64 |  21.9 | -11.73% | -10.67% |   -0.0121 | $   8918.62 | $   4048.20 | 0.614669
2025-06-08 15:43:41,076 - INFO -   14 | HOLD |  7909.73 |  24.3 |  -8.99% |  -9.99% |   -0.0010 | $   8910.07 | $   4048.20 | 0.614669
2025-06-08 15:43:41,076 - INFO -   15 | HOLD |  7911.43 |  29.9 |  -8.97% |  -9.64% |    0.0001 | $   8911.11 | $   4048.20 | 0.614669
2025-06-08 15:43:41,076 - INFO -   16 | SELL |  4970.79 |  13.1 | -42.80% | -45.25% |   -0.2071 | $   7065.40 | $   4773.85 | 0.461002
2025-06-08 15:43:41,076 - INFO -   17 | SELL |  5563.71 |  22.5 | -35.98% | -39.01% |    0.0341 | $   7306.67 | $   5383.01 | 0.345752
2025-06-08 15:43:41,076 - INFO -   18 | BUY  |  5200.37 |  21.4 | -40.16% | -41.63% |   -0.0208 | $   7154.66 | $   4037.26 | 0.599458
2025-06-08 15:43:41,076 - INFO -   19 | BUY  |  5392.31 |  24.0 | -25.25% | -33.49% |   -0.0031 | $   7249.94 | $   3027.95 | 0.782964
2025-06-08 15:43:41,076 - INFO -   ...    ...      ...       ...     ...       ...      ...         ...          ...         ...
2025-06-08 15:43:41,076 - INFO - 1276 | SELL | 26162.37 |  14.8 |  -2.99% |  -1.88% |   -0.0056 | $    464.09 | $    286.39 | 0.006792
2025-06-08 15:43:41,076 - INFO - 1277 | BUY  | 26047.67 |  14.5 |  -3.41% |  -0.01% |   -0.0060 | $    461.90 | $    214.79 | 0.009487
2025-06-08 15:43:41,076 - INFO - 1278 | HOLD | 26008.46 |  14.0 |  -2.61% |  -0.34% |   -0.0057 | $    461.53 | $    214.79 | 0.009487
2025-06-08 15:43:41,076 - INFO - 1279 | SELL | 26089.69 |  15.9 |  -2.31% |  -0.38% |   -0.0064 | $    459.21 | $    273.58 | 0.007115
2025-06-08 15:43:41,076 - INFO - 1280 | BUY  | 26106.15 |  13.9 |  -2.25% |  -0.07% |   -0.0071 | $    457.98 | $    205.18 | 0.009684
2025-06-08 15:43:41,076 - INFO - 1281 | HOLD | 27727.39 |  37.9 |   4.45% |   6.51% |   -0.0025 | $    473.68 | $    205.18 | 0.009684
2025-06-08 15:43:41,076 - INFO - 1282 | HOLD | 27297.27 |  38.1 |   2.83% |   3.27% |   -0.0026 | $    469.52 | $    205.18 | 0.009684
2025-06-08 15:43:41,076 - INFO - 1283 | BUY  | 25931.47 |  43.0 |  -2.32% |  -0.88% |   -0.0034 | $    455.29 | $    153.89 | 0.011623
2025-06-08 15:43:41,076 - INFO - 1284 | BUY  | 25800.72 |  47.4 |  -2.43% |  -0.95% |   -0.0034 | $    453.01 | $    115.42 | 0.013085
2025-06-08 15:43:41,076 - INFO - 1285 | SELL | 25868.80 |  47.6 |  -1.91% |  -0.54% |   -0.0036 | $    449.67 | $    195.81 | 0.009814
2025-06-08 15:43:41,076 - INFO - 1286 | HOLD | 25969.57 |  47.7 |  -1.53% |  -0.46% |   -0.0036 | $    450.66 | $    195.81 | 0.009814
2025-06-08 15:43:41,076 - INFO - 1287 | SELL | 25812.42 |  46.8 |  -2.12% |  -1.13% |   -0.0039 | $    445.95 | $    255.97 | 0.007360
2025-06-08 15:43:41,076 - INFO - 1288 | HOLD | 25779.98 |  47.4 |  -2.25% |  -7.02% |   -0.0037 | $    445.71 | $    255.97 | 0.007360
2025-06-08 15:43:41,076 - INFO - 1289 | HOLD | 25753.24 |  42.4 |  -2.35% |  -5.66% |   -0.0029 | $    445.52 | $    255.97 | 0.007360
2025-06-08 15:43:41,076 - INFO - 1290 | BUY  | 26240.20 |  50.8 |  -0.50% |   1.19% |   -0.0022 | $    447.85 | $    191.98 | 0.009751
2025-06-08 15:43:41,076 - INFO - 1291 | BUY  | 25905.65 |  48.5 |  -1.65% |   0.41% |   -0.0026 | $    443.64 | $    143.98 | 0.011567
2025-06-08 15:43:41,076 - INFO - 1292 | SELL | 25895.68 |  48.8 |  -1.43% |   0.10% |   -0.0027 | $    439.78 | $    215.12 | 0.008676
2025-06-08 15:43:41,076 - INFO - 1293 | SELL | 25832.23 |  47.3 |  -1.67% |  -0.53% |   -0.0030 | $    436.43 | $    268.35 | 0.006507
2025-06-08 15:43:41,076 - INFO - 1294 | HOLD | 25162.65 |  41.4 |  -4.22% |  -2.52% |   -0.0033 | $    432.08 | $    268.35 | 0.006507
2025-06-08 15:43:41,076 - INFO - 1295 | SELL | 25833.34 |  29.2 |  -1.67% |   0.21% |   -0.0034 | $    434.34 | $    308.27 | 0.004880
2025-06-08 15:43:41,076 - INFO - 
Action distribution for Episode 70:
2025-06-08 15:43:41,076 - INFO -   HOLD:  427 ( 32.9%)
2025-06-08 15:43:41,076 - INFO -   BUY:   444 ( 34.3%)
2025-06-08 15:43:41,076 - INFO -   SELL:  425 ( 32.8%)
2025-06-08 15:43:41,076 - INFO - ------------------------------------------------------------------------------------------------------------------------
2025-06-08 15:43:41,297 - INFO - Step 91000: Loss = 7.724852, Epsilon = 0.9132
2025-06-08 15:43:42,080 - INFO - Step 92000: Loss = 109.318268, Epsilon = 0.9122
2025-06-08 15:43:42,081 - INFO - Step 92000: Target network updated
2025-06-08 15:43:42,092 - INFO - Episode 71: Reward = -2.4802, Portfolio = $537.19, Return = -94.63%, Cash = $241.59, Crypto = 0.011443, Steps = 1296
2025-06-08 15:43:42,817 - INFO - Step 93000: Loss = 12.252539, Epsilon = 0.9113
2025-06-08 15:43:43,061 - INFO - Episode 72: Reward = -2.5479, Portfolio = $387.14, Return = -96.13%, Cash = $187.05, Crypto = 0.007746, Steps = 1296
2025-06-08 15:43:43,617 - INFO - Step 94000: Loss = 5.087032, Epsilon = 0.9103
2025-06-08 15:43:43,618 - INFO - Step 94000: Target network updated
2025-06-08 15:43:44,105 - INFO - Episode 73: Reward = -2.1936, Portfolio = $518.58, Return = -94.81%, Cash = $305.79, Crypto = 0.008237, Steps = 1296
2025-06-08 15:43:44,409 - INFO - Step 95000: Loss = 0.058844, Epsilon = 0.9094
2025-06-08 15:43:45,121 - INFO - Episode 74: Reward = -2.2052, Portfolio = $308.40, Return = -96.92%, Cash = $52.05, Crypto = 0.009923, Steps = 1296
2025-06-08 15:43:45,198 - INFO - Step 96000: Loss = 3570745999360.000000, Epsilon = 0.9084
2025-06-08 15:43:45,198 - INFO - Step 96000: Target network updated
2025-06-08 15:43:45,973 - INFO - Step 97000: Loss = 5.946484, Epsilon = 0.9074
2025-06-08 15:43:46,132 - INFO - Episode 75: Reward = -2.2845, Portfolio = $740.09, Return = -92.60%, Cash = $348.82, Crypto = 0.015146, Steps = 1296
2025-06-08 15:43:46,751 - INFO - Step 98000: Loss = 157770032.000000, Epsilon = 0.9065
2025-06-08 15:43:46,751 - INFO - Step 98000: Target network updated
2025-06-08 15:43:47,130 - INFO - Episode 76: Reward = -2.0786, Portfolio = $632.17, Return = -93.68%, Cash = $438.14, Crypto = 0.007511, Steps = 1296
2025-06-08 15:43:47,529 - INFO - Step 99000: Loss = 265.520447, Epsilon = 0.9055
2025-06-08 15:43:48,160 - INFO - Episode 77: Reward = -2.5159, Portfolio = $698.10, Return = -93.02%, Cash = $284.32, Crypto = 0.016017, Steps = 1296
2025-06-08 15:43:48,329 - INFO - Step 100000: Loss = 3.417220, Epsilon = 0.9046
2025-06-08 15:43:48,329 - INFO - Step 100000: Target network updated
2025-06-08 15:43:49,122 - INFO - Step 101000: Loss = 1.257755, Epsilon = 0.9036
2025-06-08 15:43:49,187 - INFO - Episode 78: Reward = -2.2714, Portfolio = $563.20, Return = -94.37%, Cash = $95.43, Crypto = 0.018107, Steps = 1296
2025-06-08 15:43:49,906 - INFO - Step 102000: Loss = 11.182702, Epsilon = 0.9027
2025-06-08 15:43:49,907 - INFO - Step 102000: Target network updated
2025-06-08 15:43:50,263 - INFO - Episode 79: Reward = -2.3990, Portfolio = $378.64, Return = -96.21%, Cash = $147.22, Crypto = 0.008958, Steps = 1296
2025-06-08 15:43:50,795 - INFO - Step 103000: Loss = 0.021787, Epsilon = 0.9017
2025-06-08 15:43:51,334 - INFO - Episode 80: Reward = -2.0248, Portfolio = $471.11, Return = -95.29%, Cash = $218.05, Crypto = 0.009796, Steps = 1296
2025-06-08 15:43:51,334 - INFO - Episode 80 Summary: Avg Reward (100 eps) = -2.3572, Avg Portfolio (100 eps) = $512.06, Epsilon = 0.901
2025-06-08 15:43:51,334 - INFO - 
Detailed steps for Episode 80:
2025-06-08 15:43:51,334 - INFO - Step | Action | Price    | RSI   | PnL    | WkChg  | Reward    | Portfolio   | Cash       | Crypto
2025-06-08 15:43:51,334 - INFO - ------------------------------------------------------------------------------------------------------------------------
2025-06-08 15:43:51,334 - INFO -    0 | HOLD |  9341.71 |  35.4 |  -2.00% |  -7.89% |    0.0000 | $  10000.00 | $  10000.00 | 0.000000
2025-06-08 15:43:51,334 - INFO -    1 | SELL |  8820.52 |  27.7 |  -2.00% |  -8.44% |   -0.0100 | $  10000.00 | $  10000.00 | 0.000000
2025-06-08 15:43:51,334 - INFO -    2 | SELL |  8784.49 |  28.3 |  -2.00% |  -8.58% |   -0.0100 | $  10000.00 | $  10000.00 | 0.000000
2025-06-08 15:43:51,334 - INFO -    3 | SELL |  8672.46 |  25.2 |  -2.00% | -10.47% |   -0.0100 | $  10000.00 | $  10000.00 | 0.000000
2025-06-08 15:43:51,334 - INFO -    4 | SELL |  8599.51 |  28.2 |  -2.00% | -11.01% |   -0.0100 | $  10000.00 | $  10000.00 | 0.000000
2025-06-08 15:43:51,334 - INFO -    5 | BUY  |  8562.45 |  26.8 |  -2.00% | -13.72% |   -0.0049 | $   9950.98 | $   7500.00 | 0.286247
2025-06-08 15:43:51,334 - INFO -    6 | HOLD |  8869.67 |  36.4 |   3.59% |  -8.09% |    0.0088 | $  10038.92 | $   7500.00 | 0.286247
2025-06-08 15:43:51,334 - INFO -    7 | HOLD |  8787.79 |  24.4 |   2.63% |  -5.93% |   -0.0023 | $  10015.48 | $   7500.00 | 0.286247
2025-06-08 15:43:51,334 - INFO -    8 | HOLD |  8755.25 |  29.8 |   2.25% |  -0.74% |   -0.0009 | $  10006.17 | $   7500.00 | 0.286247
2025-06-08 15:43:51,334 - INFO -    9 | HOLD |  9078.76 |  39.3 |   6.03% |   3.35% |    0.0093 | $  10098.77 | $   7500.00 | 0.286247
2025-06-08 15:43:51,334 - INFO -   10 | SELL |  9122.55 |  38.4 |   6.54% |   5.19% |   -0.0020 | $  10078.66 | $   8120.18 | 0.214686
2025-06-08 15:43:51,334 - INFO -   11 | BUY  |  8909.95 |  35.7 |   4.06% |   3.61% |   -0.0085 | $   9993.22 | $   6090.14 | 0.438058
2025-06-08 15:43:51,334 - INFO -   12 | SELL |  8108.12 |  21.3 |  -7.23% |  -5.31% |   -0.0396 | $   9597.57 | $   6933.70 | 0.328544
2025-06-08 15:43:51,334 - INFO -   13 | SELL |  7923.64 |  21.9 |  -9.34% | -10.67% |   -0.0097 | $   9504.42 | $   7551.97 | 0.246408
2025-06-08 15:43:51,334 - INFO -   14 | HOLD |  7909.73 |  24.3 |  -9.50% |  -9.99% |   -0.0004 | $   9500.99 | $   7551.97 | 0.246408
2025-06-08 15:43:51,334 - INFO -   15 | SELL |  7911.43 |  29.9 |  -9.48% |  -9.64% |   -0.0025 | $   9477.04 | $   8014.96 | 0.184806
2025-06-08 15:43:51,334 - INFO -   16 | HOLD |  4970.79 |  13.1 | -43.12% | -45.25% |   -0.0573 | $   8933.60 | $   8014.96 | 0.184806
2025-06-08 15:43:51,334 - INFO -   17 | BUY  |  5563.71 |  22.5 | -36.34% | -39.01% |    0.0079 | $   9003.88 | $   6011.22 | 0.537889
2025-06-08 15:43:51,334 - INFO -   18 | HOLD |  5200.37 |  21.4 | -21.86% | -41.63% |   -0.0217 | $   8808.44 | $   6011.22 | 0.537889
2025-06-08 15:43:51,334 - INFO -   19 | HOLD |  5392.31 |  24.0 | -18.97% | -33.49% |   -0.0035 | $   8911.69 | $   6011.22 | 0.537889
2025-06-08 15:43:51,334 - INFO -   ...    ...      ...       ...     ...       ...      ...         ...          ...         ...
2025-06-08 15:43:51,334 - INFO - 1276 | BUY  | 26162.37 |  14.8 | -11.01% |  -1.88% |   -0.0048 | $    498.03 | $    218.81 | 0.010672
2025-06-08 15:43:51,334 - INFO - 1277 | HOLD | 26047.67 |  14.5 |  -8.83% |  -0.01% |   -0.0048 | $    496.80 | $    218.81 | 0.010672
2025-06-08 15:43:51,334 - INFO - 1278 | SELL | 26008.46 |  14.0 |  -8.97% |  -0.34% |   -0.0051 | $    492.92 | $    284.74 | 0.008004
2025-06-08 15:43:51,334 - INFO - 1279 | HOLD | 26089.69 |  15.9 |  -8.68% |  -0.38% |   -0.0048 | $    493.57 | $    284.74 | 0.008004
2025-06-08 15:43:51,334 - INFO - 1280 | BUY  | 26106.15 |  13.9 |  -8.62% |  -0.07% |   -0.0056 | $    492.30 | $    213.55 | 0.010678
2025-06-08 15:43:51,334 - INFO - 1281 | HOLD | 27727.39 |  37.9 |  -0.81% |   6.51% |   -0.0035 | $    509.61 | $    213.55 | 0.010678
2025-06-08 15:43:51,334 - INFO - 1282 | SELL | 27297.27 |  38.1 |  -2.35% |   3.27% |   -0.0038 | $    501.38 | $    282.78 | 0.008008
2025-06-08 15:43:51,334 - INFO - 1283 | SELL | 25931.47 |  43.0 |  -7.23% |  -0.88% |   -0.0044 | $    487.84 | $    332.10 | 0.006006
2025-06-08 15:43:51,334 - INFO - 1284 | BUY  | 25800.72 |  47.4 |  -7.70% |  -0.95% |   -0.0046 | $    485.43 | $    249.07 | 0.009161
2025-06-08 15:43:51,334 - INFO - 1285 | BUY  | 25868.80 |  47.6 |  -4.94% |  -0.54% |   -0.0045 | $    484.83 | $    186.80 | 0.011521
2025-06-08 15:43:51,334 - INFO - 1286 | SELL | 25969.57 |  47.7 |  -3.59% |  -0.46% |   -0.0047 | $    482.25 | $    257.86 | 0.008641
2025-06-08 15:43:51,334 - INFO - 1287 | HOLD | 25812.42 |  46.8 |  -4.17% |  -1.13% |   -0.0046 | $    480.90 | $    257.86 | 0.008641
2025-06-08 15:43:51,334 - INFO - 1288 | HOLD | 25779.98 |  47.4 |  -4.29% |  -7.02% |   -0.0042 | $    480.62 | $    257.86 | 0.008641
2025-06-08 15:43:51,334 - INFO - 1289 | SELL | 25753.24 |  42.4 |  -4.39% |  -5.66% |   -0.0038 | $    477.60 | $    310.71 | 0.006480
2025-06-08 15:43:51,335 - INFO - 1290 | BUY  | 26240.20 |  50.8 |  -2.59% |   1.19% |   -0.0029 | $    479.24 | $    233.03 | 0.009383
2025-06-08 15:43:51,335 - INFO - 1291 | HOLD | 25905.65 |  48.5 |  -3.05% |   0.41% |   -0.0033 | $    476.10 | $    233.03 | 0.009383
2025-06-08 15:43:51,335 - INFO - 1292 | SELL | 25895.68 |  48.8 |  -3.09% |   0.10% |   -0.0032 | $    472.97 | $    290.74 | 0.007037
2025-06-08 15:43:51,335 - INFO - 1293 | BUY  | 25832.23 |  47.3 |  -3.33% |  -0.53% |   -0.0029 | $    471.09 | $    218.05 | 0.009796
2025-06-08 15:43:51,335 - INFO - 1294 | HOLD | 25162.65 |  41.4 |  -4.94% |  -2.52% |   -0.0034 | $    464.54 | $    218.05 | 0.009796
2025-06-08 15:43:51,335 - INFO - 1295 | HOLD | 25833.34 |  29.2 |  -2.41% |   0.21% |   -0.0027 | $    471.11 | $    218.05 | 0.009796
2025-06-08 15:43:51,335 - INFO - 
Action distribution for Episode 80:
2025-06-08 15:43:51,335 - INFO -   HOLD:  398 ( 30.7%)
2025-06-08 15:43:51,335 - INFO -   BUY:   506 ( 39.0%)
2025-06-08 15:43:51,335 - INFO -   SELL:  392 ( 30.2%)
2025-06-08 15:43:51,335 - INFO - ------------------------------------------------------------------------------------------------------------------------
2025-06-08 15:43:51,583 - INFO - Step 104000: Loss = 0.020475, Epsilon = 0.9008
2025-06-08 15:43:51,584 - INFO - Step 104000: Target network updated
2025-06-08 15:43:52,346 - INFO - Episode 81: Reward = -2.2794, Portfolio = $348.33, Return = -96.52%, Cash = $108.69, Crypto = 0.009277, Steps = 1296
2025-06-08 15:43:52,366 - INFO - Step 105000: Loss = 0.017481, Epsilon = 0.8998
2025-06-08 15:43:53,194 - INFO - Step 106000: Loss = 0.023330, Epsilon = 0.8989
2025-06-08 15:43:53,194 - INFO - Step 106000: Target network updated
2025-06-08 15:43:53,412 - INFO - Episode 82: Reward = -2.5969, Portfolio = $415.94, Return = -95.84%, Cash = $102.59, Crypto = 0.012130, Steps = 1296
2025-06-08 15:43:54,044 - INFO - Step 107000: Loss = 0.019020, Epsilon = 0.8979
2025-06-08 15:43:54,528 - INFO - Episode 83: Reward = -2.2746, Portfolio = $433.65, Return = -95.66%, Cash = $310.10, Crypto = 0.004783, Steps = 1296
2025-06-08 15:43:54,929 - INFO - Step 108000: Loss = 0.020469, Epsilon = 0.8970
2025-06-08 15:43:54,930 - INFO - Step 108000: Target network updated
2025-06-08 15:43:55,647 - INFO - Episode 84: Reward = -2.4564, Portfolio = $268.96, Return = -97.31%, Cash = $108.73, Crypto = 0.006202, Steps = 1296
2025-06-08 15:43:55,751 - INFO - Step 109000: Loss = 0.019494, Epsilon = 0.8960
2025-06-08 15:43:56,583 - INFO - Step 110000: Loss = 10.345994, Epsilon = 0.8950
2025-06-08 15:43:56,583 - INFO - Step 110000: Target network updated
2025-06-08 15:43:56,713 - INFO - Episode 85: Reward = -2.2093, Portfolio = $291.67, Return = -97.08%, Cash = $258.95, Crypto = 0.001266, Steps = 1296
2025-06-08 15:43:57,431 - INFO - Step 111000: Loss = 2.398493, Epsilon = 0.8941
2025-06-08 15:43:57,822 - INFO - Episode 86: Reward = -2.2485, Portfolio = $313.54, Return = -96.86%, Cash = $91.34, Crypto = 0.008601, Steps = 1296
2025-06-08 15:43:58,276 - INFO - Step 112000: Loss = 2.979031, Epsilon = 0.8931
2025-06-08 15:43:58,277 - INFO - Step 112000: Target network updated
2025-06-08 15:43:58,889 - INFO - Episode 87: Reward = -2.1446, Portfolio = $627.01, Return = -93.73%, Cash = $162.79, Crypto = 0.017970, Steps = 1296
2025-06-08 15:43:59,089 - INFO - Step 113000: Loss = 0.017161, Epsilon = 0.8922
2025-06-08 15:43:59,855 - INFO - Step 114000: Loss = 0.022924, Epsilon = 0.8912
2025-06-08 15:43:59,855 - INFO - Step 114000: Target network updated
2025-06-08 15:43:59,894 - INFO - Episode 88: Reward = -2.0688, Portfolio = $467.37, Return = -95.33%, Cash = $312.09, Crypto = 0.006011, Steps = 1296
2025-06-08 15:44:00,663 - INFO - Step 115000: Loss = 0.018123, Epsilon = 0.8903
2025-06-08 15:44:00,925 - INFO - Episode 89: Reward = -2.0261, Portfolio = $556.25, Return = -94.44%, Cash = $230.35, Crypto = 0.012616, Steps = 1296
2025-06-08 15:44:01,486 - INFO - Step 116000: Loss = 0.015568, Epsilon = 0.8893
2025-06-08 15:44:01,486 - INFO - Step 116000: Target network updated
2025-06-08 15:44:02,008 - INFO - Episode 90: Reward = -1.9314, Portfolio = $639.58, Return = -93.60%, Cash = $94.72, Crypto = 0.021091, Steps = 1296
2025-06-08 15:44:02,008 - INFO - Episode 90 Summary: Avg Reward (100 eps) = -2.3423, Avg Portfolio (100 eps) = $503.63, Epsilon = 0.889
2025-06-08 15:44:02,008 - INFO - 
Detailed steps for Episode 90:
2025-06-08 15:44:02,008 - INFO - Step | Action | Price    | RSI   | PnL    | WkChg  | Reward    | Portfolio   | Cash       | Crypto
2025-06-08 15:44:02,008 - INFO - ------------------------------------------------------------------------------------------------------------------------
2025-06-08 15:44:02,008 - INFO -    0 | BUY  |  9341.71 |  35.4 |  -2.00% |  -7.89% |   -0.0049 | $   9950.98 | $   7500.00 | 0.262370
2025-06-08 15:44:02,008 - INFO -    1 | BUY  |  8820.52 |  27.7 |  -5.58% |  -8.44% |   -0.0174 | $   9777.47 | $   5625.00 | 0.470774
2025-06-08 15:44:02,008 - INFO -    2 | SELL |  8784.49 |  28.3 |  -3.58% |  -8.58% |   -0.0070 | $   9708.82 | $   6607.18 | 0.353081
2025-06-08 15:44:02,008 - INFO -    3 | HOLD |  8672.46 |  25.2 |  -4.81% | -10.47% |   -0.0041 | $   9669.26 | $   6607.18 | 0.353081
2025-06-08 15:44:02,008 - INFO -    4 | BUY  |  8599.51 |  28.2 |  -5.61% | -11.01% |   -0.0060 | $   9611.12 | $   4955.39 | 0.541395
2025-06-08 15:44:02,008 - INFO -    5 | BUY  |  8562.45 |  26.8 |  -4.15% | -13.72% |   -0.0046 | $   9566.76 | $   3716.54 | 0.683241
2025-06-08 15:44:02,008 - INFO -    6 | BUY  |  8869.67 |  36.4 |   0.15% |  -8.09% |    0.0200 | $   9758.45 | $   2787.41 | 0.785941
2025-06-08 15:44:02,008 - INFO -    7 | SELL |  8787.79 |  24.4 |  -0.79% |  -5.93% |   -0.0154 | $   9607.76 | $   4427.74 | 0.589456
2025-06-08 15:44:02,008 - INFO -    8 | SELL |  8755.25 |  29.8 |  -1.16% |  -0.74% |   -0.0087 | $   9524.07 | $   5653.44 | 0.442092
2025-06-08 15:44:02,008 - INFO -    9 | SELL |  9078.76 |  39.3 |   2.49% |   3.35% |    0.0097 | $   9616.92 | $   6606.68 | 0.331569
2025-06-08 15:44:02,008 - INFO -   10 | HOLD |  9122.55 |  38.4 |   2.99% |   5.19% |    0.0015 | $   9631.44 | $   6606.68 | 0.331569
2025-06-08 15:44:02,008 - INFO -   11 | HOLD |  8909.95 |  35.7 |   0.59% |   3.61% |   -0.0073 | $   9560.95 | $   6606.68 | 0.331569
2025-06-08 15:44:02,008 - INFO -   12 | HOLD |  8108.12 |  21.3 |  -8.46% |  -5.31% |   -0.0278 | $   9295.08 | $   6606.68 | 0.331569
2025-06-08 15:44:02,008 - INFO -   13 | BUY  |  7923.64 |  21.9 | -10.55% | -10.67% |   -0.0101 | $   9201.53 | $   4955.01 | 0.535930
2025-06-08 15:44:02,008 - INFO -   14 | SELL |  7909.73 |  24.3 |  -6.96% |  -9.99% |   -0.0066 | $   9141.09 | $   5961.79 | 0.401948
2025-06-08 15:44:02,008 - INFO -   15 | SELL |  7911.43 |  29.9 |  -6.94% |  -9.64% |   -0.0043 | $   9102.02 | $   6717.04 | 0.301461
2025-06-08 15:44:02,008 - INFO -   16 | SELL |  4970.79 |  13.1 | -41.53% | -45.25% |   -0.0995 | $   8196.80 | $   7072.93 | 0.226096
2025-06-08 15:44:02,008 - INFO -   17 | BUY  |  5563.71 |  22.5 | -34.56% | -39.01% |    0.0121 | $   8296.19 | $   5304.70 | 0.537679
2025-06-08 15:44:02,008 - INFO -   18 | HOLD |  5200.37 |  21.4 | -23.51% | -41.63% |   -0.0235 | $   8100.83 | $   5304.70 | 0.537679
2025-06-08 15:44:02,008 - INFO -   19 | SELL |  5392.31 |  24.0 | -20.69% | -33.49% |   -0.0042 | $   8167.79 | $   5993.29 | 0.403259
2025-06-08 15:44:02,008 - INFO -   ...    ...      ...       ...     ...       ...      ...         ...          ...         ...
2025-06-08 15:44:02,008 - INFO - 1276 | HOLD | 26162.37 |  14.8 |  -5.96% |  -1.88% |   -0.0052 | $    684.49 | $    179.96 | 0.019284
2025-06-08 15:44:02,008 - INFO - 1277 | HOLD | 26047.67 |  14.5 |  -6.38% |  -0.01% |   -0.0053 | $    682.28 | $    179.96 | 0.019284
2025-06-08 15:44:02,008 - INFO - 1278 | HOLD | 26008.46 |  14.0 |  -6.52% |  -0.34% |   -0.0053 | $    681.52 | $    179.96 | 0.019284
2025-06-08 15:44:02,008 - INFO - 1279 | SELL | 26089.69 |  15.9 |  -6.23% |  -0.38% |   -0.0054 | $    676.80 | $    299.45 | 0.014463
2025-06-08 15:44:02,008 - INFO - 1280 | SELL | 26106.15 |  13.9 |  -6.17% |  -0.07% |   -0.0068 | $    672.31 | $    389.13 | 0.010847
2025-06-08 15:44:02,008 - INFO - 1281 | BUY  | 27727.39 |  37.9 |  -0.34% |   6.51% |   -0.0043 | $    687.99 | $    291.85 | 0.014287
2025-06-08 15:44:02,008 - INFO - 1282 | HOLD | 27297.27 |  38.1 |  -1.81% |   3.27% |   -0.0043 | $    681.85 | $    291.85 | 0.014287
2025-06-08 15:44:02,008 - INFO - 1283 | SELL | 25931.47 |  43.0 |  -6.72% |  -0.88% |   -0.0051 | $    657.70 | $    379.84 | 0.010715
2025-06-08 15:44:02,008 - INFO - 1284 | HOLD | 25800.72 |  47.4 |  -7.19% |  -0.95% |   -0.0051 | $    656.30 | $    379.84 | 0.010715
2025-06-08 15:44:02,008 - INFO - 1285 | SELL | 25868.80 |  47.6 |  -6.94% |  -0.54% |   -0.0050 | $    653.57 | $    445.67 | 0.008037
2025-06-08 15:44:02,008 - INFO - 1286 | SELL | 25969.57 |  47.7 |  -6.58% |  -0.46% |   -0.0053 | $    651.77 | $    495.24 | 0.006027
2025-06-08 15:44:02,008 - INFO - 1287 | SELL | 25812.42 |  46.8 |  -7.15% |  -1.13% |   -0.0050 | $    648.88 | $    532.19 | 0.004521
2025-06-08 15:44:02,008 - INFO - 1288 | BUY  | 25779.98 |  47.4 |  -7.26% |  -7.02% |   -0.0048 | $    646.12 | $    399.14 | 0.009580
2025-06-08 15:44:02,009 - INFO - 1289 | BUY  | 25753.24 |  42.4 |  -3.66% |  -5.66% |   -0.0043 | $    643.91 | $    299.36 | 0.013379
2025-06-08 15:44:02,009 - INFO - 1290 | BUY  | 26240.20 |  50.8 |  -0.81% |   1.19% |   -0.0031 | $    648.96 | $    224.52 | 0.016175
2025-06-08 15:44:02,009 - INFO - 1291 | BUY  | 25905.65 |  48.5 |  -1.94% |   0.41% |   -0.0032 | $    642.44 | $    168.39 | 0.018299
2025-06-08 15:44:02,009 - INFO - 1292 | BUY  | 25895.68 |  48.8 |  -1.75% |   0.10% |   -0.0034 | $    641.44 | $    126.29 | 0.019893
2025-06-08 15:44:02,009 - INFO - 1293 | HOLD | 25832.23 |  47.3 |  -1.86% |  -0.53% |   -0.0034 | $    640.17 | $    126.29 | 0.019893
2025-06-08 15:44:02,009 - INFO - 1294 | HOLD | 25162.65 |  41.4 |  -4.40% |  -2.52% |   -0.0040 | $    626.85 | $    126.29 | 0.019893
2025-06-08 15:44:02,009 - INFO - 1295 | BUY  | 25833.34 |  29.2 |  -1.85% |   0.21% |   -0.0032 | $    639.58 | $     94.72 | 0.021091
2025-06-08 15:44:02,009 - INFO - 
Action distribution for Episode 90:
2025-06-08 15:44:02,009 - INFO -   HOLD:  392 ( 30.2%)
2025-06-08 15:44:02,009 - INFO -   BUY:   524 ( 40.4%)
2025-06-08 15:44:02,009 - INFO -   SELL:  380 ( 29.3%)
2025-06-08 15:44:02,009 - INFO - ------------------------------------------------------------------------------------------------------------------------
2025-06-08 15:44:02,306 - INFO - Step 117000: Loss = 0.090999, Epsilon = 0.8884
2025-06-08 15:44:03,041 - INFO - Episode 91: Reward = -2.1274, Portfolio = $755.59, Return = -92.44%, Cash = $89.40, Crypto = 0.025788, Steps = 1296
2025-06-08 15:44:03,092 - INFO - Step 118000: Loss = 0.023725, Epsilon = 0.8874
2025-06-08 15:44:03,092 - INFO - Step 118000: Target network updated
2025-06-08 15:44:03,879 - INFO - Step 119000: Loss = 0.022143, Epsilon = 0.8865
2025-06-08 15:44:04,054 - INFO - Episode 92: Reward = -2.0178, Portfolio = $563.21, Return = -94.37%, Cash = $93.71, Crypto = 0.018174, Steps = 1296
2025-06-08 15:44:04,631 - INFO - Step 120000: Loss = 0.016418, Epsilon = 0.8855
2025-06-08 15:44:04,632 - INFO - Step 120000: Target network updated
2025-06-08 15:44:05,027 - INFO - Episode 93: Reward = -2.3392, Portfolio = $495.17, Return = -95.05%, Cash = $287.21, Crypto = 0.008050, Steps = 1296
2025-06-08 15:44:05,410 - INFO - Step 121000: Loss = 1856.555542, Epsilon = 0.8846
2025-06-08 15:44:06,035 - INFO - Episode 94: Reward = -2.1119, Portfolio = $640.44, Return = -93.60%, Cash = $240.08, Crypto = 0.015498, Steps = 1296
2025-06-08 15:44:06,169 - INFO - Step 122000: Loss = 0.019349, Epsilon = 0.8836
2025-06-08 15:44:06,170 - INFO - Step 122000: Target network updated
2025-06-08 15:44:06,926 - INFO - Step 123000: Loss = 94.088219, Epsilon = 0.8826
2025-06-08 15:44:07,022 - INFO - Episode 95: Reward = -2.6847, Portfolio = $265.69, Return = -97.34%, Cash = $153.00, Crypto = 0.004362, Steps = 1296
2025-06-08 15:44:07,747 - INFO - Step 124000: Loss = 0.717380, Epsilon = 0.8817
2025-06-08 15:44:07,747 - INFO - Step 124000: Target network updated
2025-06-08 15:44:08,061 - INFO - Episode 96: Reward = -2.5493, Portfolio = $537.65, Return = -94.62%, Cash = $324.31, Crypto = 0.008258, Steps = 1296
2025-06-08 15:44:08,502 - INFO - Step 125000: Loss = 1.971842, Epsilon = 0.8807
2025-06-08 15:44:09,075 - INFO - Episode 97: Reward = -2.4749, Portfolio = $378.51, Return = -96.21%, Cash = $242.46, Crypto = 0.005267, Steps = 1296
2025-06-08 15:44:09,312 - INFO - Step 126000: Loss = 0.234027, Epsilon = 0.8798
2025-06-08 15:44:09,312 - INFO - Step 126000: Target network updated
2025-06-08 15:44:10,070 - INFO - Step 127000: Loss = 611.891235, Epsilon = 0.8788
2025-06-08 15:44:10,076 - INFO - Episode 98: Reward = -2.2028, Portfolio = $571.42, Return = -94.29%, Cash = $31.87, Crypto = 0.020886, Steps = 1296
2025-06-08 15:44:10,874 - INFO - Step 128000: Loss = 0.531582, Epsilon = 0.8779
2025-06-08 15:44:10,874 - INFO - Step 128000: Target network updated
2025-06-08 15:44:11,113 - INFO - Episode 99: Reward = -2.2203, Portfolio = $554.44, Return = -94.46%, Cash = $52.60, Crypto = 0.019426, Steps = 1296
2025-06-08 15:44:11,639 - INFO - Step 129000: Loss = 0.283791, Epsilon = 0.8769
2025-06-08 15:44:12,094 - INFO - Episode 100: Reward = -2.0876, Portfolio = $402.14, Return = -95.98%, Cash = $264.63, Crypto = 0.005323, Steps = 1296
2025-06-08 15:44:12,094 - INFO - Episode 100 Summary: Avg Reward (100 eps) = -2.3363, Avg Portfolio (100 eps) = $504.91, Epsilon = 0.876
2025-06-08 15:44:12,094 - INFO - 
Detailed steps for Episode 100:
2025-06-08 15:44:12,094 - INFO - Step | Action | Price    | RSI   | PnL    | WkChg  | Reward    | Portfolio   | Cash       | Crypto
2025-06-08 15:44:12,094 - INFO - ------------------------------------------------------------------------------------------------------------------------
2025-06-08 15:44:12,095 - INFO -    0 | BUY  |  9341.71 |  35.4 |  -2.00% |  -7.89% |   -0.0049 | $   9950.98 | $   7500.00 | 0.262370
2025-06-08 15:44:12,095 - INFO -    1 | HOLD |  8820.52 |  27.7 |  -5.58% |  -8.44% |   -0.0137 | $   9814.24 | $   7500.00 | 0.262370
2025-06-08 15:44:12,095 - INFO -    2 | SELL |  8784.49 |  28.3 |  -5.96% |  -8.58% |   -0.0039 | $   9775.98 | $   8047.39 | 0.196777
2025-06-08 15:44:12,095 - INFO -    3 | HOLD |  8672.46 |  25.2 |  -7.16% | -10.47% |   -0.0023 | $   9753.93 | $   8047.39 | 0.196777
2025-06-08 15:44:12,095 - INFO -    4 | SELL |  8599.51 |  28.2 |  -7.94% | -11.01% |   -0.0036 | $   9718.42 | $   8449.28 | 0.147583
2025-06-08 15:44:12,095 - INFO -    5 | HOLD |  8562.45 |  26.8 |  -8.34% | -13.72% |   -0.0006 | $   9712.95 | $   8449.28 | 0.147583
2025-06-08 15:44:12,095 - INFO -    6 | SELL |  8869.67 |  36.4 |  -5.05% |  -8.09% |    0.0030 | $   9741.93 | $   8760.17 | 0.110687
2025-06-08 15:44:12,095 - INFO -    7 | SELL |  8787.79 |  24.4 |  -5.93% |  -5.93% |   -0.0022 | $   9720.71 | $   8991.19 | 0.083015
2025-06-08 15:44:12,095 - INFO -    8 | HOLD |  8755.25 |  29.8 |  -6.28% |  -0.74% |   -0.0003 | $   9718.01 | $   8991.19 | 0.083015
2025-06-08 15:44:12,095 - INFO -    9 | BUY  |  9078.76 |  39.3 |  -2.81% |   3.35% |   -0.0018 | $   9700.79 | $   6743.39 | 0.325749
2025-06-08 15:44:12,095 - INFO -   10 | BUY  |  9122.55 |  38.4 |  -0.25% |   5.19% |   -0.0019 | $   9682.00 | $   5057.54 | 0.506926
2025-06-08 15:44:12,095 - INFO -   11 | SELL |  8909.95 |  35.7 |  -2.49% |   3.61% |   -0.0170 | $   9517.77 | $   6130.26 | 0.380194
2025-06-08 15:44:12,095 - INFO -   12 | SELL |  8108.12 |  21.3 | -11.27% |  -5.31% |   -0.0361 | $   9174.38 | $   6862.39 | 0.285146
2025-06-08 15:44:12,095 - INFO -   13 | BUY  |  7923.64 |  21.9 | -13.28% | -10.67% |   -0.0094 | $   9088.14 | $   5146.79 | 0.497416
2025-06-08 15:44:12,095 - INFO -   14 | HOLD |  7909.73 |  24.3 |  -8.23% |  -9.99% |   -0.0008 | $   9081.22 | $   5146.79 | 0.497416
2025-06-08 15:44:12,095 - INFO -   15 | BUY  |  7911.43 |  29.9 |  -8.21% |  -9.64% |   -0.0027 | $   9056.84 | $   3860.09 | 0.656865
2025-06-08 15:44:12,095 - INFO -   16 | SELL |  4970.79 |  13.1 | -41.16% | -45.25% |   -0.2178 | $   7084.42 | $   4635.56 | 0.492649
2025-06-08 15:44:12,095 - INFO -   17 | HOLD |  5563.71 |  22.5 | -34.14% | -39.01% |    0.0412 | $   7376.52 | $   4635.56 | 0.492649
2025-06-08 15:44:12,095 - INFO -   18 | BUY  |  5200.37 |  21.4 | -38.44% | -41.63% |   -0.0273 | $   7174.79 | $   3476.67 | 0.711127
2025-06-08 15:44:12,095 - INFO -   19 | HOLD |  5392.31 |  24.0 | -27.62% | -33.49% |   -0.0029 | $   7311.29 | $   3476.67 | 0.711127
2025-06-08 15:44:12,095 - INFO -   ...    ...      ...       ...     ...       ...      ...         ...          ...         ...
2025-06-08 15:44:12,095 - INFO - 1276 | SELL | 26162.37 |  14.8 |  -8.35% |  -1.88% |   -0.0055 | $    436.02 | $    245.97 | 0.007264
2025-06-08 15:44:12,095 - INFO - 1277 | SELL | 26047.67 |  14.5 |  -8.75% |  -0.01% |   -0.0054 | $    432.82 | $    290.91 | 0.005448
2025-06-08 15:44:12,095 - INFO - 1278 | BUY  | 26008.46 |  14.0 |  -8.89% |  -0.34% |   -0.0055 | $    431.18 | $    218.18 | 0.008190
2025-06-08 15:44:12,095 - INFO - 1279 | SELL | 26089.69 |  15.9 |  -5.80% |  -0.38% |   -0.0054 | $    429.18 | $    268.93 | 0.006142
2025-06-08 15:44:12,095 - INFO - 1280 | SELL | 26106.15 |  13.9 |  -5.74% |  -0.07% |   -0.0063 | $    427.28 | $    307.01 | 0.004607
2025-06-08 15:44:12,095 - INFO - 1281 | BUY  | 27727.39 |  37.9 |   0.11% |   6.51% |   -0.0052 | $    433.24 | $    230.26 | 0.007321
2025-06-08 15:44:12,095 - INFO - 1282 | HOLD | 27297.27 |  38.1 |  -1.48% |   3.27% |   -0.0054 | $    430.09 | $    230.26 | 0.007321
2025-06-08 15:44:12,095 - INFO - 1283 | SELL | 25931.47 |  43.0 |  -6.41% |  -0.88% |   -0.0061 | $    417.72 | $    275.34 | 0.005490
2025-06-08 15:44:12,095 - INFO - 1284 | HOLD | 25800.72 |  47.4 |  -6.88% |  -0.95% |   -0.0058 | $    417.00 | $    275.34 | 0.005490
2025-06-08 15:44:12,095 - INFO - 1285 | BUY  | 25868.80 |  47.6 |  -6.64% |  -0.54% |   -0.0058 | $    416.02 | $    206.51 | 0.008099
2025-06-08 15:44:12,095 - INFO - 1286 | HOLD | 25969.57 |  47.7 |  -4.23% |  -0.46% |   -0.0057 | $    416.84 | $    206.51 | 0.008099
2025-06-08 15:44:12,095 - INFO - 1287 | BUY  | 25812.42 |  46.8 |  -4.81% |  -1.13% |   -0.0057 | $    414.56 | $    154.88 | 0.010060
2025-06-08 15:44:12,095 - INFO - 1288 | BUY  | 25779.98 |  47.4 |  -4.03% |  -7.02% |   -0.0053 | $    413.47 | $    116.16 | 0.011533
2025-06-08 15:44:12,095 - INFO - 1289 | HOLD | 25753.24 |  42.4 |  -3.63% |  -5.66% |   -0.0053 | $    413.16 | $    116.16 | 0.011533
2025-06-08 15:44:12,095 - INFO - 1290 | BUY  | 26240.20 |  50.8 |  -1.81% |   1.19% |   -0.0034 | $    418.21 | $     87.12 | 0.012618
2025-06-08 15:44:12,095 - INFO - 1291 | HOLD | 25905.65 |  48.5 |  -2.91% |   0.41% |   -0.0039 | $    413.99 | $     87.12 | 0.012618
2025-06-08 15:44:12,095 - INFO - 1292 | HOLD | 25895.68 |  48.8 |  -2.95% |   0.10% |   -0.0041 | $    413.86 | $     87.12 | 0.012618
2025-06-08 15:44:12,095 - INFO - 1293 | SELL | 25832.23 |  47.3 |  -3.18% |  -0.53% |   -0.0045 | $    408.99 | $    164.53 | 0.009463
2025-06-08 15:44:12,095 - INFO - 1294 | SELL | 25162.65 |  41.4 |  -5.69% |  -2.52% |   -0.0051 | $    399.67 | $    221.08 | 0.007097
2025-06-08 15:44:12,095 - INFO - 1295 | SELL | 25833.34 |  29.2 |  -3.18% |   0.21% |   -0.0048 | $    402.14 | $    264.63 | 0.005323
2025-06-08 15:44:12,096 - INFO - 
Action distribution for Episode 100:
2025-06-08 15:44:12,096 - INFO -   HOLD:  420 ( 32.4%)
2025-06-08 15:44:12,096 - INFO -   BUY:   508 ( 39.2%)
2025-06-08 15:44:12,096 - INFO -   SELL:  368 ( 28.4%)
2025-06-08 15:44:12,096 - INFO - ------------------------------------------------------------------------------------------------------------------------
2025-06-08 15:44:12,400 - INFO - Step 130000: Loss = 0.171332, Epsilon = 0.8760
2025-06-08 15:44:12,400 - INFO - Step 130000: Target network updated
2025-06-08 15:44:13,097 - INFO - Episode 101: Reward = -2.0969, Portfolio = $523.57, Return = -94.76%, Cash = $194.96, Crypto = 0.012720, Steps = 1296
2025-06-08 15:44:13,188 - INFO - Step 131000: Loss = 0.012370, Epsilon = 0.8750
2025-06-08 15:44:14,005 - INFO - Step 132000: Loss = 351912032.000000, Epsilon = 0.8741
2025-06-08 15:44:14,006 - INFO - Step 132000: Target network updated
2025-06-08 15:44:14,153 - INFO - Episode 102: Reward = -2.4768, Portfolio = $553.84, Return = -94.46%, Cash = $238.74, Crypto = 0.012197, Steps = 1296
2025-06-08 15:44:14,763 - INFO - Step 133000: Loss = 51341288275968.000000, Epsilon = 0.8731
2025-06-08 15:44:15,133 - INFO - Episode 103: Reward = -2.2940, Portfolio = $567.92, Return = -94.32%, Cash = $251.13, Crypto = 0.012263, Steps = 1296
2025-06-08 15:44:15,527 - INFO - Step 134000: Loss = 176.658142, Epsilon = 0.8721
2025-06-08 15:44:15,528 - INFO - Step 134000: Target network updated
2025-06-08 15:44:16,108 - INFO - Episode 104: Reward = -2.1103, Portfolio = $439.20, Return = -95.61%, Cash = $276.85, Crypto = 0.006285, Steps = 1296
2025-06-08 15:44:16,276 - INFO - Step 135000: Loss = 532725661696.000000, Epsilon = 0.8712
2025-06-08 15:44:17,028 - INFO - Step 136000: Loss = 711110.812500, Epsilon = 0.8702
2025-06-08 15:44:17,028 - INFO - Step 136000: Target network updated
2025-06-08 15:44:17,089 - INFO - Episode 105: Reward = -2.3140, Portfolio = $599.58, Return = -94.00%, Cash = $146.01, Crypto = 0.017557, Steps = 1296
2025-06-08 15:44:17,798 - INFO - Step 137000: Loss = 0.021873, Epsilon = 0.8693
2025-06-08 15:44:18,091 - INFO - Episode 106: Reward = -2.1355, Portfolio = $726.54, Return = -92.73%, Cash = $353.44, Crypto = 0.014443, Steps = 1296
2025-06-08 15:44:18,611 - INFO - Step 138000: Loss = 1386707968.000000, Epsilon = 0.8683
2025-06-08 15:44:18,611 - INFO - Step 138000: Target network updated
2025-06-08 15:44:19,151 - INFO - Episode 107: Reward = -2.1383, Portfolio = $431.09, Return = -95.69%, Cash = $253.50, Crypto = 0.006875, Steps = 1296
2025-06-08 15:44:19,410 - INFO - Step 139000: Loss = 12981052.000000, Epsilon = 0.8674
2025-06-08 15:44:20,158 - INFO - Episode 108: Reward = -2.1419, Portfolio = $562.34, Return = -94.38%, Cash = $60.76, Crypto = 0.019416, Steps = 1296
2025-06-08 15:44:20,187 - INFO - Step 140000: Loss = 4744284.500000, Epsilon = 0.8664
2025-06-08 15:44:20,188 - INFO - Step 140000: Target network updated
2025-06-08 15:44:20,995 - INFO - Step 141000: Loss = 112.099823, Epsilon = 0.8655
2025-06-08 15:44:21,200 - INFO - Episode 109: Reward = -2.2287, Portfolio = $613.61, Return = -93.86%, Cash = $227.66, Crypto = 0.014940, Steps = 1296
2025-06-08 15:44:21,769 - INFO - Step 142000: Loss = 390506412507136.000000, Epsilon = 0.8645
2025-06-08 15:44:21,769 - INFO - Step 142000: Target network updated
2025-06-08 15:44:22,201 - INFO - Episode 110: Reward = -2.4293, Portfolio = $569.06, Return = -94.31%, Cash = $274.43, Crypto = 0.011405, Steps = 1296
2025-06-08 15:44:22,202 - INFO - Episode 110 Summary: Avg Reward (100 eps) = -2.3127, Avg Portfolio (100 eps) = $509.18, Epsilon = 0.864
2025-06-08 15:44:22,202 - INFO - 
Detailed steps for Episode 110:
2025-06-08 15:44:22,202 - INFO - Step | Action | Price    | RSI   | PnL    | WkChg  | Reward    | Portfolio   | Cash       | Crypto
2025-06-08 15:44:22,202 - INFO - ------------------------------------------------------------------------------------------------------------------------
2025-06-08 15:44:22,202 - INFO -    0 | SELL |  9341.71 |  35.4 |  -2.00% |  -7.89% |   -0.0100 | $  10000.00 | $  10000.00 | 0.000000
2025-06-08 15:44:22,202 - INFO -    1 | HOLD |  8820.52 |  27.7 |  -2.00% |  -8.44% |    0.0000 | $  10000.00 | $  10000.00 | 0.000000
2025-06-08 15:44:22,202 - INFO -    2 | HOLD |  8784.49 |  28.3 |  -2.00% |  -8.58% |    0.0000 | $  10000.00 | $  10000.00 | 0.000000
2025-06-08 15:44:22,202 - INFO -    3 | SELL |  8672.46 |  25.2 |  -2.00% | -10.47% |   -0.0100 | $  10000.00 | $  10000.00 | 0.000000
2025-06-08 15:44:22,202 - INFO -    4 | HOLD |  8599.51 |  28.2 |  -2.00% | -11.01% |    0.0000 | $  10000.00 | $  10000.00 | 0.000000
2025-06-08 15:44:22,202 - INFO -    5 | BUY  |  8562.45 |  26.8 |  -2.00% | -13.72% |   -0.0049 | $   9950.98 | $   7500.00 | 0.286247
2025-06-08 15:44:22,202 - INFO -    6 | SELL |  8869.67 |  36.4 |   3.59% |  -8.09% |    0.0056 | $  10007.18 | $   8102.99 | 0.214686
2025-06-08 15:44:22,202 - INFO -    7 | BUY  |  8787.79 |  24.4 |   2.63% |  -5.93% |   -0.0057 | $   9949.88 | $   6077.25 | 0.440684
2025-06-08 15:44:22,202 - INFO -    8 | SELL |  8755.25 |  29.8 |   0.89% |  -0.74% |   -0.0063 | $   9887.32 | $   6993.59 | 0.330513
2025-06-08 15:44:22,202 - INFO -    9 | BUY  |  9078.76 |  39.3 |   4.62% |   3.35% |    0.0073 | $   9959.96 | $   5245.19 | 0.519318
2025-06-08 15:44:22,202 - INFO -   10 | SELL |  9122.55 |  38.4 |   3.39% |   5.19% |   -0.0037 | $   9923.48 | $   6370.35 | 0.389489
2025-06-08 15:44:22,202 - INFO -   11 | BUY  |  8909.95 |  35.7 |   0.98% |   3.61% |   -0.0115 | $   9809.45 | $   4777.76 | 0.564726
2025-06-08 15:44:22,202 - INFO -   12 | BUY  |  8108.12 |  21.3 |  -8.39% |  -5.31% |   -0.0485 | $   9333.21 | $   3583.32 | 0.709152
2025-06-08 15:44:22,202 - INFO -   13 | BUY  |  7923.64 |  21.9 |  -8.92% | -10.67% |   -0.0159 | $   9184.83 | $   2687.49 | 0.819993
2025-06-08 15:44:22,202 - INFO -   14 | BUY  |  7909.73 |  24.3 |  -7.97% |  -9.99% |   -0.0027 | $   9160.24 | $   2015.62 | 0.903270
2025-06-08 15:44:22,202 - INFO -   15 | BUY  |  7911.43 |  29.9 |  -7.27% |  -9.64% |   -0.0009 | $   9151.90 | $   1511.71 | 0.965715
2025-06-08 15:44:22,202 - INFO -   16 | HOLD |  4970.79 |  13.1 | -41.46% | -45.25% |   -0.3103 | $   6312.08 | $   1511.71 | 0.965715
2025-06-08 15:44:22,202 - INFO -   17 | SELL |  5563.71 |  22.5 | -34.48% | -39.01% |    0.0801 | $   6817.50 | $   2787.79 | 0.724286
2025-06-08 15:44:22,202 - INFO -   18 | HOLD |  5200.37 |  21.4 | -38.76% | -41.63% |   -0.0386 | $   6554.34 | $   2787.79 | 0.724286
2025-06-08 15:44:22,202 - INFO -   19 | HOLD |  5392.31 |  24.0 | -36.50% | -33.49% |   -0.0024 | $   6693.37 | $   2787.79 | 0.724286
2025-06-08 15:44:22,202 - INFO -   ...    ...      ...       ...     ...       ...      ...         ...          ...         ...
2025-06-08 15:44:22,202 - INFO - 1276 | SELL | 26162.37 |  14.8 |  -5.60% |  -1.88% |   -0.0058 | $    603.51 | $    294.92 | 0.011795
2025-06-08 15:44:22,202 - INFO - 1277 | HOLD | 26047.67 |  14.5 |  -6.01% |  -0.01% |   -0.0059 | $    602.15 | $    294.92 | 0.011795
2025-06-08 15:44:22,202 - INFO - 1278 | BUY  | 26008.46 |  14.0 |  -6.15% |  -0.34% |   -0.0061 | $    600.25 | $    221.19 | 0.014574
2025-06-08 15:44:22,202 - INFO - 1279 | BUY  | 26089.69 |  15.9 |  -4.74% |  -0.38% |   -0.0058 | $    600.35 | $    165.89 | 0.016652
2025-06-08 15:44:22,202 - INFO - 1280 | HOLD | 26106.15 |  13.9 |  -4.11% |  -0.07% |   -0.0066 | $    600.62 | $    165.89 | 0.016652
2025-06-08 15:44:22,202 - INFO - 1281 | BUY  | 27727.39 |  37.9 |   1.84% |   6.51% |   -0.0029 | $    626.80 | $    124.42 | 0.018119
2025-06-08 15:44:22,202 - INFO - 1282 | SELL | 27297.27 |  38.1 |   0.11% |   3.27% |   -0.0034 | $    612.83 | $    241.89 | 0.013589
2025-06-08 15:44:22,202 - INFO - 1283 | HOLD | 25931.47 |  43.0 |  -4.90% |  -0.88% |   -0.0039 | $    594.27 | $    241.89 | 0.013589
2025-06-08 15:44:22,202 - INFO - 1284 | HOLD | 25800.72 |  47.4 |  -5.38% |  -0.95% |   -0.0039 | $    592.49 | $    241.89 | 0.013589
2025-06-08 15:44:22,202 - INFO - 1285 | SELL | 25868.80 |  47.6 |  -5.13% |  -0.54% |   -0.0040 | $    589.02 | $    325.37 | 0.010192
2025-06-08 15:44:22,202 - INFO - 1286 | SELL | 25969.57 |  47.7 |  -4.76% |  -0.46% |   -0.0041 | $    586.74 | $    388.23 | 0.007644
2025-06-08 15:44:22,202 - INFO - 1287 | SELL | 25812.42 |  46.8 |  -5.33% |  -1.13% |   -0.0041 | $    583.07 | $    435.09 | 0.005733
2025-06-08 15:44:22,202 - INFO - 1288 | HOLD | 25779.98 |  47.4 |  -5.45% |  -7.02% |   -0.0035 | $    582.89 | $    435.09 | 0.005733
2025-06-08 15:44:22,202 - INFO - 1289 | HOLD | 25753.24 |  42.4 |  -5.55% |  -5.66% |   -0.0026 | $    582.73 | $    435.09 | 0.005733
2025-06-08 15:44:22,202 - INFO - 1290 | BUY  | 26240.20 |  50.8 |  -3.76% |   1.19% |   -0.0022 | $    583.39 | $    326.32 | 0.009797
2025-06-08 15:44:22,202 - INFO - 1291 | BUY  | 25905.65 |  48.5 |  -3.48% |   0.41% |   -0.0024 | $    578.52 | $    244.74 | 0.012884
2025-06-08 15:44:22,202 - INFO - 1292 | HOLD | 25895.68 |  48.8 |  -2.71% |   0.10% |   -0.0024 | $    578.39 | $    244.74 | 0.012884
2025-06-08 15:44:22,202 - INFO - 1293 | BUY  | 25832.23 |  47.3 |  -2.95% |  -0.53% |   -0.0024 | $    576.37 | $    183.56 | 0.015206
2025-06-08 15:44:22,202 - INFO - 1294 | SELL | 25162.65 |  41.4 |  -5.04% |  -2.52% |   -0.0028 | $    561.41 | $    274.43 | 0.011405
2025-06-08 15:44:22,202 - INFO - 1295 | HOLD | 25833.34 |  29.2 |  -2.50% |   0.21% |   -0.0025 | $    569.06 | $    274.43 | 0.011405
2025-06-08 15:44:22,203 - INFO - 
Action distribution for Episode 110:
2025-06-08 15:44:22,203 - INFO -   HOLD:  443 ( 34.2%)
2025-06-08 15:44:22,203 - INFO -   BUY:   453 ( 35.0%)
2025-06-08 15:44:22,203 - INFO -   SELL:  400 ( 30.9%)
2025-06-08 15:44:22,203 - INFO - ------------------------------------------------------------------------------------------------------------------------
2025-06-08 15:44:22,539 - INFO - Step 143000: Loss = 21492.304688, Epsilon = 0.8636
2025-06-08 15:44:23,229 - INFO - Episode 111: Reward = -2.2749, Portfolio = $568.56, Return = -94.31%, Cash = $335.50, Crypto = 0.009022, Steps = 1296
2025-06-08 15:44:23,351 - INFO - Step 144000: Loss = 4.507841, Epsilon = 0.8626
2025-06-08 15:44:23,351 - INFO - Step 144000: Target network updated
2025-06-08 15:44:24,113 - INFO - Step 145000: Loss = 0.195234, Epsilon = 0.8617
2025-06-08 15:44:24,225 - INFO - Episode 112: Reward = -2.3897, Portfolio = $390.13, Return = -96.10%, Cash = $88.46, Crypto = 0.011677, Steps = 1296
2025-06-08 15:44:24,867 - INFO - Step 146000: Loss = 73631.789062, Epsilon = 0.8607
2025-06-08 15:44:24,867 - INFO - Step 146000: Target network updated
2025-06-08 15:44:25,202 - INFO - Episode 113: Reward = -2.1927, Portfolio = $366.38, Return = -96.34%, Cash = $190.42, Crypto = 0.006811, Steps = 1296
2025-06-08 15:44:25,621 - INFO - Step 147000: Loss = 11.450175, Epsilon = 0.8597
2025-06-08 15:44:26,174 - INFO - Episode 114: Reward = -2.2170, Portfolio = $775.66, Return = -92.24%, Cash = $471.40, Crypto = 0.011778, Steps = 1296
2025-06-08 15:44:26,368 - INFO - Step 148000: Loss = 1.055537, Epsilon = 0.8588
2025-06-08 15:44:26,368 - INFO - Step 148000: Target network updated
2025-06-08 15:44:27,127 - INFO - Step 149000: Loss = 1.223450, Epsilon = 0.8578
2025-06-08 15:44:27,157 - INFO - Episode 115: Reward = -2.1656, Portfolio = $400.04, Return = -96.00%, Cash = $178.98, Crypto = 0.008557, Steps = 1296
2025-06-08 15:44:27,881 - INFO - Step 150000: Loss = 0.023252, Epsilon = 0.8569
2025-06-08 15:44:27,881 - INFO - Step 150000: Target network updated
2025-06-08 15:44:28,138 - INFO - Episode 116: Reward = -2.2762, Portfolio = $491.42, Return = -95.09%, Cash = $50.24, Crypto = 0.017078, Steps = 1296
2025-06-08 15:44:28,636 - INFO - Step 151000: Loss = 0.024777, Epsilon = 0.8559
2025-06-08 15:44:29,133 - INFO - Episode 117: Reward = -2.2732, Portfolio = $531.54, Return = -94.68%, Cash = $188.70, Crypto = 0.013271, Steps = 1296
2025-06-08 15:44:29,445 - INFO - Step 152000: Loss = 1217858048.000000, Epsilon = 0.8550
2025-06-08 15:44:29,446 - INFO - Step 152000: Target network updated
2025-06-08 15:44:30,197 - INFO - Episode 118: Reward = -2.3500, Portfolio = $357.96, Return = -96.42%, Cash = $72.99, Crypto = 0.011031, Steps = 1296
2025-06-08 15:44:30,257 - INFO - Step 153000: Loss = 0.016915, Epsilon = 0.8540
2025-06-08 15:44:31,028 - INFO - Step 154000: Loss = 1845039.125000, Epsilon = 0.8531
2025-06-08 15:44:31,028 - INFO - Step 154000: Target network updated
2025-06-08 15:44:31,199 - INFO - Episode 119: Reward = -2.1414, Portfolio = $657.19, Return = -93.43%, Cash = $224.79, Crypto = 0.016738, Steps = 1296
2025-06-08 15:44:31,785 - INFO - Step 155000: Loss = 0.021053, Epsilon = 0.8521
2025-06-08 15:44:32,174 - INFO - Episode 120: Reward = -2.1670, Portfolio = $525.97, Return = -94.74%, Cash = $78.22, Crypto = 0.017332, Steps = 1296
2025-06-08 15:44:32,174 - INFO - Episode 120 Summary: Avg Reward (100 eps) = -2.2954, Avg Portfolio (100 eps) = $512.60, Epsilon = 0.852
2025-06-08 15:44:32,174 - INFO - 
Detailed steps for Episode 120:
2025-06-08 15:44:32,174 - INFO - Step | Action | Price    | RSI   | PnL    | WkChg  | Reward    | Portfolio   | Cash       | Crypto
2025-06-08 15:44:32,174 - INFO - ------------------------------------------------------------------------------------------------------------------------
2025-06-08 15:44:32,174 - INFO -    0 | HOLD |  9341.71 |  35.4 |  -2.00% |  -7.89% |    0.0000 | $  10000.00 | $  10000.00 | 0.000000
2025-06-08 15:44:32,174 - INFO -    1 | BUY  |  8820.52 |  27.7 |  -2.00% |  -8.44% |   -0.0049 | $   9950.98 | $   7500.00 | 0.277872
2025-06-08 15:44:32,174 - INFO -    2 | HOLD |  8784.49 |  28.3 |  -0.41% |  -8.58% |   -0.0010 | $   9940.97 | $   7500.00 | 0.277872
2025-06-08 15:44:32,174 - INFO -    3 | SELL |  8672.46 |  25.2 |  -1.68% | -10.47% |   -0.0062 | $   9879.71 | $   8072.34 | 0.208404
2025-06-08 15:44:32,174 - INFO -    4 | HOLD |  8599.51 |  28.2 |  -2.51% | -11.01% |   -0.0015 | $   9864.51 | $   8072.34 | 0.208404
2025-06-08 15:44:32,174 - INFO -    5 | BUY  |  8562.45 |  26.8 |  -2.93% | -13.72% |   -0.0048 | $   9817.22 | $   6054.25 | 0.439473
2025-06-08 15:44:32,174 - INFO -    6 | BUY  |  8869.67 |  36.4 |   2.13% |  -8.09% |    0.0107 | $   9922.55 | $   4540.69 | 0.606772
2025-06-08 15:44:32,174 - INFO -    7 | SELL |  8787.79 |  24.4 |   0.60% |  -5.93% |   -0.0117 | $   9806.22 | $   5807.08 | 0.455079
2025-06-08 15:44:32,174 - INFO -    8 | HOLD |  8755.25 |  29.8 |   0.22% |  -0.74% |   -0.0015 | $   9791.41 | $   5807.08 | 0.455079
2025-06-08 15:44:32,174 - INFO -    9 | HOLD |  9078.76 |  39.3 |   3.93% |   3.35% |    0.0150 | $   9938.63 | $   5807.08 | 0.455079
2025-06-08 15:44:32,174 - INFO -   10 | BUY  |  9122.55 |  38.4 |   4.43% |   5.19% |   -0.0009 | $   9930.09 | $   4355.31 | 0.611099
2025-06-08 15:44:32,174 - INFO -   11 | HOLD |  8909.95 |  35.7 |   0.85% |   3.61% |   -0.0131 | $   9800.18 | $   4355.31 | 0.611099
2025-06-08 15:44:32,174 - INFO -   12 | SELL |  8108.12 |  21.3 |  -8.22% |  -5.31% |   -0.0563 | $   9248.24 | $   5532.09 | 0.458324
2025-06-08 15:44:32,174 - INFO -   13 | BUY  |  7923.64 |  21.9 | -10.31% | -10.67% |   -0.0121 | $   9136.57 | $   4149.07 | 0.629446
2025-06-08 15:44:32,174 - INFO -   14 | BUY  |  7909.73 |  24.3 |  -7.89% |  -9.99% |   -0.0032 | $   9107.48 | $   3111.80 | 0.758013
2025-06-08 15:44:32,174 - INFO -   15 | BUY  |  7911.43 |  29.9 |  -6.62% |  -9.64% |   -0.0015 | $   9093.51 | $   2333.85 | 0.854417
2025-06-08 15:44:32,174 - INFO -   16 | HOLD |  4970.79 |  13.1 | -40.89% | -45.25% |   -0.2763 | $   6580.98 | $   2333.85 | 0.854417
2025-06-08 15:44:32,174 - INFO -   17 | BUY  |  5563.71 |  22.5 | -33.83% | -39.01% |    0.0752 | $   7076.14 | $   1750.39 | 0.957230
2025-06-08 15:44:32,174 - INFO -   18 | BUY  |  5200.37 |  21.4 | -35.82% | -41.63% |   -0.0504 | $   6719.76 | $   1312.79 | 1.039728
2025-06-08 15:44:32,174 - INFO -   19 | HOLD |  5392.31 |  24.0 | -31.51% | -33.49% |   -0.0024 | $   6919.33 | $   1312.79 | 1.039728
2025-06-08 15:44:32,174 - INFO -   ...    ...      ...       ...     ...       ...      ...         ...          ...         ...
2025-06-08 15:44:32,174 - INFO - 1276 | BUY  | 26162.37 |  14.8 |  -4.13% |  -1.88% |   -0.0078 | $    550.34 | $    211.60 | 0.012948
2025-06-08 15:44:32,174 - INFO - 1277 | HOLD | 26047.67 |  14.5 |  -3.74% |  -0.01% |   -0.0077 | $    548.86 | $    211.60 | 0.012948
2025-06-08 15:44:32,174 - INFO - 1278 | HOLD | 26008.46 |  14.0 |  -3.88% |  -0.34% |   -0.0076 | $    548.35 | $    211.60 | 0.012948
2025-06-08 15:44:32,174 - INFO - 1279 | HOLD | 26089.69 |  15.9 |  -3.58% |  -0.38% |   -0.0075 | $    549.40 | $    211.60 | 0.012948
2025-06-08 15:44:32,174 - INFO - 1280 | BUY  | 26106.15 |  13.9 |  -3.52% |  -0.07% |   -0.0083 | $    548.58 | $    158.70 | 0.014934
2025-06-08 15:44:32,175 - INFO - 1281 | SELL | 27727.39 |  37.9 |   2.95% |   6.51% |   -0.0033 | $    567.61 | $    257.04 | 0.011201
2025-06-08 15:44:32,175 - INFO - 1282 | BUY  | 27297.27 |  38.1 |   1.36% |   3.27% |   -0.0037 | $    561.54 | $    192.78 | 0.013509
2025-06-08 15:44:32,175 - INFO - 1283 | BUY  | 25931.47 |  43.0 |  -3.94% |  -0.88% |   -0.0043 | $    542.14 | $    144.59 | 0.015331
2025-06-08 15:44:32,175 - INFO - 1284 | BUY  | 25800.72 |  47.4 |  -3.97% |  -0.95% |   -0.0043 | $    539.43 | $    108.44 | 0.016704
2025-06-08 15:44:32,175 - INFO - 1285 | SELL | 25868.80 |  47.6 |  -3.40% |  -0.54% |   -0.0044 | $    535.16 | $    211.07 | 0.012528
2025-06-08 15:44:32,175 - INFO - 1286 | BUY  | 25969.57 |  47.7 |  -3.03% |  -0.46% |   -0.0042 | $    535.39 | $    158.30 | 0.014520
2025-06-08 15:44:32,175 - INFO - 1287 | HOLD | 25812.42 |  46.8 |  -3.21% |  -1.13% |   -0.0042 | $    533.11 | $    158.30 | 0.014520
2025-06-08 15:44:32,175 - INFO - 1288 | SELL | 25779.98 |  47.4 |  -3.33% |  -7.02% |   -0.0043 | $    527.96 | $    247.21 | 0.010890
2025-06-08 15:44:32,175 - INFO - 1289 | HOLD | 25753.24 |  42.4 |  -3.43% |  -5.66% |   -0.0035 | $    527.67 | $    247.21 | 0.010890
2025-06-08 15:44:32,175 - INFO - 1290 | HOLD | 26240.20 |  50.8 |  -1.61% |   1.19% |   -0.0024 | $    532.97 | $    247.21 | 0.010890
2025-06-08 15:44:32,175 - INFO - 1291 | BUY  | 25905.65 |  48.5 |  -2.86% |   0.41% |   -0.0025 | $    528.11 | $    185.41 | 0.013229
2025-06-08 15:44:32,175 - INFO - 1292 | HOLD | 25895.68 |  48.8 |  -2.41% |   0.10% |   -0.0023 | $    527.98 | $    185.41 | 0.013229
2025-06-08 15:44:32,175 - INFO - 1293 | BUY  | 25832.23 |  47.3 |  -2.65% |  -0.53% |   -0.0023 | $    526.23 | $    139.05 | 0.014988
2025-06-08 15:44:32,175 - INFO - 1294 | BUY  | 25162.65 |  41.4 |  -4.87% |  -2.52% |   -0.0028 | $    515.52 | $    104.29 | 0.016343
2025-06-08 15:44:32,175 - INFO - 1295 | BUY  | 25833.34 |  29.2 |  -1.94% |   0.21% |   -0.0019 | $    525.97 | $     78.22 | 0.017332
2025-06-08 15:44:32,175 - INFO - 
Action distribution for Episode 120:
2025-06-08 15:44:32,175 - INFO -   HOLD:  380 ( 29.3%)
2025-06-08 15:44:32,175 - INFO -   BUY:   549 ( 42.4%)
2025-06-08 15:44:32,175 - INFO -   SELL:  367 ( 28.3%)
2025-06-08 15:44:32,175 - INFO - ------------------------------------------------------------------------------------------------------------------------
2025-06-08 15:44:32,542 - INFO - Step 156000: Loss = 505491.812500, Epsilon = 0.8512
2025-06-08 15:44:32,542 - INFO - Step 156000: Target network updated
2025-06-08 15:44:33,173 - INFO - Episode 121: Reward = -1.9634, Portfolio = $494.84, Return = -95.05%, Cash = $279.19, Crypto = 0.008348, Steps = 1296
2025-06-08 15:44:33,326 - INFO - Step 157000: Loss = 7680404992.000000, Epsilon = 0.8502
2025-06-08 15:44:34,115 - INFO - Step 158000: Loss = 3.983861, Epsilon = 0.8492
2025-06-08 15:44:34,116 - INFO - Step 158000: Target network updated
2025-06-08 15:44:34,210 - INFO - Episode 122: Reward = -2.3122, Portfolio = $365.69, Return = -96.34%, Cash = $158.29, Crypto = 0.008029, Steps = 1296
2025-06-08 15:44:34,942 - INFO - Step 159000: Loss = 1.461966, Epsilon = 0.8483
2025-06-08 15:44:35,274 - INFO - Episode 123: Reward = -2.1574, Portfolio = $488.77, Return = -95.11%, Cash = $232.15, Crypto = 0.009934, Steps = 1296
2025-06-08 15:44:35,735 - INFO - Step 160000: Loss = 1.515757, Epsilon = 0.8473
2025-06-08 15:44:35,735 - INFO - Step 160000: Target network updated
2025-06-08 15:44:36,281 - INFO - Episode 124: Reward = -1.8741, Portfolio = $578.18, Return = -94.22%, Cash = $420.28, Crypto = 0.006112, Steps = 1296
2025-06-08 15:44:36,514 - INFO - Step 161000: Loss = 11.581423, Epsilon = 0.8464
2025-06-08 15:44:37,276 - INFO - Step 162000: Loss = 9731295232.000000, Epsilon = 0.8454
2025-06-08 15:44:37,276 - INFO - Step 162000: Target network updated
2025-06-08 15:44:37,276 - INFO - Episode 125: Reward = -2.3216, Portfolio = $265.92, Return = -97.34%, Cash = $193.45, Crypto = 0.002805, Steps = 1296
2025-06-08 15:44:38,064 - INFO - Step 163000: Loss = 77417792.000000, Epsilon = 0.8445
2025-06-08 15:44:38,306 - INFO - Episode 126: Reward = -2.1836, Portfolio = $383.78, Return = -96.16%, Cash = $121.48, Crypto = 0.010154, Steps = 1296
2025-06-08 15:44:38,874 - INFO - Step 164000: Loss = 0.020691, Epsilon = 0.8435
2025-06-08 15:44:38,874 - INFO - Step 164000: Target network updated
2025-06-08 15:44:39,335 - INFO - Episode 127: Reward = -2.0865, Portfolio = $460.96, Return = -95.39%, Cash = $103.48, Crypto = 0.013838, Steps = 1296
2025-06-08 15:44:39,690 - INFO - Step 165000: Loss = 206033.859375, Epsilon = 0.8426
2025-06-08 15:44:40,391 - INFO - Episode 128: Reward = -2.0715, Portfolio = $520.18, Return = -94.80%, Cash = $210.52, Crypto = 0.011987, Steps = 1296
2025-06-08 15:44:40,487 - INFO - Step 166000: Loss = 0.020180, Epsilon = 0.8416
2025-06-08 15:44:40,487 - INFO - Step 166000: Target network updated
2025-06-08 15:44:41,320 - INFO - Step 167000: Loss = 0.021095, Epsilon = 0.8407
2025-06-08 15:44:41,462 - INFO - Episode 129: Reward = -1.8540, Portfolio = $410.68, Return = -95.89%, Cash = $48.92, Crypto = 0.014003, Steps = 1296
2025-06-08 15:44:42,075 - INFO - Step 168000: Loss = 0.020584, Epsilon = 0.8397
2025-06-08 15:44:42,076 - INFO - Step 168000: Target network updated
2025-06-08 15:44:42,438 - INFO - Episode 130: Reward = -1.8488, Portfolio = $610.06, Return = -93.90%, Cash = $290.25, Crypto = 0.012380, Steps = 1296
2025-06-08 15:44:42,438 - INFO - Episode 130 Summary: Avg Reward (100 eps) = -2.2641, Avg Portfolio (100 eps) = $503.00, Epsilon = 0.839
2025-06-08 15:44:42,438 - INFO - 
Detailed steps for Episode 130:
2025-06-08 15:44:42,438 - INFO - Step | Action | Price    | RSI   | PnL    | WkChg  | Reward    | Portfolio   | Cash       | Crypto
2025-06-08 15:44:42,438 - INFO - ------------------------------------------------------------------------------------------------------------------------
2025-06-08 15:44:42,438 - INFO -    0 | BUY  |  9341.71 |  35.4 |  -2.00% |  -7.89% |   -0.0049 | $   9950.98 | $   7500.00 | 0.262370
2025-06-08 15:44:42,438 - INFO -    1 | HOLD |  8820.52 |  27.7 |  -5.58% |  -8.44% |   -0.0137 | $   9814.24 | $   7500.00 | 0.262370
2025-06-08 15:44:42,438 - INFO -    2 | BUY  |  8784.49 |  28.3 |  -5.96% |  -8.58% |   -0.0047 | $   9768.02 | $   5625.00 | 0.471629
2025-06-08 15:44:42,438 - INFO -    3 | HOLD |  8672.46 |  25.2 |  -4.64% | -10.47% |   -0.0054 | $   9715.18 | $   5625.00 | 0.471629
2025-06-08 15:44:42,438 - INFO -    4 | BUY  |  8599.51 |  28.2 |  -5.44% | -11.01% |   -0.0064 | $   9653.20 | $   4218.75 | 0.631949
2025-06-08 15:44:42,438 - INFO -    5 | BUY  |  8562.45 |  26.8 |  -4.53% | -13.72% |   -0.0046 | $   9609.11 | $   3164.06 | 0.752710
2025-06-08 15:44:42,438 - INFO -    6 | HOLD |  8869.67 |  36.4 |  -0.38% |  -8.09% |    0.0241 | $   9840.35 | $   3164.06 | 0.752710
2025-06-08 15:44:42,438 - INFO -    7 | SELL |  8787.79 |  24.4 |  -1.30% |  -5.93% |   -0.0147 | $   9696.03 | $   4735.04 | 0.564532
2025-06-08 15:44:42,438 - INFO -    8 | HOLD |  8755.25 |  29.8 |  -1.67% |  -0.74% |   -0.0019 | $   9677.66 | $   4735.04 | 0.564532
2025-06-08 15:44:42,438 - INFO -    9 | HOLD |  9078.76 |  39.3 |   1.97% |   3.35% |    0.0189 | $   9860.30 | $   4735.04 | 0.564532
2025-06-08 15:44:42,438 - INFO -   10 | HOLD |  9122.55 |  38.4 |   2.46% |   5.19% |    0.0025 | $   9885.01 | $   4735.04 | 0.564532
2025-06-08 15:44:42,438 - INFO -   11 | SELL |  8909.95 |  35.7 |   0.07% |   3.61% |   -0.0185 | $   9702.13 | $   5929.66 | 0.423399
2025-06-08 15:44:42,438 - INFO -   12 | BUY  |  8108.12 |  21.3 |  -8.94% |  -5.31% |   -0.0380 | $   9333.56 | $   4447.24 | 0.602645
2025-06-08 15:44:42,438 - INFO -   13 | SELL |  7923.64 |  21.9 |  -8.58% | -10.67% |   -0.0183 | $   9162.70 | $   5581.34 | 0.451984
2025-06-08 15:44:42,438 - INFO -   14 | SELL |  7909.73 |  24.3 |  -8.74% |  -9.99% |   -0.0056 | $   9111.72 | $   6430.42 | 0.338988
2025-06-08 15:44:42,438 - INFO -   15 | HOLD |  7911.43 |  29.9 |  -8.72% |  -9.64% |    0.0001 | $   9112.30 | $   6430.42 | 0.338988
2025-06-08 15:44:42,438 - INFO -   16 | SELL |  4970.79 |  13.1 | -42.65% | -45.25% |   -0.1117 | $   8094.39 | $   6830.62 | 0.254241
2025-06-08 15:44:42,438 - INFO -   17 | BUY  |  5563.71 |  22.5 | -35.81% | -39.01% |    0.0145 | $   8211.65 | $   5122.96 | 0.555150
2025-06-08 15:44:42,438 - INFO -   18 | HOLD |  5200.37 |  21.4 | -25.55% | -41.63% |   -0.0246 | $   8009.95 | $   5122.96 | 0.555150
2025-06-08 15:44:42,438 - INFO -   19 | HOLD |  5392.31 |  24.0 | -22.80% | -33.49% |   -0.0037 | $   8116.51 | $   5122.96 | 0.555150
2025-06-08 15:44:42,438 - INFO -   ...    ...      ...       ...     ...       ...      ...         ...          ...         ...
2025-06-08 15:44:42,438 - INFO - 1276 | SELL | 26162.37 |  14.8 |  -4.16% |  -1.88% |   -0.0056 | $    670.59 | $    296.35 | 0.014304
2025-06-08 15:44:42,438 - INFO - 1277 | SELL | 26047.67 |  14.5 |  -4.58% |  -0.01% |   -0.0056 | $    664.29 | $    384.85 | 0.010728
2025-06-08 15:44:42,439 - INFO - 1278 | SELL | 26008.46 |  14.0 |  -4.73% |  -0.34% |   -0.0059 | $    660.38 | $    451.11 | 0.008046
2025-06-08 15:44:42,439 - INFO - 1279 | HOLD | 26089.69 |  15.9 |  -4.43% |  -0.38% |   -0.0059 | $    661.04 | $    451.11 | 0.008046
2025-06-08 15:44:42,439 - INFO - 1280 | SELL | 26106.15 |  13.9 |  -4.37% |  -0.07% |   -0.0073 | $    658.54 | $    501.00 | 0.006035
2025-06-08 15:44:42,439 - INFO - 1281 | BUY  | 27727.39 |  37.9 |   1.57% |   6.51% |   -0.0057 | $    665.87 | $    375.75 | 0.010463
2025-06-08 15:44:42,439 - INFO - 1282 | BUY  | 27297.27 |  38.1 |  -0.67% |   3.27% |   -0.0060 | $    659.53 | $    281.81 | 0.013837
2025-06-08 15:44:42,439 - INFO - 1283 | SELL | 25931.47 |  43.0 |  -5.48% |  -0.88% |   -0.0066 | $    636.14 | $    367.03 | 0.010378
2025-06-08 15:44:42,439 - INFO - 1284 | HOLD | 25800.72 |  47.4 |  -5.96% |  -0.95% |   -0.0064 | $    634.79 | $    367.03 | 0.010378
2025-06-08 15:44:42,439 - INFO - 1285 | SELL | 25868.80 |  47.6 |  -5.71% |  -0.54% |   -0.0064 | $    632.14 | $    430.79 | 0.007783
2025-06-08 15:44:42,439 - INFO - 1286 | HOLD | 25969.57 |  47.7 |  -5.34% |  -0.46% |   -0.0063 | $    632.92 | $    430.79 | 0.007783
2025-06-08 15:44:42,439 - INFO - 1287 | BUY  | 25812.42 |  46.8 |  -5.92% |  -1.13% |   -0.0063 | $    629.59 | $    323.09 | 0.011874
2025-06-08 15:44:42,439 - INFO - 1288 | SELL | 25779.98 |  47.4 |  -4.08% |  -7.02% |   -0.0060 | $    625.38 | $    395.79 | 0.008905
2025-06-08 15:44:42,439 - INFO - 1289 | BUY  | 25753.24 |  42.4 |  -4.18% |  -5.66% |   -0.0057 | $    623.20 | $    296.85 | 0.012672
2025-06-08 15:44:42,439 - INFO - 1290 | HOLD | 26240.20 |  50.8 |  -1.14% |   1.19% |   -0.0044 | $    629.37 | $    296.85 | 0.012672
2025-06-08 15:44:42,439 - INFO - 1291 | BUY  | 25905.65 |  48.5 |  -2.40% |   0.41% |   -0.0045 | $    623.67 | $    222.63 | 0.015481
2025-06-08 15:44:42,439 - INFO - 1292 | HOLD | 25895.68 |  48.8 |  -2.01% |   0.10% |   -0.0046 | $    623.52 | $    222.63 | 0.015481
2025-06-08 15:44:42,439 - INFO - 1293 | SELL | 25832.23 |  47.3 |  -2.25% |  -0.53% |   -0.0049 | $    617.54 | $    317.61 | 0.011611
2025-06-08 15:44:42,439 - INFO - 1294 | SELL | 25162.65 |  41.4 |  -4.78% |  -2.52% |   -0.0054 | $    606.11 | $    387.00 | 0.008708
2025-06-08 15:44:42,439 - INFO - 1295 | BUY  | 25833.34 |  29.2 |  -2.25% |   0.21% |   -0.0055 | $    610.06 | $    290.25 | 0.012380
2025-06-08 15:44:42,439 - INFO - 
Action distribution for Episode 130:
2025-06-08 15:44:42,439 - INFO -   HOLD:  365 ( 28.2%)
2025-06-08 15:44:42,439 - INFO -   BUY:   574 ( 44.3%)
2025-06-08 15:44:42,439 - INFO -   SELL:  357 ( 27.5%)
2025-06-08 15:44:42,439 - INFO - ------------------------------------------------------------------------------------------------------------------------
2025-06-08 15:44:42,835 - INFO - Step 169000: Loss = 0.020357, Epsilon = 0.8388
2025-06-08 15:44:43,474 - INFO - Episode 131: Reward = -2.2174, Portfolio = $388.50, Return = -96.12%, Cash = $295.74, Crypto = 0.003591, Steps = 1296
2025-06-08 15:44:43,646 - INFO - Step 170000: Loss = 7.860099, Epsilon = 0.8378
2025-06-08 15:44:43,646 - INFO - Step 170000: Target network updated
2025-06-08 15:44:44,408 - INFO - Step 171000: Loss = 2.994661, Epsilon = 0.8368
2025-06-08 15:44:44,485 - INFO - Episode 132: Reward = -1.9261, Portfolio = $661.34, Return = -93.39%, Cash = $163.59, Crypto = 0.019268, Steps = 1296
2025-06-08 15:44:45,289 - INFO - Step 172000: Loss = 0.022451, Epsilon = 0.8359
2025-06-08 15:44:45,289 - INFO - Step 172000: Target network updated
2025-06-08 15:44:45,595 - INFO - Episode 133: Reward = -2.0646, Portfolio = $435.10, Return = -95.65%, Cash = $347.69, Crypto = 0.003384, Steps = 1296
2025-06-08 15:44:46,135 - INFO - Step 173000: Loss = 0.016259, Epsilon = 0.8349
2025-06-08 15:44:46,683 - INFO - Episode 134: Reward = -1.7571, Portfolio = $763.04, Return = -92.37%, Cash = $142.94, Crypto = 0.024004, Steps = 1296
2025-06-08 15:44:46,953 - INFO - Step 174000: Loss = 1.821148, Epsilon = 0.8340
2025-06-08 15:44:46,953 - INFO - Step 174000: Target network updated
2025-06-08 15:44:47,786 - INFO - Episode 135: Reward = -2.3636, Portfolio = $428.60, Return = -95.71%, Cash = $136.19, Crypto = 0.011319, Steps = 1296
2025-06-08 15:44:47,822 - INFO - Step 175000: Loss = 0.016725, Epsilon = 0.8330
2025-06-08 15:44:48,611 - INFO - Step 176000: Loss = 279.147461, Epsilon = 0.8321
2025-06-08 15:44:48,611 - INFO - Step 176000: Target network updated
2025-06-08 15:44:48,804 - INFO - Episode 136: Reward = -2.1507, Portfolio = $421.81, Return = -95.78%, Cash = $224.53, Crypto = 0.007637, Steps = 1296
2025-06-08 15:44:49,393 - INFO - Step 177000: Loss = 2.069615, Epsilon = 0.8311
2025-06-08 15:44:49,817 - INFO - Episode 137: Reward = -2.0737, Portfolio = $438.72, Return = -95.61%, Cash = $107.27, Crypto = 0.012831, Steps = 1296
2025-06-08 15:44:50,158 - INFO - Step 178000: Loss = 13.258144, Epsilon = 0.8302
2025-06-08 15:44:50,158 - INFO - Step 178000: Target network updated
2025-06-08 15:44:50,862 - INFO - Episode 138: Reward = -2.3066, Portfolio = $415.01, Return = -95.85%, Cash = $233.18, Crypto = 0.007039, Steps = 1296
2025-06-08 15:44:50,993 - INFO - Step 179000: Loss = 1637.116089, Epsilon = 0.8292
2025-06-08 15:44:51,765 - INFO - Step 180000: Loss = 80016.390625, Epsilon = 0.8283
2025-06-08 15:44:51,765 - INFO - Step 180000: Target network updated
2025-06-08 15:44:51,874 - INFO - Episode 139: Reward = -2.2648, Portfolio = $402.33, Return = -95.98%, Cash = $104.60, Crypto = 0.011525, Steps = 1296
2025-06-08 15:44:52,543 - INFO - Step 181000: Loss = 0.069220, Epsilon = 0.8273
2025-06-08 15:44:52,881 - INFO - Episode 140: Reward = -2.0180, Portfolio = $510.71, Return = -94.89%, Cash = $58.81, Crypto = 0.017493, Steps = 1296
2025-06-08 15:44:52,881 - INFO - Episode 140 Summary: Avg Reward (100 eps) = -2.2274, Avg Portfolio (100 eps) = $503.60, Epsilon = 0.827
2025-06-08 15:44:52,881 - INFO - 
Detailed steps for Episode 140:
2025-06-08 15:44:52,881 - INFO - Step | Action | Price    | RSI   | PnL    | WkChg  | Reward    | Portfolio   | Cash       | Crypto
2025-06-08 15:44:52,881 - INFO - ------------------------------------------------------------------------------------------------------------------------
2025-06-08 15:44:52,881 - INFO -    0 | BUY  |  9341.71 |  35.4 |  -2.00% |  -7.89% |   -0.0049 | $   9950.98 | $   7500.00 | 0.262370
2025-06-08 15:44:52,881 - INFO -    1 | BUY  |  8820.52 |  27.7 |  -5.58% |  -8.44% |   -0.0174 | $   9777.47 | $   5625.00 | 0.470774
2025-06-08 15:44:52,881 - INFO -    2 | BUY  |  8784.49 |  28.3 |  -3.58% |  -8.58% |   -0.0046 | $   9732.94 | $   4218.75 | 0.627718
2025-06-08 15:44:52,881 - INFO -    3 | BUY  |  8672.46 |  25.2 |  -3.95% | -10.47% |   -0.0094 | $   9641.93 | $   3164.06 | 0.746947
2025-06-08 15:44:52,881 - INFO -    4 | SELL |  8599.51 |  28.2 |  -4.16% | -11.01% |   -0.0140 | $   9507.15 | $   4689.62 | 0.560210
2025-06-08 15:44:52,881 - INFO -    5 | SELL |  8562.45 |  26.8 |  -4.57% | -13.72% |   -0.0085 | $   9426.43 | $   5828.85 | 0.420158
2025-06-08 15:44:52,881 - INFO -    6 | BUY  |  8869.67 |  36.4 |  -1.14% |  -8.09% |    0.0107 | $   9526.94 | $   4371.64 | 0.581228
2025-06-08 15:44:52,881 - INFO -    7 | BUY  |  8787.79 |  24.4 |  -1.75% |  -5.93% |   -0.0072 | $   9457.92 | $   3278.73 | 0.703156
2025-06-08 15:44:52,881 - INFO -    8 | SELL |  8755.25 |  29.8 |  -1.81% |  -0.74% |   -0.0106 | $   9358.08 | $   4740.85 | 0.527367
2025-06-08 15:44:52,881 - INFO -    9 | SELL |  9078.76 |  39.3 |   1.82% |   3.35% |    0.0118 | $   9468.84 | $   5877.96 | 0.395525
2025-06-08 15:44:52,881 - INFO -   10 | SELL |  9122.55 |  38.4 |   2.31% |   5.19% |   -0.0029 | $   9441.06 | $   6734.91 | 0.296644
2025-06-08 15:44:52,881 - INFO -   11 | SELL |  8909.95 |  35.7 |  -0.08% |   3.61% |   -0.0102 | $   9344.96 | $   7362.64 | 0.222483
2025-06-08 15:44:52,881 - INFO -   12 | BUY  |  8108.12 |  21.3 |  -9.07% |  -5.31% |   -0.0230 | $   9130.47 | $   5521.98 | 0.445046
2025-06-08 15:44:52,881 - INFO -   13 | HOLD |  7923.64 |  21.9 |  -6.92% | -10.67% |   -0.0090 | $   9048.37 | $   5521.98 | 0.445046
2025-06-08 15:44:52,881 - INFO -   14 | BUY  |  7909.73 |  24.3 |  -7.08% |  -9.99% |   -0.0037 | $   9015.11 | $   4141.49 | 0.616156
2025-06-08 15:44:52,881 - INFO -   15 | BUY  |  7911.43 |  29.9 |  -5.20% |  -9.64% |   -0.0021 | $   8995.86 | $   3106.12 | 0.744460
2025-06-08 15:44:52,881 - INFO -   16 | SELL |  4970.79 |  13.1 | -39.90% | -45.25% |   -0.2485 | $   6760.41 | $   3985.00 | 0.558345
2025-06-08 15:44:52,881 - INFO -   17 | BUY  |  5563.71 |  22.5 | -32.73% | -39.01% |    0.0461 | $   7071.93 | $   2988.75 | 0.733896
2025-06-08 15:44:52,881 - INFO -   18 | SELL |  5200.37 |  21.4 | -31.78% | -41.63% |   -0.0445 | $   6757.57 | $   3895.17 | 0.550422
2025-06-08 15:44:52,882 - INFO -   19 | BUY  |  5392.31 |  24.0 | -29.26% | -33.49% |   -0.0031 | $   6844.13 | $   2921.38 | 0.727470
2025-06-08 15:44:52,882 - INFO -   ...    ...      ...       ...     ...       ...      ...         ...          ...         ...
2025-06-08 15:44:52,882 - INFO - 1276 | BUY  | 26162.37 |  14.8 |  -6.77% |  -1.88% |   -0.0040 | $    533.93 | $     88.66 | 0.017019
2025-06-08 15:44:52,882 - INFO - 1277 | SELL | 26047.67 |  14.5 |  -6.77% |  -0.01% |   -0.0043 | $    526.43 | $    193.95 | 0.012764
2025-06-08 15:44:52,882 - INFO - 1278 | BUY  | 26008.46 |  14.0 |  -6.91% |  -0.34% |   -0.0044 | $    524.98 | $    145.46 | 0.014592
2025-06-08 15:44:52,882 - INFO - 1279 | BUY  | 26089.69 |  15.9 |  -5.81% |  -0.38% |   -0.0045 | $    525.45 | $    109.10 | 0.015959
2025-06-08 15:44:52,882 - INFO - 1280 | BUY  | 26106.15 |  13.9 |  -5.28% |  -0.07% |   -0.0054 | $    525.18 | $     81.82 | 0.016983
2025-06-08 15:44:52,882 - INFO - 1281 | SELL | 27727.39 |  37.9 |   0.93% |   6.51% |   -0.0032 | $    546.83 | $    193.66 | 0.012737
2025-06-08 15:44:52,882 - INFO - 1282 | BUY  | 27297.27 |  38.1 |  -0.64% |   3.27% |   -0.0031 | $    540.40 | $    145.24 | 0.014476
2025-06-08 15:44:52,882 - INFO - 1283 | HOLD | 25931.47 |  43.0 |  -5.54% |  -0.88% |   -0.0036 | $    520.63 | $    145.24 | 0.014476
2025-06-08 15:44:52,882 - INFO - 1284 | BUY  | 25800.72 |  47.4 |  -6.01% |  -0.95% |   -0.0037 | $    518.02 | $    108.93 | 0.015856
2025-06-08 15:44:52,882 - INFO - 1285 | BUY  | 25868.80 |  47.6 |  -5.27% |  -0.54% |   -0.0035 | $    518.57 | $     81.70 | 0.016888
2025-06-08 15:44:52,882 - INFO - 1286 | SELL | 25969.57 |  47.7 |  -4.59% |  -0.46% |   -0.0038 | $    514.79 | $    185.86 | 0.012666
2025-06-08 15:44:52,882 - INFO - 1287 | HOLD | 25812.42 |  46.8 |  -5.17% |  -1.13% |   -0.0037 | $    512.80 | $    185.86 | 0.012666
2025-06-08 15:44:52,882 - INFO - 1288 | BUY  | 25779.98 |  47.4 |  -5.29% |  -7.02% |   -0.0035 | $    511.48 | $    139.40 | 0.014433
2025-06-08 15:44:52,882 - INFO - 1289 | BUY  | 25753.24 |  42.4 |  -4.77% |  -5.66% |   -0.0025 | $    510.41 | $    104.55 | 0.015760
2025-06-08 15:44:52,882 - INFO - 1290 | HOLD | 26240.20 |  50.8 |  -2.58% |   1.19% |   -0.0012 | $    518.08 | $    104.55 | 0.015760
2025-06-08 15:44:52,882 - INFO - 1291 | HOLD | 25905.65 |  48.5 |  -3.82% |   0.41% |   -0.0016 | $    512.81 | $    104.55 | 0.015760
2025-06-08 15:44:52,882 - INFO - 1292 | BUY  | 25895.68 |  48.8 |  -3.86% |   0.10% |   -0.0016 | $    512.14 | $     78.41 | 0.016749
2025-06-08 15:44:52,882 - INFO - 1293 | HOLD | 25832.23 |  47.3 |  -3.87% |  -0.53% |   -0.0016 | $    511.08 | $     78.41 | 0.016749
2025-06-08 15:44:52,882 - INFO - 1294 | HOLD | 25162.65 |  41.4 |  -6.37% |  -2.52% |   -0.0021 | $    499.86 | $     78.41 | 0.016749
2025-06-08 15:44:52,882 - INFO - 1295 | BUY  | 25833.34 |  29.2 |  -3.87% |   0.21% |   -0.0017 | $    510.71 | $     58.81 | 0.017493
2025-06-08 15:44:52,882 - INFO - 
Action distribution for Episode 140:
2025-06-08 15:44:52,882 - INFO -   HOLD:  377 ( 29.1%)
2025-06-08 15:44:52,882 - INFO -   BUY:   572 ( 44.1%)
2025-06-08 15:44:52,882 - INFO -   SELL:  347 ( 26.8%)
2025-06-08 15:44:52,882 - INFO - ------------------------------------------------------------------------------------------------------------------------
2025-06-08 15:44:53,325 - INFO - Step 182000: Loss = 0.017778, Epsilon = 0.8263
2025-06-08 15:44:53,325 - INFO - Step 182000: Target network updated
2025-06-08 15:44:53,942 - INFO - Episode 141: Reward = -2.1726, Portfolio = $355.91, Return = -96.44%, Cash = $21.34, Crypto = 0.012951, Steps = 1296
2025-06-08 15:44:54,179 - INFO - Step 183000: Loss = 1075.648926, Epsilon = 0.8254
2025-06-08 15:44:54,947 - INFO - Step 184000: Loss = 0.017318, Epsilon = 0.8244
2025-06-08 15:44:54,947 - INFO - Step 184000: Target network updated
2025-06-08 15:44:54,972 - INFO - Episode 142: Reward = -2.1841, Portfolio = $473.05, Return = -95.27%, Cash = $78.45, Crypto = 0.015275, Steps = 1296
2025-06-08 15:44:55,717 - INFO - Step 185000: Loss = 0.012290, Epsilon = 0.8235
2025-06-08 15:44:55,966 - INFO - Episode 143: Reward = -2.0651, Portfolio = $645.24, Return = -93.55%, Cash = $101.07, Crypto = 0.021065, Steps = 1296
2025-06-08 15:44:56,496 - INFO - Step 186000: Loss = 0.021307, Epsilon = 0.8225
2025-06-08 15:44:56,496 - INFO - Step 186000: Target network updated
2025-06-08 15:44:56,989 - INFO - Episode 144: Reward = -2.0457, Portfolio = $503.80, Return = -94.96%, Cash = $271.14, Crypto = 0.009006, Steps = 1296
2025-06-08 15:44:57,306 - INFO - Step 187000: Loss = 0.029276, Epsilon = 0.8216
2025-06-08 15:44:58,057 - INFO - Episode 145: Reward = -2.2159, Portfolio = $329.36, Return = -96.71%, Cash = $193.34, Crypto = 0.005265, Steps = 1296
2025-06-08 15:44:58,127 - INFO - Step 188000: Loss = 146.894104, Epsilon = 0.8206
2025-06-08 15:44:58,127 - INFO - Step 188000: Target network updated
2025-06-08 15:44:58,888 - INFO - Step 189000: Loss = 94.050346, Epsilon = 0.8197
2025-06-08 15:44:59,053 - INFO - Episode 146: Reward = -2.0938, Portfolio = $409.63, Return = -95.90%, Cash = $126.00, Crypto = 0.010979, Steps = 1296
2025-06-08 15:44:59,656 - INFO - Step 190000: Loss = 0.015354, Epsilon = 0.8187
2025-06-08 15:44:59,656 - INFO - Step 190000: Target network updated
2025-06-08 15:45:00,049 - INFO - Episode 147: Reward = -2.1820, Portfolio = $283.92, Return = -97.16%, Cash = $140.48, Crypto = 0.005553, Steps = 1296
2025-06-08 15:45:00,426 - INFO - Step 191000: Loss = 0.015199, Epsilon = 0.8178
2025-06-08 15:45:01,044 - INFO - Episode 148: Reward = -2.0993, Portfolio = $743.02, Return = -92.57%, Cash = $321.57, Crypto = 0.016314, Steps = 1296
2025-06-08 15:45:01,192 - INFO - Step 192000: Loss = 0.020044, Epsilon = 0.8168
2025-06-08 15:45:01,193 - INFO - Step 192000: Target network updated
2025-06-08 15:45:01,978 - INFO - Step 193000: Loss = 0.016733, Epsilon = 0.8159
2025-06-08 15:45:02,059 - INFO - Episode 149: Reward = -1.8623, Portfolio = $461.34, Return = -95.39%, Cash = $334.14, Crypto = 0.004924, Steps = 1296
2025-06-08 15:45:02,747 - INFO - Step 194000: Loss = 0.015521, Epsilon = 0.8149
2025-06-08 15:45:02,747 - INFO - Step 194000: Target network updated
2025-06-08 15:45:03,051 - INFO - Episode 150: Reward = -1.8808, Portfolio = $453.26, Return = -95.47%, Cash = $178.32, Crypto = 0.010643, Steps = 1296
2025-06-08 15:45:03,051 - INFO - Episode 150 Summary: Avg Reward (100 eps) = -2.2044, Avg Portfolio (100 eps) = $499.53, Epsilon = 0.815
2025-06-08 15:45:03,051 - INFO - 
Detailed steps for Episode 150:
2025-06-08 15:45:03,051 - INFO - Step | Action | Price    | RSI   | PnL    | WkChg  | Reward    | Portfolio   | Cash       | Crypto
2025-06-08 15:45:03,051 - INFO - ------------------------------------------------------------------------------------------------------------------------
2025-06-08 15:45:03,051 - INFO -    0 | HOLD |  9341.71 |  35.4 |  -2.00% |  -7.89% |    0.0000 | $  10000.00 | $  10000.00 | 0.000000
2025-06-08 15:45:03,051 - INFO -    1 | BUY  |  8820.52 |  27.7 |  -2.00% |  -8.44% |   -0.0049 | $   9950.98 | $   7500.00 | 0.277872
2025-06-08 15:45:03,051 - INFO -    2 | SELL |  8784.49 |  28.3 |  -0.41% |  -8.58% |   -0.0041 | $   9910.46 | $   8079.73 | 0.208404
2025-06-08 15:45:03,051 - INFO -    3 | HOLD |  8672.46 |  25.2 |  -1.68% | -10.47% |   -0.0024 | $   9887.11 | $   8079.73 | 0.208404
2025-06-08 15:45:03,051 - INFO -    4 | SELL |  8599.51 |  28.2 |  -2.51% | -11.01% |   -0.0038 | $   9849.50 | $   8505.37 | 0.156303
2025-06-08 15:45:03,051 - INFO -    5 | BUY  |  8562.45 |  26.8 |  -2.93% | -13.72% |   -0.0048 | $   9802.02 | $   6379.03 | 0.399767
2025-06-08 15:45:03,051 - INFO -    6 | BUY  |  8869.67 |  36.4 |   2.38% |  -8.09% |    0.0093 | $   9893.56 | $   4784.27 | 0.576041
2025-06-08 15:45:03,051 - INFO -    7 | SELL |  8787.79 |  24.4 |   0.70% |  -5.93% |   -0.0112 | $   9783.12 | $   5986.53 | 0.432031
2025-06-08 15:45:03,051 - INFO -    8 | SELL |  8755.25 |  29.8 |   0.33% |  -0.74% |   -0.0063 | $   9721.78 | $   6884.88 | 0.324023
2025-06-08 15:45:03,051 - INFO -    9 | BUY  |  9078.76 |  39.3 |   4.04% |   3.35% |    0.0073 | $   9792.86 | $   5163.66 | 0.509893
2025-06-08 15:45:03,051 - INFO -   10 | SELL |  9122.55 |  38.4 |   3.02% |   5.19% |   -0.0037 | $   9757.04 | $   6268.39 | 0.382420
2025-06-08 15:45:03,051 - INFO -   11 | SELL |  8909.95 |  35.7 |   0.62% |   3.61% |   -0.0127 | $   9633.15 | $   7077.64 | 0.286815
2025-06-08 15:45:03,051 - INFO -   12 | BUY  |  8108.12 |  21.3 |  -8.43% |  -5.31% |   -0.0275 | $   9368.47 | $   5308.23 | 0.500763
2025-06-08 15:45:03,051 - INFO -   13 | SELL |  7923.64 |  21.9 |  -7.17% | -10.67% |   -0.0152 | $   9226.50 | $   6250.60 | 0.375572
2025-06-08 15:45:03,051 - INFO -   14 | BUY  |  7909.73 |  24.3 |  -7.34% |  -9.99% |   -0.0039 | $   9190.63 | $   4687.95 | 0.569259
2025-06-08 15:45:03,051 - INFO -   15 | SELL |  7911.43 |  29.9 |  -4.94% |  -9.64% |   -0.0060 | $   9135.30 | $   5757.57 | 0.426944
2025-06-08 15:45:03,051 - INFO -   16 | BUY  |  4970.79 |  13.1 | -40.28% | -45.25% |   -0.1405 | $   7851.59 | $   4318.17 | 0.710836
2025-06-08 15:45:03,052 - INFO -   17 | HOLD |  5563.71 |  22.5 | -20.34% | -39.01% |    0.0537 | $   8273.06 | $   4318.17 | 0.710836
2025-06-08 15:45:03,052 - INFO -   18 | HOLD |  5200.37 |  21.4 | -25.54% | -41.63% |   -0.0312 | $   8014.78 | $   4318.17 | 0.710836
2025-06-08 15:45:03,052 - INFO -   19 | HOLD |  5392.31 |  24.0 | -22.79% | -33.49% |   -0.0028 | $   8151.23 | $   4318.17 | 0.710836
2025-06-08 15:45:03,052 - INFO -   ...    ...      ...       ...     ...       ...      ...         ...          ...         ...
2025-06-08 15:45:03,052 - INFO - 1276 | HOLD | 26162.37 |  14.8 |  -6.18% |  -1.88% |   -0.0052 | $    491.77 | $    142.62 | 0.013345
2025-06-08 15:45:03,052 - INFO - 1277 | HOLD | 26047.67 |  14.5 |  -6.59% |  -0.01% |   -0.0052 | $    490.24 | $    142.62 | 0.013345
2025-06-08 15:45:03,052 - INFO - 1278 | BUY  | 26008.46 |  14.0 |  -6.73% |  -0.34% |   -0.0053 | $    489.02 | $    106.97 | 0.014689
2025-06-08 15:45:03,052 - INFO - 1279 | SELL | 26089.69 |  15.9 |  -5.86% |  -0.38% |   -0.0058 | $    485.42 | $    197.99 | 0.011017
2025-06-08 15:45:03,052 - INFO - 1280 | HOLD | 26106.15 |  13.9 |  -5.80% |  -0.07% |   -0.0071 | $    485.60 | $    197.99 | 0.011017
2025-06-08 15:45:03,052 - INFO - 1281 | HOLD | 27727.39 |  37.9 |   0.05% |   6.51% |   -0.0040 | $    503.46 | $    197.99 | 0.011017
2025-06-08 15:45:03,052 - INFO - 1282 | BUY  | 27297.27 |  38.1 |  -1.50% |   3.27% |   -0.0042 | $    497.75 | $    148.49 | 0.012795
2025-06-08 15:45:03,052 - INFO - 1283 | BUY  | 25931.47 |  43.0 |  -6.23% |  -0.88% |   -0.0046 | $    479.55 | $    111.37 | 0.014198
2025-06-08 15:45:03,052 - INFO - 1284 | BUY  | 25800.72 |  47.4 |  -6.13% |  -0.95% |   -0.0045 | $    477.15 | $     83.53 | 0.015256
2025-06-08 15:45:03,052 - INFO - 1285 | SELL | 25868.80 |  47.6 |  -5.48% |  -0.54% |   -0.0044 | $    473.25 | $    177.26 | 0.011442
2025-06-08 15:45:03,052 - INFO - 1286 | SELL | 25969.57 |  47.7 |  -5.11% |  -0.46% |   -0.0046 | $    470.69 | $    247.83 | 0.008582
2025-06-08 15:45:03,052 - INFO - 1287 | BUY  | 25812.42 |  46.8 |  -5.68% |  -1.13% |   -0.0046 | $    468.13 | $    185.87 | 0.010935
2025-06-08 15:45:03,052 - INFO - 1288 | HOLD | 25779.98 |  47.4 |  -4.64% |  -7.02% |   -0.0043 | $    467.77 | $    185.87 | 0.010935
2025-06-08 15:45:03,052 - INFO - 1289 | SELL | 25753.24 |  42.4 |  -4.74% |  -5.66% |   -0.0038 | $    463.96 | $    252.76 | 0.008201
2025-06-08 15:45:03,052 - INFO - 1290 | SELL | 26240.20 |  50.8 |  -2.93% |   1.19% |   -0.0029 | $    465.27 | $    303.87 | 0.006151
2025-06-08 15:45:03,052 - INFO - 1291 | BUY  | 25905.65 |  48.5 |  -4.17% |   0.41% |   -0.0031 | $    461.72 | $    227.90 | 0.009026
2025-06-08 15:45:03,052 - INFO - 1292 | BUY  | 25895.68 |  48.8 |  -2.92% |   0.10% |   -0.0032 | $    460.51 | $    170.92 | 0.011183
2025-06-08 15:45:03,052 - INFO - 1293 | HOLD | 25832.23 |  47.3 |  -2.61% |  -0.53% |   -0.0032 | $    459.80 | $    170.92 | 0.011183
2025-06-08 15:45:03,052 - INFO - 1294 | SELL | 25162.65 |  41.4 |  -5.13% |  -2.52% |   -0.0035 | $    448.80 | $    237.75 | 0.008387
2025-06-08 15:45:03,052 - INFO - 1295 | BUY  | 25833.34 |  29.2 |  -2.60% |   0.21% |   -0.0033 | $    453.26 | $    178.32 | 0.010643
2025-06-08 15:45:03,052 - INFO - 
Action distribution for Episode 150:
2025-06-08 15:45:03,052 - INFO -   HOLD:  352 ( 27.2%)
2025-06-08 15:45:03,052 - INFO -   BUY:   589 ( 45.4%)
2025-06-08 15:45:03,052 - INFO -   SELL:  355 ( 27.4%)
2025-06-08 15:45:03,052 - INFO - ------------------------------------------------------------------------------------------------------------------------
2025-06-08 15:45:03,521 - INFO - Step 195000: Loss = 0.019621, Epsilon = 0.8139
2025-06-08 15:45:04,068 - INFO - Episode 151: Reward = -2.0087, Portfolio = $522.38, Return = -94.78%, Cash = $215.27, Crypto = 0.011888, Steps = 1296
2025-06-08 15:45:04,309 - INFO - Step 196000: Loss = 142659344.000000, Epsilon = 0.8130
2025-06-08 15:45:04,309 - INFO - Step 196000: Target network updated
2025-06-08 15:45:05,070 - INFO - Episode 152: Reward = -2.2112, Portfolio = $426.98, Return = -95.73%, Cash = $188.50, Crypto = 0.009231, Steps = 1296
2025-06-08 15:45:05,077 - INFO - Step 197000: Loss = 15.017260, Epsilon = 0.8120
2025-06-08 15:45:05,850 - INFO - Step 198000: Loss = 0.892188, Epsilon = 0.8111
2025-06-08 15:45:05,851 - INFO - Step 198000: Target network updated
2025-06-08 15:45:06,076 - INFO - Episode 153: Reward = -1.9664, Portfolio = $665.93, Return = -93.34%, Cash = $337.66, Crypto = 0.012707, Steps = 1296
2025-06-08 15:45:06,626 - INFO - Step 199000: Loss = 37486092877824.000000, Epsilon = 0.8101
2025-06-08 15:45:07,074 - INFO - Episode 154: Reward = -2.0683, Portfolio = $495.31, Return = -95.05%, Cash = $113.97, Crypto = 0.014761, Steps = 1296
2025-06-08 15:45:07,397 - INFO - Step 200000: Loss = 0.168446, Epsilon = 0.8092
2025-06-08 15:45:07,397 - INFO - Step 200000: Target network updated
2025-06-08 15:45:08,073 - INFO - Episode 155: Reward = -1.9755, Portfolio = $303.44, Return = -96.97%, Cash = $133.90, Crypto = 0.006563, Steps = 1296
2025-06-08 15:45:08,169 - INFO - Step 201000: Loss = 0.021671, Epsilon = 0.8082
2025-06-08 15:45:08,978 - INFO - Step 202000: Loss = 0.023827, Epsilon = 0.8073
2025-06-08 15:45:08,978 - INFO - Step 202000: Target network updated
2025-06-08 15:45:09,112 - INFO - Episode 156: Reward = -1.9726, Portfolio = $438.58, Return = -95.61%, Cash = $153.72, Crypto = 0.011027, Steps = 1296
2025-06-08 15:45:09,763 - INFO - Step 203000: Loss = 0.023511, Epsilon = 0.8063
2025-06-08 15:45:10,135 - INFO - Episode 157: Reward = -1.9583, Portfolio = $792.90, Return = -92.07%, Cash = $481.18, Crypto = 0.012067, Steps = 1296
2025-06-08 15:45:10,552 - INFO - Step 204000: Loss = 126.891365, Epsilon = 0.8054
2025-06-08 15:45:10,552 - INFO - Step 204000: Target network updated
2025-06-08 15:45:11,159 - INFO - Episode 158: Reward = -1.8919, Portfolio = $613.05, Return = -93.87%, Cash = $130.90, Crypto = 0.018664, Steps = 1296
2025-06-08 15:45:11,347 - INFO - Step 205000: Loss = 0.023400, Epsilon = 0.8044
2025-06-08 15:45:12,118 - INFO - Step 206000: Loss = 227.453629, Epsilon = 0.8035
2025-06-08 15:45:12,118 - INFO - Step 206000: Target network updated
2025-06-08 15:45:12,168 - INFO - Episode 159: Reward = -1.8233, Portfolio = $891.66, Return = -91.08%, Cash = $151.98, Crypto = 0.028633, Steps = 1296
2025-06-08 15:45:12,896 - INFO - Step 207000: Loss = 2.005960, Epsilon = 0.8025
2025-06-08 15:45:13,175 - INFO - Episode 160: Reward = -2.3037, Portfolio = $438.43, Return = -95.62%, Cash = $184.72, Crypto = 0.009821, Steps = 1296
2025-06-08 15:45:13,175 - INFO - Episode 160 Summary: Avg Reward (100 eps) = -2.1832, Avg Portfolio (100 eps) = $499.72, Epsilon = 0.802
2025-06-08 15:45:13,175 - INFO - 
Detailed steps for Episode 160:
2025-06-08 15:45:13,175 - INFO - Step | Action | Price    | RSI   | PnL    | WkChg  | Reward    | Portfolio   | Cash       | Crypto
2025-06-08 15:45:13,175 - INFO - ------------------------------------------------------------------------------------------------------------------------
2025-06-08 15:45:13,175 - INFO -    0 | SELL |  9341.71 |  35.4 |  -2.00% |  -7.89% |   -0.0100 | $  10000.00 | $  10000.00 | 0.000000
2025-06-08 15:45:13,175 - INFO -    1 | HOLD |  8820.52 |  27.7 |  -2.00% |  -8.44% |    0.0000 | $  10000.00 | $  10000.00 | 0.000000
2025-06-08 15:45:13,175 - INFO -    2 | HOLD |  8784.49 |  28.3 |  -2.00% |  -8.58% |    0.0000 | $  10000.00 | $  10000.00 | 0.000000
2025-06-08 15:45:13,175 - INFO -    3 | BUY  |  8672.46 |  25.2 |  -2.00% | -10.47% |   -0.0049 | $   9950.98 | $   7500.00 | 0.282617
2025-06-08 15:45:13,175 - INFO -    4 | BUY  |  8599.51 |  28.2 |  -0.84% | -11.01% |   -0.0058 | $   9893.60 | $   5625.00 | 0.496377
2025-06-08 15:45:13,175 - INFO -    5 | HOLD |  8562.45 |  26.8 |  -0.91% | -13.72% |   -0.0019 | $   9875.21 | $   5625.00 | 0.496377
2025-06-08 15:45:13,175 - INFO -    6 | SELL |  8869.67 |  36.4 |   2.65% |  -8.09% |    0.0099 | $   9972.67 | $   6670.64 | 0.372283
2025-06-08 15:45:13,175 - INFO -    7 | HOLD |  8787.79 |  24.4 |   1.70% |  -5.93% |   -0.0031 | $   9942.18 | $   6670.64 | 0.372283
2025-06-08 15:45:13,175 - INFO -    8 | SELL |  8755.25 |  29.8 |   1.32% |  -0.74% |   -0.0053 | $   9889.33 | $   7444.76 | 0.279212
2025-06-08 15:45:13,175 - INFO -    9 | HOLD |  9078.76 |  39.3 |   5.07% |   3.35% |    0.0091 | $   9979.66 | $   7444.76 | 0.279212
2025-06-08 15:45:13,175 - INFO -   10 | BUY  |  9122.55 |  38.4 |   5.57% |   5.19% |   -0.0024 | $   9955.39 | $   5583.57 | 0.479233
2025-06-08 15:45:13,175 - INFO -   11 | BUY  |  8909.95 |  35.7 |   0.77% |   3.61% |   -0.0130 | $   9826.14 | $   4187.68 | 0.632827
2025-06-08 15:45:13,175 - INFO -   12 | HOLD |  8108.12 |  21.3 |  -8.47% |  -5.31% |   -0.0516 | $   9318.71 | $   4187.68 | 0.632827
2025-06-08 15:45:13,175 - INFO -   13 | BUY  |  7923.64 |  21.9 | -10.55% | -10.67% |   -0.0147 | $   9181.45 | $   3140.76 | 0.762362
2025-06-08 15:45:13,175 - INFO -   14 | BUY  |  7909.73 |  24.3 |  -9.08% |  -9.99% |   -0.0028 | $   9155.44 | $   2355.57 | 0.859685
2025-06-08 15:45:13,175 - INFO -   15 | BUY  |  7911.43 |  29.9 |  -8.12% |  -9.64% |   -0.0011 | $   9145.36 | $   1766.68 | 0.932661
2025-06-08 15:45:13,175 - INFO -   16 | BUY  |  4970.79 |  13.1 | -41.90% | -45.25% |   -0.3008 | $   6394.07 | $   1325.01 | 1.019771
2025-06-08 15:45:13,175 - INFO -   17 | HOLD |  5563.71 |  22.5 | -32.56% | -39.01% |    0.0946 | $   6998.72 | $   1325.01 | 1.019771
2025-06-08 15:45:13,175 - INFO -   18 | HOLD |  5200.37 |  21.4 | -36.96% | -41.63% |   -0.0529 | $   6628.19 | $   1325.01 | 1.019771
2025-06-08 15:45:13,175 - INFO -   19 | SELL |  5392.31 |  24.0 | -34.63% | -33.49% |   -0.0023 | $   6755.20 | $   2631.00 | 0.764829
2025-06-08 15:45:13,175 - INFO -   ...    ...      ...       ...     ...       ...      ...         ...          ...         ...
2025-06-08 15:45:13,175 - INFO - 1276 | BUY  | 26162.37 |  14.8 |  -5.44% |  -1.88% |   -0.0076 | $    477.38 | $    282.59 | 0.007445
2025-06-08 15:45:13,175 - INFO - 1277 | BUY  | 26047.67 |  14.5 |  -3.36% |  -0.01% |   -0.0080 | $    475.14 | $    211.94 | 0.010104
2025-06-08 15:45:13,176 - INFO - 1278 | HOLD | 26008.46 |  14.0 |  -2.65% |  -0.34% |   -0.0077 | $    474.74 | $    211.94 | 0.010104
2025-06-08 15:45:13,176 - INFO - 1279 | BUY  | 26089.69 |  15.9 |  -2.34% |  -0.38% |   -0.0081 | $    474.52 | $    158.95 | 0.012096
2025-06-08 15:45:13,176 - INFO - 1280 | HOLD | 26106.15 |  13.9 |  -1.90% |  -0.07% |   -0.0092 | $    474.72 | $    158.95 | 0.012096
2025-06-08 15:45:13,176 - INFO - 1281 | BUY  | 27727.39 |  37.9 |   4.19% |   6.51% |   -0.0027 | $    493.55 | $    119.22 | 0.013501
2025-06-08 15:45:13,176 - INFO - 1282 | BUY  | 27297.27 |  38.1 |   2.13% |   3.27% |   -0.0030 | $    487.16 | $     89.41 | 0.014571
2025-06-08 15:45:13,176 - INFO - 1283 | SELL | 25931.47 |  43.0 |  -3.13% |  -0.88% |   -0.0038 | $    462.54 | $    179.15 | 0.010928
2025-06-08 15:45:13,176 - INFO - 1284 | SELL | 25800.72 |  47.4 |  -3.62% |  -0.95% |   -0.0041 | $    457.58 | $    246.12 | 0.008196
2025-06-08 15:45:13,176 - INFO - 1285 | HOLD | 25868.80 |  47.6 |  -3.37% |  -0.54% |   -0.0040 | $    458.14 | $    246.12 | 0.008196
2025-06-08 15:45:13,176 - INFO - 1286 | BUY  | 25969.57 |  47.7 |  -2.99% |  -0.46% |   -0.0038 | $    457.76 | $    184.59 | 0.010519
2025-06-08 15:45:13,176 - INFO - 1287 | HOLD | 25812.42 |  46.8 |  -2.94% |  -1.13% |   -0.0035 | $    456.11 | $    184.59 | 0.010519
2025-06-08 15:45:13,176 - INFO - 1288 | HOLD | 25779.98 |  47.4 |  -3.06% |  -7.02% |   -0.0032 | $    455.77 | $    184.59 | 0.010519
2025-06-08 15:45:13,176 - INFO - 1289 | SELL | 25753.24 |  42.4 |  -3.16% |  -5.66% |   -0.0028 | $    452.10 | $    248.93 | 0.007889
2025-06-08 15:45:13,176 - INFO - 1290 | BUY  | 26240.20 |  50.8 |  -1.33% |   1.19% |   -0.0022 | $    454.72 | $    186.69 | 0.010214
2025-06-08 15:45:13,176 - INFO - 1291 | BUY  | 25905.65 |  48.5 |  -2.29% |   0.41% |   -0.0024 | $    450.39 | $    140.02 | 0.011981
2025-06-08 15:45:13,176 - INFO - 1292 | BUY  | 25895.68 |  48.8 |  -2.00% |   0.10% |   -0.0024 | $    449.58 | $    105.02 | 0.013306
2025-06-08 15:45:13,176 - INFO - 1293 | SELL | 25832.23 |  47.3 |  -2.04% |  -0.53% |   -0.0026 | $    444.44 | $    186.65 | 0.009979
2025-06-08 15:45:13,176 - INFO - 1294 | SELL | 25162.65 |  41.4 |  -4.58% |  -2.52% |   -0.0032 | $    434.62 | $    246.29 | 0.007485
2025-06-08 15:45:13,176 - INFO - 1295 | BUY  | 25833.34 |  29.2 |  -2.04% |   0.21% |   -0.0029 | $    438.43 | $    184.72 | 0.009821
2025-06-08 15:45:13,176 - INFO - 
Action distribution for Episode 160:
2025-06-08 15:45:13,176 - INFO -   HOLD:  370 ( 28.5%)
2025-06-08 15:45:13,176 - INFO -   BUY:   509 ( 39.3%)
2025-06-08 15:45:13,176 - INFO -   SELL:  417 ( 32.2%)
2025-06-08 15:45:13,176 - INFO - ------------------------------------------------------------------------------------------------------------------------
2025-06-08 15:45:13,746 - INFO - Step 208000: Loss = 3.592810, Epsilon = 0.8015
2025-06-08 15:45:13,746 - INFO - Step 208000: Target network updated
2025-06-08 15:45:14,310 - INFO - Episode 161: Reward = -1.9424, Portfolio = $691.76, Return = -93.08%, Cash = $132.33, Crypto = 0.021655, Steps = 1296
2025-06-08 15:45:14,592 - INFO - Step 209000: Loss = 3257.685547, Epsilon = 0.8006
2025-06-08 15:45:15,332 - INFO - Episode 162: Reward = -1.9695, Portfolio = $641.16, Return = -93.59%, Cash = $251.98, Crypto = 0.015065, Steps = 1296
2025-06-08 15:45:15,377 - INFO - Step 210000: Loss = 0.028088, Epsilon = 0.7996
2025-06-08 15:45:15,377 - INFO - Step 210000: Target network updated
2025-06-08 15:45:16,182 - INFO - Step 211000: Loss = 0.005772, Epsilon = 0.7987
2025-06-08 15:45:16,388 - INFO - Episode 163: Reward = -1.9871, Portfolio = $411.27, Return = -95.89%, Cash = $119.23, Crypto = 0.011305, Steps = 1296
2025-06-08 15:45:17,024 - INFO - Step 212000: Loss = 0.012935, Epsilon = 0.7977
2025-06-08 15:45:17,024 - INFO - Step 212000: Target network updated
2025-06-08 15:45:17,492 - INFO - Episode 164: Reward = -2.0583, Portfolio = $447.72, Return = -95.52%, Cash = $101.79, Crypto = 0.013391, Steps = 1296
2025-06-08 15:45:17,877 - INFO - Step 213000: Loss = 10.469468, Epsilon = 0.7968
2025-06-08 15:45:18,546 - INFO - Episode 165: Reward = -1.6233, Portfolio = $699.90, Return = -93.00%, Cash = $21.34, Crypto = 0.026267, Steps = 1296
2025-06-08 15:45:18,672 - INFO - Step 214000: Loss = 101.145004, Epsilon = 0.7958
2025-06-08 15:45:18,672 - INFO - Step 214000: Target network updated
2025-06-08 15:45:19,487 - INFO - Step 215000: Loss = 0.010086, Epsilon = 0.7949
2025-06-08 15:45:19,596 - INFO - Episode 166: Reward = -1.9321, Portfolio = $521.87, Return = -94.78%, Cash = $62.46, Crypto = 0.017784, Steps = 1296
2025-06-08 15:45:20,276 - INFO - Step 216000: Loss = 0.010563, Epsilon = 0.7939
2025-06-08 15:45:20,277 - INFO - Step 216000: Target network updated
2025-06-08 15:45:20,609 - INFO - Episode 167: Reward = -1.7861, Portfolio = $741.70, Return = -92.58%, Cash = $98.95, Crypto = 0.024881, Steps = 1296
2025-06-08 15:45:21,054 - INFO - Step 217000: Loss = 0.006314, Epsilon = 0.7930
2025-06-08 15:45:21,616 - INFO - Episode 168: Reward = -2.1024, Portfolio = $407.87, Return = -95.92%, Cash = $303.06, Crypto = 0.004057, Steps = 1296
2025-06-08 15:45:21,828 - INFO - Step 218000: Loss = 0.011621, Epsilon = 0.7920
2025-06-08 15:45:21,829 - INFO - Step 218000: Target network updated
2025-06-08 15:45:22,597 - INFO - Step 219000: Loss = 0.019214, Epsilon = 0.7910
2025-06-08 15:45:22,615 - INFO - Episode 169: Reward = -1.9497, Portfolio = $521.54, Return = -94.78%, Cash = $43.46, Crypto = 0.018507, Steps = 1296
2025-06-08 15:45:23,367 - INFO - Step 220000: Loss = 0.012852, Epsilon = 0.7901
2025-06-08 15:45:23,368 - INFO - Step 220000: Target network updated
2025-06-08 15:45:23,615 - INFO - Episode 170: Reward = -1.7520, Portfolio = $846.12, Return = -91.54%, Cash = $88.67, Crypto = 0.029321, Steps = 1296
2025-06-08 15:45:23,615 - INFO - Episode 170 Summary: Avg Reward (100 eps) = -2.1477, Avg Portfolio (100 eps) = $510.35, Epsilon = 0.790
2025-06-08 15:45:23,615 - INFO - 
Detailed steps for Episode 170:
2025-06-08 15:45:23,615 - INFO - Step | Action | Price    | RSI   | PnL    | WkChg  | Reward    | Portfolio   | Cash       | Crypto
2025-06-08 15:45:23,615 - INFO - ------------------------------------------------------------------------------------------------------------------------
2025-06-08 15:45:23,615 - INFO -    0 | HOLD |  9341.71 |  35.4 |  -2.00% |  -7.89% |    0.0000 | $  10000.00 | $  10000.00 | 0.000000
2025-06-08 15:45:23,615 - INFO -    1 | HOLD |  8820.52 |  27.7 |  -2.00% |  -8.44% |    0.0000 | $  10000.00 | $  10000.00 | 0.000000
2025-06-08 15:45:23,615 - INFO -    2 | BUY  |  8784.49 |  28.3 |  -2.00% |  -8.58% |   -0.0049 | $   9950.98 | $   7500.00 | 0.279012
2025-06-08 15:45:23,615 - INFO -    3 | BUY  |  8672.46 |  25.2 |  -1.28% | -10.47% |   -0.0068 | $   9882.96 | $   5625.00 | 0.490975
2025-06-08 15:45:23,615 - INFO -    4 | SELL |  8599.51 |  28.2 |  -1.56% | -11.01% |   -0.0090 | $   9794.36 | $   6627.76 | 0.368231
2025-06-08 15:45:23,615 - INFO -    5 | SELL |  8562.45 |  26.8 |  -1.99% | -13.72% |   -0.0054 | $   9741.31 | $   7376.59 | 0.276173
2025-06-08 15:45:23,615 - INFO -    6 | HOLD |  8869.67 |  36.4 |   1.53% |  -8.09% |    0.0087 | $   9826.15 | $   7376.59 | 0.276173
2025-06-08 15:45:23,615 - INFO -    7 | BUY  |  8787.79 |  24.4 |   0.59% |  -5.93% |   -0.0060 | $   9767.38 | $   5532.44 | 0.481912
2025-06-08 15:45:23,615 - INFO -    8 | SELL |  8755.25 |  29.8 |  -0.03% |  -0.74% |   -0.0070 | $   9698.96 | $   6534.51 | 0.361434
2025-06-08 15:45:23,615 - INFO -    9 | SELL |  9078.76 |  39.3 |   3.66% |   3.35% |    0.0078 | $   9774.87 | $   7313.84 | 0.271075
2025-06-08 15:45:23,615 - INFO -   10 | HOLD |  9122.55 |  38.4 |   4.16% |   5.19% |    0.0012 | $   9786.74 | $   7313.84 | 0.271075
2025-06-08 15:45:23,615 - INFO -   11 | BUY  |  8909.95 |  35.7 |   1.73% |   3.61% |   -0.0096 | $   9693.26 | $   5485.38 | 0.472267
2025-06-08 15:45:23,616 - INFO -   12 | SELL |  8108.12 |  21.3 |  -8.10% |  -5.31% |   -0.0440 | $   9266.71 | $   6394.81 | 0.354200
2025-06-08 15:45:23,616 - INFO -   13 | HOLD |  7923.64 |  21.9 | -10.19% | -10.67% |   -0.0071 | $   9201.37 | $   6394.81 | 0.354200
2025-06-08 15:45:23,616 - INFO -   14 | HOLD |  7909.73 |  24.3 | -10.35% |  -9.99% |   -0.0005 | $   9196.44 | $   6394.81 | 0.354200
2025-06-08 15:45:23,616 - INFO -   15 | SELL |  7911.43 |  29.9 | -10.33% |  -9.64% |   -0.0037 | $   9162.02 | $   7060.34 | 0.265650
2025-06-08 15:45:23,616 - INFO -   16 | HOLD |  4970.79 |  13.1 | -43.66% | -45.25% |   -0.0853 | $   8380.83 | $   7060.34 | 0.265650
2025-06-08 15:45:23,616 - INFO -   17 | HOLD |  5563.71 |  22.5 | -36.94% | -39.01% |    0.0188 | $   8538.34 | $   7060.34 | 0.265650
2025-06-08 15:45:23,616 - INFO -   18 | HOLD |  5200.37 |  21.4 | -41.06% | -41.63% |   -0.0113 | $   8441.82 | $   7060.34 | 0.265650
2025-06-08 15:45:23,616 - INFO -   19 | HOLD |  5392.31 |  24.0 | -38.88% | -33.49% |   -0.0038 | $   8492.81 | $   7060.34 | 0.265650
2025-06-08 15:45:23,616 - INFO -   ...    ...      ...       ...     ...       ...      ...         ...          ...         ...
2025-06-08 15:45:23,616 - INFO - 1276 | SELL | 26162.37 |  14.8 |  -7.29% |  -1.88% |   -0.0063 | $    889.11 | $    474.79 | 0.015836
2025-06-08 15:45:23,616 - INFO - 1277 | HOLD | 26047.67 |  14.5 |  -7.69% |  -0.01% |   -0.0064 | $    887.29 | $    474.79 | 0.015836
2025-06-08 15:45:23,616 - INFO - 1278 | BUY  | 26008.46 |  14.0 |  -7.83% |  -0.34% |   -0.0064 | $    884.34 | $    356.09 | 0.020311
2025-06-08 15:45:23,616 - INFO - 1279 | SELL | 26089.69 |  15.9 |  -5.92% |  -0.38% |   -0.0065 | $    879.37 | $    481.94 | 0.015233
2025-06-08 15:45:23,616 - INFO - 1280 | BUY  | 26106.15 |  13.9 |  -5.86% |  -0.07% |   -0.0071 | $    877.26 | $    361.46 | 0.019758
2025-06-08 15:45:23,616 - INFO - 1281 | BUY  | 27727.39 |  37.9 |   1.34% |   6.51% |   -0.0042 | $    907.52 | $    271.09 | 0.022953
2025-06-08 15:45:23,616 - INFO - 1282 | SELL | 27297.27 |  38.1 |  -0.41% |   3.27% |   -0.0046 | $    889.81 | $    419.90 | 0.017215
2025-06-08 15:45:23,616 - INFO - 1283 | HOLD | 25931.47 |  43.0 |  -5.40% |  -0.88% |   -0.0049 | $    866.30 | $    419.90 | 0.017215
2025-06-08 15:45:23,616 - INFO - 1284 | BUY  | 25800.72 |  47.4 |  -5.87% |  -0.95% |   -0.0050 | $    861.99 | $    314.92 | 0.021204
2025-06-08 15:45:23,616 - INFO - 1285 | BUY  | 25868.80 |  47.6 |  -4.57% |  -0.54% |   -0.0049 | $    861.89 | $    236.19 | 0.024187
2025-06-08 15:45:23,616 - INFO - 1286 | HOLD | 25969.57 |  47.7 |  -3.66% |  -0.46% |   -0.0049 | $    864.33 | $    236.19 | 0.024187
2025-06-08 15:45:23,616 - INFO - 1287 | BUY  | 25812.42 |  46.8 |  -4.24% |  -1.13% |   -0.0046 | $    859.37 | $    177.14 | 0.026430
2025-06-08 15:45:23,616 - INFO - 1288 | BUY  | 25779.98 |  47.4 |  -4.01% |  -7.02% |   -0.0043 | $    857.64 | $    132.86 | 0.028114
2025-06-08 15:45:23,616 - INFO - 1289 | HOLD | 25753.24 |  42.4 |  -3.88% |  -5.66% |   -0.0035 | $    856.89 | $    132.86 | 0.028114
2025-06-08 15:45:23,616 - INFO - 1290 | BUY  | 26240.20 |  50.8 |  -2.06% |   1.19% |   -0.0021 | $    869.93 | $     99.64 | 0.029355
2025-06-08 15:45:23,616 - INFO - 1291 | SELL | 25905.65 |  48.5 |  -3.23% |   0.41% |   -0.0028 | $    850.60 | $    280.25 | 0.022016
2025-06-08 15:45:23,616 - INFO - 1292 | BUY  | 25895.68 |  48.8 |  -3.27% |   0.10% |   -0.0030 | $    849.01 | $    210.19 | 0.024669
2025-06-08 15:45:23,616 - INFO - 1293 | BUY  | 25832.23 |  47.3 |  -3.16% |  -0.53% |   -0.0027 | $    846.41 | $    157.64 | 0.026663
2025-06-08 15:45:23,616 - INFO - 1294 | BUY  | 25162.65 |  41.4 |  -5.45% |  -2.52% |   -0.0030 | $    827.79 | $    118.23 | 0.028199
2025-06-08 15:45:23,616 - INFO - 1295 | BUY  | 25833.34 |  29.2 |  -2.64% |   0.21% |   -0.0022 | $    846.12 | $     88.67 | 0.029321
2025-06-08 15:45:23,616 - INFO - 
Action distribution for Episode 170:
2025-06-08 15:45:23,616 - INFO -   HOLD:  334 ( 25.8%)
2025-06-08 15:45:23,616 - INFO -   BUY:   603 ( 46.5%)
2025-06-08 15:45:23,616 - INFO -   SELL:  359 ( 27.7%)
2025-06-08 15:45:23,616 - INFO - ------------------------------------------------------------------------------------------------------------------------
2025-06-08 15:45:24,161 - INFO - Step 221000: Loss = 0.009941, Epsilon = 0.7891
2025-06-08 15:45:24,661 - INFO - Episode 171: Reward = -1.7912, Portfolio = $859.95, Return = -91.40%, Cash = $528.51, Crypto = 0.012830, Steps = 1296
2025-06-08 15:45:24,968 - INFO - Step 222000: Loss = 0.010113, Epsilon = 0.7882
2025-06-08 15:45:24,968 - INFO - Step 222000: Target network updated
2025-06-08 15:45:25,689 - INFO - Episode 172: Reward = -1.8498, Portfolio = $519.62, Return = -94.80%, Cash = $182.53, Crypto = 0.013049, Steps = 1296
2025-06-08 15:45:25,760 - INFO - Step 223000: Loss = 0.009563, Epsilon = 0.7872
2025-06-08 15:45:26,547 - INFO - Step 224000: Loss = 3.673048, Epsilon = 0.7863
2025-06-08 15:45:26,548 - INFO - Step 224000: Target network updated
2025-06-08 15:45:26,725 - INFO - Episode 173: Reward = -1.9454, Portfolio = $578.63, Return = -94.21%, Cash = $246.07, Crypto = 0.012873, Steps = 1296
2025-06-08 15:45:27,411 - INFO - Step 225000: Loss = 0.011932, Epsilon = 0.7853
2025-06-08 15:45:27,813 - INFO - Episode 174: Reward = -1.8050, Portfolio = $535.57, Return = -94.64%, Cash = $328.46, Crypto = 0.008017, Steps = 1296
2025-06-08 15:45:28,197 - INFO - Step 226000: Loss = 12736055296.000000, Epsilon = 0.7844
2025-06-08 15:45:28,198 - INFO - Step 226000: Target network updated
2025-06-08 15:45:28,816 - INFO - Episode 175: Reward = -1.9986, Portfolio = $574.52, Return = -94.25%, Cash = $196.79, Crypto = 0.014622, Steps = 1296
2025-06-08 15:45:28,974 - INFO - Step 227000: Loss = 4543.240723, Epsilon = 0.7834
2025-06-08 15:45:29,746 - INFO - Step 228000: Loss = 0.145577, Epsilon = 0.7825
2025-06-08 15:45:29,746 - INFO - Step 228000: Target network updated
2025-06-08 15:45:29,821 - INFO - Episode 176: Reward = -2.2079, Portfolio = $554.66, Return = -94.45%, Cash = $426.71, Crypto = 0.004953, Steps = 1296
2025-06-08 15:45:30,537 - INFO - Step 229000: Loss = 0.006215, Epsilon = 0.7815
2025-06-08 15:45:30,857 - INFO - Episode 177: Reward = -1.9589, Portfolio = $500.44, Return = -95.00%, Cash = $260.01, Crypto = 0.009307, Steps = 1296
2025-06-08 15:45:31,336 - INFO - Step 230000: Loss = 0.005530, Epsilon = 0.7806
2025-06-08 15:45:31,336 - INFO - Step 230000: Target network updated
2025-06-08 15:45:31,871 - INFO - Episode 178: Reward = -1.9823, Portfolio = $396.64, Return = -96.03%, Cash = $122.83, Crypto = 0.010599, Steps = 1296
2025-06-08 15:45:32,116 - INFO - Step 231000: Loss = 77482.523438, Epsilon = 0.7796
2025-06-08 15:45:32,878 - INFO - Episode 179: Reward = -1.7933, Portfolio = $719.68, Return = -92.80%, Cash = $235.23, Crypto = 0.018753, Steps = 1296
2025-06-08 15:45:32,893 - INFO - Step 232000: Loss = 1781472.625000, Epsilon = 0.7786
2025-06-08 15:45:32,893 - INFO - Step 232000: Target network updated
2025-06-08 15:45:33,671 - INFO - Step 233000: Loss = 0.006281, Epsilon = 0.7777
2025-06-08 15:45:33,889 - INFO - Episode 180: Reward = -2.0351, Portfolio = $647.55, Return = -93.52%, Cash = $113.17, Crypto = 0.020686, Steps = 1296
2025-06-08 15:45:33,889 - INFO - Episode 180 Summary: Avg Reward (100 eps) = -2.1113, Avg Portfolio (100 eps) = $516.88, Epsilon = 0.777
2025-06-08 15:45:33,889 - INFO - 
Detailed steps for Episode 180:
2025-06-08 15:45:33,889 - INFO - Step | Action | Price    | RSI   | PnL    | WkChg  | Reward    | Portfolio   | Cash       | Crypto
2025-06-08 15:45:33,889 - INFO - ------------------------------------------------------------------------------------------------------------------------
2025-06-08 15:45:33,889 - INFO -    0 | BUY  |  9341.71 |  35.4 |  -2.00% |  -7.89% |   -0.0049 | $   9950.98 | $   7500.00 | 0.262370
2025-06-08 15:45:33,889 - INFO -    1 | SELL |  8820.52 |  27.7 |  -5.58% |  -8.44% |   -0.0166 | $   9785.31 | $   8049.63 | 0.196777
2025-06-08 15:45:33,889 - INFO -    2 | SELL |  8784.49 |  28.3 |  -5.96% |  -8.58% |   -0.0029 | $   9756.61 | $   8460.17 | 0.147583
2025-06-08 15:45:33,889 - INFO -    3 | BUY  |  8672.46 |  25.2 |  -7.16% | -10.47% |   -0.0059 | $   9698.61 | $   6345.13 | 0.386682
2025-06-08 15:45:33,889 - INFO -    4 | HOLD |  8599.51 |  28.2 |  -3.68% | -11.01% |   -0.0029 | $   9670.40 | $   6345.13 | 0.386682
2025-06-08 15:45:33,889 - INFO -    5 | SELL |  8562.45 |  26.8 |  -4.09% | -13.72% |   -0.0058 | $   9614.68 | $   7131.48 | 0.290011
2025-06-08 15:45:33,889 - INFO -    6 | HOLD |  8869.67 |  36.4 |  -0.65% |  -8.09% |    0.0093 | $   9703.78 | $   7131.48 | 0.290011
2025-06-08 15:45:33,889 - INFO -    7 | BUY  |  8787.79 |  24.4 |  -1.57% |  -5.93% |   -0.0060 | $   9645.07 | $   5348.61 | 0.488913
2025-06-08 15:45:33,889 - INFO -    8 | SELL |  8755.25 |  29.8 |  -1.30% |  -0.74% |   -0.0072 | $   9575.66 | $   6365.24 | 0.366685
2025-06-08 15:45:33,889 - INFO -    9 | BUY  |  9078.76 |  39.3 |   2.34% |   3.35% |    0.0091 | $   9663.09 | $   4773.93 | 0.538527
2025-06-08 15:45:33,889 - INFO -   10 | BUY  |  9122.55 |  38.4 |   2.07% |   5.19% |    0.0000 | $   9663.26 | $   3580.45 | 0.666789
2025-06-08 15:45:33,889 - INFO -   11 | BUY  |  8909.95 |  35.7 |  -0.70% |   3.61% |   -0.0165 | $   9503.96 | $   2685.34 | 0.765281
2025-06-08 15:45:33,889 - INFO -   12 | BUY  |  8108.12 |  21.3 |  -9.56% |  -5.31% |   -0.0660 | $   8877.16 | $   2014.00 | 0.846456
2025-06-08 15:45:33,889 - INFO -   13 | BUY  |  7923.64 |  21.9 | -10.80% | -10.67% |   -0.0187 | $   8711.14 | $   1510.50 | 0.908754
2025-06-08 15:45:33,889 - INFO -   14 | SELL |  7909.73 |  24.3 | -10.29% |  -9.99% |   -0.0118 | $   8608.65 | $   3217.65 | 0.681565
2025-06-08 15:45:33,889 - INFO -   15 | BUY  |  7911.43 |  29.9 | -10.27% |  -9.64% |   -0.0017 | $   8594.03 | $   2413.24 | 0.781249
2025-06-08 15:45:33,889 - INFO -   16 | HOLD |  4970.79 |  13.1 | -42.87% | -45.25% |   -0.2673 | $   6296.66 | $   2413.24 | 0.781249
2025-06-08 15:45:33,889 - INFO -   17 | SELL |  5563.71 |  22.5 | -36.06% | -39.01% |    0.0649 | $   6705.54 | $   3445.56 | 0.585937
2025-06-08 15:45:33,889 - INFO -   18 | SELL |  5200.37 |  21.4 | -40.23% | -41.63% |   -0.0374 | $   6454.56 | $   4169.25 | 0.439452
2025-06-08 15:45:33,889 - INFO -   19 | BUY  |  5392.31 |  24.0 | -38.03% | -33.49% |   -0.0031 | $   6518.48 | $   3126.94 | 0.628958
2025-06-08 15:45:33,889 - INFO -   ...    ...      ...       ...     ...       ...      ...         ...          ...         ...
2025-06-08 15:45:33,889 - INFO - 1276 | BUY  | 26162.37 |  14.8 |  -7.89% |  -1.88% |   -0.0050 | $    680.94 | $    254.45 | 0.016302
2025-06-08 15:45:33,889 - INFO - 1277 | HOLD | 26047.67 |  14.5 |  -6.86% |  -0.01% |   -0.0051 | $    679.07 | $    254.45 | 0.016302
2025-06-08 15:45:33,889 - INFO - 1278 | BUY  | 26008.46 |  14.0 |  -7.00% |  -0.34% |   -0.0048 | $    677.19 | $    190.84 | 0.018700
2025-06-08 15:45:33,889 - INFO - 1279 | SELL | 26089.69 |  15.9 |  -5.86% |  -0.38% |   -0.0052 | $    672.61 | $    306.70 | 0.014025
2025-06-08 15:45:33,889 - INFO - 1280 | BUY  | 26106.15 |  13.9 |  -5.80% |  -0.07% |   -0.0063 | $    671.33 | $    230.03 | 0.016904
2025-06-08 15:45:33,889 - INFO - 1281 | HOLD | 27727.39 |  37.9 |   1.04% |   6.51% |   -0.0023 | $    698.74 | $    230.03 | 0.016904
2025-06-08 15:45:33,889 - INFO - 1282 | HOLD | 27297.27 |  38.1 |  -0.52% |   3.27% |   -0.0025 | $    691.47 | $    230.03 | 0.016904
2025-06-08 15:45:33,890 - INFO - 1283 | HOLD | 25931.47 |  43.0 |  -5.50% |  -0.88% |   -0.0034 | $    668.38 | $    230.03 | 0.016904
2025-06-08 15:45:33,890 - INFO - 1284 | SELL | 25800.72 |  47.4 |  -5.98% |  -0.95% |   -0.0035 | $    660.72 | $    333.61 | 0.012678
2025-06-08 15:45:33,890 - INFO - 1285 | BUY  | 25868.80 |  47.6 |  -5.73% |  -0.54% |   -0.0034 | $    659.95 | $    250.21 | 0.015839
2025-06-08 15:45:33,890 - INFO - 1286 | BUY  | 25969.57 |  47.7 |  -4.27% |  -0.46% |   -0.0035 | $    660.32 | $    187.66 | 0.018201
2025-06-08 15:45:33,890 - INFO - 1287 | HOLD | 25812.42 |  46.8 |  -4.32% |  -1.13% |   -0.0034 | $    657.46 | $    187.66 | 0.018201
2025-06-08 15:45:33,890 - INFO - 1288 | BUY  | 25779.98 |  47.4 |  -4.44% |  -7.02% |   -0.0030 | $    655.95 | $    140.74 | 0.019985
2025-06-08 15:45:33,890 - INFO - 1289 | BUY  | 25753.24 |  42.4 |  -4.16% |  -5.66% |   -0.0020 | $    654.72 | $    105.56 | 0.021324
2025-06-08 15:45:33,890 - INFO - 1290 | BUY  | 26240.20 |  50.8 |  -2.09% |   1.19% |   -0.0011 | $    664.59 | $     79.17 | 0.022310
2025-06-08 15:45:33,890 - INFO - 1291 | BUY  | 25905.65 |  48.5 |  -3.25% |   0.41% |   -0.0015 | $    656.74 | $     59.38 | 0.023059
2025-06-08 15:45:33,890 - INFO - 1292 | SELL | 25895.68 |  48.8 |  -3.18% |   0.10% |   -0.0020 | $    649.04 | $    201.19 | 0.017294
2025-06-08 15:45:33,890 - INFO - 1293 | HOLD | 25832.23 |  47.3 |  -3.42% |  -0.53% |   -0.0019 | $    647.94 | $    201.19 | 0.017294
2025-06-08 15:45:33,890 - INFO - 1294 | BUY  | 25162.65 |  41.4 |  -5.92% |  -2.52% |   -0.0025 | $    635.38 | $    150.90 | 0.019254
2025-06-08 15:45:33,890 - INFO - 1295 | BUY  | 25833.34 |  29.2 |  -2.83% |   0.21% |   -0.0020 | $    647.55 | $    113.17 | 0.020686
2025-06-08 15:45:33,890 - INFO - 
Action distribution for Episode 180:
2025-06-08 15:45:33,890 - INFO -   HOLD:  340 ( 26.2%)
2025-06-08 15:45:33,890 - INFO -   BUY:   590 ( 45.5%)
2025-06-08 15:45:33,890 - INFO -   SELL:  366 ( 28.2%)
2025-06-08 15:45:33,890 - INFO - ------------------------------------------------------------------------------------------------------------------------
2025-06-08 15:45:34,477 - INFO - Step 234000: Loss = 0.010797, Epsilon = 0.7767
2025-06-08 15:45:34,477 - INFO - Step 234000: Target network updated
2025-06-08 15:45:34,981 - INFO - Episode 181: Reward = -2.0584, Portfolio = $446.60, Return = -95.53%, Cash = $217.40, Crypto = 0.008872, Steps = 1296
2025-06-08 15:45:35,361 - INFO - Step 235000: Loss = 33.333393, Epsilon = 0.7758
2025-06-08 15:45:36,082 - INFO - Episode 182: Reward = -2.0986, Portfolio = $282.12, Return = -97.18%, Cash = $109.35, Crypto = 0.006688, Steps = 1296
2025-06-08 15:45:36,183 - INFO - Step 236000: Loss = 154.579285, Epsilon = 0.7748
2025-06-08 15:45:36,184 - INFO - Step 236000: Target network updated
2025-06-08 15:45:36,982 - INFO - Step 237000: Loss = 21.449148, Epsilon = 0.7739
2025-06-08 15:45:37,115 - INFO - Episode 183: Reward = -2.0986, Portfolio = $471.04, Return = -95.29%, Cash = $216.63, Crypto = 0.009848, Steps = 1296
2025-06-08 15:45:37,784 - INFO - Step 238000: Loss = 4.380388, Epsilon = 0.7729
2025-06-08 15:45:37,785 - INFO - Step 238000: Target network updated
2025-06-08 15:45:38,162 - INFO - Episode 184: Reward = -1.9111, Portfolio = $505.46, Return = -94.95%, Cash = $76.93, Crypto = 0.016588, Steps = 1296
2025-06-08 15:45:38,609 - INFO - Step 239000: Loss = 0.004112, Epsilon = 0.7720
2025-06-08 15:45:39,208 - INFO - Episode 185: Reward = -1.7857, Portfolio = $746.95, Return = -92.53%, Cash = $210.92, Crypto = 0.020749, Steps = 1296
2025-06-08 15:45:39,406 - INFO - Step 240000: Loss = 0.008875, Epsilon = 0.7710
2025-06-08 15:45:39,407 - INFO - Step 240000: Target network updated
2025-06-08 15:45:40,239 - INFO - Step 241000: Loss = 0.008121, Epsilon = 0.7701
2025-06-08 15:45:40,286 - INFO - Episode 186: Reward = -1.8582, Portfolio = $535.72, Return = -94.64%, Cash = $37.82, Crypto = 0.019274, Steps = 1296
2025-06-08 15:45:41,102 - INFO - Step 242000: Loss = 5.779312, Epsilon = 0.7691
2025-06-08 15:45:41,103 - INFO - Step 242000: Target network updated
2025-06-08 15:45:41,406 - INFO - Episode 187: Reward = -2.0482, Portfolio = $416.63, Return = -95.83%, Cash = $144.72, Crypto = 0.010526, Steps = 1296
2025-06-08 15:45:41,956 - INFO - Step 243000: Loss = 0.012291, Epsilon = 0.7681
2025-06-08 15:45:42,511 - INFO - Episode 188: Reward = -2.0492, Portfolio = $464.42, Return = -95.36%, Cash = $141.37, Crypto = 0.012505, Steps = 1296
2025-06-08 15:45:42,809 - INFO - Step 244000: Loss = 0.007571, Epsilon = 0.7672
2025-06-08 15:45:42,810 - INFO - Step 244000: Target network updated
2025-06-08 15:45:43,578 - INFO - Episode 189: Reward = -1.7817, Portfolio = $632.89, Return = -93.67%, Cash = $276.96, Crypto = 0.013778, Steps = 1296
2025-06-08 15:45:43,627 - INFO - Step 245000: Loss = 0.009444, Epsilon = 0.7662
2025-06-08 15:45:44,437 - INFO - Step 246000: Loss = 11.229042, Epsilon = 0.7653
2025-06-08 15:45:44,437 - INFO - Step 246000: Target network updated
2025-06-08 15:45:44,624 - INFO - Episode 190: Reward = -2.1059, Portfolio = $466.90, Return = -95.33%, Cash = $46.74, Crypto = 0.016264, Steps = 1296
2025-06-08 15:45:44,624 - INFO - Episode 190 Summary: Avg Reward (100 eps) = -2.0869, Avg Portfolio (100 eps) = $522.94, Epsilon = 0.765
2025-06-08 15:45:44,624 - INFO - 
Detailed steps for Episode 190:
2025-06-08 15:45:44,624 - INFO - Step | Action | Price    | RSI   | PnL    | WkChg  | Reward    | Portfolio   | Cash       | Crypto
2025-06-08 15:45:44,624 - INFO - ------------------------------------------------------------------------------------------------------------------------
2025-06-08 15:45:44,624 - INFO -    0 | BUY  |  9341.71 |  35.4 |  -2.00% |  -7.89% |   -0.0049 | $   9950.98 | $   7500.00 | 0.262370
2025-06-08 15:45:44,624 - INFO -    1 | BUY  |  8820.52 |  27.7 |  -5.58% |  -8.44% |   -0.0174 | $   9777.47 | $   5625.00 | 0.470774
2025-06-08 15:45:44,624 - INFO -    2 | BUY  |  8784.49 |  28.3 |  -3.58% |  -8.58% |   -0.0046 | $   9732.94 | $   4218.75 | 0.627718
2025-06-08 15:45:44,624 - INFO -    3 | BUY  |  8672.46 |  25.2 |  -3.95% | -10.47% |   -0.0094 | $   9641.93 | $   3164.06 | 0.746947
2025-06-08 15:45:44,624 - INFO -    4 | BUY  |  8599.51 |  28.2 |  -4.16% | -11.01% |   -0.0073 | $   9571.93 | $   2373.05 | 0.837127
2025-06-08 15:45:44,624 - INFO -    5 | HOLD |  8562.45 |  26.8 |  -4.14% | -13.72% |   -0.0032 | $   9540.91 | $   2373.05 | 0.837127
2025-06-08 15:45:44,624 - INFO -    6 | SELL |  8869.67 |  36.4 |  -0.70% |  -8.09% |    0.0172 | $   9705.28 | $   4136.49 | 0.627846
2025-06-08 15:45:44,624 - INFO -    7 | SELL |  8787.79 |  24.4 |  -1.62% |  -5.93% |   -0.0124 | $   9584.90 | $   5446.87 | 0.470884
2025-06-08 15:45:44,624 - INFO -    8 | BUY  |  8755.25 |  29.8 |  -1.98% |  -0.74% |   -0.0044 | $   9542.88 | $   4085.15 | 0.623366
2025-06-08 15:45:44,624 - INFO -    9 | SELL |  9078.76 |  39.3 |   2.14% |   3.35% |    0.0137 | $   9673.80 | $   5429.26 | 0.467525
2025-06-08 15:45:44,624 - INFO -   10 | BUY  |  9122.55 |  38.4 |   2.63% |   5.19% |   -0.0006 | $   9667.66 | $   4071.94 | 0.613394
2025-06-08 15:45:44,625 - INFO -   11 | BUY  |  8909.95 |  35.7 |  -0.39% |   3.61% |   -0.0156 | $   9517.30 | $   3053.96 | 0.725407
2025-06-08 15:45:44,625 - INFO -   12 | BUY  |  8108.12 |  21.3 |  -9.30% |  -5.31% |   -0.0627 | $   8920.67 | $   2290.47 | 0.817724
2025-06-08 15:45:44,625 - INFO -   13 | BUY  |  7923.64 |  21.9 | -10.42% | -10.67% |   -0.0182 | $   8758.59 | $   1717.85 | 0.888574
2025-06-08 15:45:44,625 - INFO -   14 | BUY  |  7909.73 |  24.3 |  -9.83% |  -9.99% |   -0.0024 | $   8737.81 | $   1288.39 | 0.941805
2025-06-08 15:45:44,625 - INFO -   15 | BUY  |  7911.43 |  29.9 |  -9.30% |  -9.64% |   -0.0005 | $   8733.09 | $    966.29 | 0.981719
2025-06-08 15:45:44,625 - INFO -   16 | SELL |  4970.79 |  13.1 | -42.80% | -45.25% |   -0.3376 | $   5785.21 | $   2125.27 | 0.736289
2025-06-08 15:45:44,625 - INFO -   17 | HOLD |  5563.71 |  22.5 | -35.98% | -39.01% |    0.0755 | $   6221.77 | $   2125.27 | 0.736289
2025-06-08 15:45:44,625 - INFO -   18 | BUY  |  5200.37 |  21.4 | -40.16% | -41.63% |   -0.0447 | $   5943.83 | $   1593.95 | 0.836455
2025-06-08 15:45:44,625 - INFO -   19 | SELL |  5392.31 |  24.0 | -34.81% | -33.49% |   -0.0027 | $   6048.00 | $   2665.18 | 0.627342
2025-06-08 15:45:44,625 - INFO -   ...    ...      ...       ...     ...       ...      ...         ...          ...         ...
2025-06-08 15:45:44,625 - INFO - 1276 | BUY  | 26162.37 |  14.8 |  -6.87% |  -1.88% |   -0.0067 | $    487.20 | $    187.38 | 0.011460
2025-06-08 15:45:44,625 - INFO - 1277 | BUY  | 26047.67 |  14.5 |  -5.96% |  -0.01% |   -0.0068 | $    484.96 | $    140.54 | 0.013223
2025-06-08 15:45:44,625 - INFO - 1278 | HOLD | 26008.46 |  14.0 |  -5.35% |  -0.34% |   -0.0069 | $    484.45 | $    140.54 | 0.013223
2025-06-08 15:45:44,625 - INFO - 1279 | BUY  | 26089.69 |  15.9 |  -5.05% |  -0.38% |   -0.0066 | $    484.83 | $    105.40 | 0.014543
2025-06-08 15:45:44,625 - INFO - 1280 | SELL | 26106.15 |  13.9 |  -4.55% |  -0.07% |   -0.0073 | $    480.33 | $    195.57 | 0.010907
2025-06-08 15:45:44,625 - INFO - 1281 | HOLD | 27727.39 |  37.9 |   1.38% |   6.51% |   -0.0040 | $    498.01 | $    195.57 | 0.010907
2025-06-08 15:45:44,625 - INFO - 1282 | HOLD | 27297.27 |  38.1 |  -0.20% |   3.27% |   -0.0042 | $    493.32 | $    195.57 | 0.010907
2025-06-08 15:45:44,625 - INFO - 1283 | BUY  | 25931.47 |  43.0 |  -5.19% |  -0.88% |   -0.0048 | $    477.46 | $    146.68 | 0.012756
2025-06-08 15:45:44,625 - INFO - 1284 | BUY  | 25800.72 |  47.4 |  -4.95% |  -0.95% |   -0.0048 | $    475.07 | $    110.01 | 0.014149
2025-06-08 15:45:44,625 - INFO - 1285 | BUY  | 25868.80 |  47.6 |  -4.24% |  -0.54% |   -0.0045 | $    475.50 | $     82.51 | 0.015192
2025-06-08 15:45:44,625 - INFO - 1286 | HOLD | 25969.57 |  47.7 |  -3.58% |  -0.46% |   -0.0042 | $    477.03 | $     82.51 | 0.015192
2025-06-08 15:45:44,625 - INFO - 1287 | BUY  | 25812.42 |  46.8 |  -4.17% |  -1.13% |   -0.0042 | $    474.24 | $     61.88 | 0.015975
2025-06-08 15:45:44,625 - INFO - 1288 | BUY  | 25779.98 |  47.4 |  -4.09% |  -7.02% |   -0.0039 | $    473.42 | $     46.41 | 0.016563
2025-06-08 15:45:44,625 - INFO - 1289 | SELL | 25753.24 |  42.4 |  -4.05% |  -5.66% |   -0.0035 | $    467.64 | $    147.72 | 0.012423
2025-06-08 15:45:44,625 - INFO - 1290 | HOLD | 26240.20 |  50.8 |  -2.24% |   1.19% |   -0.0022 | $    473.69 | $    147.72 | 0.012423
2025-06-08 15:45:44,625 - INFO - 1291 | BUY  | 25905.65 |  48.5 |  -3.48% |   0.41% |   -0.0023 | $    468.81 | $    110.79 | 0.013820
2025-06-08 15:45:44,625 - INFO - 1292 | BUY  | 25895.68 |  48.8 |  -3.18% |   0.10% |   -0.0022 | $    468.13 | $     83.09 | 0.014869
2025-06-08 15:45:44,625 - INFO - 1293 | BUY  | 25832.23 |  47.3 |  -3.20% |  -0.53% |   -0.0022 | $    466.78 | $     62.32 | 0.015657
2025-06-08 15:45:44,625 - INFO - 1294 | BUY  | 25162.65 |  41.4 |  -5.56% |  -2.52% |   -0.0027 | $    455.99 | $     46.74 | 0.016264
2025-06-08 15:45:44,625 - INFO - 1295 | HOLD | 25833.34 |  29.2 |  -2.84% |   0.21% |   -0.0017 | $    466.90 | $     46.74 | 0.016264
2025-06-08 15:45:44,625 - INFO - 
Action distribution for Episode 190:
2025-06-08 15:45:44,625 - INFO -   HOLD:  382 ( 29.5%)
2025-06-08 15:45:44,625 - INFO -   BUY:   560 ( 43.2%)
2025-06-08 15:45:44,625 - INFO -   SELL:  354 ( 27.3%)
2025-06-08 15:45:44,625 - INFO - ------------------------------------------------------------------------------------------------------------------------
2025-06-08 15:45:45,252 - INFO - Step 247000: Loss = 2.195842, Epsilon = 0.7643
2025-06-08 15:45:45,692 - INFO - Episode 191: Reward = -2.1358, Portfolio = $419.04, Return = -95.81%, Cash = $116.87, Crypto = 0.011697, Steps = 1296
2025-06-08 15:45:46,099 - INFO - Step 248000: Loss = 12.053954, Epsilon = 0.7634
2025-06-08 15:45:46,099 - INFO - Step 248000: Target network updated
2025-06-08 15:45:46,794 - INFO - Episode 192: Reward = -1.9999, Portfolio = $601.54, Return = -93.98%, Cash = $77.59, Crypto = 0.020282, Steps = 1296
2025-06-08 15:45:46,935 - INFO - Step 249000: Loss = 421629394944.000000, Epsilon = 0.7624
2025-06-08 15:45:47,760 - INFO - Step 250000: Loss = 10193.023438, Epsilon = 0.7615
2025-06-08 15:45:47,760 - INFO - Step 250000: Target network updated
2025-06-08 15:45:47,864 - INFO - Episode 193: Reward = -1.9113, Portfolio = $656.06, Return = -93.44%, Cash = $348.00, Crypto = 0.011925, Steps = 1296
2025-06-08 15:45:48,559 - INFO - Step 251000: Loss = 317209856.000000, Epsilon = 0.7605
2025-06-08 15:45:48,918 - INFO - Episode 194: Reward = -1.7919, Portfolio = $402.29, Return = -95.98%, Cash = $128.63, Crypto = 0.010593, Steps = 1296
2025-06-08 15:45:49,416 - INFO - Step 252000: Loss = 21084661760.000000, Epsilon = 0.7596
2025-06-08 15:45:49,417 - INFO - Step 252000: Target network updated
2025-06-08 15:45:50,038 - INFO - Episode 195: Reward = -2.0843, Portfolio = $306.04, Return = -96.94%, Cash = $50.91, Crypto = 0.009876, Steps = 1296
2025-06-08 15:45:50,283 - INFO - Step 253000: Loss = 10092772.000000, Epsilon = 0.7586
2025-06-08 15:45:51,081 - INFO - Step 254000: Loss = 3645992960.000000, Epsilon = 0.7577
2025-06-08 15:45:51,081 - INFO - Step 254000: Target network updated
2025-06-08 15:45:51,094 - INFO - Episode 196: Reward = -1.9705, Portfolio = $484.22, Return = -95.16%, Cash = $122.52, Crypto = 0.014002, Steps = 1296
2025-06-08 15:45:51,917 - INFO - Step 255000: Loss = 0.021782, Epsilon = 0.7567
2025-06-08 15:45:52,160 - INFO - Episode 197: Reward = -1.6405, Portfolio = $662.78, Return = -93.37%, Cash = $241.27, Crypto = 0.016316, Steps = 1296
2025-06-08 15:45:52,735 - INFO - Step 256000: Loss = 6668.983887, Epsilon = 0.7557
2025-06-08 15:45:52,736 - INFO - Step 256000: Target network updated
2025-06-08 15:45:53,234 - INFO - Episode 198: Reward = -1.8571, Portfolio = $709.47, Return = -92.91%, Cash = $313.08, Crypto = 0.015344, Steps = 1296
2025-06-08 15:45:53,564 - INFO - Step 257000: Loss = 0.020318, Epsilon = 0.7548
2025-06-08 15:45:54,294 - INFO - Episode 199: Reward = -1.7910, Portfolio = $730.92, Return = -92.69%, Cash = $163.64, Crypto = 0.021959, Steps = 1296
2025-06-08 15:45:54,373 - INFO - Step 258000: Loss = 0.014210, Epsilon = 0.7538
2025-06-08 15:45:54,373 - INFO - Step 258000: Target network updated
2025-06-08 15:45:55,153 - INFO - Step 259000: Loss = 0.020011, Epsilon = 0.7529
2025-06-08 15:45:55,308 - INFO - Episode 200: Reward = -1.5996, Portfolio = $502.83, Return = -94.97%, Cash = $66.53, Crypto = 0.016889, Steps = 1296
2025-06-08 15:45:55,308 - INFO - Episode 200 Summary: Avg Reward (100 eps) = -2.0466, Avg Portfolio (100 eps) = $526.05, Epsilon = 0.753
2025-06-08 15:45:55,308 - INFO - 
Detailed steps for Episode 200:
2025-06-08 15:45:55,308 - INFO - Step | Action | Price    | RSI   | PnL    | WkChg  | Reward    | Portfolio   | Cash       | Crypto
2025-06-08 15:45:55,308 - INFO - ------------------------------------------------------------------------------------------------------------------------
2025-06-08 15:45:55,308 - INFO -    0 | BUY  |  9341.71 |  35.4 |  -2.00% |  -7.89% |   -0.0049 | $   9950.98 | $   7500.00 | 0.262370
2025-06-08 15:45:55,308 - INFO -    1 | BUY  |  8820.52 |  27.7 |  -5.58% |  -8.44% |   -0.0174 | $   9777.47 | $   5625.00 | 0.470774
2025-06-08 15:45:55,308 - INFO -    2 | BUY  |  8784.49 |  28.3 |  -3.58% |  -8.58% |   -0.0046 | $   9732.94 | $   4218.75 | 0.627718
2025-06-08 15:45:55,308 - INFO -    3 | SELL |  8672.46 |  25.2 |  -3.95% | -10.47% |   -0.0142 | $   9594.56 | $   5511.67 | 0.470789
2025-06-08 15:45:55,308 - INFO -    4 | HOLD |  8599.51 |  28.2 |  -4.76% | -11.01% |   -0.0036 | $   9560.22 | $   5511.67 | 0.470789
2025-06-08 15:45:55,308 - INFO -    5 | HOLD |  8562.45 |  26.8 |  -5.17% | -13.72% |   -0.0018 | $   9542.77 | $   5511.67 | 0.470789
2025-06-08 15:45:55,308 - INFO -    6 | HOLD |  8869.67 |  36.4 |  -1.77% |  -8.09% |    0.0152 | $   9687.41 | $   5511.67 | 0.470789
2025-06-08 15:45:55,308 - INFO -    7 | HOLD |  8787.79 |  24.4 |  -2.68% |  -5.93% |   -0.0040 | $   9648.86 | $   5511.67 | 0.470789
2025-06-08 15:45:55,308 - INFO -    8 | BUY  |  8755.25 |  29.8 |  -3.04% |  -0.74% |   -0.0044 | $   9606.52 | $   4133.75 | 0.625085
2025-06-08 15:45:55,308 - INFO -    9 | SELL |  9078.76 |  39.3 |   1.31% |   3.35% |    0.0137 | $   9737.81 | $   5481.56 | 0.468814
2025-06-08 15:45:55,308 - INFO -   10 | HOLD |  9122.55 |  38.4 |   1.79% |   5.19% |    0.0021 | $   9758.33 | $   5481.56 | 0.468814
2025-06-08 15:45:55,308 - INFO -   11 | SELL |  8909.95 |  35.7 |  -0.58% |   3.61% |   -0.0156 | $   9606.45 | $   6473.62 | 0.351610
2025-06-08 15:45:55,308 - INFO -   12 | HOLD |  8108.12 |  21.3 |  -9.52% |  -5.31% |   -0.0293 | $   9324.52 | $   6473.62 | 0.351610
2025-06-08 15:45:55,308 - INFO -   13 | SELL |  7923.64 |  21.9 | -11.58% | -10.67% |   -0.0107 | $   9224.83 | $   7135.31 | 0.263708
2025-06-08 15:45:55,308 - INFO -   14 | HOLD |  7909.73 |  24.3 | -11.74% |  -9.99% |   -0.0004 | $   9221.16 | $   7135.31 | 0.263708
2025-06-08 15:45:55,308 - INFO -   15 | BUY  |  7911.43 |  29.9 | -11.72% |  -9.64% |   -0.0037 | $   9186.63 | $   5351.48 | 0.484761
2025-06-08 15:45:55,308 - INFO -   16 | HOLD |  4970.79 |  13.1 | -41.40% | -45.25% |   -0.1552 | $   7761.13 | $   5351.48 | 0.484761
2025-06-08 15:45:55,308 - INFO -   17 | SELL |  5563.71 |  22.5 | -34.41% | -39.01% |    0.0327 | $   8014.84 | $   5992.03 | 0.363571
2025-06-08 15:45:55,308 - INFO -   18 | BUY  |  5200.37 |  21.4 | -38.69% | -41.63% |   -0.0201 | $   7853.36 | $   4494.03 | 0.645981
2025-06-08 15:45:55,308 - INFO -   19 | BUY  |  5392.31 |  24.0 | -23.49% | -33.49% |   -0.0030 | $   7955.33 | $   3370.52 | 0.850249
2025-06-08 15:45:55,308 - INFO -   ...    ...      ...       ...     ...       ...      ...         ...          ...         ...
2025-06-08 15:45:55,308 - INFO - 1276 | HOLD | 26162.37 |  14.8 |  -6.23% |  -1.88% |   -0.0050 | $    529.88 | $    112.81 | 0.015942
2025-06-08 15:45:55,308 - INFO - 1277 | BUY  | 26047.67 |  14.5 |  -6.64% |  -0.01% |   -0.0051 | $    527.50 | $     84.61 | 0.017003
2025-06-08 15:45:55,308 - INFO - 1278 | BUY  | 26008.46 |  14.0 |  -6.40% |  -0.34% |   -0.0048 | $    526.42 | $     63.46 | 0.017800
2025-06-08 15:45:55,308 - INFO - 1279 | HOLD | 26089.69 |  15.9 |  -5.83% |  -0.38% |   -0.0047 | $    527.86 | $     63.46 | 0.017800
2025-06-08 15:45:55,308 - INFO - 1280 | BUY  | 26106.15 |  13.9 |  -5.78% |  -0.07% |   -0.0056 | $    527.84 | $     47.59 | 0.018396
2025-06-08 15:45:55,308 - INFO - 1281 | HOLD | 27727.39 |  37.9 |   0.26% |   6.51% |   -0.0018 | $    557.67 | $     47.59 | 0.018396
2025-06-08 15:45:55,308 - INFO - 1282 | BUY  | 27297.27 |  38.1 |  -1.29% |   3.27% |   -0.0021 | $    549.52 | $     35.69 | 0.018823
2025-06-08 15:45:55,308 - INFO - 1283 | BUY  | 25931.47 |  43.0 |  -6.20% |  -0.88% |   -0.0030 | $    523.64 | $     26.77 | 0.019161
2025-06-08 15:45:55,309 - INFO - 1284 | SELL | 25800.72 |  47.4 |  -6.57% |  -0.95% |   -0.0034 | $    514.95 | $    144.18 | 0.014371
2025-06-08 15:45:55,309 - INFO - 1285 | BUY  | 25868.80 |  47.6 |  -6.33% |  -0.54% |   -0.0030 | $    515.23 | $    108.14 | 0.015737
2025-06-08 15:45:55,309 - INFO - 1286 | SELL | 25969.57 |  47.7 |  -5.44% |  -0.46% |   -0.0033 | $    511.70 | $    205.20 | 0.011803
2025-06-08 15:45:55,309 - INFO - 1287 | HOLD | 25812.42 |  46.8 |  -6.02% |  -1.13% |   -0.0032 | $    509.85 | $    205.20 | 0.011803
2025-06-08 15:45:55,309 - INFO - 1288 | BUY  | 25779.98 |  47.4 |  -6.13% |  -7.02% |   -0.0028 | $    508.46 | $    153.90 | 0.013753
2025-06-08 15:45:55,309 - INFO - 1289 | BUY  | 25753.24 |  42.4 |  -5.41% |  -5.66% |   -0.0019 | $    507.34 | $    115.42 | 0.015218
2025-06-08 15:45:55,309 - INFO - 1290 | SELL | 26240.20 |  50.8 |  -3.11% |   1.19% |   -0.0012 | $    509.76 | $    210.26 | 0.011414
2025-06-08 15:45:55,309 - INFO - 1291 | BUY  | 25905.65 |  48.5 |  -4.35% |   0.41% |   -0.0015 | $    504.91 | $    157.70 | 0.013403
2025-06-08 15:45:55,309 - INFO - 1292 | BUY  | 25895.68 |  48.8 |  -3.77% |   0.10% |   -0.0015 | $    504.00 | $    118.27 | 0.014895
2025-06-08 15:45:55,309 - INFO - 1293 | HOLD | 25832.23 |  47.3 |  -3.64% |  -0.53% |   -0.0015 | $    503.06 | $    118.27 | 0.014895
2025-06-08 15:45:55,309 - INFO - 1294 | BUY  | 25162.65 |  41.4 |  -6.14% |  -2.52% |   -0.0019 | $    492.50 | $     88.70 | 0.016047
2025-06-08 15:45:55,309 - INFO - 1295 | BUY  | 25833.34 |  29.2 |  -3.21% |   0.21% |   -0.0016 | $    502.83 | $     66.53 | 0.016889
2025-06-08 15:45:55,309 - INFO - 
Action distribution for Episode 200:
2025-06-08 15:45:55,309 - INFO -   HOLD:  344 ( 26.5%)
2025-06-08 15:45:55,309 - INFO -   BUY:   655 ( 50.5%)
2025-06-08 15:45:55,309 - INFO -   SELL:  297 ( 22.9%)
2025-06-08 15:45:55,309 - INFO - ------------------------------------------------------------------------------------------------------------------------
2025-06-08 15:45:55,943 - INFO - Step 260000: Loss = 0.017399, Epsilon = 0.7519
2025-06-08 15:45:55,943 - INFO - Step 260000: Target network updated
2025-06-08 15:45:56,347 - INFO - Episode 201: Reward = -1.8447, Portfolio = $540.55, Return = -94.59%, Cash = $132.54, Crypto = 0.015794, Steps = 1296
2025-06-08 15:45:56,763 - INFO - Step 261000: Loss = 35.388962, Epsilon = 0.7510
2025-06-08 15:45:57,379 - INFO - Episode 202: Reward = -1.7369, Portfolio = $534.96, Return = -94.65%, Cash = $91.50, Crypto = 0.017166, Steps = 1296
2025-06-08 15:45:57,546 - INFO - Step 262000: Loss = 237.189774, Epsilon = 0.7500
2025-06-08 15:45:57,546 - INFO - Step 262000: Target network updated
2025-06-08 15:45:58,323 - INFO - Step 263000: Loss = 0.017826, Epsilon = 0.7491
2025-06-08 15:45:58,389 - INFO - Episode 203: Reward = -1.8552, Portfolio = $583.82, Return = -94.16%, Cash = $413.43, Crypto = 0.006596, Steps = 1296
2025-06-08 15:45:59,101 - INFO - Step 264000: Loss = 0.015162, Epsilon = 0.7481
2025-06-08 15:45:59,101 - INFO - Step 264000: Target network updated
2025-06-08 15:45:59,400 - INFO - Episode 204: Reward = -1.8247, Portfolio = $472.79, Return = -95.27%, Cash = $170.76, Crypto = 0.011692, Steps = 1296
2025-06-08 15:45:59,887 - INFO - Step 265000: Loss = 0.019815, Epsilon = 0.7472
2025-06-08 15:46:00,425 - INFO - Episode 205: Reward = -1.8674, Portfolio = $507.20, Return = -94.93%, Cash = $247.56, Crypto = 0.010051, Steps = 1296
2025-06-08 15:46:00,715 - INFO - Step 266000: Loss = 0.031908, Epsilon = 0.7462
2025-06-08 15:46:00,716 - INFO - Step 266000: Target network updated
2025-06-08 15:46:01,588 - INFO - Episode 206: Reward = -2.2931, Portfolio = $424.38, Return = -95.76%, Cash = $159.06, Crypto = 0.010270, Steps = 1296
2025-06-08 15:46:01,613 - INFO - Step 267000: Loss = 29.308723, Epsilon = 0.7452
2025-06-08 15:46:02,451 - INFO - Step 268000: Loss = 0.016586, Epsilon = 0.7443
2025-06-08 15:46:02,451 - INFO - Step 268000: Target network updated
2025-06-08 15:46:02,684 - INFO - Episode 207: Reward = -2.1817, Portfolio = $298.42, Return = -97.02%, Cash = $30.94, Crypto = 0.010354, Steps = 1296
2025-06-08 15:46:03,264 - INFO - Step 269000: Loss = 0.295194, Epsilon = 0.7433
2025-06-08 15:46:03,711 - INFO - Episode 208: Reward = -1.9409, Portfolio = $389.72, Return = -96.10%, Cash = $100.44, Crypto = 0.011198, Steps = 1296
2025-06-08 15:46:04,051 - INFO - Step 270000: Loss = 1192662269952.000000, Epsilon = 0.7424
2025-06-08 15:46:04,051 - INFO - Step 270000: Target network updated
2025-06-08 15:46:04,745 - INFO - Episode 209: Reward = -1.8098, Portfolio = $957.08, Return = -90.43%, Cash = $345.66, Crypto = 0.023668, Steps = 1296
2025-06-08 15:46:04,857 - INFO - Step 271000: Loss = 0.688639, Epsilon = 0.7414
2025-06-08 15:46:05,656 - INFO - Step 272000: Loss = 0.084247, Epsilon = 0.7405
2025-06-08 15:46:05,656 - INFO - Step 272000: Target network updated
2025-06-08 15:46:05,782 - INFO - Episode 210: Reward = -1.5643, Portfolio = $1058.25, Return = -89.42%, Cash = $687.16, Crypto = 0.014365, Steps = 1296
2025-06-08 15:46:05,782 - INFO - Episode 210 Summary: Avg Reward (100 eps) = -2.0121, Avg Portfolio (100 eps) = $527.86, Epsilon = 0.740
2025-06-08 15:46:05,782 - INFO - 
Detailed steps for Episode 210:
2025-06-08 15:46:05,782 - INFO - Step | Action | Price    | RSI   | PnL    | WkChg  | Reward    | Portfolio   | Cash       | Crypto
2025-06-08 15:46:05,782 - INFO - ------------------------------------------------------------------------------------------------------------------------
2025-06-08 15:46:05,782 - INFO -    0 | SELL |  9341.71 |  35.4 |  -2.00% |  -7.89% |   -0.0100 | $  10000.00 | $  10000.00 | 0.000000
2025-06-08 15:46:05,782 - INFO -    1 | BUY  |  8820.52 |  27.7 |  -2.00% |  -8.44% |   -0.0049 | $   9950.98 | $   7500.00 | 0.277872
2025-06-08 15:46:05,783 - INFO -    2 | BUY  |  8784.49 |  28.3 |  -0.41% |  -8.58% |   -0.0047 | $   9904.20 | $   5625.00 | 0.487132
2025-06-08 15:46:05,783 - INFO -    3 | BUY  |  8672.46 |  25.2 |  -1.51% | -10.47% |   -0.0083 | $   9822.05 | $   4218.75 | 0.646103
2025-06-08 15:46:05,783 - INFO -    4 | HOLD |  8599.51 |  28.2 |  -1.97% | -11.01% |   -0.0048 | $   9774.92 | $   4218.75 | 0.646103
2025-06-08 15:46:05,783 - INFO -    5 | BUY  |  8562.45 |  26.8 |  -2.39% | -13.72% |   -0.0046 | $   9730.30 | $   3164.06 | 0.766864
2025-06-08 15:46:05,783 - INFO -    6 | HOLD |  8869.67 |  36.4 |   1.49% |  -8.09% |    0.0242 | $   9965.89 | $   3164.06 | 0.766864
2025-06-08 15:46:05,783 - INFO -    7 | BUY  |  8787.79 |  24.4 |   0.55% |  -5.93% |   -0.0079 | $   9887.59 | $   2373.05 | 0.855112
2025-06-08 15:46:05,783 - INFO -    8 | BUY  |  8755.25 |  29.8 |   0.12% |  -0.74% |   -0.0040 | $   9848.13 | $   1779.79 | 0.921544
2025-06-08 15:46:05,783 - INFO -    9 | SELL |  9078.76 |  39.3 |   3.81% |   3.35% |    0.0197 | $  10041.69 | $   3766.82 | 0.691158
2025-06-08 15:46:05,783 - INFO -   10 | HOLD |  9122.55 |  38.4 |   4.32% |   5.19% |    0.0030 | $  10071.95 | $   3766.82 | 0.691158
2025-06-08 15:46:05,783 - INFO -   11 | SELL |  8909.95 |  35.7 |   1.88% |   3.61% |   -0.0222 | $   9848.03 | $   5229.39 | 0.518369
2025-06-08 15:46:05,783 - INFO -   12 | SELL |  8108.12 |  21.3 |  -7.28% |  -5.31% |   -0.0475 | $   9379.85 | $   6227.61 | 0.388776
2025-06-08 15:46:05,783 - INFO -   13 | SELL |  7923.64 |  21.9 |  -9.39% | -10.67% |   -0.0118 | $   9269.63 | $   6959.23 | 0.291582
2025-06-08 15:46:05,783 - INFO -   14 | SELL |  7909.73 |  24.3 |  -9.55% |  -9.99% |   -0.0035 | $   9236.74 | $   7506.99 | 0.218687
2025-06-08 15:46:05,783 - INFO -   15 | BUY  |  7911.43 |  29.9 |  -9.53% |  -9.64% |   -0.0039 | $   9200.31 | $   5630.24 | 0.451255
2025-06-08 15:46:05,783 - INFO -   16 | BUY  |  4970.79 |  13.1 | -40.22% | -45.25% |   -0.1472 | $   7845.73 | $   4222.68 | 0.728869
2025-06-08 15:46:05,783 - INFO -   17 | SELL |  5563.71 |  22.5 | -20.99% | -39.01% |    0.0486 | $   8227.20 | $   5185.79 | 0.546652
2025-06-08 15:46:05,783 - INFO -   18 | HOLD |  5200.37 |  21.4 | -26.15% | -41.63% |   -0.0241 | $   8028.58 | $   5185.79 | 0.546652
2025-06-08 15:46:05,783 - INFO -   19 | SELL |  5392.31 |  24.0 | -23.42% | -33.49% |   -0.0027 | $   8096.66 | $   5885.88 | 0.409989
2025-06-08 15:46:05,783 - INFO -   ...    ...      ...       ...     ...       ...      ...         ...          ...         ...
2025-06-08 15:46:05,783 - INFO - 1276 | HOLD | 26162.37 |  14.8 |  -7.52% |  -1.88% |   -0.0058 | $   1148.89 | $    166.37 | 0.037555
2025-06-08 15:46:05,783 - INFO - 1277 | SELL | 26047.67 |  14.5 |  -7.92% |  -0.01% |   -0.0059 | $   1132.36 | $    398.69 | 0.028166
2025-06-08 15:46:05,783 - INFO - 1278 | HOLD | 26008.46 |  14.0 |  -8.06% |  -0.34% |   -0.0058 | $   1131.25 | $    398.69 | 0.028166
2025-06-08 15:46:05,783 - INFO - 1279 | BUY  | 26089.69 |  15.9 |  -7.77% |  -0.38% |   -0.0055 | $   1131.58 | $    299.02 | 0.031912
2025-06-08 15:46:05,783 - INFO - 1280 | BUY  | 26106.15 |  13.9 |  -6.87% |  -0.07% |   -0.0062 | $   1130.64 | $    224.27 | 0.034719
2025-06-08 15:46:05,783 - INFO - 1281 | BUY  | 27727.39 |  37.9 |  -0.53% |   6.51% |   -0.0023 | $   1185.83 | $    168.20 | 0.036701
2025-06-08 15:46:05,783 - INFO - 1282 | SELL | 27297.27 |  38.1 |  -2.04% |   3.27% |   -0.0028 | $   1157.52 | $    406.14 | 0.027526
2025-06-08 15:46:05,783 - INFO - 1283 | BUY  | 25931.47 |  43.0 |  -6.95% |  -0.88% |   -0.0035 | $   1117.94 | $    304.60 | 0.031365
2025-06-08 15:46:05,783 - INFO - 1284 | SELL | 25800.72 |  47.4 |  -6.62% |  -0.95% |   -0.0039 | $   1103.72 | $    496.80 | 0.023524
2025-06-08 15:46:05,783 - INFO - 1285 | SELL | 25868.80 |  47.6 |  -6.37% |  -0.54% |   -0.0039 | $   1097.72 | $    641.32 | 0.017643
2025-06-08 15:46:05,783 - INFO - 1286 | BUY  | 25969.57 |  47.7 |  -6.01% |  -0.46% |   -0.0037 | $   1096.35 | $    480.99 | 0.023695
2025-06-08 15:46:05,783 - INFO - 1287 | HOLD | 25812.42 |  46.8 |  -5.12% |  -1.13% |   -0.0036 | $   1092.63 | $    480.99 | 0.023695
2025-06-08 15:46:05,783 - INFO - 1288 | BUY  | 25779.98 |  47.4 |  -5.24% |  -7.02% |   -0.0032 | $   1089.50 | $    360.74 | 0.028268
2025-06-08 15:46:05,783 - INFO - 1289 | SELL | 25753.24 |  42.4 |  -4.53% |  -5.66% |   -0.0025 | $   1079.64 | $    533.64 | 0.021201
2025-06-08 15:46:05,783 - INFO - 1290 | SELL | 26240.20 |  50.8 |  -2.72% |   1.19% |   -0.0020 | $   1083.01 | $    665.77 | 0.015901
2025-06-08 15:46:05,783 - INFO - 1291 | SELL | 25905.65 |  48.5 |  -3.97% |   0.41% |   -0.0024 | $   1072.55 | $    763.60 | 0.011926
2025-06-08 15:46:05,783 - INFO - 1292 | BUY  | 25895.68 |  48.8 |  -4.00% |   0.10% |   -0.0025 | $   1068.68 | $    572.70 | 0.019153
2025-06-08 15:46:05,783 - INFO - 1293 | HOLD | 25832.23 |  47.3 |  -2.77% |  -0.53% |   -0.0024 | $   1067.47 | $    572.70 | 0.019153
2025-06-08 15:46:05,783 - INFO - 1294 | SELL | 25162.65 |  41.4 |  -5.29% |  -2.52% |   -0.0028 | $   1048.62 | $    687.16 | 0.014365
2025-06-08 15:46:05,783 - INFO - 1295 | HOLD | 25833.34 |  29.2 |  -2.76% |   0.21% |   -0.0029 | $   1058.25 | $    687.16 | 0.014365
2025-06-08 15:46:05,783 - INFO - 
Action distribution for Episode 210:
2025-06-08 15:46:05,784 - INFO -   HOLD:  317 ( 24.5%)
2025-06-08 15:46:05,784 - INFO -   BUY:   658 ( 50.8%)
2025-06-08 15:46:05,784 - INFO -   SELL:  321 ( 24.8%)
2025-06-08 15:46:05,784 - INFO - ------------------------------------------------------------------------------------------------------------------------
2025-06-08 15:46:06,467 - INFO - Step 273000: Loss = 75644376.000000, Epsilon = 0.7395
2025-06-08 15:46:06,848 - INFO - Episode 211: Reward = -1.9280, Portfolio = $468.26, Return = -95.32%, Cash = $345.97, Crypto = 0.004734, Steps = 1296
2025-06-08 15:46:07,284 - INFO - Step 274000: Loss = 3748.538574, Epsilon = 0.7386
2025-06-08 15:46:07,285 - INFO - Step 274000: Target network updated
2025-06-08 15:46:07,875 - INFO - Episode 212: Reward = -1.6444, Portfolio = $566.13, Return = -94.34%, Cash = $115.33, Crypto = 0.017450, Steps = 1296
2025-06-08 15:46:08,076 - INFO - Step 275000: Loss = 0.027001, Epsilon = 0.7376
2025-06-08 15:46:08,862 - INFO - Step 276000: Loss = 0.022952, Epsilon = 0.7367
2025-06-08 15:46:08,862 - INFO - Step 276000: Target network updated
2025-06-08 15:46:08,902 - INFO - Episode 213: Reward = -1.7985, Portfolio = $564.53, Return = -94.35%, Cash = $33.20, Crypto = 0.020568, Steps = 1296
2025-06-08 15:46:09,651 - INFO - Step 277000: Loss = 103.315422, Epsilon = 0.7357
2025-06-08 15:46:09,918 - INFO - Episode 214: Reward = -1.6967, Portfolio = $720.68, Return = -92.79%, Cash = $391.47, Crypto = 0.012744, Steps = 1296
2025-06-08 15:46:10,447 - INFO - Step 278000: Loss = 0.022237, Epsilon = 0.7348
2025-06-08 15:46:10,447 - INFO - Step 278000: Target network updated
2025-06-08 15:46:10,990 - INFO - Episode 215: Reward = -2.0282, Portfolio = $440.02, Return = -95.60%, Cash = $195.83, Crypto = 0.009453, Steps = 1296
2025-06-08 15:46:11,308 - INFO - Step 279000: Loss = 0.026579, Epsilon = 0.7338
2025-06-08 15:46:12,108 - INFO - Episode 216: Reward = -1.9115, Portfolio = $572.14, Return = -94.28%, Cash = $90.95, Crypto = 0.018627, Steps = 1296
2025-06-08 15:46:12,168 - INFO - Step 280000: Loss = 57.901909, Epsilon = 0.7328
2025-06-08 15:46:12,169 - INFO - Step 280000: Target network updated
2025-06-08 15:46:13,008 - INFO - Step 281000: Loss = 0.023683, Epsilon = 0.7319
2025-06-08 15:46:13,186 - INFO - Episode 217: Reward = -2.1571, Portfolio = $330.36, Return = -96.70%, Cash = $117.82, Crypto = 0.008228, Steps = 1296
2025-06-08 15:46:13,792 - INFO - Step 282000: Loss = 31.083441, Epsilon = 0.7309
2025-06-08 15:46:13,793 - INFO - Step 282000: Target network updated
2025-06-08 15:46:14,211 - INFO - Episode 218: Reward = -1.8630, Portfolio = $469.57, Return = -95.30%, Cash = $124.05, Crypto = 0.013375, Steps = 1296
2025-06-08 15:46:14,593 - INFO - Step 283000: Loss = 0.031277, Epsilon = 0.7300
2025-06-08 15:46:15,248 - INFO - Episode 219: Reward = -1.9037, Portfolio = $548.80, Return = -94.51%, Cash = $153.82, Crypto = 0.015290, Steps = 1296
2025-06-08 15:46:15,390 - INFO - Step 284000: Loss = 0.023185, Epsilon = 0.7290
2025-06-08 15:46:15,390 - INFO - Step 284000: Target network updated
2025-06-08 15:46:16,192 - INFO - Step 285000: Loss = 0.035878, Epsilon = 0.7281
2025-06-08 15:46:16,285 - INFO - Episode 220: Reward = -2.0649, Portfolio = $379.91, Return = -96.20%, Cash = $203.71, Crypto = 0.006820, Steps = 1296
2025-06-08 15:46:16,286 - INFO - Episode 220 Summary: Avg Reward (100 eps) = -1.9776, Avg Portfolio (100 eps) = $527.81, Epsilon = 0.728
2025-06-08 15:46:16,286 - INFO - 
Detailed steps for Episode 220:
2025-06-08 15:46:16,286 - INFO - Step | Action | Price    | RSI   | PnL    | WkChg  | Reward    | Portfolio   | Cash       | Crypto
2025-06-08 15:46:16,286 - INFO - ------------------------------------------------------------------------------------------------------------------------
2025-06-08 15:46:16,286 - INFO -    0 | HOLD |  9341.71 |  35.4 |  -2.00% |  -7.89% |    0.0000 | $  10000.00 | $  10000.00 | 0.000000
2025-06-08 15:46:16,286 - INFO -    1 | SELL |  8820.52 |  27.7 |  -2.00% |  -8.44% |   -0.0100 | $  10000.00 | $  10000.00 | 0.000000
2025-06-08 15:46:16,286 - INFO -    2 | BUY  |  8784.49 |  28.3 |  -2.00% |  -8.58% |   -0.0049 | $   9950.98 | $   7500.00 | 0.279012
2025-06-08 15:46:16,286 - INFO -    3 | BUY  |  8672.46 |  25.2 |  -1.28% | -10.47% |   -0.0068 | $   9882.96 | $   5625.00 | 0.490975
2025-06-08 15:46:16,286 - INFO -    4 | BUY  |  8599.51 |  28.2 |  -1.56% | -11.01% |   -0.0064 | $   9819.57 | $   4218.75 | 0.651295
2025-06-08 15:46:16,286 - INFO -    5 | HOLD |  8562.45 |  26.8 |  -1.61% | -13.72% |   -0.0025 | $   9795.43 | $   4218.75 | 0.651295
2025-06-08 15:46:16,286 - INFO -    6 | SELL |  8869.67 |  36.4 |   1.92% |  -8.09% |    0.0131 | $   9923.31 | $   5590.73 | 0.488471
2025-06-08 15:46:16,286 - INFO -    7 | SELL |  8787.79 |  24.4 |   0.98% |  -5.93% |   -0.0094 | $   9829.66 | $   6610.22 | 0.366353
2025-06-08 15:46:16,286 - INFO -    8 | BUY  |  8755.25 |  29.8 |   0.61% |  -0.74% |   -0.0045 | $   9785.33 | $   4957.67 | 0.551403
2025-06-08 15:46:16,286 - INFO -    9 | SELL |  9078.76 |  39.3 |   4.11% |   3.35% |    0.0118 | $   9901.14 | $   6146.60 | 0.413552
2025-06-08 15:46:16,286 - INFO -   10 | SELL |  9122.55 |  38.4 |   4.61% |   5.19% |   -0.0029 | $   9872.09 | $   7042.61 | 0.310164
2025-06-08 15:46:16,286 - INFO -   11 | BUY  |  8909.95 |  35.7 |   2.18% |   3.61% |   -0.0102 | $   9771.63 | $   5281.96 | 0.503894
2025-06-08 15:46:16,286 - INFO -   12 | SELL |  8108.12 |  21.3 |  -7.79% |  -5.31% |   -0.0466 | $   9316.52 | $   6252.29 | 0.377921
2025-06-08 15:46:16,286 - INFO -   13 | HOLD |  7923.64 |  21.9 |  -9.89% | -10.67% |   -0.0075 | $   9246.80 | $   6252.29 | 0.377921
2025-06-08 15:46:16,286 - INFO -   14 | SELL |  7909.73 |  24.3 | -10.05% |  -9.99% |   -0.0046 | $   9204.18 | $   6962.24 | 0.283441
2025-06-08 15:46:16,286 - INFO -   15 | BUY  |  7911.43 |  29.9 | -10.03% |  -9.64% |   -0.0037 | $   9170.53 | $   5221.68 | 0.499133
2025-06-08 15:46:16,286 - INFO -   16 | HOLD |  4970.79 |  13.1 | -40.91% | -45.25% |   -0.1601 | $   7702.76 | $   5221.68 | 0.499133
2025-06-08 15:46:16,286 - INFO -   17 | BUY  |  5563.71 |  22.5 | -33.86% | -39.01% |    0.0351 | $   7973.11 | $   3916.26 | 0.729163
2025-06-08 15:46:16,286 - INFO -   18 | BUY  |  5200.37 |  21.4 | -30.79% | -41.63% |   -0.0356 | $   7688.98 | $   2937.20 | 0.913740
2025-06-08 15:46:16,286 - INFO -   19 | BUY  |  5392.31 |  24.0 | -23.47% | -33.49% |   -0.0030 | $   7849.97 | $   2202.90 | 1.047245
2025-06-08 15:46:16,286 - INFO -   ...    ...      ...       ...     ...       ...      ...         ...          ...         ...
2025-06-08 15:46:16,286 - INFO - 1276 | SELL | 26162.37 |  14.8 |  -6.69% |  -1.88% |   -0.0064 | $    406.39 | $    251.03 | 0.005938
2025-06-08 15:46:16,286 - INFO - 1277 | SELL | 26047.67 |  14.5 |  -7.10% |  -0.01% |   -0.0065 | $    403.77 | $    287.77 | 0.004454
2025-06-08 15:46:16,286 - INFO - 1278 | BUY  | 26008.46 |  14.0 |  -7.23% |  -0.34% |   -0.0064 | $    402.19 | $    215.82 | 0.007166
2025-06-08 15:46:16,286 - INFO - 1279 | HOLD | 26089.69 |  15.9 |  -4.33% |  -0.38% |   -0.0062 | $    402.77 | $    215.82 | 0.007166
2025-06-08 15:46:16,286 - INFO - 1280 | BUY  | 26106.15 |  13.9 |  -4.27% |  -0.07% |   -0.0066 | $    401.83 | $    161.87 | 0.009192
2025-06-08 15:46:16,286 - INFO - 1281 | SELL | 27727.39 |  37.9 |   2.65% |   6.51% |   -0.0039 | $    413.55 | $    222.40 | 0.006894
2025-06-08 15:46:16,286 - INFO - 1282 | SELL | 27297.27 |  38.1 |   1.05% |   3.27% |   -0.0042 | $    408.23 | $    267.09 | 0.005170
2025-06-08 15:46:16,286 - INFO - 1283 | BUY  | 25931.47 |  43.0 |  -4.00% |  -0.88% |   -0.0046 | $    399.86 | $    200.32 | 0.007695
2025-06-08 15:46:16,286 - INFO - 1284 | BUY  | 25800.72 |  47.4 |  -3.22% |  -0.95% |   -0.0046 | $    397.87 | $    150.24 | 0.009598
2025-06-08 15:46:16,286 - INFO - 1285 | SELL | 25868.80 |  47.6 |  -2.34% |  -0.54% |   -0.0047 | $    395.42 | $    209.21 | 0.007198
2025-06-08 15:46:16,286 - INFO - 1286 | BUY  | 25969.57 |  47.7 |  -1.96% |  -0.46% |   -0.0046 | $    395.12 | $    156.91 | 0.009173
2025-06-08 15:46:16,286 - INFO - 1287 | SELL | 25812.42 |  46.8 |  -2.14% |  -1.13% |   -0.0046 | $    390.72 | $    213.14 | 0.006880
2025-06-08 15:46:16,286 - INFO - 1288 | HOLD | 25779.98 |  47.4 |  -2.26% |  -7.02% |   -0.0043 | $    390.50 | $    213.14 | 0.006880
2025-06-08 15:46:16,286 - INFO - 1289 | SELL | 25753.24 |  42.4 |  -2.36% |  -5.66% |   -0.0039 | $    388.10 | $    255.22 | 0.005160
2025-06-08 15:46:16,286 - INFO - 1290 | BUY  | 26240.20 |  50.8 |  -0.52% |   1.19% |   -0.0032 | $    389.36 | $    191.41 | 0.007544
2025-06-08 15:46:16,287 - INFO - 1291 | HOLD | 25905.65 |  48.5 |  -1.62% |   0.41% |   -0.0034 | $    386.83 | $    191.41 | 0.007544
2025-06-08 15:46:16,287 - INFO - 1292 | SELL | 25895.68 |  48.8 |  -1.66% |   0.10% |   -0.0037 | $    384.32 | $    237.81 | 0.005658
2025-06-08 15:46:16,287 - INFO - 1293 | HOLD | 25832.23 |  47.3 |  -1.90% |  -0.53% |   -0.0037 | $    383.96 | $    237.81 | 0.005658
2025-06-08 15:46:16,287 - INFO - 1294 | SELL | 25162.65 |  41.4 |  -4.45% |  -2.52% |   -0.0038 | $    378.39 | $    271.62 | 0.004243
2025-06-08 15:46:16,287 - INFO - 1295 | BUY  | 25833.34 |  29.2 |  -1.90% |   0.21% |   -0.0041 | $    379.91 | $    203.71 | 0.006820
2025-06-08 15:46:16,287 - INFO - 
Action distribution for Episode 220:
2025-06-08 15:46:16,287 - INFO -   HOLD:  299 ( 23.1%)
2025-06-08 15:46:16,287 - INFO -   BUY:   652 ( 50.3%)
2025-06-08 15:46:16,287 - INFO -   SELL:  345 ( 26.6%)
2025-06-08 15:46:16,287 - INFO - ------------------------------------------------------------------------------------------------------------------------
2025-06-08 15:46:16,992 - INFO - Step 286000: Loss = 115.107666, Epsilon = 0.7271
2025-06-08 15:46:16,992 - INFO - Step 286000: Target network updated
2025-06-08 15:46:17,334 - INFO - Episode 221: Reward = -2.1251, Portfolio = $364.82, Return = -96.35%, Cash = $64.61, Crypto = 0.011621, Steps = 1296
2025-06-08 15:46:17,810 - INFO - Step 287000: Loss = 0.022376, Epsilon = 0.7262
2025-06-08 15:46:18,372 - INFO - Episode 222: Reward = -2.1459, Portfolio = $690.80, Return = -93.09%, Cash = $161.20, Crypto = 0.020501, Steps = 1296
2025-06-08 15:46:18,606 - INFO - Step 288000: Loss = 33.683369, Epsilon = 0.7252
2025-06-08 15:46:18,607 - INFO - Step 288000: Target network updated
2025-06-08 15:46:19,386 - INFO - Step 289000: Loss = 0.221649, Epsilon = 0.7243
2025-06-08 15:46:19,392 - INFO - Episode 223: Reward = -2.0333, Portfolio = $418.62, Return = -95.81%, Cash = $52.75, Crypto = 0.014163, Steps = 1296
2025-06-08 15:46:20,176 - INFO - Step 290000: Loss = 34.656322, Epsilon = 0.7233
2025-06-08 15:46:20,177 - INFO - Step 290000: Target network updated
2025-06-08 15:46:20,416 - INFO - Episode 224: Reward = -1.5857, Portfolio = $783.73, Return = -92.16%, Cash = $248.78, Crypto = 0.020707, Steps = 1296
2025-06-08 15:46:20,968 - INFO - Step 291000: Loss = 0.022786, Epsilon = 0.7223
2025-06-08 15:46:21,445 - INFO - Episode 225: Reward = -1.6767, Portfolio = $690.30, Return = -93.10%, Cash = $13.01, Crypto = 0.026218, Steps = 1296
2025-06-08 15:46:21,762 - INFO - Step 292000: Loss = 0.017788, Epsilon = 0.7214
2025-06-08 15:46:21,763 - INFO - Step 292000: Target network updated
2025-06-08 15:46:22,478 - INFO - Episode 226: Reward = -1.9606, Portfolio = $396.47, Return = -96.04%, Cash = $74.40, Crypto = 0.012467, Steps = 1296
2025-06-08 15:46:22,565 - INFO - Step 293000: Loss = 16271.819336, Epsilon = 0.7204
2025-06-08 15:46:23,352 - INFO - Step 294000: Loss = 35157.394531, Epsilon = 0.7195
2025-06-08 15:46:23,352 - INFO - Step 294000: Target network updated
2025-06-08 15:46:23,503 - INFO - Episode 227: Reward = -1.6040, Portfolio = $861.23, Return = -91.39%, Cash = $326.18, Crypto = 0.020712, Steps = 1296
2025-06-08 15:46:24,145 - INFO - Step 295000: Loss = 0.020836, Epsilon = 0.7185
2025-06-08 15:46:24,528 - INFO - Episode 228: Reward = -1.6787, Portfolio = $530.17, Return = -94.70%, Cash = $175.57, Crypto = 0.013726, Steps = 1296
2025-06-08 15:46:24,933 - INFO - Step 296000: Loss = 0.021579, Epsilon = 0.7176
2025-06-08 15:46:24,934 - INFO - Step 296000: Target network updated
2025-06-08 15:46:25,542 - INFO - Episode 229: Reward = -1.8337, Portfolio = $659.84, Return = -93.40%, Cash = $310.56, Crypto = 0.013521, Steps = 1296
2025-06-08 15:46:25,721 - INFO - Step 297000: Loss = 0.413642, Epsilon = 0.7166
2025-06-08 15:46:26,557 - INFO - Step 298000: Loss = 0.022118, Epsilon = 0.7157
2025-06-08 15:46:26,557 - INFO - Step 298000: Target network updated
2025-06-08 15:46:26,619 - INFO - Episode 230: Reward = -1.5582, Portfolio = $580.09, Return = -94.20%, Cash = $152.21, Crypto = 0.016563, Steps = 1296
2025-06-08 15:46:26,619 - INFO - Episode 230 Summary: Avg Reward (100 eps) = -1.9529, Avg Portfolio (100 eps) = $541.78, Epsilon = 0.716
2025-06-08 15:46:26,619 - INFO - 
Detailed steps for Episode 230:
2025-06-08 15:46:26,619 - INFO - Step | Action | Price    | RSI   | PnL    | WkChg  | Reward    | Portfolio   | Cash       | Crypto
2025-06-08 15:46:26,619 - INFO - ------------------------------------------------------------------------------------------------------------------------
2025-06-08 15:46:26,619 - INFO -    0 | BUY  |  9341.71 |  35.4 |  -2.00% |  -7.89% |   -0.0049 | $   9950.98 | $   7500.00 | 0.262370
2025-06-08 15:46:26,619 - INFO -    1 | BUY  |  8820.52 |  27.7 |  -5.58% |  -8.44% |   -0.0174 | $   9777.47 | $   5625.00 | 0.470774
2025-06-08 15:46:26,619 - INFO -    2 | BUY  |  8784.49 |  28.3 |  -3.58% |  -8.58% |   -0.0046 | $   9732.94 | $   4218.75 | 0.627718
2025-06-08 15:46:26,619 - INFO -    3 | SELL |  8672.46 |  25.2 |  -3.95% | -10.47% |   -0.0142 | $   9594.56 | $   5511.67 | 0.470789
2025-06-08 15:46:26,619 - INFO -    4 | HOLD |  8599.51 |  28.2 |  -4.76% | -11.01% |   -0.0036 | $   9560.22 | $   5511.67 | 0.470789
2025-06-08 15:46:26,619 - INFO -    5 | BUY  |  8562.45 |  26.8 |  -5.17% | -13.72% |   -0.0047 | $   9515.76 | $   4133.75 | 0.628559
2025-06-08 15:46:26,619 - INFO -    6 | SELL |  8869.67 |  36.4 |  -0.48% |  -8.09% |    0.0130 | $   9639.17 | $   5457.84 | 0.471419
2025-06-08 15:46:26,619 - INFO -    7 | BUY  |  8787.79 |  24.4 |  -1.40% |  -5.93% |   -0.0068 | $   9573.81 | $   4093.38 | 0.623642
2025-06-08 15:46:26,619 - INFO -    8 | BUY  |  8755.25 |  29.8 |  -1.42% |  -0.74% |   -0.0042 | $   9533.46 | $   3070.03 | 0.738234
2025-06-08 15:46:26,619 - INFO -    9 | BUY  |  9078.76 |  39.3 |   2.44% |   3.35% |    0.0235 | $   9757.24 | $   2302.53 | 0.821115
2025-06-08 15:46:26,619 - INFO -   10 | SELL |  9122.55 |  38.4 |   2.68% |   5.19% |   -0.0059 | $   9699.56 | $   4081.56 | 0.615837
2025-06-08 15:46:26,619 - INFO -   11 | BUY  |  8909.95 |  35.7 |   0.29% |   3.61% |   -0.0156 | $   9548.63 | $   3061.17 | 0.728113
2025-06-08 15:46:26,619 - INFO -   12 | BUY  |  8108.12 |  21.3 |  -8.77% |  -5.31% |   -0.0627 | $   8949.79 | $   2295.88 | 0.820649
2025-06-08 15:46:26,619 - INFO -   13 | SELL |  7923.64 |  21.9 |  -9.96% | -10.67% |   -0.0260 | $   8717.12 | $   3840.23 | 0.615487
2025-06-08 15:46:26,619 - INFO -   14 | BUY  |  7909.73 |  24.3 | -10.12% |  -9.99% |   -0.0031 | $   8689.73 | $   2880.17 | 0.734483
2025-06-08 15:46:26,619 - INFO -   15 | HOLD |  7911.43 |  29.9 |  -8.60% |  -9.64% |    0.0001 | $   8690.98 | $   2880.17 | 0.734483
2025-06-08 15:46:26,619 - INFO -   16 | BUY  |  4970.79 |  13.1 | -42.57% | -45.25% |   -0.2501 | $   6517.01 | $   2160.13 | 0.876498
2025-06-08 15:46:26,619 - INFO -   17 | SELL |  5563.71 |  22.5 | -30.96% | -39.01% |    0.0704 | $   6975.75 | $   3318.31 | 0.657373
2025-06-08 15:46:26,619 - INFO -   18 | BUY  |  5200.37 |  21.4 | -35.47% | -41.63% |   -0.0366 | $   6720.63 | $   2488.74 | 0.813769
2025-06-08 15:46:26,619 - INFO -   19 | HOLD |  5392.31 |  24.0 | -28.19% | -33.49% |   -0.0028 | $   6876.83 | $   2488.74 | 0.813769
2025-06-08 15:46:26,619 - INFO -   ...    ...      ...       ...     ...       ...      ...         ...          ...         ...
2025-06-08 15:46:26,619 - INFO - 1276 | HOLD | 26162.37 |  14.8 |  -5.40% |  -1.88% |   -0.0047 | $    625.01 | $    263.10 | 0.013833
2025-06-08 15:46:26,619 - INFO - 1277 | BUY  | 26047.67 |  14.5 |  -5.82% |  -0.01% |   -0.0048 | $    622.14 | $    197.33 | 0.016309
2025-06-08 15:46:26,619 - INFO - 1278 | BUY  | 26008.46 |  14.0 |  -5.12% |  -0.34% |   -0.0049 | $    620.53 | $    148.00 | 0.018169
2025-06-08 15:46:26,619 - INFO - 1279 | BUY  | 26089.69 |  15.9 |  -4.32% |  -0.38% |   -0.0049 | $    621.28 | $    111.00 | 0.019559
2025-06-08 15:46:26,619 - INFO - 1280 | HOLD | 26106.15 |  13.9 |  -3.97% |  -0.07% |   -0.0057 | $    621.60 | $    111.00 | 0.019559
2025-06-08 15:46:26,620 - INFO - 1281 | BUY  | 27727.39 |  37.9 |   2.00% |   6.51% |   -0.0022 | $    652.77 | $     83.25 | 0.020540
2025-06-08 15:46:26,620 - INFO - 1282 | HOLD | 27297.27 |  38.1 |   0.32% |   3.27% |   -0.0025 | $    643.93 | $     83.25 | 0.020540
2025-06-08 15:46:26,620 - INFO - 1283 | SELL | 25931.47 |  43.0 |  -4.70% |  -0.88% |   -0.0034 | $    609.22 | $    209.75 | 0.015405
2025-06-08 15:46:26,620 - INFO - 1284 | SELL | 25800.72 |  47.4 |  -5.18% |  -0.95% |   -0.0034 | $    602.24 | $    304.14 | 0.011554
2025-06-08 15:46:26,620 - INFO - 1285 | BUY  | 25868.80 |  47.6 |  -4.93% |  -0.54% |   -0.0032 | $    601.54 | $    228.11 | 0.014435
2025-06-08 15:46:26,620 - INFO - 1286 | BUY  | 25969.57 |  47.7 |  -3.61% |  -0.46% |   -0.0031 | $    601.87 | $    171.08 | 0.016588
2025-06-08 15:46:26,620 - INFO - 1287 | SELL | 25812.42 |  46.8 |  -3.74% |  -1.13% |   -0.0033 | $    593.91 | $    272.78 | 0.012441
2025-06-08 15:46:26,620 - INFO - 1288 | HOLD | 25779.98 |  47.4 |  -3.87% |  -7.02% |   -0.0031 | $    593.51 | $    272.78 | 0.012441
2025-06-08 15:46:26,620 - INFO - 1289 | BUY  | 25753.24 |  42.4 |  -3.97% |  -5.66% |   -0.0022 | $    591.84 | $    204.58 | 0.015037
2025-06-08 15:46:26,620 - INFO - 1290 | HOLD | 26240.20 |  50.8 |  -1.48% |   1.19% |   -0.0014 | $    599.16 | $    204.58 | 0.015037
2025-06-08 15:46:26,620 - INFO - 1291 | BUY  | 25905.65 |  48.5 |  -2.73% |   0.41% |   -0.0017 | $    593.13 | $    153.44 | 0.016973
2025-06-08 15:46:26,620 - INFO - 1292 | BUY  | 25895.68 |  48.8 |  -2.46% |   0.10% |   -0.0016 | $    592.21 | $    115.08 | 0.018425
2025-06-08 15:46:26,620 - INFO - 1293 | BUY  | 25832.23 |  47.3 |  -2.51% |  -0.53% |   -0.0016 | $    590.47 | $     86.31 | 0.019517
2025-06-08 15:46:26,620 - INFO - 1294 | SELL | 25162.65 |  41.4 |  -4.91% |  -2.52% |   -0.0023 | $    571.27 | $    202.94 | 0.014638
2025-06-08 15:46:26,620 - INFO - 1295 | BUY  | 25833.34 |  29.2 |  -2.37% |   0.21% |   -0.0021 | $    580.09 | $    152.21 | 0.016563
2025-06-08 15:46:26,620 - INFO - 
Action distribution for Episode 230:
2025-06-08 15:46:26,620 - INFO -   HOLD:  325 ( 25.1%)
2025-06-08 15:46:26,620 - INFO -   BUY:   677 ( 52.2%)
2025-06-08 15:46:26,620 - INFO -   SELL:  294 ( 22.7%)
2025-06-08 15:46:26,620 - INFO - ------------------------------------------------------------------------------------------------------------------------
2025-06-08 15:46:27,395 - INFO - Step 299000: Loss = 5.065747, Epsilon = 0.7147
2025-06-08 15:46:27,703 - INFO - Episode 231: Reward = -1.9689, Portfolio = $534.26, Return = -94.66%, Cash = $189.34, Crypto = 0.013352, Steps = 1296
2025-06-08 15:46:28,213 - INFO - Step 300000: Loss = 0.028616, Epsilon = 0.7138
2025-06-08 15:46:28,213 - INFO - Step 300000: Target network updated
2025-06-08 15:46:28,740 - INFO - Episode 232: Reward = -1.6308, Portfolio = $531.97, Return = -94.68%, Cash = $145.22, Crypto = 0.014971, Steps = 1296
2025-06-08 15:46:29,000 - INFO - Step 301000: Loss = 0.016543, Epsilon = 0.7128
2025-06-08 15:46:29,759 - INFO - Episode 233: Reward = -1.7152, Portfolio = $601.18, Return = -93.99%, Cash = $229.60, Crypto = 0.014384, Steps = 1296
2025-06-08 15:46:29,789 - INFO - Step 302000: Loss = 0.028593, Epsilon = 0.7119
2025-06-08 15:46:29,789 - INFO - Step 302000: Target network updated
2025-06-08 15:46:30,576 - INFO - Step 303000: Loss = 0.025570, Epsilon = 0.7109
2025-06-08 15:46:30,790 - INFO - Episode 234: Reward = -1.8067, Portfolio = $528.01, Return = -94.72%, Cash = $10.99, Crypto = 0.020014, Steps = 1296
2025-06-08 15:46:31,382 - INFO - Step 304000: Loss = 0.019343, Epsilon = 0.7099
2025-06-08 15:46:31,382 - INFO - Step 304000: Target network updated
2025-06-08 15:46:31,821 - INFO - Episode 235: Reward = -1.7726, Portfolio = $617.47, Return = -93.83%, Cash = $116.28, Crypto = 0.019401, Steps = 1296
2025-06-08 15:46:32,172 - INFO - Step 305000: Loss = 0.021582, Epsilon = 0.7090
2025-06-08 15:46:32,842 - INFO - Episode 236: Reward = -1.5910, Portfolio = $878.03, Return = -91.22%, Cash = $320.72, Crypto = 0.021573, Steps = 1296
2025-06-08 15:46:32,963 - INFO - Step 306000: Loss = 0.010441, Epsilon = 0.7080
2025-06-08 15:46:32,964 - INFO - Step 306000: Target network updated
2025-06-08 15:46:33,756 - INFO - Step 307000: Loss = 0.020767, Epsilon = 0.7071
2025-06-08 15:46:33,874 - INFO - Episode 237: Reward = -1.7495, Portfolio = $541.93, Return = -94.58%, Cash = $157.89, Crypto = 0.014866, Steps = 1296
2025-06-08 15:46:34,552 - INFO - Step 308000: Loss = 4.268950, Epsilon = 0.7061
2025-06-08 15:46:34,553 - INFO - Step 308000: Target network updated
2025-06-08 15:46:34,906 - INFO - Episode 238: Reward = -1.7309, Portfolio = $646.14, Return = -93.54%, Cash = $347.76, Crypto = 0.011550, Steps = 1296
2025-06-08 15:46:35,376 - INFO - Step 309000: Loss = 6.210352, Epsilon = 0.7052
2025-06-08 15:46:36,012 - INFO - Episode 239: Reward = -1.4852, Portfolio = $1240.48, Return = -87.60%, Cash = $642.82, Crypto = 0.023135, Steps = 1296
2025-06-08 15:46:36,229 - INFO - Step 310000: Loss = 0.025483, Epsilon = 0.7042
2025-06-08 15:46:36,230 - INFO - Step 310000: Target network updated
2025-06-08 15:46:37,036 - INFO - Step 311000: Loss = 427915520.000000, Epsilon = 0.7033
2025-06-08 15:46:37,068 - INFO - Episode 240: Reward = -1.8312, Portfolio = $688.58, Return = -93.11%, Cash = $296.21, Crypto = 0.015188, Steps = 1296
2025-06-08 15:46:37,068 - INFO - Episode 240 Summary: Avg Reward (100 eps) = -1.9143, Avg Portfolio (100 eps) = $561.21, Epsilon = 0.703
2025-06-08 15:46:37,068 - INFO - 
Detailed steps for Episode 240:
2025-06-08 15:46:37,068 - INFO - Step | Action | Price    | RSI   | PnL    | WkChg  | Reward    | Portfolio   | Cash       | Crypto
2025-06-08 15:46:37,068 - INFO - ------------------------------------------------------------------------------------------------------------------------
2025-06-08 15:46:37,068 - INFO -    0 | BUY  |  9341.71 |  35.4 |  -2.00% |  -7.89% |   -0.0049 | $   9950.98 | $   7500.00 | 0.262370
2025-06-08 15:46:37,068 - INFO -    1 | BUY  |  8820.52 |  27.7 |  -5.58% |  -8.44% |   -0.0174 | $   9777.47 | $   5625.00 | 0.470774
2025-06-08 15:46:37,068 - INFO -    2 | BUY  |  8784.49 |  28.3 |  -3.58% |  -8.58% |   -0.0046 | $   9732.94 | $   4218.75 | 0.627718
2025-06-08 15:46:37,068 - INFO -    3 | BUY  |  8672.46 |  25.2 |  -3.95% | -10.47% |   -0.0094 | $   9641.93 | $   3164.06 | 0.746947
2025-06-08 15:46:37,068 - INFO -    4 | HOLD |  8599.51 |  28.2 |  -4.16% | -11.01% |   -0.0057 | $   9587.44 | $   3164.06 | 0.746947
2025-06-08 15:46:37,068 - INFO -    5 | BUY  |  8562.45 |  26.8 |  -4.57% | -13.72% |   -0.0045 | $   9544.25 | $   2373.05 | 0.837518
2025-06-08 15:46:37,068 - INFO -    6 | BUY  |  8869.67 |  36.4 |  -0.65% |  -8.09% |    0.0257 | $   9789.92 | $   1779.79 | 0.903093
2025-06-08 15:46:37,068 - INFO -    7 | SELL |  8787.79 |  24.4 |  -1.52% |  -5.93% |   -0.0177 | $   9616.77 | $   3664.63 | 0.677320
2025-06-08 15:46:37,068 - INFO -    8 | SELL |  8755.25 |  29.8 |  -1.89% |  -0.74% |   -0.0100 | $   9520.60 | $   5073.03 | 0.507990
2025-06-08 15:46:37,068 - INFO -    9 | BUY  |  9078.76 |  39.3 |   1.74% |   3.35% |    0.0146 | $   9660.08 | $   3804.77 | 0.644946
2025-06-08 15:46:37,068 - INFO -   10 | HOLD |  9122.55 |  38.4 |   1.85% |   5.19% |    0.0029 | $   9688.32 | $   3804.77 | 0.644946
2025-06-08 15:46:37,068 - INFO -   11 | SELL |  8909.95 |  35.7 |  -0.52% |   3.61% |   -0.0216 | $   9479.38 | $   5169.55 | 0.483709
2025-06-08 15:46:37,068 - INFO -   12 | BUY  |  8108.12 |  21.3 |  -9.47% |  -5.31% |   -0.0436 | $   9066.18 | $   3877.16 | 0.639978
2025-06-08 15:46:37,068 - INFO -   13 | SELL |  7923.64 |  21.9 |  -9.44% | -10.67% |   -0.0200 | $   8884.73 | $   5081.51 | 0.479984
2025-06-08 15:46:37,068 - INFO -   14 | BUY  |  7909.73 |  24.3 |  -9.60% |  -9.99% |   -0.0036 | $   8853.15 | $   3811.14 | 0.637444
2025-06-08 15:46:37,068 - INFO -   15 | BUY  |  7911.43 |  29.9 |  -7.38% |  -9.64% |   -0.0020 | $   8835.55 | $   2858.35 | 0.755514
2025-06-08 15:46:37,068 - INFO -   16 | BUY  |  4970.79 |  13.1 | -41.13% | -45.25% |   -0.2530 | $   6599.84 | $   2143.76 | 0.896453
2025-06-08 15:46:37,068 - INFO -   17 | HOLD |  5563.71 |  22.5 | -29.55% | -39.01% |    0.0805 | $   7131.36 | $   2143.76 | 0.896453
2025-06-08 15:46:37,068 - INFO -   18 | SELL |  5200.37 |  21.4 | -34.15% | -41.63% |   -0.0538 | $   6747.37 | $   3250.96 | 0.672339
2025-06-08 15:46:37,068 - INFO -   19 | BUY  |  5392.31 |  24.0 | -31.72% | -33.49% |   -0.0028 | $   6860.49 | $   2438.22 | 0.820106
2025-06-08 15:46:37,068 - INFO -   ...    ...      ...       ...     ...       ...      ...         ...          ...         ...
2025-06-08 15:46:37,068 - INFO - 1276 | BUY  | 26162.37 |  14.8 |  -4.38% |  -1.88% |   -0.0061 | $    722.62 | $     90.88 | 0.024147
2025-06-08 15:46:37,068 - INFO - 1277 | HOLD | 26047.67 |  14.5 |  -4.60% |  -0.01% |   -0.0063 | $    719.85 | $     90.88 | 0.024147
2025-06-08 15:46:37,069 - INFO - 1278 | BUY  | 26008.46 |  14.0 |  -4.74% |  -0.34% |   -0.0058 | $    718.46 | $     68.16 | 0.025003
2025-06-08 15:46:37,069 - INFO - 1279 | HOLD | 26089.69 |  15.9 |  -4.29% |  -0.38% |   -0.0052 | $    720.49 | $     68.16 | 0.025003
2025-06-08 15:46:37,069 - INFO - 1280 | BUY  | 26106.15 |  13.9 |  -4.23% |  -0.07% |   -0.0060 | $    720.57 | $     51.12 | 0.025643
2025-06-08 15:46:37,069 - INFO - 1281 | HOLD | 27727.39 |  37.9 |   1.83% |   6.51% |   -0.0012 | $    762.14 | $     51.12 | 0.025643
2025-06-08 15:46:37,069 - INFO - 1282 | HOLD | 27297.27 |  38.1 |   0.25% |   3.27% |   -0.0012 | $    751.11 | $     51.12 | 0.025643
2025-06-08 15:46:37,069 - INFO - 1283 | BUY  | 25931.47 |  43.0 |  -4.77% |  -0.88% |   -0.0023 | $    715.84 | $     38.34 | 0.026126
2025-06-08 15:46:37,069 - INFO - 1284 | HOLD | 25800.72 |  47.4 |  -5.17% |  -0.95% |   -0.0022 | $    712.42 | $     38.34 | 0.026126
2025-06-08 15:46:37,069 - INFO - 1285 | BUY  | 25868.80 |  47.6 |  -4.92% |  -0.54% |   -0.0020 | $    714.01 | $     28.76 | 0.026490
2025-06-08 15:46:37,069 - INFO - 1286 | BUY  | 25969.57 |  47.7 |  -4.48% |  -0.46% |   -0.0018 | $    716.54 | $     21.57 | 0.026761
2025-06-08 15:46:37,069 - INFO - 1287 | HOLD | 25812.42 |  46.8 |  -5.02% |  -1.13% |   -0.0019 | $    712.34 | $     21.57 | 0.026761
2025-06-08 15:46:37,069 - INFO - 1288 | BUY  | 25779.98 |  47.4 |  -5.14% |  -7.02% |   -0.0017 | $    711.36 | $     16.17 | 0.026966
2025-06-08 15:46:37,069 - INFO - 1289 | BUY  | 25753.24 |  42.4 |  -5.20% |  -5.66% |   -0.0009 | $    710.56 | $     12.13 | 0.027120
2025-06-08 15:46:37,069 - INFO - 1290 | HOLD | 26240.20 |  50.8 |  -3.38% |   1.19% |   -0.0001 | $    723.77 | $     12.13 | 0.027120
2025-06-08 15:46:37,069 - INFO - 1291 | SELL | 25905.65 |  48.5 |  -4.61% |   0.41% |   -0.0007 | $    705.91 | $    178.99 | 0.020340
2025-06-08 15:46:37,069 - INFO - 1292 | HOLD | 25895.68 |  48.8 |  -4.64% |   0.10% |   -0.0007 | $    705.71 | $    178.99 | 0.020340
2025-06-08 15:46:37,069 - INFO - 1293 | SELL | 25832.23 |  47.3 |  -4.88% |  -0.53% |   -0.0009 | $    697.85 | $    303.78 | 0.015255
2025-06-08 15:46:37,069 - INFO - 1294 | SELL | 25162.65 |  41.4 |  -7.34% |  -2.52% |   -0.0014 | $    682.84 | $    394.95 | 0.011441
2025-06-08 15:46:37,069 - INFO - 1295 | BUY  | 25833.34 |  29.2 |  -4.87% |   0.21% |   -0.0014 | $    688.58 | $    296.21 | 0.015188
2025-06-08 15:46:37,069 - INFO - 
Action distribution for Episode 240:
2025-06-08 15:46:37,069 - INFO -   HOLD:  320 ( 24.7%)
2025-06-08 15:46:37,069 - INFO -   BUY:   648 ( 50.0%)
2025-06-08 15:46:37,069 - INFO -   SELL:  328 ( 25.3%)
2025-06-08 15:46:37,069 - INFO - ------------------------------------------------------------------------------------------------------------------------
2025-06-08 15:46:37,888 - INFO - Step 312000: Loss = 0.023065, Epsilon = 0.7023
2025-06-08 15:46:37,888 - INFO - Step 312000: Target network updated
2025-06-08 15:46:38,184 - INFO - Episode 241: Reward = -2.0037, Portfolio = $624.82, Return = -93.75%, Cash = $155.47, Crypto = 0.018168, Steps = 1296
2025-06-08 15:46:38,724 - INFO - Step 313000: Loss = 0.055097, Epsilon = 0.7014
2025-06-08 15:46:39,223 - INFO - Episode 242: Reward = -1.4952, Portfolio = $941.11, Return = -90.59%, Cash = $174.37, Crypto = 0.029680, Steps = 1296
2025-06-08 15:46:39,520 - INFO - Step 314000: Loss = 1290910208.000000, Epsilon = 0.7004
2025-06-08 15:46:39,520 - INFO - Step 314000: Target network updated
2025-06-08 15:46:40,246 - INFO - Episode 243: Reward = -1.4988, Portfolio = $974.53, Return = -90.25%, Cash = $361.05, Crypto = 0.023748, Steps = 1296
2025-06-08 15:46:40,307 - INFO - Step 315000: Loss = 0.013962, Epsilon = 0.6995
2025-06-08 15:46:41,169 - INFO - Step 316000: Loss = 0.012953, Epsilon = 0.6985
2025-06-08 15:46:41,169 - INFO - Step 316000: Target network updated
2025-06-08 15:46:41,369 - INFO - Episode 244: Reward = -1.8864, Portfolio = $437.52, Return = -95.62%, Cash = $190.18, Crypto = 0.009575, Steps = 1296
2025-06-08 15:46:42,132 - INFO - Step 317000: Loss = 0.009855, Epsilon = 0.6975
2025-06-08 15:46:42,623 - INFO - Episode 245: Reward = -1.8117, Portfolio = $588.40, Return = -94.12%, Cash = $211.04, Crypto = 0.014608, Steps = 1296
2025-06-08 15:46:43,019 - INFO - Step 318000: Loss = 0.014369, Epsilon = 0.6966
2025-06-08 15:46:43,019 - INFO - Step 318000: Target network updated
2025-06-08 15:46:43,660 - INFO - Episode 246: Reward = -2.2072, Portfolio = $266.35, Return = -97.34%, Cash = $141.59, Crypto = 0.004830, Steps = 1296
2025-06-08 15:46:43,810 - INFO - Step 319000: Loss = 3460.834473, Epsilon = 0.6956
2025-06-08 15:46:44,641 - INFO - Step 320000: Loss = 0.018190, Epsilon = 0.6947
2025-06-08 15:46:44,642 - INFO - Step 320000: Target network updated
2025-06-08 15:46:44,741 - INFO - Episode 247: Reward = -2.1592, Portfolio = $522.82, Return = -94.77%, Cash = $20.41, Crypto = 0.019448, Steps = 1296
2025-06-08 15:46:45,508 - INFO - Step 321000: Loss = 0.010219, Epsilon = 0.6937
2025-06-08 15:46:45,832 - INFO - Episode 248: Reward = -2.1045, Portfolio = $395.53, Return = -96.04%, Cash = $203.53, Crypto = 0.007432, Steps = 1296
2025-06-08 15:46:46,303 - INFO - Step 322000: Loss = 22.627872, Epsilon = 0.6928
2025-06-08 15:46:46,303 - INFO - Step 322000: Target network updated
2025-06-08 15:46:46,860 - INFO - Episode 249: Reward = -2.3484, Portfolio = $322.98, Return = -96.77%, Cash = $92.26, Crypto = 0.008931, Steps = 1296
2025-06-08 15:46:47,096 - INFO - Step 323000: Loss = 0.006286, Epsilon = 0.6918
2025-06-08 15:46:47,882 - INFO - Step 324000: Loss = 69.684669, Epsilon = 0.6909
2025-06-08 15:46:47,883 - INFO - Step 324000: Target network updated
2025-06-08 15:46:47,883 - INFO - Episode 250: Reward = -2.8980, Portfolio = $202.63, Return = -97.97%, Cash = $85.79, Crypto = 0.004523, Steps = 1296
2025-06-08 15:46:47,883 - INFO - Episode 250 Summary: Avg Reward (100 eps) = -1.9104, Avg Portfolio (100 eps) = $567.39, Epsilon = 0.691
2025-06-08 15:46:47,883 - INFO - 
Detailed steps for Episode 250:
2025-06-08 15:46:47,883 - INFO - Step | Action | Price    | RSI   | PnL    | WkChg  | Reward    | Portfolio   | Cash       | Crypto
2025-06-08 15:46:47,883 - INFO - ------------------------------------------------------------------------------------------------------------------------
2025-06-08 15:46:47,883 - INFO -    0 | BUY  |  9341.71 |  35.4 |  -2.00% |  -7.89% |   -0.0049 | $   9950.98 | $   7500.00 | 0.262370
2025-06-08 15:46:47,883 - INFO -    1 | BUY  |  8820.52 |  27.7 |  -5.58% |  -8.44% |   -0.0174 | $   9777.47 | $   5625.00 | 0.470774
2025-06-08 15:46:47,883 - INFO -    2 | BUY  |  8784.49 |  28.3 |  -3.58% |  -8.58% |   -0.0046 | $   9732.94 | $   4218.75 | 0.627718
2025-06-08 15:46:47,883 - INFO -    3 | BUY  |  8672.46 |  25.2 |  -3.95% | -10.47% |   -0.0094 | $   9641.93 | $   3164.06 | 0.746947
2025-06-08 15:46:47,883 - INFO -    4 | BUY  |  8599.51 |  28.2 |  -4.16% | -11.01% |   -0.0073 | $   9571.93 | $   2373.05 | 0.837127
2025-06-08 15:46:47,883 - INFO -    5 | SELL |  8562.45 |  26.8 |  -4.14% | -13.72% |   -0.0126 | $   9451.31 | $   4075.41 | 0.627846
2025-06-08 15:46:47,883 - INFO -    6 | HOLD |  8869.67 |  36.4 |  -0.70% |  -8.09% |    0.0204 | $   9644.20 | $   4075.41 | 0.627846
2025-06-08 15:46:47,883 - INFO -    7 | BUY  |  8787.79 |  24.4 |  -1.62% |  -5.93% |   -0.0074 | $   9572.81 | $   3056.56 | 0.741512
2025-06-08 15:46:47,883 - INFO -    8 | BUY  |  8755.25 |  29.8 |  -1.74% |  -0.74% |   -0.0041 | $   9533.70 | $   2292.42 | 0.827079
2025-06-08 15:46:47,883 - INFO -    9 | HOLD |  9078.76 |  39.3 |   2.08% |   3.35% |    0.0281 | $   9801.27 | $   2292.42 | 0.827079
2025-06-08 15:46:47,883 - INFO -   10 | HOLD |  9122.55 |  38.4 |   2.57% |   5.19% |    0.0037 | $   9837.48 | $   2292.42 | 0.827079
2025-06-08 15:46:47,883 - INFO -   11 | BUY  |  8909.95 |  35.7 |   0.18% |   3.61% |   -0.0190 | $   9650.42 | $   1719.32 | 0.890139
2025-06-08 15:46:47,883 - INFO -   12 | SELL |  8108.12 |  21.3 |  -8.85% |  -5.31% |   -0.0833 | $   8846.45 | $   3433.44 | 0.667605
2025-06-08 15:46:47,883 - INFO -   13 | HOLD |  7923.64 |  21.9 | -10.92% | -10.67% |   -0.0139 | $   8723.30 | $   3433.44 | 0.667605
2025-06-08 15:46:47,883 - INFO -   14 | HOLD |  7909.73 |  24.3 | -11.08% |  -9.99% |   -0.0011 | $   8714.01 | $   3433.44 | 0.667605
2025-06-08 15:46:47,883 - INFO -   15 | HOLD |  7911.43 |  29.9 | -11.06% |  -9.64% |    0.0001 | $   8715.14 | $   3433.44 | 0.667605
2025-06-08 15:46:47,883 - INFO -   16 | BUY  |  4970.79 |  13.1 | -44.12% | -45.25% |   -0.2272 | $   6735.13 | $   2575.08 | 0.836899
2025-06-08 15:46:47,883 - INFO -   17 | BUY  |  5563.71 |  22.5 | -31.32% | -39.01% |    0.0718 | $   7218.72 | $   1931.31 | 0.950339
2025-06-08 15:46:47,883 - INFO -   18 | BUY  |  5200.37 |  21.4 | -33.32% | -41.63% |   -0.0491 | $   6863.95 | $   1448.48 | 1.041364
2025-06-08 15:46:47,883 - INFO -   19 | HOLD |  5392.31 |  24.0 | -28.78% | -33.49% |   -0.0027 | $   7063.84 | $   1448.48 | 1.041364
2025-06-08 15:46:47,883 - INFO -   ...    ...      ...       ...     ...       ...      ...         ...          ...         ...
2025-06-08 15:46:47,883 - INFO - 1276 | BUY  | 26162.37 |  14.8 |  -8.69% |  -1.88% |   -0.0050 | $    218.18 | $     24.38 | 0.007408
2025-06-08 15:46:47,883 - INFO - 1277 | BUY  | 26047.67 |  14.5 |  -8.77% |  -0.01% |   -0.0050 | $    217.21 | $     18.28 | 0.007637
2025-06-08 15:46:47,883 - INFO - 1278 | BUY  | 26008.46 |  14.0 |  -8.66% |  -0.34% |   -0.0049 | $    216.83 | $     13.71 | 0.007809
2025-06-08 15:46:47,883 - INFO - 1279 | SELL | 26089.69 |  15.9 |  -8.20% |  -0.38% |   -0.0052 | $    214.91 | $     62.10 | 0.005857
2025-06-08 15:46:47,883 - INFO - 1280 | BUY  | 26106.15 |  13.9 |  -8.14% |  -0.07% |   -0.0056 | $    214.71 | $     46.58 | 0.006440
2025-06-08 15:46:47,883 - INFO - 1281 | SELL | 27727.39 |  37.9 |  -1.72% |   6.51% |   -0.0028 | $    222.91 | $     88.99 | 0.004830
2025-06-08 15:46:47,883 - INFO - 1282 | HOLD | 27297.27 |  38.1 |  -3.24% |   3.27% |   -0.0031 | $    220.84 | $     88.99 | 0.004830
2025-06-08 15:46:47,883 - INFO - 1283 | BUY  | 25931.47 |  43.0 |  -8.08% |  -0.88% |   -0.0036 | $    213.80 | $     66.74 | 0.005671
2025-06-08 15:46:47,883 - INFO - 1284 | HOLD | 25800.72 |  47.4 |  -7.44% |  -0.95% |   -0.0036 | $    213.06 | $     66.74 | 0.005671
2025-06-08 15:46:47,883 - INFO - 1285 | BUY  | 25868.80 |  47.6 |  -7.19% |  -0.54% |   -0.0033 | $    213.12 | $     50.06 | 0.006304
2025-06-08 15:46:47,884 - INFO - 1286 | SELL | 25969.57 |  47.7 |  -6.15% |  -0.46% |   -0.0035 | $    211.71 | $     88.93 | 0.004728
2025-06-08 15:46:47,884 - INFO - 1287 | BUY  | 25812.42 |  46.8 |  -6.72% |  -1.13% |   -0.0035 | $    210.53 | $     66.70 | 0.005572
2025-06-08 15:46:47,884 - INFO - 1288 | BUY  | 25779.98 |  47.4 |  -5.88% |  -7.02% |   -0.0032 | $    210.02 | $     50.03 | 0.006206
2025-06-08 15:46:47,884 - INFO - 1289 | SELL | 25753.24 |  42.4 |  -5.41% |  -5.66% |   -0.0026 | $    207.86 | $     87.99 | 0.004655
2025-06-08 15:46:47,884 - INFO - 1290 | HOLD | 26240.20 |  50.8 |  -3.62% |   1.19% |   -0.0015 | $    210.13 | $     87.99 | 0.004655
2025-06-08 15:46:47,884 - INFO - 1291 | BUY  | 25905.65 |  48.5 |  -4.85% |   0.41% |   -0.0018 | $    208.14 | $     65.99 | 0.005487
2025-06-08 15:46:47,884 - INFO - 1292 | BUY  | 25895.68 |  48.8 |  -4.18% |   0.10% |   -0.0020 | $    207.76 | $     49.49 | 0.006112
2025-06-08 15:46:47,884 - INFO - 1293 | SELL | 25832.23 |  47.3 |  -4.01% |  -0.53% |   -0.0023 | $    205.40 | $     86.99 | 0.004584
2025-06-08 15:46:47,884 - INFO - 1294 | SELL | 25162.65 |  41.4 |  -6.49% |  -2.52% |   -0.0029 | $    200.89 | $    114.38 | 0.003438
2025-06-08 15:46:47,884 - INFO - 1295 | BUY  | 25833.34 |  29.2 |  -4.00% |   0.21% |   -0.0031 | $    202.63 | $     85.79 | 0.004523
2025-06-08 15:46:47,884 - INFO - 
Action distribution for Episode 250:
2025-06-08 15:46:47,884 - INFO -   HOLD:  294 ( 22.7%)
2025-06-08 15:46:47,884 - INFO -   BUY:   543 ( 41.9%)
2025-06-08 15:46:47,884 - INFO -   SELL:  459 ( 35.4%)
2025-06-08 15:46:47,884 - INFO - ------------------------------------------------------------------------------------------------------------------------
2025-06-08 15:46:48,707 - INFO - Step 325000: Loss = 18.788988, Epsilon = 0.6899
2025-06-08 15:46:48,952 - INFO - Episode 251: Reward = -2.8058, Portfolio = $219.74, Return = -97.80%, Cash = $135.09, Crypto = 0.003277, Steps = 1296
2025-06-08 15:46:49,524 - INFO - Step 326000: Loss = 0.012326, Epsilon = 0.6890
2025-06-08 15:46:49,524 - INFO - Step 326000: Target network updated
2025-06-08 15:46:50,004 - INFO - Episode 252: Reward = -2.8849, Portfolio = $290.76, Return = -97.09%, Cash = $57.29, Crypto = 0.009038, Steps = 1296
2025-06-08 15:46:50,363 - INFO - Step 327000: Loss = 0.009848, Epsilon = 0.6880
2025-06-08 15:46:51,163 - INFO - Episode 253: Reward = -2.6262, Portfolio = $484.48, Return = -95.16%, Cash = $152.55, Crypto = 0.012849, Steps = 1296
2025-06-08 15:46:51,257 - INFO - Step 328000: Loss = 0.008336, Epsilon = 0.6870
2025-06-08 15:46:51,258 - INFO - Step 328000: Target network updated
2025-06-08 15:46:52,047 - INFO - Step 329000: Loss = 147.279800, Epsilon = 0.6861
2025-06-08 15:46:52,199 - INFO - Episode 254: Reward = -2.8976, Portfolio = $247.13, Return = -97.53%, Cash = $153.10, Crypto = 0.003640, Steps = 1296
2025-06-08 15:46:52,875 - INFO - Step 330000: Loss = 0.003593, Epsilon = 0.6851
2025-06-08 15:46:52,876 - INFO - Step 330000: Target network updated
2025-06-08 15:46:53,256 - INFO - Episode 255: Reward = -2.2431, Portfolio = $429.42, Return = -95.71%, Cash = $117.99, Crypto = 0.012056, Steps = 1296
2025-06-08 15:46:53,675 - INFO - Step 331000: Loss = 1.965529, Epsilon = 0.6842
2025-06-08 15:46:54,287 - INFO - Episode 256: Reward = -1.6427, Portfolio = $678.06, Return = -93.22%, Cash = $8.56, Crypto = 0.025916, Steps = 1296
2025-06-08 15:46:54,467 - INFO - Step 332000: Loss = 0.037178, Epsilon = 0.6832
2025-06-08 15:46:54,468 - INFO - Step 332000: Target network updated
2025-06-08 15:46:55,266 - INFO - Step 333000: Loss = 0.016049, Epsilon = 0.6823
2025-06-08 15:46:55,327 - INFO - Episode 257: Reward = -1.5926, Portfolio = $589.70, Return = -94.10%, Cash = $224.16, Crypto = 0.014150, Steps = 1296
2025-06-08 15:46:56,190 - INFO - Step 334000: Loss = 0.016678, Epsilon = 0.6813
2025-06-08 15:46:56,191 - INFO - Step 334000: Target network updated
2025-06-08 15:46:56,489 - INFO - Episode 258: Reward = -1.6062, Portfolio = $909.10, Return = -90.91%, Cash = $43.02, Crypto = 0.033526, Steps = 1296
2025-06-08 15:46:56,996 - INFO - Step 335000: Loss = 0.017365, Epsilon = 0.6804
2025-06-08 15:46:57,531 - INFO - Episode 259: Reward = -1.4368, Portfolio = $773.36, Return = -92.27%, Cash = $87.38, Crypto = 0.026554, Steps = 1296
2025-06-08 15:46:57,805 - INFO - Step 336000: Loss = 0.016427, Epsilon = 0.6794
2025-06-08 15:46:57,805 - INFO - Step 336000: Target network updated
2025-06-08 15:46:58,568 - INFO - Episode 260: Reward = -1.8030, Portfolio = $394.48, Return = -96.06%, Cash = $157.01, Crypto = 0.009193, Steps = 1296
2025-06-08 15:46:58,568 - INFO - Episode 260 Summary: Avg Reward (100 eps) = -1.9240, Avg Portfolio (100 eps) = $561.67, Epsilon = 0.678
2025-06-08 15:46:58,568 - INFO - 
Detailed steps for Episode 260:
2025-06-08 15:46:58,568 - INFO - Step | Action | Price    | RSI   | PnL    | WkChg  | Reward    | Portfolio   | Cash       | Crypto
2025-06-08 15:46:58,568 - INFO - ------------------------------------------------------------------------------------------------------------------------
2025-06-08 15:46:58,568 - INFO -    0 | BUY  |  9341.71 |  35.4 |  -2.00% |  -7.89% |   -0.0049 | $   9950.98 | $   7500.00 | 0.262370
2025-06-08 15:46:58,568 - INFO -    1 | BUY  |  8820.52 |  27.7 |  -5.58% |  -8.44% |   -0.0174 | $   9777.47 | $   5625.00 | 0.470774
2025-06-08 15:46:58,568 - INFO -    2 | BUY  |  8784.49 |  28.3 |  -3.58% |  -8.58% |   -0.0046 | $   9732.94 | $   4218.75 | 0.627718
2025-06-08 15:46:58,568 - INFO -    3 | BUY  |  8672.46 |  25.2 |  -3.95% | -10.47% |   -0.0094 | $   9641.93 | $   3164.06 | 0.746947
2025-06-08 15:46:58,568 - INFO -    4 | HOLD |  8599.51 |  28.2 |  -4.16% | -11.01% |   -0.0057 | $   9587.44 | $   3164.06 | 0.746947
2025-06-08 15:46:58,568 - INFO -    5 | SELL |  8562.45 |  26.8 |  -4.57% | -13.72% |   -0.0112 | $   9479.82 | $   4683.04 | 0.560210
2025-06-08 15:46:58,568 - INFO -    6 | BUY  |  8869.67 |  36.4 |  -1.14% |  -8.09% |    0.0157 | $   9628.97 | $   3512.28 | 0.689618
2025-06-08 15:46:58,568 - INFO -    7 | BUY  |  8787.79 |  24.4 |  -1.85% |  -5.93% |   -0.0077 | $   9555.28 | $   2634.21 | 0.787578
2025-06-08 15:46:58,568 - INFO -    8 | BUY  |  8755.25 |  29.8 |  -1.98% |  -0.74% |   -0.0040 | $   9516.74 | $   1975.66 | 0.861322
2025-06-08 15:46:58,568 - INFO -    9 | BUY  |  9078.76 |  39.3 |   1.81% |   3.35% |    0.0283 | $   9785.71 | $   1481.74 | 0.914658
2025-06-08 15:46:58,568 - INFO -   10 | BUY  |  9122.55 |  38.4 |   2.19% |   5.19% |    0.0034 | $   9818.49 | $   1111.31 | 0.954469
2025-06-08 15:46:58,568 - INFO -   11 | HOLD |  8909.95 |  35.7 |  -0.28% |   3.61% |   -0.0207 | $   9615.58 | $   1111.31 | 0.954469
2025-06-08 15:46:58,568 - INFO -   12 | HOLD |  8108.12 |  21.3 |  -9.25% |  -5.31% |   -0.0796 | $   8850.25 | $   1111.31 | 0.954469
2025-06-08 15:46:58,568 - INFO -   13 | BUY  |  7923.64 |  21.9 | -11.32% | -10.67% |   -0.0205 | $   8668.73 | $    833.48 | 0.988844
2025-06-08 15:46:58,568 - INFO -   14 | BUY  |  7909.73 |  24.3 | -11.12% |  -9.99% |   -0.0021 | $   8650.88 | $    625.11 | 1.014671
2025-06-08 15:46:58,568 - INFO -   15 | HOLD |  7911.43 |  29.9 | -10.85% |  -9.64% |    0.0002 | $   8652.61 | $    625.11 | 1.014671
2025-06-08 15:46:58,568 - INFO -   16 | HOLD |  4970.79 |  13.1 | -43.99% | -45.25% |   -0.3448 | $   5668.83 | $    625.11 | 1.014671
2025-06-08 15:46:58,568 - INFO -   17 | HOLD |  5563.71 |  22.5 | -37.31% | -39.01% |    0.1061 | $   6270.44 | $    625.11 | 1.014671
2025-06-08 15:46:58,568 - INFO -   18 | BUY  |  5200.37 |  21.4 | -41.40% | -41.63% |   -0.0593 | $   5898.71 | $    468.83 | 1.044133
2025-06-08 15:46:58,568 - INFO -   19 | BUY  |  5392.31 |  24.0 | -38.52% | -33.49% |   -0.0025 | $   6096.83 | $    351.62 | 1.065443
2025-06-08 15:46:58,568 - INFO -   ...    ...      ...       ...     ...       ...      ...         ...          ...         ...
2025-06-08 15:46:58,568 - INFO - 1276 | HOLD | 26162.37 |  14.8 |  -4.00% |  -1.88% |   -0.0059 | $    432.58 | $    143.30 | 0.011057
2025-06-08 15:46:58,568 - INFO - 1277 | BUY  | 26047.67 |  14.5 |  -4.42% |  -0.01% |   -0.0061 | $    430.61 | $    107.47 | 0.012406
2025-06-08 15:46:58,568 - INFO - 1278 | SELL | 26008.46 |  14.0 |  -4.11% |  -0.34% |   -0.0066 | $    426.09 | $    184.10 | 0.009304
2025-06-08 15:46:58,568 - INFO - 1279 | BUY  | 26089.69 |  15.9 |  -3.81% |  -0.38% |   -0.0069 | $    425.94 | $    138.08 | 0.011034
2025-06-08 15:46:58,569 - INFO - 1280 | BUY  | 26106.15 |  13.9 |  -3.17% |  -0.07% |   -0.0076 | $    425.45 | $    103.56 | 0.012330
2025-06-08 15:46:58,569 - INFO - 1281 | BUY  | 27727.39 |  37.9 |   3.19% |   6.51% |   -0.0026 | $    444.93 | $     77.67 | 0.013245
2025-06-08 15:46:58,569 - INFO - 1282 | SELL | 27297.27 |  38.1 |   1.36% |   3.27% |   -0.0032 | $    434.71 | $    163.54 | 0.009934
2025-06-08 15:46:58,569 - INFO - 1283 | BUY  | 25931.47 |  43.0 |  -3.71% |  -0.88% |   -0.0039 | $    420.34 | $    122.65 | 0.011480
2025-06-08 15:46:58,569 - INFO - 1284 | BUY  | 25800.72 |  47.4 |  -3.71% |  -0.95% |   -0.0037 | $    418.24 | $     91.99 | 0.012645
2025-06-08 15:46:58,569 - INFO - 1285 | SELL | 25868.80 |  47.6 |  -3.13% |  -0.54% |   -0.0038 | $    415.01 | $    169.68 | 0.009484
2025-06-08 15:46:58,569 - INFO - 1286 | HOLD | 25969.57 |  47.7 |  -2.75% |  -0.46% |   -0.0039 | $    415.97 | $    169.68 | 0.009484
2025-06-08 15:46:58,569 - INFO - 1287 | SELL | 25812.42 |  46.8 |  -3.34% |  -1.13% |   -0.0038 | $    411.42 | $    227.82 | 0.007113
2025-06-08 15:46:58,569 - INFO - 1288 | SELL | 25779.98 |  47.4 |  -3.46% |  -7.02% |   -0.0035 | $    408.89 | $    271.37 | 0.005335
2025-06-08 15:46:58,569 - INFO - 1289 | SELL | 25753.24 |  42.4 |  -3.56% |  -5.66% |   -0.0028 | $    407.03 | $    304.00 | 0.004001
2025-06-08 15:46:58,569 - INFO - 1290 | BUY  | 26240.20 |  50.8 |  -1.74% |   1.19% |   -0.0025 | $    407.49 | $    228.00 | 0.006840
2025-06-08 15:46:58,569 - INFO - 1291 | SELL | 25905.65 |  48.5 |  -2.28% |   0.41% |   -0.0028 | $    402.99 | $    270.08 | 0.005130
2025-06-08 15:46:58,569 - INFO - 1292 | BUY  | 25895.68 |  48.8 |  -2.32% |   0.10% |   -0.0028 | $    401.61 | $    202.56 | 0.007687
2025-06-08 15:46:58,569 - INFO - 1293 | BUY  | 25832.23 |  47.3 |  -1.80% |  -0.53% |   -0.0029 | $    400.13 | $    151.92 | 0.009609
2025-06-08 15:46:58,569 - INFO - 1294 | SELL | 25162.65 |  41.4 |  -4.00% |  -2.52% |   -0.0034 | $    390.68 | $    209.34 | 0.007206
2025-06-08 15:46:58,569 - INFO - 1295 | BUY  | 25833.34 |  29.2 |  -1.44% |   0.21% |   -0.0033 | $    394.48 | $    157.01 | 0.009193
2025-06-08 15:46:58,569 - INFO - 
Action distribution for Episode 260:
2025-06-08 15:46:58,569 - INFO -   HOLD:  262 ( 20.2%)
2025-06-08 15:46:58,569 - INFO -   BUY:   735 ( 56.7%)
2025-06-08 15:46:58,569 - INFO -   SELL:  299 ( 23.1%)
2025-06-08 15:46:58,569 - INFO - ------------------------------------------------------------------------------------------------------------------------
2025-06-08 15:46:58,603 - INFO - Step 337000: Loss = 0.016652, Epsilon = 0.6785
2025-06-08 15:46:59,407 - INFO - Step 338000: Loss = 0.013243, Epsilon = 0.6775
2025-06-08 15:46:59,408 - INFO - Step 338000: Target network updated
2025-06-08 15:46:59,610 - INFO - Episode 261: Reward = -1.5349, Portfolio = $795.88, Return = -92.04%, Cash = $55.67, Crypto = 0.028653, Steps = 1296
2025-06-08 15:47:00,210 - INFO - Step 339000: Loss = 0.007154, Epsilon = 0.6766
2025-06-08 15:47:00,650 - INFO - Episode 262: Reward = -1.6262, Portfolio = $602.21, Return = -93.98%, Cash = $222.01, Crypto = 0.014717, Steps = 1296
2025-06-08 15:47:01,016 - INFO - Step 340000: Loss = 0.009799, Epsilon = 0.6756
2025-06-08 15:47:01,016 - INFO - Step 340000: Target network updated
2025-06-08 15:47:01,694 - INFO - Episode 263: Reward = -1.8197, Portfolio = $375.64, Return = -96.24%, Cash = $199.37, Crypto = 0.006823, Steps = 1296
2025-06-08 15:47:01,820 - INFO - Step 341000: Loss = 0.004472, Epsilon = 0.6746
2025-06-08 15:47:02,615 - INFO - Step 342000: Loss = 0.003711, Epsilon = 0.6737
2025-06-08 15:47:02,615 - INFO - Step 342000: Target network updated
2025-06-08 15:47:02,732 - INFO - Episode 264: Reward = -1.5626, Portfolio = $742.64, Return = -92.57%, Cash = $149.54, Crypto = 0.022959, Steps = 1296
2025-06-08 15:47:03,434 - INFO - Step 343000: Loss = 0.001211, Epsilon = 0.6727
2025-06-08 15:47:03,784 - INFO - Episode 265: Reward = -1.7559, Portfolio = $560.19, Return = -94.40%, Cash = $15.60, Crypto = 0.021081, Steps = 1296
2025-06-08 15:47:04,234 - INFO - Step 344000: Loss = 0.000748, Epsilon = 0.6718
2025-06-08 15:47:04,234 - INFO - Step 344000: Target network updated
2025-06-08 15:47:04,823 - INFO - Episode 266: Reward = -1.7269, Portfolio = $565.96, Return = -94.34%, Cash = $216.68, Crypto = 0.013521, Steps = 1296
2025-06-08 15:47:05,039 - INFO - Step 345000: Loss = 0.000307, Epsilon = 0.6708
2025-06-08 15:47:05,837 - INFO - Step 346000: Loss = 0.000152, Epsilon = 0.6699
2025-06-08 15:47:05,838 - INFO - Step 346000: Target network updated
2025-06-08 15:47:05,863 - INFO - Episode 267: Reward = -1.7442, Portfolio = $535.37, Return = -94.65%, Cash = $86.89, Crypto = 0.017360, Steps = 1296
2025-06-08 15:47:06,643 - INFO - Step 347000: Loss = 0.000045, Epsilon = 0.6689
2025-06-08 15:47:06,900 - INFO - Episode 268: Reward = -1.5025, Portfolio = $817.20, Return = -91.83%, Cash = $198.10, Crypto = 0.023965, Steps = 1296
2025-06-08 15:47:07,441 - INFO - Step 348000: Loss = 0.000018, Epsilon = 0.6680
2025-06-08 15:47:07,441 - INFO - Step 348000: Target network updated
2025-06-08 15:47:07,933 - INFO - Episode 269: Reward = -1.6558, Portfolio = $867.22, Return = -91.33%, Cash = $508.51, Crypto = 0.013886, Steps = 1296
2025-06-08 15:47:08,238 - INFO - Step 349000: Loss = 0.000014, Epsilon = 0.6670
2025-06-08 15:47:09,021 - INFO - Episode 270: Reward = -1.6653, Portfolio = $1875.65, Return = -81.24%, Cash = $750.10, Crypto = 0.043570, Steps = 1296
2025-06-08 15:47:09,021 - INFO - Episode 270 Summary: Avg Reward (100 eps) = -1.8989, Avg Portfolio (100 eps) = $579.74, Epsilon = 0.666
2025-06-08 15:47:09,021 - INFO - 
Detailed steps for Episode 270:
2025-06-08 15:47:09,021 - INFO - Step | Action | Price    | RSI   | PnL    | WkChg  | Reward    | Portfolio   | Cash       | Crypto
2025-06-08 15:47:09,021 - INFO - ------------------------------------------------------------------------------------------------------------------------
2025-06-08 15:47:09,021 - INFO -    0 | HOLD |  9341.71 |  35.4 |  -2.00% |  -7.89% |    0.0000 | $  10000.00 | $  10000.00 | 0.000000
2025-06-08 15:47:09,021 - INFO -    1 | HOLD |  8820.52 |  27.7 |  -2.00% |  -8.44% |    0.0000 | $  10000.00 | $  10000.00 | 0.000000
2025-06-08 15:47:09,021 - INFO -    2 | HOLD |  8784.49 |  28.3 |  -2.00% |  -8.58% |    0.0000 | $  10000.00 | $  10000.00 | 0.000000
2025-06-08 15:47:09,021 - INFO -    3 | BUY  |  8672.46 |  25.2 |  -2.00% | -10.47% |   -0.0049 | $   9950.98 | $   7500.00 | 0.282617
2025-06-08 15:47:09,021 - INFO -    4 | SELL |  8599.51 |  28.2 |  -0.84% | -11.01% |   -0.0051 | $   9899.98 | $   8077.21 | 0.211963
2025-06-08 15:47:09,022 - INFO -    5 | BUY  |  8562.45 |  26.8 |  -1.27% | -13.72% |   -0.0048 | $   9852.54 | $   6057.91 | 0.443171
2025-06-08 15:47:09,022 - INFO -    6 | BUY  |  8869.67 |  36.4 |   2.96% |  -8.09% |    0.0108 | $   9958.99 | $   4543.43 | 0.610570
2025-06-08 15:47:09,022 - INFO -    7 | SELL |  8787.79 |  24.4 |   1.18% |  -5.93% |   -0.0118 | $   9841.92 | $   5817.75 | 0.457928
2025-06-08 15:47:09,022 - INFO -    8 | HOLD |  8755.25 |  29.8 |   0.81% |  -0.74% |   -0.0015 | $   9827.02 | $   5817.75 | 0.457928
2025-06-08 15:47:09,022 - INFO -    9 | SELL |  9078.76 |  39.3 |   4.54% |   3.35% |    0.0098 | $   9923.20 | $   6805.14 | 0.343446
2025-06-08 15:47:09,022 - INFO -   10 | HOLD |  9122.55 |  38.4 |   5.04% |   5.19% |    0.0015 | $   9938.24 | $   6805.14 | 0.343446
2025-06-08 15:47:09,022 - INFO -   11 | BUY  |  8909.95 |  35.7 |   2.59% |   3.61% |   -0.0107 | $   9831.87 | $   5103.85 | 0.530644
2025-06-08 15:47:09,022 - INFO -   12 | SELL |  8108.12 |  21.3 |  -7.49% |  -5.31% |   -0.0487 | $   9352.60 | $   6125.70 | 0.397983
2025-06-08 15:47:09,022 - INFO -   13 | HOLD |  7923.64 |  21.9 |  -9.59% | -10.67% |   -0.0078 | $   9279.18 | $   6125.70 | 0.397983
2025-06-08 15:47:09,022 - INFO -   14 | SELL |  7909.73 |  24.3 |  -9.75% |  -9.99% |   -0.0048 | $   9234.29 | $   6873.34 | 0.298487
2025-06-08 15:47:09,022 - INFO -   15 | HOLD |  7911.43 |  29.9 |  -9.73% |  -9.64% |    0.0001 | $   9234.80 | $   6873.34 | 0.298487
2025-06-08 15:47:09,022 - INFO -   16 | BUY  |  4970.79 |  13.1 | -43.28% | -45.25% |   -0.0987 | $   8323.36 | $   5155.00 | 0.637396
2025-06-08 15:47:09,022 - INFO -   17 | HOLD |  5563.71 |  22.5 | -17.54% | -39.01% |    0.0454 | $   8701.29 | $   5155.00 | 0.637396
2025-06-08 15:47:09,022 - INFO -   18 | HOLD |  5200.37 |  21.4 | -22.93% | -41.63% |   -0.0266 | $   8469.70 | $   5155.00 | 0.637396
2025-06-08 15:47:09,022 - INFO -   19 | BUY  |  5392.31 |  24.0 | -20.08% | -33.49% |   -0.0027 | $   8566.77 | $   3866.25 | 0.871707
2025-06-08 15:47:09,022 - INFO -   ...    ...      ...       ...     ...       ...      ...         ...          ...         ...
2025-06-08 15:47:09,022 - INFO - 1276 | HOLD | 26162.37 |  14.8 |  -8.36% |  -1.88% |   -0.0047 | $   1963.33 | $    840.53 | 0.042917
2025-06-08 15:47:09,022 - INFO - 1277 | BUY  | 26047.67 |  14.5 |  -8.76% |  -0.01% |   -0.0048 | $   1954.29 | $    630.40 | 0.050826
2025-06-08 15:47:09,022 - INFO - 1278 | HOLD | 26008.46 |  14.0 |  -7.64% |  -0.34% |   -0.0049 | $   1952.30 | $    630.40 | 0.050826
2025-06-08 15:47:09,022 - INFO - 1279 | BUY  | 26089.69 |  15.9 |  -7.35% |  -0.38% |   -0.0049 | $   1953.34 | $    472.80 | 0.056748
2025-06-08 15:47:09,022 - INFO - 1280 | SELL | 26106.15 |  13.9 |  -6.57% |  -0.07% |   -0.0064 | $   1935.75 | $    824.65 | 0.042561
2025-06-08 15:47:09,022 - INFO - 1281 | HOLD | 27727.39 |  37.9 |  -0.77% |   6.51% |   -0.0037 | $   2004.75 | $    824.65 | 0.042561
2025-06-08 15:47:09,022 - INFO - 1282 | HOLD | 27297.27 |  38.1 |  -2.31% |   3.27% |   -0.0036 | $   1986.45 | $    824.65 | 0.042561
2025-06-08 15:47:09,022 - INFO - 1283 | HOLD | 25931.47 |  43.0 |  -7.20% |  -0.88% |   -0.0040 | $   1928.32 | $    824.65 | 0.042561
2025-06-08 15:47:09,022 - INFO - 1284 | HOLD | 25800.72 |  47.4 |  -7.67% |  -0.95% |   -0.0042 | $   1922.75 | $    824.65 | 0.042561
2025-06-08 15:47:09,022 - INFO - 1285 | BUY  | 25868.80 |  47.6 |  -7.42% |  -0.54% |   -0.0040 | $   1921.61 | $    618.48 | 0.050374
2025-06-08 15:47:09,022 - INFO - 1286 | HOLD | 25969.57 |  47.7 |  -5.98% |  -0.46% |   -0.0040 | $   1926.68 | $    618.48 | 0.050374
2025-06-08 15:47:09,022 - INFO - 1287 | HOLD | 25812.42 |  46.8 |  -6.55% |  -1.13% |   -0.0039 | $   1918.77 | $    618.48 | 0.050374
2025-06-08 15:47:09,022 - INFO - 1288 | BUY  | 25779.98 |  47.4 |  -6.67% |  -7.02% |   -0.0036 | $   1914.10 | $    463.86 | 0.056254
2025-06-08 15:47:09,022 - INFO - 1289 | HOLD | 25753.24 |  42.4 |  -6.11% |  -5.66% |   -0.0027 | $   1912.60 | $    463.86 | 0.056254
2025-06-08 15:47:09,022 - INFO - 1290 | BUY  | 26240.20 |  50.8 |  -4.33% |   1.19% |   -0.0014 | $   1937.72 | $    347.90 | 0.060587
2025-06-08 15:47:09,022 - INFO - 1291 | SELL | 25905.65 |  48.5 |  -5.26% |   0.41% |   -0.0021 | $   1897.83 | $    720.67 | 0.045440
2025-06-08 15:47:09,022 - INFO - 1292 | SELL | 25895.68 |  48.8 |  -5.30% |   0.10% |   -0.0026 | $   1882.67 | $   1000.13 | 0.034080
2025-06-08 15:47:09,022 - INFO - 1293 | BUY  | 25832.23 |  47.3 |  -5.53% |  -0.53% |   -0.0022 | $   1875.60 | $    750.10 | 0.043570
2025-06-08 15:47:09,022 - INFO - 1294 | HOLD | 25162.65 |  41.4 |  -6.86% |  -2.52% |   -0.0026 | $   1846.43 | $    750.10 | 0.043570
2025-06-08 15:47:09,022 - INFO - 1295 | HOLD | 25833.34 |  29.2 |  -4.37% |   0.21% |   -0.0020 | $   1875.65 | $    750.10 | 0.043570
2025-06-08 15:47:09,022 - INFO - 
Action distribution for Episode 270:
2025-06-08 15:47:09,022 - INFO -   HOLD:  701 ( 54.1%)
2025-06-08 15:47:09,022 - INFO -   BUY:   278 ( 21.5%)
2025-06-08 15:47:09,022 - INFO -   SELL:  317 ( 24.5%)
2025-06-08 15:47:09,022 - INFO - ------------------------------------------------------------------------------------------------------------------------
2025-06-08 15:47:09,099 - INFO - Step 350000: Loss = 0.000063, Epsilon = 0.6661
2025-06-08 15:47:09,099 - INFO - Step 350000: Target network updated
2025-06-08 15:47:09,984 - INFO - Step 351000: Loss = 0.000006, Epsilon = 0.6651
2025-06-08 15:47:10,178 - INFO - Episode 271: Reward = -1.5176, Portfolio = $2206.88, Return = -77.93%, Cash = $604.40, Crypto = 0.062032, Steps = 1296
2025-06-08 15:47:10,817 - INFO - Step 352000: Loss = 0.000006, Epsilon = 0.6641
2025-06-08 15:47:10,818 - INFO - Step 352000: Target network updated
2025-06-08 15:47:11,221 - INFO - Episode 272: Reward = -1.6363, Portfolio = $1925.78, Return = -80.74%, Cash = $1460.57, Crypto = 0.018008, Steps = 1296
2025-06-08 15:47:11,706 - INFO - Step 353000: Loss = 0.000022, Epsilon = 0.6632
2025-06-08 15:47:12,484 - INFO - Episode 273: Reward = -1.5373, Portfolio = $1382.98, Return = -86.17%, Cash = $411.87, Crypto = 0.037591, Steps = 1296
2025-06-08 15:47:12,662 - INFO - Step 354000: Loss = 0.000007, Epsilon = 0.6622
2025-06-08 15:47:12,663 - INFO - Step 354000: Target network updated
2025-06-08 15:47:13,632 - INFO - Step 355000: Loss = 0.000013, Epsilon = 0.6613
2025-06-08 15:47:13,721 - INFO - Episode 274: Reward = -1.3286, Portfolio = $2717.14, Return = -72.83%, Cash = $1521.91, Crypto = 0.046267, Steps = 1296
2025-06-08 15:47:14,514 - INFO - Step 356000: Loss = 0.000363, Epsilon = 0.6603
2025-06-08 15:47:14,515 - INFO - Step 356000: Target network updated
2025-06-08 15:47:14,876 - INFO - Episode 275: Reward = -1.9464, Portfolio = $1119.22, Return = -88.81%, Cash = $419.50, Crypto = 0.027086, Steps = 1296
2025-06-08 15:47:15,429 - INFO - Step 357000: Loss = 0.000005, Epsilon = 0.6594
2025-06-08 15:47:16,039 - INFO - Episode 276: Reward = -3.6333, Portfolio = $818.72, Return = -91.81%, Cash = $580.03, Crypto = 0.009240, Steps = 1296
2025-06-08 15:47:16,306 - INFO - Step 358000: Loss = 0.000005, Epsilon = 0.6584
2025-06-08 15:47:16,307 - INFO - Step 358000: Target network updated
2025-06-08 15:47:17,254 - INFO - Episode 277: Reward = -1.7720, Portfolio = $1243.92, Return = -87.56%, Cash = $467.87, Crypto = 0.030041, Steps = 1296
2025-06-08 15:47:17,263 - INFO - Step 359000: Loss = 0.000019, Epsilon = 0.6575
2025-06-08 15:47:18,227 - INFO - Step 360000: Loss = 0.000004, Epsilon = 0.6565
2025-06-08 15:47:18,228 - INFO - Step 360000: Target network updated
2025-06-08 15:47:18,486 - INFO - Episode 278: Reward = -1.4922, Portfolio = $784.64, Return = -92.15%, Cash = $337.38, Crypto = 0.017313, Steps = 1296
2025-06-08 15:47:19,079 - INFO - Step 361000: Loss = 0.000011, Epsilon = 0.6556
2025-06-08 15:47:19,544 - INFO - Episode 279: Reward = -1.8183, Portfolio = $1196.54, Return = -88.03%, Cash = $415.76, Crypto = 0.030224, Steps = 1296
2025-06-08 15:47:19,888 - INFO - Step 362000: Loss = 0.000006, Epsilon = 0.6546
2025-06-08 15:47:19,889 - INFO - Step 362000: Target network updated
2025-06-08 15:47:20,604 - INFO - Episode 280: Reward = -1.8022, Portfolio = $1288.10, Return = -87.12%, Cash = $908.85, Crypto = 0.014680, Steps = 1296
2025-06-08 15:47:20,605 - INFO - Episode 280 Summary: Avg Reward (100 eps) = -1.8901, Avg Portfolio (100 eps) = $667.70, Epsilon = 0.654
2025-06-08 15:47:20,605 - INFO - 
Detailed steps for Episode 280:
2025-06-08 15:47:20,605 - INFO - Step | Action | Price    | RSI   | PnL    | WkChg  | Reward    | Portfolio   | Cash       | Crypto
2025-06-08 15:47:20,605 - INFO - ------------------------------------------------------------------------------------------------------------------------
2025-06-08 15:47:20,605 - INFO -    0 | SELL |  9341.71 |  35.4 |  -2.00% |  -7.89% |   -0.0100 | $  10000.00 | $  10000.00 | 0.000000
2025-06-08 15:47:20,605 - INFO -    1 | HOLD |  8820.52 |  27.7 |  -2.00% |  -8.44% |    0.0000 | $  10000.00 | $  10000.00 | 0.000000
2025-06-08 15:47:20,605 - INFO -    2 | BUY  |  8784.49 |  28.3 |  -2.00% |  -8.58% |   -0.0049 | $   9950.98 | $   7500.00 | 0.279012
2025-06-08 15:47:20,605 - INFO -    3 | HOLD |  8672.46 |  25.2 |  -1.28% | -10.47% |   -0.0031 | $   9919.72 | $   7500.00 | 0.279012
2025-06-08 15:47:20,605 - INFO -    4 | SELL |  8599.51 |  28.2 |  -2.11% | -11.01% |   -0.0051 | $   9869.38 | $   8069.85 | 0.209259
2025-06-08 15:47:20,605 - INFO -    5 | HOLD |  8562.45 |  26.8 |  -2.53% | -13.72% |   -0.0008 | $   9861.62 | $   8069.85 | 0.209259
2025-06-08 15:47:20,605 - INFO -    6 | SELL |  8869.67 |  36.4 |   0.97% |  -8.09% |    0.0042 | $   9902.71 | $   8510.66 | 0.156944
2025-06-08 15:47:20,605 - INFO -    7 | HOLD |  8787.79 |  24.4 |   0.04% |  -5.93% |   -0.0013 | $   9889.86 | $   8510.66 | 0.156944
2025-06-08 15:47:20,605 - INFO -    8 | HOLD |  8755.25 |  29.8 |  -0.33% |  -0.74% |   -0.0005 | $   9884.75 | $   8510.66 | 0.156944
2025-06-08 15:47:20,605 - INFO -    9 | BUY  |  9078.76 |  39.3 |   3.35% |   3.35% |    0.0009 | $   9893.81 | $   6383.00 | 0.386705
2025-06-08 15:47:20,605 - INFO -   10 | BUY  |  9122.55 |  38.4 |   1.82% |   5.19% |   -0.0015 | $   9879.45 | $   4787.25 | 0.558199
2025-06-08 15:47:20,605 - INFO -   11 | BUY  |  8909.95 |  35.7 |  -1.10% |   3.61% |   -0.0144 | $   9737.31 | $   3590.44 | 0.689889
2025-06-08 15:47:20,605 - INFO -   12 | BUY  |  8108.12 |  21.3 |  -9.81% |  -5.31% |   -0.0586 | $   9166.53 | $   2692.83 | 0.798423
2025-06-08 15:47:20,605 - INFO -   13 | HOLD |  7923.64 |  21.9 | -10.67% | -10.67% |   -0.0161 | $   9019.25 | $   2692.83 | 0.798423
2025-06-08 15:47:20,605 - INFO -   14 | HOLD |  7909.73 |  24.3 | -10.83% |  -9.99% |   -0.0012 | $   9008.14 | $   2692.83 | 0.798423
2025-06-08 15:47:20,605 - INFO -   15 | BUY  |  7911.43 |  29.9 | -10.81% |  -9.64% |   -0.0013 | $   8996.29 | $   2019.62 | 0.881847
2025-06-08 15:47:20,605 - INFO -   16 | BUY  |  4970.79 |  13.1 | -43.38% | -45.25% |   -0.2894 | $   6393.20 | $   1514.72 | 0.981430
2025-06-08 15:47:20,605 - INFO -   17 | HOLD |  5563.71 |  22.5 | -33.71% | -39.01% |    0.0910 | $   6975.10 | $   1514.72 | 0.981430
2025-06-08 15:47:20,605 - INFO -   18 | SELL |  5200.37 |  21.4 | -38.04% | -41.63% |   -0.0603 | $   6554.71 | $   2726.87 | 0.736073
2025-06-08 15:47:20,605 - INFO -   19 | HOLD |  5392.31 |  24.0 | -35.75% | -33.49% |   -0.0025 | $   6696.00 | $   2726.87 | 0.736073
2025-06-08 15:47:20,605 - INFO -   ...    ...      ...       ...     ...       ...      ...         ...          ...         ...
2025-06-08 15:47:20,605 - INFO - 1276 | HOLD | 26162.37 |  14.8 |  -0.44% |  -1.88% |   -0.0056 | $   1365.35 | $   1095.16 | 0.010327
2025-06-08 15:47:20,605 - INFO - 1277 | HOLD | 26047.67 |  14.5 |  -0.88% |  -0.01% |   -0.0050 | $   1364.17 | $   1095.16 | 0.010327
2025-06-08 15:47:20,605 - INFO - 1278 | SELL | 26008.46 |  14.0 |  -1.02% |  -0.34% |   -0.0055 | $   1360.40 | $   1158.95 | 0.007746
2025-06-08 15:47:20,605 - INFO - 1279 | BUY  | 26089.69 |  15.9 |  -0.72% |  -0.38% |   -0.0066 | $   1355.35 | $    869.21 | 0.018633
2025-06-08 15:47:20,605 - INFO - 1280 | HOLD | 26106.15 |  13.9 |  -0.24% |  -0.07% |   -0.0118 | $   1355.66 | $    869.21 | 0.018633
2025-06-08 15:47:20,605 - INFO - 1281 | BUY  | 27727.39 |  37.9 |   5.96% |   6.51% |   -0.0025 | $   1381.61 | $    651.91 | 0.026317
2025-06-08 15:47:20,605 - INFO - 1282 | HOLD | 27297.27 |  38.1 |   2.53% |   3.27% |   -0.0026 | $   1370.29 | $    651.91 | 0.026317
2025-06-08 15:47:20,605 - INFO - 1283 | BUY  | 25931.47 |  43.0 |  -2.60% |  -0.88% |   -0.0033 | $   1331.15 | $    488.93 | 0.032479
2025-06-08 15:47:20,605 - INFO - 1284 | SELL | 25800.72 |  47.4 |  -2.61% |  -0.95% |   -0.0037 | $   1316.43 | $    687.95 | 0.024359
2025-06-08 15:47:20,605 - INFO - 1285 | HOLD | 25868.80 |  47.6 |  -2.35% |  -0.54% |   -0.0034 | $   1318.09 | $    687.95 | 0.024359
2025-06-08 15:47:20,605 - INFO - 1286 | SELL | 25969.57 |  47.7 |  -1.97% |  -0.46% |   -0.0036 | $   1312.63 | $    838.19 | 0.018269
2025-06-08 15:47:20,605 - INFO - 1287 | HOLD | 25812.42 |  46.8 |  -2.57% |  -1.13% |   -0.0037 | $   1309.76 | $    838.19 | 0.018269
2025-06-08 15:47:20,605 - INFO - 1288 | HOLD | 25779.98 |  47.4 |  -2.69% |  -7.02% |   -0.0035 | $   1309.17 | $    838.19 | 0.018269
2025-06-08 15:47:20,605 - INFO - 1289 | HOLD | 25753.24 |  42.4 |  -2.79% |  -5.66% |   -0.0032 | $   1308.68 | $    838.19 | 0.018269
2025-06-08 15:47:20,605 - INFO - 1290 | BUY  | 26240.20 |  50.8 |  -0.95% |   1.19% |   -0.0029 | $   1313.47 | $    628.64 | 0.026098
2025-06-08 15:47:20,605 - INFO - 1291 | HOLD | 25905.65 |  48.5 |  -1.93% |   0.41% |   -0.0032 | $   1304.74 | $    628.64 | 0.026098
2025-06-08 15:47:20,605 - INFO - 1292 | HOLD | 25895.68 |  48.8 |  -1.97% |   0.10% |   -0.0032 | $   1304.48 | $    628.64 | 0.026098
2025-06-08 15:47:20,606 - INFO - 1293 | SELL | 25832.23 |  47.3 |  -2.21% |  -0.53% |   -0.0036 | $   1294.39 | $    788.76 | 0.019574
2025-06-08 15:47:20,606 - INFO - 1294 | HOLD | 25162.65 |  41.4 |  -4.75% |  -2.52% |   -0.0039 | $   1281.29 | $    788.76 | 0.019574
2025-06-08 15:47:20,606 - INFO - 1295 | SELL | 25833.34 |  29.2 |  -2.21% |   0.21% |   -0.0035 | $   1288.10 | $    908.85 | 0.014680
2025-06-08 15:47:20,606 - INFO - 
Action distribution for Episode 280:
2025-06-08 15:47:20,606 - INFO -   HOLD:  648 ( 50.0%)
2025-06-08 15:47:20,606 - INFO -   BUY:   350 ( 27.0%)
2025-06-08 15:47:20,606 - INFO -   SELL:  298 ( 23.0%)
2025-06-08 15:47:20,606 - INFO - ------------------------------------------------------------------------------------------------------------------------
2025-06-08 15:47:20,717 - INFO - Step 363000: Loss = 0.000011, Epsilon = 0.6537
2025-06-08 15:47:21,617 - INFO - Step 364000: Loss = 0.000011, Epsilon = 0.6527
2025-06-08 15:47:21,617 - INFO - Step 364000: Target network updated
2025-06-08 15:47:21,777 - INFO - Episode 281: Reward = -1.4413, Portfolio = $1896.05, Return = -81.04%, Cash = $1268.51, Crypto = 0.024292, Steps = 1296
2025-06-08 15:47:22,462 - INFO - Step 365000: Loss = 0.000009, Epsilon = 0.6517
2025-06-08 15:47:22,842 - INFO - Episode 282: Reward = -1.6431, Portfolio = $1546.42, Return = -84.54%, Cash = $251.55, Crypto = 0.050124, Steps = 1296
2025-06-08 15:47:23,266 - INFO - Step 366000: Loss = 0.000006, Epsilon = 0.6508
2025-06-08 15:47:23,266 - INFO - Step 366000: Target network updated
2025-06-08 15:47:23,877 - INFO - Episode 283: Reward = -1.8205, Portfolio = $840.85, Return = -91.59%, Cash = $380.04, Crypto = 0.017838, Steps = 1296
2025-06-08 15:47:24,067 - INFO - Step 367000: Loss = 0.000010, Epsilon = 0.6498
2025-06-08 15:47:24,866 - INFO - Step 368000: Loss = 0.000007, Epsilon = 0.6489
2025-06-08 15:47:24,866 - INFO - Step 368000: Target network updated
2025-06-08 15:47:24,918 - INFO - Episode 284: Reward = -1.2994, Portfolio = $1944.08, Return = -80.56%, Cash = $417.51, Crypto = 0.059093, Steps = 1296
2025-06-08 15:47:25,678 - INFO - Step 369000: Loss = 0.000013, Epsilon = 0.6479
2025-06-08 15:47:25,965 - INFO - Episode 285: Reward = -1.7222, Portfolio = $1565.29, Return = -84.35%, Cash = $1126.17, Crypto = 0.016998, Steps = 1296
2025-06-08 15:47:26,493 - INFO - Step 370000: Loss = 0.000008, Epsilon = 0.6470
2025-06-08 15:47:26,493 - INFO - Step 370000: Target network updated
2025-06-08 15:47:27,015 - INFO - Episode 286: Reward = -1.3807, Portfolio = $1065.23, Return = -89.35%, Cash = $714.69, Crypto = 0.013569, Steps = 1296
2025-06-08 15:47:27,287 - INFO - Step 371000: Loss = 0.000005, Epsilon = 0.6460
2025-06-08 15:47:28,048 - INFO - Episode 287: Reward = -1.9928, Portfolio = $775.52, Return = -92.24%, Cash = $300.06, Crypto = 0.018405, Steps = 1296
2025-06-08 15:47:28,089 - INFO - Step 372000: Loss = 0.000021, Epsilon = 0.6451
2025-06-08 15:47:28,089 - INFO - Step 372000: Target network updated
2025-06-08 15:47:28,901 - INFO - Step 373000: Loss = 0.000009, Epsilon = 0.6441
2025-06-08 15:47:29,101 - INFO - Episode 288: Reward = -1.4631, Portfolio = $1848.03, Return = -81.52%, Cash = $441.97, Crypto = 0.054428, Steps = 1296
2025-06-08 15:47:29,710 - INFO - Step 374000: Loss = 0.000006, Epsilon = 0.6432
2025-06-08 15:47:29,710 - INFO - Step 374000: Target network updated
2025-06-08 15:47:30,148 - INFO - Episode 289: Reward = -1.4878, Portfolio = $730.99, Return = -92.69%, Cash = $397.66, Crypto = 0.012903, Steps = 1296
2025-06-08 15:47:30,518 - INFO - Step 375000: Loss = 0.000006, Epsilon = 0.6422
2025-06-08 15:47:31,195 - INFO - Episode 290: Reward = -1.0056, Portfolio = $2674.34, Return = -73.26%, Cash = $700.94, Crypto = 0.076390, Steps = 1296
2025-06-08 15:47:31,196 - INFO - Episode 290 Summary: Avg Reward (100 eps) = -1.8447, Avg Portfolio (100 eps) = $766.88, Epsilon = 0.641
2025-06-08 15:47:31,196 - INFO - 
Detailed steps for Episode 290:
2025-06-08 15:47:31,196 - INFO - Step | Action | Price    | RSI   | PnL    | WkChg  | Reward    | Portfolio   | Cash       | Crypto
2025-06-08 15:47:31,196 - INFO - ------------------------------------------------------------------------------------------------------------------------
2025-06-08 15:47:31,196 - INFO -    0 | HOLD |  9341.71 |  35.4 |  -2.00% |  -7.89% |    0.0000 | $  10000.00 | $  10000.00 | 0.000000
2025-06-08 15:47:31,196 - INFO -    1 | HOLD |  8820.52 |  27.7 |  -2.00% |  -8.44% |    0.0000 | $  10000.00 | $  10000.00 | 0.000000
2025-06-08 15:47:31,196 - INFO -    2 | HOLD |  8784.49 |  28.3 |  -2.00% |  -8.58% |    0.0000 | $  10000.00 | $  10000.00 | 0.000000
2025-06-08 15:47:31,196 - INFO -    3 | SELL |  8672.46 |  25.2 |  -2.00% | -10.47% |   -0.0100 | $  10000.00 | $  10000.00 | 0.000000
2025-06-08 15:47:31,196 - INFO -    4 | HOLD |  8599.51 |  28.2 |  -2.00% | -11.01% |    0.0000 | $  10000.00 | $  10000.00 | 0.000000
2025-06-08 15:47:31,196 - INFO -    5 | BUY  |  8562.45 |  26.8 |  -2.00% | -13.72% |   -0.0049 | $   9950.98 | $   7500.00 | 0.286247
2025-06-08 15:47:31,196 - INFO -    6 | SELL |  8869.67 |  36.4 |   3.59% |  -8.09% |    0.0056 | $  10007.18 | $   8102.99 | 0.214686
2025-06-08 15:47:31,196 - INFO -    7 | HOLD |  8787.79 |  24.4 |   2.63% |  -5.93% |   -0.0018 | $   9989.60 | $   8102.99 | 0.214686
2025-06-08 15:47:31,196 - INFO -    8 | HOLD |  8755.25 |  29.8 |   2.25% |  -0.74% |   -0.0007 | $   9982.62 | $   8102.99 | 0.214686
2025-06-08 15:47:31,196 - INFO -    9 | HOLD |  9078.76 |  39.3 |   6.03% |   3.35% |    0.0070 | $  10052.07 | $   8102.99 | 0.214686
2025-06-08 15:47:31,196 - INFO -   10 | HOLD |  9122.55 |  38.4 |   6.54% |   5.19% |    0.0009 | $  10061.47 | $   8102.99 | 0.214686
2025-06-08 15:47:31,196 - INFO -   11 | HOLD |  8909.95 |  35.7 |   4.06% |   3.61% |   -0.0045 | $  10015.83 | $   8102.99 | 0.214686
2025-06-08 15:47:31,196 - INFO -   12 | HOLD |  8108.12 |  21.3 |  -5.31% |  -5.31% |   -0.0172 | $   9843.69 | $   8102.99 | 0.214686
2025-06-08 15:47:31,196 - INFO -   13 | HOLD |  7923.64 |  21.9 |  -7.46% | -10.67% |   -0.0040 | $   9804.09 | $   8102.99 | 0.214686
2025-06-08 15:47:31,196 - INFO -   14 | HOLD |  7909.73 |  24.3 |  -7.62% |  -9.99% |   -0.0003 | $   9801.10 | $   8102.99 | 0.214686
2025-06-08 15:47:31,196 - INFO -   15 | HOLD |  7911.43 |  29.9 |  -7.60% |  -9.64% |    0.0000 | $   9801.46 | $   8102.99 | 0.214686
2025-06-08 15:47:31,196 - INFO -   16 | HOLD |  4970.79 |  13.1 | -41.95% | -45.25% |   -0.0644 | $   9170.15 | $   8102.99 | 0.214686
2025-06-08 15:47:31,196 - INFO -   17 | BUY  |  5563.71 |  22.5 | -35.02% | -39.01% |    0.0095 | $   9257.72 | $   6077.25 | 0.571647
2025-06-08 15:47:31,196 - INFO -   18 | BUY  |  5200.37 |  21.4 | -22.27% | -41.63% |   -0.0257 | $   9020.23 | $   4557.93 | 0.858073
2025-06-08 15:47:31,196 - INFO -   19 | BUY  |  5392.31 |  24.0 | -12.92% | -33.49% |   -0.0027 | $   9162.59 | $   3418.45 | 1.065246
2025-06-08 15:47:31,196 - INFO -   ...    ...      ...       ...     ...       ...      ...         ...          ...         ...
2025-06-08 15:47:31,196 - INFO - 1276 | HOLD | 26162.37 |  14.8 | -10.95% |  -1.88% |   -0.0041 | $   2797.07 | $   1787.83 | 0.038576
2025-06-08 15:47:31,196 - INFO - 1277 | BUY  | 26047.67 |  14.5 | -11.35% |  -0.01% |   -0.0043 | $   2783.88 | $   1340.87 | 0.055399
2025-06-08 15:47:31,196 - INFO - 1278 | HOLD | 26008.46 |  14.0 |  -8.32% |  -0.34% |   -0.0042 | $   2781.71 | $   1340.87 | 0.055399
2025-06-08 15:47:31,196 - INFO - 1279 | BUY  | 26089.69 |  15.9 |  -8.03% |  -0.38% |   -0.0045 | $   2779.64 | $   1005.65 | 0.067996
2025-06-08 15:47:31,196 - INFO - 1280 | HOLD | 26106.15 |  13.9 |  -6.59% |  -0.07% |   -0.0056 | $   2780.76 | $   1005.65 | 0.067996
2025-06-08 15:47:31,196 - INFO - 1281 | HOLD | 27727.39 |  37.9 |  -0.78% |   6.51% |   -0.0022 | $   2890.99 | $   1005.65 | 0.067996
2025-06-08 15:47:31,196 - INFO - 1282 | SELL | 27297.27 |  38.1 |  -2.32% |   3.27% |   -0.0023 | $   2838.55 | $   1446.48 | 0.050997
2025-06-08 15:47:31,196 - INFO - 1283 | BUY  | 25931.47 |  43.0 |  -7.21% |  -0.88% |   -0.0028 | $   2761.80 | $   1084.86 | 0.064668
2025-06-08 15:47:31,196 - INFO - 1284 | SELL | 25800.72 |  47.4 |  -6.25% |  -0.95% |   -0.0032 | $   2732.49 | $   1481.12 | 0.048501
2025-06-08 15:47:31,196 - INFO - 1285 | HOLD | 25868.80 |  47.6 |  -6.00% |  -0.54% |   -0.0029 | $   2735.80 | $   1481.12 | 0.048501
2025-06-08 15:47:31,196 - INFO - 1286 | HOLD | 25969.57 |  47.7 |  -5.64% |  -0.46% |   -0.0027 | $   2740.68 | $   1481.12 | 0.048501
2025-06-08 15:47:31,196 - INFO - 1287 | HOLD | 25812.42 |  46.8 |  -6.21% |  -1.13% |   -0.0027 | $   2733.06 | $   1481.12 | 0.048501
2025-06-08 15:47:31,196 - INFO - 1288 | SELL | 25779.98 |  47.4 |  -6.32% |  -7.02% |   -0.0026 | $   2715.86 | $   1778.09 | 0.036376
2025-06-08 15:47:31,196 - INFO - 1289 | BUY  | 25753.24 |  42.4 |  -6.42% |  -5.66% |   -0.0017 | $   2706.17 | $   1333.56 | 0.053298
2025-06-08 15:47:31,196 - INFO - 1290 | HOLD | 26240.20 |  50.8 |  -2.67% |   1.19% |   -0.0009 | $   2732.12 | $   1333.56 | 0.053298
2025-06-08 15:47:31,196 - INFO - 1291 | SELL | 25905.65 |  48.5 |  -3.91% |   0.41% |   -0.0014 | $   2697.03 | $   1661.49 | 0.039974
2025-06-08 15:47:31,196 - INFO - 1292 | BUY  | 25895.68 |  48.8 |  -3.95% |   0.10% |   -0.0016 | $   2688.49 | $   1246.12 | 0.055699
2025-06-08 15:47:31,196 - INFO - 1293 | BUY  | 25832.23 |  47.3 |  -3.10% |  -0.53% |   -0.0017 | $   2678.85 | $    934.59 | 0.067523
2025-06-08 15:47:31,196 - INFO - 1294 | HOLD | 25162.65 |  41.4 |  -5.10% |  -2.52% |   -0.0023 | $   2633.64 | $    934.59 | 0.067523
2025-06-08 15:47:31,196 - INFO - 1295 | BUY  | 25833.34 |  29.2 |  -2.57% |   0.21% |   -0.0018 | $   2674.34 | $    700.94 | 0.076390
2025-06-08 15:47:31,197 - INFO - 
Action distribution for Episode 290:
2025-06-08 15:47:31,197 - INFO -   HOLD:  699 ( 53.9%)
2025-06-08 15:47:31,197 - INFO -   BUY:   338 ( 26.1%)
2025-06-08 15:47:31,197 - INFO -   SELL:  259 ( 20.0%)
2025-06-08 15:47:31,197 - INFO - ------------------------------------------------------------------------------------------------------------------------
2025-06-08 15:47:31,330 - INFO - Step 376000: Loss = 0.000045, Epsilon = 0.6412
2025-06-08 15:47:31,330 - INFO - Step 376000: Target network updated
2025-06-08 15:47:32,237 - INFO - Step 377000: Loss = 0.000011, Epsilon = 0.6403
2025-06-08 15:47:32,353 - INFO - Episode 291: Reward = -1.4397, Portfolio = $980.47, Return = -90.20%, Cash = $535.35, Crypto = 0.017231, Steps = 1296
2025-06-08 15:47:33,149 - INFO - Step 378000: Loss = 0.000036, Epsilon = 0.6393
2025-06-08 15:47:33,150 - INFO - Step 378000: Target network updated
2025-06-08 15:47:33,529 - INFO - Episode 292: Reward = -1.6749, Portfolio = $1744.07, Return = -82.56%, Cash = $36.90, Crypto = 0.066084, Steps = 1296
2025-06-08 15:47:33,987 - INFO - Step 379000: Loss = 0.001332, Epsilon = 0.6384
2025-06-08 15:47:34,564 - INFO - Episode 293: Reward = -1.4994, Portfolio = $2229.85, Return = -77.70%, Cash = $1214.99, Crypto = 0.039285, Steps = 1296
2025-06-08 15:47:34,795 - INFO - Step 380000: Loss = 0.000028, Epsilon = 0.6374
2025-06-08 15:47:34,795 - INFO - Step 380000: Target network updated
2025-06-08 15:47:35,599 - INFO - Step 381000: Loss = 0.000036, Epsilon = 0.6365
2025-06-08 15:47:35,618 - INFO - Episode 294: Reward = -1.4348, Portfolio = $1324.44, Return = -86.76%, Cash = $863.40, Crypto = 0.017847, Steps = 1296
2025-06-08 15:47:36,418 - INFO - Step 382000: Loss = 0.000015, Epsilon = 0.6355
2025-06-08 15:47:36,418 - INFO - Step 382000: Target network updated
2025-06-08 15:47:36,671 - INFO - Episode 295: Reward = -2.6687, Portfolio = $756.68, Return = -92.43%, Cash = $455.69, Crypto = 0.011651, Steps = 1296
2025-06-08 15:47:37,216 - INFO - Step 383000: Loss = 0.000006, Epsilon = 0.6346
2025-06-08 15:47:37,741 - INFO - Episode 296: Reward = -1.5400, Portfolio = $1164.66, Return = -88.35%, Cash = $279.81, Crypto = 0.034252, Steps = 1296
2025-06-08 15:47:38,059 - INFO - Step 384000: Loss = 0.002775, Epsilon = 0.6336
2025-06-08 15:47:38,060 - INFO - Step 384000: Target network updated
2025-06-08 15:47:38,806 - INFO - Episode 297: Reward = -1.4431, Portfolio = $2040.95, Return = -79.59%, Cash = $1075.21, Crypto = 0.037384, Steps = 1296
2025-06-08 15:47:38,884 - INFO - Step 385000: Loss = 0.000009, Epsilon = 0.6327
2025-06-08 15:47:39,774 - INFO - Step 386000: Loss = 0.000007, Epsilon = 0.6317
2025-06-08 15:47:39,775 - INFO - Step 386000: Target network updated
2025-06-08 15:47:39,962 - INFO - Episode 298: Reward = -1.0997, Portfolio = $1750.59, Return = -82.49%, Cash = $185.33, Crypto = 0.060591, Steps = 1296
2025-06-08 15:47:40,599 - INFO - Step 387000: Loss = 0.000007, Epsilon = 0.6308
2025-06-08 15:47:40,999 - INFO - Episode 299: Reward = -1.8081, Portfolio = $811.25, Return = -91.89%, Cash = $602.74, Crypto = 0.008071, Steps = 1296
2025-06-08 15:47:41,402 - INFO - Step 388000: Loss = 0.000009, Epsilon = 0.6298
2025-06-08 15:47:41,402 - INFO - Step 388000: Target network updated
2025-06-08 15:47:42,051 - INFO - Episode 300: Reward = -1.7752, Portfolio = $1277.52, Return = -87.22%, Cash = $544.13, Crypto = 0.028389, Steps = 1296
2025-06-08 15:47:42,052 - INFO - Episode 300 Summary: Avg Reward (100 eps) = -1.8207, Avg Portfolio (100 eps) = $852.94, Epsilon = 0.629
2025-06-08 15:47:42,052 - INFO - 
Detailed steps for Episode 300:
2025-06-08 15:47:42,052 - INFO - Step | Action | Price    | RSI   | PnL    | WkChg  | Reward    | Portfolio   | Cash       | Crypto
2025-06-08 15:47:42,052 - INFO - ------------------------------------------------------------------------------------------------------------------------
2025-06-08 15:47:42,052 - INFO -    0 | HOLD |  9341.71 |  35.4 |  -2.00% |  -7.89% |    0.0000 | $  10000.00 | $  10000.00 | 0.000000
2025-06-08 15:47:42,052 - INFO -    1 | HOLD |  8820.52 |  27.7 |  -2.00% |  -8.44% |    0.0000 | $  10000.00 | $  10000.00 | 0.000000
2025-06-08 15:47:42,052 - INFO -    2 | BUY  |  8784.49 |  28.3 |  -2.00% |  -8.58% |   -0.0049 | $   9950.98 | $   7500.00 | 0.279012
2025-06-08 15:47:42,052 - INFO -    3 | SELL |  8672.46 |  25.2 |  -1.28% | -10.47% |   -0.0062 | $   9889.47 | $   8074.68 | 0.209259
2025-06-08 15:47:42,052 - INFO -    4 | HOLD |  8599.51 |  28.2 |  -2.11% | -11.01% |   -0.0015 | $   9874.21 | $   8074.68 | 0.209259
2025-06-08 15:47:42,052 - INFO -    5 | HOLD |  8562.45 |  26.8 |  -2.53% | -13.72% |   -0.0008 | $   9866.45 | $   8074.68 | 0.209259
2025-06-08 15:47:42,052 - INFO -    6 | SELL |  8869.67 |  36.4 |   0.97% |  -8.09% |    0.0042 | $   9907.54 | $   8515.50 | 0.156944
2025-06-08 15:47:42,052 - INFO -    7 | HOLD |  8787.79 |  24.4 |   0.04% |  -5.93% |   -0.0013 | $   9894.69 | $   8515.50 | 0.156944
2025-06-08 15:47:42,052 - INFO -    8 | BUY  |  8755.25 |  29.8 |  -0.33% |  -0.74% |   -0.0047 | $   9847.84 | $   6386.62 | 0.395331
2025-06-08 15:47:42,052 - INFO -    9 | BUY  |  9078.76 |  39.3 |   3.56% |   3.35% |    0.0098 | $   9944.43 | $   4789.97 | 0.567749
2025-06-08 15:47:42,052 - INFO -   10 | SELL |  9122.55 |  38.4 |   2.94% |   5.19% |   -0.0040 | $   9904.55 | $   6020.06 | 0.425812
2025-06-08 15:47:42,052 - INFO -   11 | BUY  |  8909.95 |  35.7 |   0.55% |   3.61% |   -0.0121 | $   9784.51 | $   4515.04 | 0.591414
2025-06-08 15:47:42,052 - INFO -   12 | HOLD |  8108.12 |  21.3 |  -8.64% |  -5.31% |   -0.0485 | $   9310.29 | $   4515.04 | 0.591414
2025-06-08 15:47:42,052 - INFO -   13 | HOLD |  7923.64 |  21.9 | -10.72% | -10.67% |   -0.0117 | $   9201.20 | $   4515.04 | 0.591414
2025-06-08 15:47:42,052 - INFO -   14 | HOLD |  7909.73 |  24.3 | -10.88% |  -9.99% |   -0.0009 | $   9192.97 | $   4515.04 | 0.591414
2025-06-08 15:47:42,052 - INFO -   15 | HOLD |  7911.43 |  29.9 | -10.86% |  -9.64% |    0.0001 | $   9193.97 | $   4515.04 | 0.591414
2025-06-08 15:47:42,052 - INFO -   16 | BUY  |  4970.79 |  13.1 | -43.99% | -45.25% |   -0.1916 | $   7432.70 | $   3386.28 | 0.814040
2025-06-08 15:47:42,052 - INFO -   17 | HOLD |  5563.71 |  22.5 | -28.74% | -39.01% |    0.0649 | $   7915.36 | $   3386.28 | 0.814040
2025-06-08 15:47:42,052 - INFO -   18 | SELL |  5200.37 |  21.4 | -33.39% | -41.63% |   -0.0441 | $   7566.67 | $   4391.69 | 0.610530
2025-06-08 15:47:42,052 - INFO -   19 | HOLD |  5392.31 |  24.0 | -30.93% | -33.49% |   -0.0026 | $   7683.86 | $   4391.69 | 0.610530
2025-06-08 15:47:42,052 - INFO -   ...    ...      ...       ...     ...       ...      ...         ...          ...         ...
2025-06-08 15:47:42,052 - INFO - 1276 | HOLD | 26162.37 |  14.8 | -10.25% |  -1.88% |   -0.0040 | $   1363.29 | $    352.11 | 0.038650
2025-06-08 15:47:42,052 - INFO - 1277 | BUY  | 26047.67 |  14.5 | -10.65% |  -0.01% |   -0.0041 | $   1357.14 | $    264.08 | 0.041964
2025-06-08 15:47:42,052 - INFO - 1278 | HOLD | 26008.46 |  14.0 | -10.03% |  -0.34% |   -0.0041 | $   1355.49 | $    264.08 | 0.041964
2025-06-08 15:47:42,052 - INFO - 1279 | SELL | 26089.69 |  15.9 |  -9.74% |  -0.38% |   -0.0045 | $   1345.21 | $    524.10 | 0.031473
2025-06-08 15:47:42,052 - INFO - 1280 | BUY  | 26106.15 |  13.9 |  -9.69% |  -0.07% |   -0.0054 | $   1343.16 | $    393.07 | 0.036393
2025-06-08 15:47:42,052 - INFO - 1281 | HOLD | 27727.39 |  37.9 |  -2.81% |   6.51% |   -0.0029 | $   1402.16 | $    393.07 | 0.036393
2025-06-08 15:47:42,052 - INFO - 1282 | HOLD | 27297.27 |  38.1 |  -4.31% |   3.27% |   -0.0031 | $   1386.51 | $    393.07 | 0.036393
2025-06-08 15:47:42,052 - INFO - 1283 | SELL | 25931.47 |  43.0 |  -9.10% |  -0.88% |   -0.0036 | $   1325.01 | $    617.21 | 0.027295
2025-06-08 15:47:42,052 - INFO - 1284 | BUY  | 25800.72 |  47.4 |  -9.56% |  -0.95% |   -0.0037 | $   1318.41 | $    462.91 | 0.033158
2025-06-08 15:47:42,052 - INFO - 1285 | HOLD | 25868.80 |  47.6 |  -7.76% |  -0.54% |   -0.0036 | $   1320.67 | $    462.91 | 0.033158
2025-06-08 15:47:42,052 - INFO - 1286 | BUY  | 25969.57 |  47.7 |  -7.40% |  -0.46% |   -0.0036 | $   1321.74 | $    347.18 | 0.037527
2025-06-08 15:47:42,052 - INFO - 1287 | HOLD | 25812.42 |  46.8 |  -7.16% |  -1.13% |   -0.0035 | $   1315.85 | $    347.18 | 0.037527
2025-06-08 15:47:42,052 - INFO - 1288 | BUY  | 25779.98 |  47.4 |  -7.28% |  -7.02% |   -0.0032 | $   1312.93 | $    260.39 | 0.040828
2025-06-08 15:47:42,052 - INFO - 1289 | HOLD | 25753.24 |  42.4 |  -6.83% |  -5.66% |   -0.0022 | $   1311.84 | $    260.39 | 0.040828
2025-06-08 15:47:42,052 - INFO - 1290 | BUY  | 26240.20 |  50.8 |  -5.07% |   1.19% |   -0.0010 | $   1330.44 | $    195.29 | 0.043260
2025-06-08 15:47:42,052 - INFO - 1291 | BUY  | 25905.65 |  48.5 |  -6.01% |   0.41% |   -0.0014 | $   1315.01 | $    146.47 | 0.045108
2025-06-08 15:47:42,052 - INFO - 1292 | SELL | 25895.68 |  48.8 |  -5.81% |   0.10% |   -0.0019 | $   1299.96 | $    423.89 | 0.033831
2025-06-08 15:47:42,052 - INFO - 1293 | BUY  | 25832.23 |  47.3 |  -6.04% |  -0.53% |   -0.0019 | $   1295.73 | $    317.92 | 0.037853
2025-06-08 15:47:42,052 - INFO - 1294 | SELL | 25162.65 |  41.4 |  -7.89% |  -2.52% |   -0.0026 | $   1258.48 | $    544.13 | 0.028389
2025-06-08 15:47:42,052 - INFO - 1295 | HOLD | 25833.34 |  29.2 |  -5.43% |   0.21% |   -0.0021 | $   1277.52 | $    544.13 | 0.028389
2025-06-08 15:47:42,053 - INFO - 
Action distribution for Episode 300:
2025-06-08 15:47:42,053 - INFO -   HOLD:  629 ( 48.5%)
2025-06-08 15:47:42,053 - INFO -   BUY:   339 ( 26.2%)
2025-06-08 15:47:42,053 - INFO -   SELL:  328 ( 25.3%)
2025-06-08 15:47:42,053 - INFO - ------------------------------------------------------------------------------------------------------------------------
2025-06-08 15:47:42,229 - INFO - Step 389000: Loss = 0.000008, Epsilon = 0.6288
2025-06-08 15:47:43,078 - INFO - Step 390000: Loss = 0.000008, Epsilon = 0.6279
2025-06-08 15:47:43,078 - INFO - Step 390000: Target network updated
2025-06-08 15:47:43,157 - INFO - Episode 301: Reward = -1.7871, Portfolio = $1049.87, Return = -89.50%, Cash = $330.11, Crypto = 0.027862, Steps = 1296
2025-06-08 15:47:43,898 - INFO - Step 391000: Loss = 0.000006, Epsilon = 0.6269
2025-06-08 15:47:44,215 - INFO - Episode 302: Reward = -1.3903, Portfolio = $3279.42, Return = -67.21%, Cash = $1520.68, Crypto = 0.068080, Steps = 1296
2025-06-08 15:47:44,751 - INFO - Step 392000: Loss = 0.000008, Epsilon = 0.6260
2025-06-08 15:47:44,752 - INFO - Step 392000: Target network updated
2025-06-08 15:47:45,387 - INFO - Episode 303: Reward = -1.5589, Portfolio = $1746.82, Return = -82.53%, Cash = $936.10, Crypto = 0.031383, Steps = 1296
2025-06-08 15:47:45,669 - INFO - Step 393000: Loss = 0.000008, Epsilon = 0.6250
2025-06-08 15:47:46,489 - INFO - Episode 304: Reward = -1.2562, Portfolio = $1824.25, Return = -81.76%, Cash = $586.04, Crypto = 0.047931, Steps = 1296
2025-06-08 15:47:46,504 - INFO - Step 394000: Loss = 0.000009, Epsilon = 0.6241
2025-06-08 15:47:46,504 - INFO - Step 394000: Target network updated
2025-06-08 15:47:47,373 - INFO - Step 395000: Loss = 0.000006, Epsilon = 0.6231
2025-06-08 15:47:47,635 - INFO - Episode 305: Reward = -1.5724, Portfolio = $1817.03, Return = -81.83%, Cash = $844.22, Crypto = 0.037657, Steps = 1296
2025-06-08 15:47:48,250 - INFO - Step 396000: Loss = 0.000007, Epsilon = 0.6222
2025-06-08 15:47:48,250 - INFO - Step 396000: Target network updated
2025-06-08 15:47:48,721 - INFO - Episode 306: Reward = -1.4476, Portfolio = $1457.73, Return = -85.42%, Cash = $1169.90, Crypto = 0.011142, Steps = 1296
2025-06-08 15:47:49,071 - INFO - Step 397000: Loss = 0.000060, Epsilon = 0.6212
2025-06-08 15:47:49,778 - INFO - Episode 307: Reward = -1.4856, Portfolio = $1845.45, Return = -81.55%, Cash = $1147.96, Crypto = 0.027000, Steps = 1296
2025-06-08 15:47:49,895 - INFO - Step 398000: Loss = 0.000008, Epsilon = 0.6203
2025-06-08 15:47:49,895 - INFO - Step 398000: Target network updated
2025-06-08 15:47:50,768 - INFO - Step 399000: Loss = 0.000005, Epsilon = 0.6193
2025-06-08 15:47:50,906 - INFO - Episode 308: Reward = -1.2437, Portfolio = $2567.50, Return = -74.33%, Cash = $376.67, Crypto = 0.084806, Steps = 1296
2025-06-08 15:47:51,593 - INFO - Step 400000: Loss = 0.000007, Epsilon = 0.6184
2025-06-08 15:47:51,593 - INFO - Step 400000: Target network updated
2025-06-08 15:47:51,983 - INFO - Episode 309: Reward = -2.3320, Portfolio = $1303.95, Return = -86.96%, Cash = $768.76, Crypto = 0.020717, Steps = 1296
2025-06-08 15:47:52,426 - INFO - Step 401000: Loss = 0.000005, Epsilon = 0.6174
2025-06-08 15:47:53,050 - INFO - Episode 310: Reward = -1.1860, Portfolio = $3334.53, Return = -66.65%, Cash = $2185.05, Crypto = 0.044496, Steps = 1296
2025-06-08 15:47:53,050 - INFO - Episode 310 Summary: Avg Reward (100 eps) = -1.7841, Avg Portfolio (100 eps) = $997.53, Epsilon = 0.617
2025-06-08 15:47:53,050 - INFO - 
Detailed steps for Episode 310:
2025-06-08 15:47:53,050 - INFO - Step | Action | Price    | RSI   | PnL    | WkChg  | Reward    | Portfolio   | Cash       | Crypto
2025-06-08 15:47:53,050 - INFO - ------------------------------------------------------------------------------------------------------------------------
2025-06-08 15:47:53,051 - INFO -    0 | HOLD |  9341.71 |  35.4 |  -2.00% |  -7.89% |    0.0000 | $  10000.00 | $  10000.00 | 0.000000
2025-06-08 15:47:53,051 - INFO -    1 | SELL |  8820.52 |  27.7 |  -2.00% |  -8.44% |   -0.0100 | $  10000.00 | $  10000.00 | 0.000000
2025-06-08 15:47:53,051 - INFO -    2 | BUY  |  8784.49 |  28.3 |  -2.00% |  -8.58% |   -0.0049 | $   9950.98 | $   7500.00 | 0.279012
2025-06-08 15:47:53,051 - INFO -    3 | SELL |  8672.46 |  25.2 |  -1.28% | -10.47% |   -0.0062 | $   9889.47 | $   8074.68 | 0.209259
2025-06-08 15:47:53,051 - INFO -    4 | HOLD |  8599.51 |  28.2 |  -2.11% | -11.01% |   -0.0015 | $   9874.21 | $   8074.68 | 0.209259
2025-06-08 15:47:53,051 - INFO -    5 | BUY  |  8562.45 |  26.8 |  -2.53% | -13.72% |   -0.0048 | $   9826.87 | $   6056.01 | 0.440395
2025-06-08 15:47:53,051 - INFO -    6 | BUY  |  8869.67 |  36.4 |   2.33% |  -8.09% |    0.0107 | $   9932.48 | $   4542.01 | 0.607742
2025-06-08 15:47:53,051 - INFO -    7 | BUY  |  8787.79 |  24.4 |   0.74% |  -5.93% |   -0.0073 | $   9860.45 | $   3406.51 | 0.734422
2025-06-08 15:47:53,051 - INFO -    8 | BUY  |  8755.25 |  29.8 |   0.24% |  -0.74% |   -0.0041 | $   9819.86 | $   2554.88 | 0.829786
2025-06-08 15:47:53,051 - INFO -    9 | SELL |  9078.76 |  39.3 |   3.91% |   3.35% |    0.0177 | $   9994.14 | $   4344.07 | 0.622339
2025-06-08 15:47:53,051 - INFO -   10 | HOLD |  9122.55 |  38.4 |   4.41% |   5.19% |    0.0027 | $  10021.39 | $   4344.07 | 0.622339
2025-06-08 15:47:53,051 - INFO -   11 | HOLD |  8909.95 |  35.7 |   1.98% |   3.61% |   -0.0132 | $   9889.08 | $   4344.07 | 0.622339
2025-06-08 15:47:53,051 - INFO -   12 | BUY  |  8108.12 |  21.3 |  -7.20% |  -5.31% |   -0.0526 | $   9368.77 | $   3258.05 | 0.753655
2025-06-08 15:47:53,051 - INFO -   13 | HOLD |  7923.64 |  21.9 |  -8.16% | -10.67% |   -0.0148 | $   9229.75 | $   3258.05 | 0.753655
2025-06-08 15:47:53,051 - INFO -   14 | BUY  |  7909.73 |  24.3 |  -8.32% |  -9.99% |   -0.0029 | $   9203.29 | $   2443.54 | 0.854612
2025-06-08 15:47:53,051 - INFO -   15 | BUY  |  7911.43 |  29.9 |  -7.39% |  -9.64% |   -0.0011 | $   9192.76 | $   1832.65 | 0.930313
2025-06-08 15:47:53,051 - INFO -   16 | BUY  |  4970.79 |  13.1 | -41.46% | -45.25% |   -0.2986 | $   6448.06 | $   1374.49 | 1.020677
2025-06-08 15:47:53,051 - INFO -   17 | BUY  |  5563.71 |  22.5 | -31.98% | -39.01% |    0.0928 | $   7046.50 | $   1030.87 | 1.081228
2025-06-08 15:47:53,051 - INFO -   18 | BUY  |  5200.37 |  21.4 | -35.26% | -41.63% |   -0.0565 | $   6648.59 | $    773.15 | 1.129813
2025-06-08 15:47:53,051 - INFO -   19 | BUY  |  5392.31 |  24.0 | -31.84% | -33.49% |   -0.0022 | $   6861.67 | $    579.86 | 1.164956
2025-06-08 15:47:53,051 - INFO -   ...    ...      ...       ...     ...       ...      ...         ...          ...         ...
2025-06-08 15:47:53,051 - INFO - 1276 | BUY  | 26162.37 |  14.8 | -10.64% |  -1.88% |   -0.0060 | $   3415.67 | $   2028.46 | 0.053023
2025-06-08 15:47:53,051 - INFO - 1277 | HOLD | 26047.67 |  14.5 |  -6.27% |  -0.01% |   -0.0057 | $   3409.59 | $   2028.46 | 0.053023
2025-06-08 15:47:53,051 - INFO - 1278 | HOLD | 26008.46 |  14.0 |  -6.41% |  -0.34% |   -0.0055 | $   3407.51 | $   2028.46 | 0.053023
2025-06-08 15:47:53,051 - INFO - 1279 | HOLD | 26089.69 |  15.9 |  -6.12% |  -0.38% |   -0.0052 | $   3411.82 | $   2028.46 | 0.053023
2025-06-08 15:47:53,051 - INFO - 1280 | HOLD | 26106.15 |  13.9 |  -6.06% |  -0.07% |   -0.0057 | $   3412.69 | $   2028.46 | 0.053023
2025-06-08 15:47:53,051 - INFO - 1281 | HOLD | 27727.39 |  37.9 |  -0.22% |   6.51% |   -0.0034 | $   3498.65 | $   2028.46 | 0.053023
2025-06-08 15:47:53,051 - INFO - 1282 | SELL | 27297.27 |  38.1 |  -1.77% |   3.27% |   -0.0037 | $   3457.76 | $   2372.21 | 0.039767
2025-06-08 15:47:53,051 - INFO - 1283 | BUY  | 25931.47 |  43.0 |  -6.69% |  -0.88% |   -0.0043 | $   3391.81 | $   1779.16 | 0.062189
2025-06-08 15:47:53,051 - INFO - 1284 | HOLD | 25800.72 |  47.4 |  -4.86% |  -0.95% |   -0.0044 | $   3383.68 | $   1779.16 | 0.062189
2025-06-08 15:47:53,051 - INFO - 1285 | HOLD | 25868.80 |  47.6 |  -4.61% |  -0.54% |   -0.0038 | $   3387.92 | $   1779.16 | 0.062189
2025-06-08 15:47:53,051 - INFO - 1286 | HOLD | 25969.57 |  47.7 |  -4.24% |  -0.46% |   -0.0038 | $   3394.18 | $   1779.16 | 0.062189
2025-06-08 15:47:53,051 - INFO - 1287 | HOLD | 25812.42 |  46.8 |  -4.82% |  -1.13% |   -0.0034 | $   3384.41 | $   1779.16 | 0.062189
2025-06-08 15:47:53,051 - INFO - 1288 | BUY  | 25779.98 |  47.4 |  -4.94% |  -7.02% |   -0.0031 | $   3373.67 | $   1334.37 | 0.079104
2025-06-08 15:47:53,051 - INFO - 1289 | HOLD | 25753.24 |  42.4 |  -4.02% |  -5.66% |   -0.0021 | $   3371.55 | $   1334.37 | 0.079104
2025-06-08 15:47:53,051 - INFO - 1290 | HOLD | 26240.20 |  50.8 |  -2.21% |   1.19% |   -0.0008 | $   3410.07 | $   1334.37 | 0.079104
2025-06-08 15:47:53,051 - INFO - 1291 | SELL | 25905.65 |  48.5 |  -3.46% |   0.41% |   -0.0014 | $   3358.00 | $   1821.06 | 0.059328
2025-06-08 15:47:53,051 - INFO - 1292 | HOLD | 25895.68 |  48.8 |  -3.49% |   0.10% |   -0.0013 | $   3357.40 | $   1821.06 | 0.059328
2025-06-08 15:47:53,051 - INFO - 1293 | SELL | 25832.23 |  47.3 |  -3.73% |  -0.53% |   -0.0016 | $   3334.48 | $   2185.05 | 0.044496
2025-06-08 15:47:53,051 - INFO - 1294 | HOLD | 25162.65 |  41.4 |  -6.23% |  -2.52% |   -0.0020 | $   3304.69 | $   2185.05 | 0.044496
2025-06-08 15:47:53,051 - INFO - 1295 | HOLD | 25833.34 |  29.2 |  -3.73% |   0.21% |   -0.0017 | $   3334.53 | $   2185.05 | 0.044496
2025-06-08 15:47:53,052 - INFO - 
Action distribution for Episode 310:
2025-06-08 15:47:53,052 - INFO -   HOLD:  660 ( 50.9%)
2025-06-08 15:47:53,052 - INFO -   BUY:   380 ( 29.3%)
2025-06-08 15:47:53,052 - INFO -   SELL:  256 ( 19.8%)
2025-06-08 15:47:53,052 - INFO - ------------------------------------------------------------------------------------------------------------------------
2025-06-08 15:47:53,259 - INFO - Step 402000: Loss = 0.000109, Epsilon = 0.6164
2025-06-08 15:47:53,259 - INFO - Step 402000: Target network updated
2025-06-08 15:47:54,089 - INFO - Step 403000: Loss = 0.000009, Epsilon = 0.6155
2025-06-08 15:47:54,133 - INFO - Episode 311: Reward = -1.6209, Portfolio = $1868.49, Return = -81.32%, Cash = $967.82, Crypto = 0.034865, Steps = 1296
2025-06-08 15:47:54,934 - INFO - Step 404000: Loss = 0.000006, Epsilon = 0.6145
2025-06-08 15:47:54,934 - INFO - Step 404000: Target network updated
2025-06-08 15:47:55,220 - INFO - Episode 312: Reward = -1.4001, Portfolio = $2142.35, Return = -78.58%, Cash = $1736.54, Crypto = 0.015709, Steps = 1296
2025-06-08 15:47:55,745 - INFO - Step 405000: Loss = 0.000011, Epsilon = 0.6136
2025-06-08 15:47:56,266 - INFO - Episode 313: Reward = -3.0016, Portfolio = $315.25, Return = -96.85%, Cash = $186.08, Crypto = 0.005000, Steps = 1296
2025-06-08 15:47:56,551 - INFO - Step 406000: Loss = 0.000010, Epsilon = 0.6126
2025-06-08 15:47:56,551 - INFO - Step 406000: Target network updated
2025-06-08 15:47:57,304 - INFO - Episode 314: Reward = -2.4676, Portfolio = $1171.36, Return = -88.29%, Cash = $119.10, Crypto = 0.040733, Steps = 1296
2025-06-08 15:47:57,354 - INFO - Step 407000: Loss = 0.000006, Epsilon = 0.6117
2025-06-08 15:47:58,160 - INFO - Step 408000: Loss = 0.000009, Epsilon = 0.6107
2025-06-08 15:47:58,160 - INFO - Step 408000: Target network updated
2025-06-08 15:47:58,359 - INFO - Episode 315: Reward = -1.8195, Portfolio = $880.54, Return = -91.19%, Cash = $535.62, Crypto = 0.013352, Steps = 1296
2025-06-08 15:47:58,977 - INFO - Step 409000: Loss = 0.002878, Epsilon = 0.6098
2025-06-08 15:47:59,411 - INFO - Episode 316: Reward = -1.3884, Portfolio = $1908.09, Return = -80.92%, Cash = $1280.38, Crypto = 0.024298, Steps = 1296
2025-06-08 15:47:59,809 - INFO - Step 410000: Loss = 0.000005, Epsilon = 0.6088
2025-06-08 15:47:59,809 - INFO - Step 410000: Target network updated
2025-06-08 15:48:00,521 - INFO - Episode 317: Reward = -1.9018, Portfolio = $1393.02, Return = -86.07%, Cash = $675.27, Crypto = 0.027784, Steps = 1296
2025-06-08 15:48:00,666 - INFO - Step 411000: Loss = 0.000006, Epsilon = 0.6079
2025-06-08 15:48:01,533 - INFO - Step 412000: Loss = 0.000005, Epsilon = 0.6069
2025-06-08 15:48:01,533 - INFO - Step 412000: Target network updated
2025-06-08 15:48:01,635 - INFO - Episode 318: Reward = -2.0488, Portfolio = $1208.18, Return = -87.92%, Cash = $1015.29, Crypto = 0.007467, Steps = 1296
2025-06-08 15:48:02,368 - INFO - Step 413000: Loss = 0.000006, Epsilon = 0.6059
2025-06-08 15:48:02,731 - INFO - Episode 319: Reward = -2.5646, Portfolio = $549.69, Return = -94.50%, Cash = $37.09, Crypto = 0.019843, Steps = 1296
2025-06-08 15:48:03,225 - INFO - Step 414000: Loss = 0.000009, Epsilon = 0.6050
2025-06-08 15:48:03,226 - INFO - Step 414000: Target network updated
2025-06-08 15:48:03,818 - INFO - Episode 320: Reward = -1.3237, Portfolio = $2340.82, Return = -76.59%, Cash = $1605.98, Crypto = 0.028445, Steps = 1296
2025-06-08 15:48:03,818 - INFO - Episode 320 Summary: Avg Reward (100 eps) = -1.7895, Avg Portfolio (100 eps) = $1084.71, Epsilon = 0.604
2025-06-08 15:48:03,818 - INFO - 
Detailed steps for Episode 320:
2025-06-08 15:48:03,818 - INFO - Step | Action | Price    | RSI   | PnL    | WkChg  | Reward    | Portfolio   | Cash       | Crypto
2025-06-08 15:48:03,818 - INFO - ------------------------------------------------------------------------------------------------------------------------
2025-06-08 15:48:03,818 - INFO -    0 | HOLD |  9341.71 |  35.4 |  -2.00% |  -7.89% |    0.0000 | $  10000.00 | $  10000.00 | 0.000000
2025-06-08 15:48:03,818 - INFO -    1 | HOLD |  8820.52 |  27.7 |  -2.00% |  -8.44% |    0.0000 | $  10000.00 | $  10000.00 | 0.000000
2025-06-08 15:48:03,818 - INFO -    2 | HOLD |  8784.49 |  28.3 |  -2.00% |  -8.58% |    0.0000 | $  10000.00 | $  10000.00 | 0.000000
2025-06-08 15:48:03,818 - INFO -    3 | HOLD |  8672.46 |  25.2 |  -2.00% | -10.47% |    0.0000 | $  10000.00 | $  10000.00 | 0.000000
2025-06-08 15:48:03,818 - INFO -    4 | HOLD |  8599.51 |  28.2 |  -2.00% | -11.01% |    0.0000 | $  10000.00 | $  10000.00 | 0.000000
2025-06-08 15:48:03,818 - INFO -    5 | HOLD |  8562.45 |  26.8 |  -2.00% | -13.72% |    0.0000 | $  10000.00 | $  10000.00 | 0.000000
2025-06-08 15:48:03,818 - INFO -    6 | HOLD |  8869.67 |  36.4 |  -2.00% |  -8.09% |    0.0000 | $  10000.00 | $  10000.00 | 0.000000
2025-06-08 15:48:03,818 - INFO -    7 | SELL |  8787.79 |  24.4 |  -2.00% |  -5.93% |   -0.0100 | $  10000.00 | $  10000.00 | 0.000000
2025-06-08 15:48:03,818 - INFO -    8 | HOLD |  8755.25 |  29.8 |  -2.00% |  -0.74% |    0.0000 | $  10000.00 | $  10000.00 | 0.000000
2025-06-08 15:48:03,818 - INFO -    9 | HOLD |  9078.76 |  39.3 |  -2.00% |   3.35% |    0.0000 | $  10000.00 | $  10000.00 | 0.000000
2025-06-08 15:48:03,818 - INFO -   10 | HOLD |  9122.55 |  38.4 |  -2.00% |   5.19% |    0.0000 | $  10000.00 | $  10000.00 | 0.000000
2025-06-08 15:48:03,818 - INFO -   11 | HOLD |  8909.95 |  35.7 |  -2.00% |   3.61% |    0.0000 | $  10000.00 | $  10000.00 | 0.000000
2025-06-08 15:48:03,818 - INFO -   12 | HOLD |  8108.12 |  21.3 |  -2.00% |  -5.31% |    0.0000 | $  10000.00 | $  10000.00 | 0.000000
2025-06-08 15:48:03,818 - INFO -   13 | HOLD |  7923.64 |  21.9 |  -2.00% | -10.67% |    0.0000 | $  10000.00 | $  10000.00 | 0.000000
2025-06-08 15:48:03,818 - INFO -   14 | HOLD |  7909.73 |  24.3 |  -2.00% |  -9.99% |    0.0000 | $  10000.00 | $  10000.00 | 0.000000
2025-06-08 15:48:03,818 - INFO -   15 | HOLD |  7911.43 |  29.9 |  -2.00% |  -9.64% |    0.0000 | $  10000.00 | $  10000.00 | 0.000000
2025-06-08 15:48:03,818 - INFO -   16 | BUY  |  4970.79 |  13.1 |  -2.00% | -45.25% |   -0.0049 | $   9950.98 | $   7500.00 | 0.493077
2025-06-08 15:48:03,818 - INFO -   17 | BUY  |  5563.71 |  22.5 |  11.93% | -39.01% |    0.0257 | $  10206.57 | $   5625.00 | 0.823474
2025-06-08 15:48:03,818 - INFO -   18 | SELL |  5200.37 |  21.4 |  -0.16% | -41.63% |   -0.0346 | $   9853.84 | $   6642.06 | 0.617606
2025-06-08 15:48:03,818 - INFO -   19 | HOLD |  5392.31 |  24.0 |   3.53% | -33.49% |   -0.0002 | $   9972.39 | $   6642.06 | 0.617606
2025-06-08 15:48:03,818 - INFO -   ...    ...      ...       ...     ...       ...      ...         ...          ...         ...
2025-06-08 15:48:03,818 - INFO - 1276 | HOLD | 26162.37 |  14.8 |  -7.55% |  -1.88% |   -0.0045 | $   2414.77 | $   1150.64 | 0.048319
2025-06-08 15:48:03,819 - INFO - 1277 | HOLD | 26047.67 |  14.5 |  -7.95% |  -0.01% |   -0.0047 | $   2409.23 | $   1150.64 | 0.048319
2025-06-08 15:48:03,819 - INFO - 1278 | HOLD | 26008.46 |  14.0 |  -8.09% |  -0.34% |   -0.0047 | $   2407.33 | $   1150.64 | 0.048319
2025-06-08 15:48:03,819 - INFO - 1279 | HOLD | 26089.69 |  15.9 |  -7.80% |  -0.38% |   -0.0047 | $   2411.26 | $   1150.64 | 0.048319
2025-06-08 15:48:03,819 - INFO - 1280 | HOLD | 26106.15 |  13.9 |  -7.74% |  -0.07% |   -0.0053 | $   2412.05 | $   1150.64 | 0.048319
2025-06-08 15:48:03,819 - INFO - 1281 | HOLD | 27727.39 |  37.9 |  -2.01% |   6.51% |   -0.0024 | $   2490.39 | $   1150.64 | 0.048319
2025-06-08 15:48:03,819 - INFO - 1282 | HOLD | 27297.27 |  38.1 |  -3.53% |   3.27% |   -0.0026 | $   2469.60 | $   1150.64 | 0.048319
2025-06-08 15:48:03,819 - INFO - 1283 | HOLD | 25931.47 |  43.0 |  -8.36% |  -0.88% |   -0.0033 | $   2403.61 | $   1150.64 | 0.048319
2025-06-08 15:48:03,819 - INFO - 1284 | BUY  | 25800.72 |  47.4 |  -8.82% |  -0.95% |   -0.0034 | $   2391.65 | $    862.98 | 0.059249
2025-06-08 15:48:03,819 - INFO - 1285 | BUY  | 25868.80 |  47.6 |  -7.07% |  -0.54% |   -0.0033 | $   2391.46 | $    647.23 | 0.067426
2025-06-08 15:48:03,819 - INFO - 1286 | SELL | 25969.57 |  47.7 |  -5.90% |  -0.46% |   -0.0037 | $   2376.36 | $   1063.10 | 0.050569
2025-06-08 15:48:03,819 - INFO - 1287 | HOLD | 25812.42 |  46.8 |  -6.47% |  -1.13% |   -0.0036 | $   2368.42 | $   1063.10 | 0.050569
2025-06-08 15:48:03,819 - INFO - 1288 | SELL | 25779.98 |  47.4 |  -6.59% |  -7.02% |   -0.0033 | $   2350.48 | $   1372.72 | 0.037927
2025-06-08 15:48:03,819 - INFO - 1289 | HOLD | 25753.24 |  42.4 |  -6.69% |  -5.66% |   -0.0023 | $   2349.47 | $   1372.72 | 0.037927
2025-06-08 15:48:03,819 - INFO - 1290 | HOLD | 26240.20 |  50.8 |  -4.92% |   1.19% |   -0.0013 | $   2367.93 | $   1372.72 | 0.037927
2025-06-08 15:48:03,819 - INFO - 1291 | HOLD | 25905.65 |  48.5 |  -6.13% |   0.41% |   -0.0015 | $   2355.25 | $   1372.72 | 0.037927
2025-06-08 15:48:03,819 - INFO - 1292 | SELL | 25895.68 |  48.8 |  -6.17% |   0.10% |   -0.0015 | $   2342.59 | $   1605.98 | 0.028445
2025-06-08 15:48:03,819 - INFO - 1293 | HOLD | 25832.23 |  47.3 |  -6.40% |  -0.53% |   -0.0015 | $   2340.79 | $   1605.98 | 0.028445
2025-06-08 15:48:03,819 - INFO - 1294 | HOLD | 25162.65 |  41.4 |  -8.83% |  -2.52% |   -0.0018 | $   2321.74 | $   1605.98 | 0.028445
2025-06-08 15:48:03,819 - INFO - 1295 | HOLD | 25833.34 |  29.2 |  -6.39% |   0.21% |   -0.0018 | $   2340.82 | $   1605.98 | 0.028445
2025-06-08 15:48:03,819 - INFO - 
Action distribution for Episode 320:
2025-06-08 15:48:03,819 - INFO -   HOLD:  672 ( 51.9%)
2025-06-08 15:48:03,819 - INFO -   BUY:   304 ( 23.5%)
2025-06-08 15:48:03,819 - INFO -   SELL:  320 ( 24.7%)
2025-06-08 15:48:03,819 - INFO - ------------------------------------------------------------------------------------------------------------------------
2025-06-08 15:48:04,056 - INFO - Step 415000: Loss = 0.000010, Epsilon = 0.6040
2025-06-08 15:48:04,966 - INFO - Step 416000: Loss = 0.000071, Epsilon = 0.6031
2025-06-08 15:48:04,966 - INFO - Step 416000: Target network updated
2025-06-08 15:48:04,980 - INFO - Episode 321: Reward = -1.5385, Portfolio = $1026.71, Return = -89.73%, Cash = $243.31, Crypto = 0.030325, Steps = 1296
2025-06-08 15:48:05,986 - INFO - Step 417000: Loss = 0.000010, Epsilon = 0.6021
2025-06-08 15:48:06,290 - INFO - Episode 322: Reward = -1.1764, Portfolio = $1772.72, Return = -82.27%, Cash = $27.87, Crypto = 0.067543, Steps = 1296
2025-06-08 15:48:06,916 - INFO - Step 418000: Loss = 0.000005, Epsilon = 0.6012
2025-06-08 15:48:06,916 - INFO - Step 418000: Target network updated
2025-06-08 15:48:07,471 - INFO - Episode 323: Reward = -1.7033, Portfolio = $1047.96, Return = -89.52%, Cash = $478.27, Crypto = 0.022053, Steps = 1296
2025-06-08 15:48:07,875 - INFO - Step 419000: Loss = 0.000007, Epsilon = 0.6002
2025-06-08 15:48:08,697 - INFO - Episode 324: Reward = -1.3997, Portfolio = $1697.60, Return = -83.02%, Cash = $362.83, Crypto = 0.051668, Steps = 1296
2025-06-08 15:48:08,791 - INFO - Step 420000: Loss = 0.000005, Epsilon = 0.5993
2025-06-08 15:48:08,792 - INFO - Step 420000: Target network updated
2025-06-08 15:48:09,686 - INFO - Step 421000: Loss = 0.000007, Epsilon = 0.5983
2025-06-08 15:48:09,857 - INFO - Episode 325: Reward = -1.2995, Portfolio = $1467.75, Return = -85.32%, Cash = $623.73, Crypto = 0.032672, Steps = 1296
2025-06-08 15:48:10,540 - INFO - Step 422000: Loss = 0.000005, Epsilon = 0.5974
2025-06-08 15:48:10,540 - INFO - Step 422000: Target network updated
2025-06-08 15:48:10,951 - INFO - Episode 326: Reward = -1.4192, Portfolio = $1300.32, Return = -87.00%, Cash = $716.86, Crypto = 0.022586, Steps = 1296
2025-06-08 15:48:11,398 - INFO - Step 423000: Loss = 0.001527, Epsilon = 0.5964
2025-06-08 15:48:12,143 - INFO - Episode 327: Reward = -1.5659, Portfolio = $1068.83, Return = -89.31%, Cash = $179.22, Crypto = 0.034436, Steps = 1296
2025-06-08 15:48:12,334 - INFO - Step 424000: Loss = 0.000005, Epsilon = 0.5955
2025-06-08 15:48:12,335 - INFO - Step 424000: Target network updated
2025-06-08 15:48:13,182 - INFO - Step 425000: Loss = 0.000009, Epsilon = 0.5945
2025-06-08 15:48:13,257 - INFO - Episode 328: Reward = -1.6056, Portfolio = $1528.56, Return = -84.71%, Cash = $224.23, Crypto = 0.050490, Steps = 1296
2025-06-08 15:48:14,030 - INFO - Step 426000: Loss = 0.000013, Epsilon = 0.5935
2025-06-08 15:48:14,030 - INFO - Step 426000: Target network updated
2025-06-08 15:48:14,347 - INFO - Episode 329: Reward = -1.5975, Portfolio = $2444.20, Return = -75.56%, Cash = $1425.95, Crypto = 0.039416, Steps = 1296
2025-06-08 15:48:14,877 - INFO - Step 427000: Loss = 0.000008, Epsilon = 0.5926
2025-06-08 15:48:15,457 - INFO - Episode 330: Reward = -1.1958, Portfolio = $2301.17, Return = -76.99%, Cash = $538.04, Crypto = 0.068250, Steps = 1296
2025-06-08 15:48:15,458 - INFO - Episode 330 Summary: Avg Reward (100 eps) = -1.7525, Avg Portfolio (100 eps) = $1181.50, Epsilon = 0.592
2025-06-08 15:48:15,458 - INFO - 
Detailed steps for Episode 330:
2025-06-08 15:48:15,458 - INFO - Step | Action | Price    | RSI   | PnL    | WkChg  | Reward    | Portfolio   | Cash       | Crypto
2025-06-08 15:48:15,458 - INFO - ------------------------------------------------------------------------------------------------------------------------
2025-06-08 15:48:15,458 - INFO -    0 | HOLD |  9341.71 |  35.4 |  -2.00% |  -7.89% |    0.0000 | $  10000.00 | $  10000.00 | 0.000000
2025-06-08 15:48:15,458 - INFO -    1 | HOLD |  8820.52 |  27.7 |  -2.00% |  -8.44% |    0.0000 | $  10000.00 | $  10000.00 | 0.000000
2025-06-08 15:48:15,458 - INFO -    2 | SELL |  8784.49 |  28.3 |  -2.00% |  -8.58% |   -0.0100 | $  10000.00 | $  10000.00 | 0.000000
2025-06-08 15:48:15,458 - INFO -    3 | HOLD |  8672.46 |  25.2 |  -2.00% | -10.47% |    0.0000 | $  10000.00 | $  10000.00 | 0.000000
2025-06-08 15:48:15,458 - INFO -    4 | HOLD |  8599.51 |  28.2 |  -2.00% | -11.01% |    0.0000 | $  10000.00 | $  10000.00 | 0.000000
2025-06-08 15:48:15,458 - INFO -    5 | HOLD |  8562.45 |  26.8 |  -2.00% | -13.72% |    0.0000 | $  10000.00 | $  10000.00 | 0.000000
2025-06-08 15:48:15,458 - INFO -    6 | HOLD |  8869.67 |  36.4 |  -2.00% |  -8.09% |    0.0000 | $  10000.00 | $  10000.00 | 0.000000
2025-06-08 15:48:15,458 - INFO -    7 | HOLD |  8787.79 |  24.4 |  -2.00% |  -5.93% |    0.0000 | $  10000.00 | $  10000.00 | 0.000000
2025-06-08 15:48:15,458 - INFO -    8 | SELL |  8755.25 |  29.8 |  -2.00% |  -0.74% |   -0.0100 | $  10000.00 | $  10000.00 | 0.000000
2025-06-08 15:48:15,458 - INFO -    9 | SELL |  9078.76 |  39.3 |  -2.00% |   3.35% |   -0.0100 | $  10000.00 | $  10000.00 | 0.000000
2025-06-08 15:48:15,458 - INFO -   10 | HOLD |  9122.55 |  38.4 |  -2.00% |   5.19% |    0.0000 | $  10000.00 | $  10000.00 | 0.000000
2025-06-08 15:48:15,458 - INFO -   11 | HOLD |  8909.95 |  35.7 |  -2.00% |   3.61% |    0.0000 | $  10000.00 | $  10000.00 | 0.000000
2025-06-08 15:48:15,458 - INFO -   12 | SELL |  8108.12 |  21.3 |  -2.00% |  -5.31% |   -0.0100 | $  10000.00 | $  10000.00 | 0.000000
2025-06-08 15:48:15,458 - INFO -   13 | HOLD |  7923.64 |  21.9 |  -2.00% | -10.67% |    0.0000 | $  10000.00 | $  10000.00 | 0.000000
2025-06-08 15:48:15,458 - INFO -   14 | SELL |  7909.73 |  24.3 |  -2.00% |  -9.99% |   -0.0100 | $  10000.00 | $  10000.00 | 0.000000
2025-06-08 15:48:15,458 - INFO -   15 | BUY  |  7911.43 |  29.9 |  -2.00% |  -9.64% |   -0.0049 | $   9950.98 | $   7500.00 | 0.309802
2025-06-08 15:48:15,458 - INFO -   16 | HOLD |  4970.79 |  13.1 | -37.17% | -45.25% |   -0.0916 | $   9039.96 | $   7500.00 | 0.309802
2025-06-08 15:48:15,458 - INFO -   17 | HOLD |  5563.71 |  22.5 | -29.68% | -39.01% |    0.0203 | $   9223.65 | $   7500.00 | 0.309802
2025-06-08 15:48:15,458 - INFO -   18 | HOLD |  5200.37 |  21.4 | -34.27% | -41.63% |   -0.0122 | $   9111.09 | $   7500.00 | 0.309802
2025-06-08 15:48:15,458 - INFO -   19 | HOLD |  5392.31 |  24.0 | -31.84% | -33.49% |   -0.0020 | $   9170.55 | $   7500.00 | 0.309802
2025-06-08 15:48:15,458 - INFO -   ...    ...      ...       ...     ...       ...      ...         ...          ...         ...
2025-06-08 15:48:15,458 - INFO - 1276 | HOLD | 26162.37 |  14.8 | -10.60% |  -1.88% |   -0.0058 | $   2494.38 | $   1855.71 | 0.024412
2025-06-08 15:48:15,458 - INFO - 1277 | HOLD | 26047.67 |  14.5 | -10.99% |  -0.01% |   -0.0054 | $   2491.58 | $   1855.71 | 0.024412
2025-06-08 15:48:15,458 - INFO - 1278 | SELL | 26008.46 |  14.0 | -11.12% |  -0.34% |   -0.0054 | $   2482.68 | $   2006.50 | 0.018309
2025-06-08 15:48:15,458 - INFO - 1279 | BUY  | 26089.69 |  15.9 | -10.85% |  -0.38% |   -0.0057 | $   2474.34 | $   1504.87 | 0.037159
2025-06-08 15:48:15,458 - INFO - 1280 | BUY  | 26106.15 |  13.9 |  -5.60% |  -0.07% |   -0.0072 | $   2467.57 | $   1128.66 | 0.051287
2025-06-08 15:48:15,458 - INFO - 1281 | BUY  | 27727.39 |  37.9 |   1.84% |   6.51% |   -0.0032 | $   2545.19 | $    846.49 | 0.061264
2025-06-08 15:48:15,458 - INFO - 1282 | BUY  | 27297.27 |  38.1 |  -0.04% |   3.27% |   -0.0035 | $   2514.69 | $    634.87 | 0.068865
2025-06-08 15:48:15,458 - INFO - 1283 | BUY  | 25931.47 |  43.0 |  -5.04% |  -0.88% |   -0.0040 | $   2417.52 | $    476.15 | 0.074865
2025-06-08 15:48:15,458 - INFO - 1284 | SELL | 25800.72 |  47.4 |  -5.13% |  -0.95% |   -0.0044 | $   2383.59 | $    934.90 | 0.056149
2025-06-08 15:48:15,458 - INFO - 1285 | SELL | 25868.80 |  47.6 |  -4.88% |  -0.54% |   -0.0045 | $   2369.25 | $   1279.87 | 0.042112
2025-06-08 15:48:15,458 - INFO - 1286 | BUY  | 25969.57 |  47.7 |  -4.51% |  -0.46% |   -0.0046 | $   2367.22 | $    959.90 | 0.054191
2025-06-08 15:48:15,458 - INFO - 1287 | HOLD | 25812.42 |  46.8 |  -4.13% |  -1.13% |   -0.0046 | $   2358.71 | $    959.90 | 0.054191
2025-06-08 15:48:15,458 - INFO - 1288 | BUY  | 25779.98 |  47.4 |  -4.25% |  -7.02% |   -0.0041 | $   2352.24 | $    719.93 | 0.063317
2025-06-08 15:48:15,458 - INFO - 1289 | BUY  | 25753.24 |  42.4 |  -3.76% |  -5.66% |   -0.0033 | $   2347.02 | $    539.95 | 0.070169
2025-06-08 15:48:15,458 - INFO - 1290 | BUY  | 26240.20 |  50.8 |  -1.58% |   1.19% |   -0.0022 | $   2378.54 | $    404.96 | 0.075212
2025-06-08 15:48:15,458 - INFO - 1291 | BUY  | 25905.65 |  48.5 |  -2.73% |   0.41% |   -0.0027 | $   2351.40 | $    303.72 | 0.079044
2025-06-08 15:48:15,459 - INFO - 1292 | HOLD | 25895.68 |  48.8 |  -2.64% |   0.10% |   -0.0028 | $   2350.61 | $    303.72 | 0.079044
2025-06-08 15:48:15,459 - INFO - 1293 | BUY  | 25832.23 |  47.3 |  -2.88% |  -0.53% |   -0.0029 | $   2344.10 | $    227.79 | 0.081925
2025-06-08 15:48:15,459 - INFO - 1294 | SELL | 25162.65 |  41.4 |  -5.30% |  -2.52% |   -0.0035 | $   2263.48 | $    717.39 | 0.061444
2025-06-08 15:48:15,459 - INFO - 1295 | BUY  | 25833.34 |  29.2 |  -2.77% |   0.21% |   -0.0028 | $   2301.17 | $    538.04 | 0.068250
2025-06-08 15:48:15,459 - INFO - 
Action distribution for Episode 330:
2025-06-08 15:48:15,459 - INFO -   HOLD:  736 ( 56.8%)
2025-06-08 15:48:15,459 - INFO -   BUY:   307 ( 23.7%)
2025-06-08 15:48:15,459 - INFO -   SELL:  253 ( 19.5%)
2025-06-08 15:48:15,459 - INFO - ------------------------------------------------------------------------------------------------------------------------
2025-06-08 15:48:15,736 - INFO - Step 428000: Loss = 0.000006, Epsilon = 0.5916
2025-06-08 15:48:15,736 - INFO - Step 428000: Target network updated
2025-06-08 15:48:16,612 - INFO - Episode 331: Reward = -1.2752, Portfolio = $2426.19, Return = -75.74%, Cash = $733.53, Crypto = 0.065522, Steps = 1296
2025-06-08 15:48:16,636 - INFO - Step 429000: Loss = 0.000008, Epsilon = 0.5907
2025-06-08 15:48:17,533 - INFO - Step 430000: Loss = 0.000006, Epsilon = 0.5897
2025-06-08 15:48:17,533 - INFO - Step 430000: Target network updated
2025-06-08 15:48:17,794 - INFO - Episode 332: Reward = -1.5750, Portfolio = $2165.59, Return = -78.34%, Cash = $1183.07, Crypto = 0.038033, Steps = 1296
2025-06-08 15:48:18,425 - INFO - Step 431000: Loss = 0.000007, Epsilon = 0.5888
2025-06-08 15:48:19,001 - INFO - Episode 333: Reward = -1.6262, Portfolio = $1549.33, Return = -84.51%, Cash = $865.36, Crypto = 0.026476, Steps = 1296
2025-06-08 15:48:19,395 - INFO - Step 432000: Loss = 0.000010, Epsilon = 0.5878
2025-06-08 15:48:19,396 - INFO - Step 432000: Target network updated
2025-06-08 15:48:20,217 - INFO - Episode 334: Reward = -2.2638, Portfolio = $1161.66, Return = -88.38%, Cash = $685.54, Crypto = 0.018430, Steps = 1296
2025-06-08 15:48:20,343 - INFO - Step 433000: Loss = 0.000514, Epsilon = 0.5869
2025-06-08 15:48:21,204 - INFO - Step 434000: Loss = 0.000008, Epsilon = 0.5859
2025-06-08 15:48:21,204 - INFO - Step 434000: Target network updated
2025-06-08 15:48:21,334 - INFO - Episode 335: Reward = -1.5127, Portfolio = $799.38, Return = -92.01%, Cash = $470.70, Crypto = 0.012723, Steps = 1296
2025-06-08 15:48:22,023 - INFO - Step 435000: Loss = 0.000004, Epsilon = 0.5850
2025-06-08 15:48:22,395 - INFO - Episode 336: Reward = -1.1659, Portfolio = $2412.57, Return = -75.87%, Cash = $1488.92, Crypto = 0.035754, Steps = 1296
2025-06-08 15:48:22,864 - INFO - Step 436000: Loss = 0.000015, Epsilon = 0.5840
2025-06-08 15:48:22,864 - INFO - Step 436000: Target network updated
2025-06-08 15:48:23,504 - INFO - Episode 337: Reward = -1.2619, Portfolio = $2142.76, Return = -78.57%, Cash = $1005.14, Crypto = 0.044037, Steps = 1296
2025-06-08 15:48:23,708 - INFO - Step 437000: Loss = 0.000009, Epsilon = 0.5830
2025-06-08 15:48:24,538 - INFO - Step 438000: Loss = 0.001247, Epsilon = 0.5821
2025-06-08 15:48:24,538 - INFO - Step 438000: Target network updated
2025-06-08 15:48:24,576 - INFO - Episode 338: Reward = -1.4917, Portfolio = $1037.90, Return = -89.62%, Cash = $180.91, Crypto = 0.033174, Steps = 1296
2025-06-08 15:48:25,354 - INFO - Step 439000: Loss = 0.000008, Epsilon = 0.5811
2025-06-08 15:48:25,635 - INFO - Episode 339: Reward = -1.5116, Portfolio = $1301.68, Return = -86.98%, Cash = $1147.92, Crypto = 0.005952, Steps = 1296
2025-06-08 15:48:26,174 - INFO - Step 440000: Loss = 0.000007, Epsilon = 0.5802
2025-06-08 15:48:26,175 - INFO - Step 440000: Target network updated
2025-06-08 15:48:26,747 - INFO - Episode 340: Reward = -2.2911, Portfolio = $2335.32, Return = -76.65%, Cash = $675.71, Crypto = 0.064243, Steps = 1296
2025-06-08 15:48:26,747 - INFO - Episode 340 Summary: Avg Reward (100 eps) = -1.7394, Avg Portfolio (100 eps) = $1286.75, Epsilon = 0.580
2025-06-08 15:48:26,747 - INFO - 
Detailed steps for Episode 340:
2025-06-08 15:48:26,747 - INFO - Step | Action | Price    | RSI   | PnL    | WkChg  | Reward    | Portfolio   | Cash       | Crypto
2025-06-08 15:48:26,747 - INFO - ------------------------------------------------------------------------------------------------------------------------
2025-06-08 15:48:26,747 - INFO -    0 | HOLD |  9341.71 |  35.4 |  -2.00% |  -7.89% |    0.0000 | $  10000.00 | $  10000.00 | 0.000000
2025-06-08 15:48:26,747 - INFO -    1 | HOLD |  8820.52 |  27.7 |  -2.00% |  -8.44% |    0.0000 | $  10000.00 | $  10000.00 | 0.000000
2025-06-08 15:48:26,747 - INFO -    2 | HOLD |  8784.49 |  28.3 |  -2.00% |  -8.58% |    0.0000 | $  10000.00 | $  10000.00 | 0.000000
2025-06-08 15:48:26,747 - INFO -    3 | SELL |  8672.46 |  25.2 |  -2.00% | -10.47% |   -0.0100 | $  10000.00 | $  10000.00 | 0.000000
2025-06-08 15:48:26,747 - INFO -    4 | SELL |  8599.51 |  28.2 |  -2.00% | -11.01% |   -0.0100 | $  10000.00 | $  10000.00 | 0.000000
2025-06-08 15:48:26,747 - INFO -    5 | HOLD |  8562.45 |  26.8 |  -2.00% | -13.72% |    0.0000 | $  10000.00 | $  10000.00 | 0.000000
2025-06-08 15:48:26,747 - INFO -    6 | HOLD |  8869.67 |  36.4 |  -2.00% |  -8.09% |    0.0000 | $  10000.00 | $  10000.00 | 0.000000
2025-06-08 15:48:26,747 - INFO -    7 | HOLD |  8787.79 |  24.4 |  -2.00% |  -5.93% |    0.0000 | $  10000.00 | $  10000.00 | 0.000000
2025-06-08 15:48:26,747 - INFO -    8 | SELL |  8755.25 |  29.8 |  -2.00% |  -0.74% |   -0.0100 | $  10000.00 | $  10000.00 | 0.000000
2025-06-08 15:48:26,747 - INFO -    9 | SELL |  9078.76 |  39.3 |  -2.00% |   3.35% |   -0.0100 | $  10000.00 | $  10000.00 | 0.000000
2025-06-08 15:48:26,747 - INFO -   10 | HOLD |  9122.55 |  38.4 |  -2.00% |   5.19% |    0.0000 | $  10000.00 | $  10000.00 | 0.000000
2025-06-08 15:48:26,747 - INFO -   11 | HOLD |  8909.95 |  35.7 |  -2.00% |   3.61% |    0.0000 | $  10000.00 | $  10000.00 | 0.000000
2025-06-08 15:48:26,747 - INFO -   12 | HOLD |  8108.12 |  21.3 |  -2.00% |  -5.31% |    0.0000 | $  10000.00 | $  10000.00 | 0.000000
2025-06-08 15:48:26,747 - INFO -   13 | BUY  |  7923.64 |  21.9 |  -2.00% | -10.67% |   -0.0049 | $   9950.98 | $   7500.00 | 0.309325
2025-06-08 15:48:26,747 - INFO -   14 | HOLD |  7909.73 |  24.3 |  -0.18% |  -9.99% |   -0.0004 | $   9946.68 | $   7500.00 | 0.309325
2025-06-08 15:48:26,747 - INFO -   15 | BUY  |  7911.43 |  29.9 |  -0.15% |  -9.64% |   -0.0036 | $   9910.44 | $   5625.00 | 0.541677
2025-06-08 15:48:26,747 - INFO -   16 | SELL |  4970.79 |  13.1 | -37.22% | -45.25% |   -0.1641 | $   8283.90 | $   6264.48 | 0.406258
2025-06-08 15:48:26,747 - INFO -   17 | HOLD |  5563.71 |  22.5 | -29.74% | -39.01% |    0.0291 | $   8524.78 | $   6264.48 | 0.406258
2025-06-08 15:48:26,747 - INFO -   18 | HOLD |  5200.37 |  21.4 | -34.33% | -41.63% |   -0.0173 | $   8377.17 | $   6264.48 | 0.406258
2025-06-08 15:48:26,748 - INFO -   19 | SELL |  5392.31 |  24.0 | -31.90% | -33.49% |   -0.0021 | $   8427.77 | $   6784.77 | 0.304693
2025-06-08 15:48:26,748 - INFO -   ...    ...      ...       ...     ...       ...      ...         ...          ...         ...
2025-06-08 15:48:26,748 - INFO - 1276 | HOLD | 26162.37 |  14.8 |  -6.74% |  -1.88% |   -0.0053 | $   2386.26 | $   1359.20 | 0.039257
2025-06-08 15:48:26,748 - INFO - 1277 | HOLD | 26047.67 |  14.5 |  -7.15% |  -0.01% |   -0.0052 | $   2381.76 | $   1359.20 | 0.039257
2025-06-08 15:48:26,748 - INFO - 1278 | SELL | 26008.46 |  14.0 |  -7.29% |  -0.34% |   -0.0056 | $   2367.46 | $   1601.69 | 0.029443
2025-06-08 15:48:26,748 - INFO - 1279 | BUY  | 26089.69 |  15.9 |  -7.00% |  -0.38% |   -0.0056 | $   2362.00 | $   1201.27 | 0.044490
2025-06-08 15:48:26,748 - INFO - 1280 | HOLD | 26106.15 |  13.9 |  -4.69% |  -0.07% |   -0.0058 | $   2362.73 | $   1201.27 | 0.044490
2025-06-08 15:48:26,748 - INFO - 1281 | HOLD | 27727.39 |  37.9 |   1.23% |   6.51% |   -0.0029 | $   2434.86 | $   1201.27 | 0.044490
2025-06-08 15:48:26,748 - INFO - 1282 | HOLD | 27297.27 |  38.1 |  -0.34% |   3.27% |   -0.0031 | $   2415.72 | $   1201.27 | 0.044490
2025-06-08 15:48:26,748 - INFO - 1283 | HOLD | 25931.47 |  43.0 |  -5.32% |  -0.88% |   -0.0037 | $   2354.96 | $   1201.27 | 0.044490
2025-06-08 15:48:26,748 - INFO - 1284 | HOLD | 25800.72 |  47.4 |  -5.80% |  -0.95% |   -0.0038 | $   2349.14 | $   1201.27 | 0.044490
2025-06-08 15:48:26,748 - INFO - 1285 | HOLD | 25868.80 |  47.6 |  -5.55% |  -0.54% |   -0.0035 | $   2352.17 | $   1201.27 | 0.044490
2025-06-08 15:48:26,748 - INFO - 1286 | BUY  | 25969.57 |  47.7 |  -5.19% |  -0.46% |   -0.0036 | $   2350.76 | $    900.95 | 0.055827
2025-06-08 15:48:26,748 - INFO - 1287 | HOLD | 25812.42 |  46.8 |  -4.76% |  -1.13% |   -0.0036 | $   2341.99 | $    900.95 | 0.055827
2025-06-08 15:48:26,748 - INFO - 1288 | HOLD | 25779.98 |  47.4 |  -4.88% |  -7.02% |   -0.0034 | $   2340.18 | $    900.95 | 0.055827
2025-06-08 15:48:26,748 - INFO - 1289 | HOLD | 25753.24 |  42.4 |  -4.97% |  -5.66% |   -0.0024 | $   2338.69 | $    900.95 | 0.055827
2025-06-08 15:48:26,748 - INFO - 1290 | BUY  | 26240.20 |  50.8 |  -3.18% |   1.19% |   -0.0010 | $   2361.46 | $    675.71 | 0.064243
2025-06-08 15:48:26,748 - INFO - 1291 | HOLD | 25905.65 |  48.5 |  -4.01% |   0.41% |   -0.0015 | $   2339.96 | $    675.71 | 0.064243
2025-06-08 15:48:26,748 - INFO - 1292 | HOLD | 25895.68 |  48.8 |  -4.05% |   0.10% |   -0.0014 | $   2339.32 | $    675.71 | 0.064243
2025-06-08 15:48:26,748 - INFO - 1293 | HOLD | 25832.23 |  47.3 |  -4.28% |  -0.53% |   -0.0015 | $   2335.25 | $    675.71 | 0.064243
2025-06-08 15:48:26,748 - INFO - 1294 | HOLD | 25162.65 |  41.4 |  -6.77% |  -2.52% |   -0.0018 | $   2292.23 | $    675.71 | 0.064243
2025-06-08 15:48:26,748 - INFO - 1295 | HOLD | 25833.34 |  29.2 |  -4.28% |   0.21% |   -0.0012 | $   2335.32 | $    675.71 | 0.064243
2025-06-08 15:48:26,748 - INFO - 
Action distribution for Episode 340:
2025-06-08 15:48:26,748 - INFO -   HOLD:  588 ( 45.4%)
2025-06-08 15:48:26,748 - INFO -   BUY:   279 ( 21.5%)
2025-06-08 15:48:26,748 - INFO -   SELL:  429 ( 33.1%)
2025-06-08 15:48:26,748 - INFO - ------------------------------------------------------------------------------------------------------------------------
2025-06-08 15:48:27,066 - INFO - Step 441000: Loss = 0.000007, Epsilon = 0.5792
2025-06-08 15:48:27,867 - INFO - Episode 341: Reward = -1.5005, Portfolio = $1421.05, Return = -85.79%, Cash = $704.66, Crypto = 0.027731, Steps = 1296
2025-06-08 15:48:27,921 - INFO - Step 442000: Loss = 0.000017, Epsilon = 0.5783
2025-06-08 15:48:27,921 - INFO - Step 442000: Target network updated
2025-06-08 15:48:28,763 - INFO - Step 443000: Loss = 0.000009, Epsilon = 0.5773
2025-06-08 15:48:28,964 - INFO - Episode 342: Reward = -1.6116, Portfolio = $1292.16, Return = -87.08%, Cash = $774.62, Crypto = 0.020034, Steps = 1296
2025-06-08 15:48:29,613 - INFO - Step 444000: Loss = 0.000008, Epsilon = 0.5764
2025-06-08 15:48:29,613 - INFO - Step 444000: Target network updated
2025-06-08 15:48:30,060 - INFO - Episode 343: Reward = -1.8310, Portfolio = $2133.62, Return = -78.66%, Cash = $1909.36, Crypto = 0.008681, Steps = 1296
2025-06-08 15:48:30,453 - INFO - Step 445000: Loss = 0.000007, Epsilon = 0.5754
2025-06-08 15:48:31,131 - INFO - Episode 344: Reward = -1.1676, Portfolio = $3117.14, Return = -68.83%, Cash = $1890.47, Crypto = 0.047484, Steps = 1296
2025-06-08 15:48:31,285 - INFO - Step 446000: Loss = 0.000011, Epsilon = 0.5745
2025-06-08 15:48:31,285 - INFO - Step 446000: Target network updated
2025-06-08 15:48:32,150 - INFO - Step 447000: Loss = 0.000006, Epsilon = 0.5735
2025-06-08 15:48:32,249 - INFO - Episode 345: Reward = -1.4997, Portfolio = $998.73, Return = -90.01%, Cash = $194.99, Crypto = 0.031113, Steps = 1296
2025-06-08 15:48:33,026 - INFO - Step 448000: Loss = 0.001052, Epsilon = 0.5726
2025-06-08 15:48:33,026 - INFO - Step 448000: Target network updated
2025-06-08 15:48:33,443 - INFO - Episode 346: Reward = -2.4432, Portfolio = $635.48, Return = -93.65%, Cash = $367.75, Crypto = 0.010364, Steps = 1296
2025-06-08 15:48:34,028 - INFO - Step 449000: Loss = 0.000011, Epsilon = 0.5716
2025-06-08 15:48:34,645 - INFO - Episode 347: Reward = -1.4029, Portfolio = $1433.10, Return = -85.67%, Cash = $433.74, Crypto = 0.038685, Steps = 1296
2025-06-08 15:48:34,891 - INFO - Step 450000: Loss = 0.000052, Epsilon = 0.5706
2025-06-08 15:48:34,891 - INFO - Step 450000: Target network updated
2025-06-08 15:48:35,841 - INFO - Step 451000: Loss = 0.000006, Epsilon = 0.5697
2025-06-08 15:48:35,848 - INFO - Episode 348: Reward = -1.7997, Portfolio = $1105.86, Return = -88.94%, Cash = $353.31, Crypto = 0.029131, Steps = 1296
2025-06-08 15:48:36,817 - INFO - Step 452000: Loss = 0.000010, Epsilon = 0.5687
2025-06-08 15:48:36,817 - INFO - Step 452000: Target network updated
2025-06-08 15:48:37,079 - INFO - Episode 349: Reward = -1.7572, Portfolio = $2111.45, Return = -78.89%, Cash = $1353.21, Crypto = 0.029351, Steps = 1296
2025-06-08 15:48:37,698 - INFO - Step 453000: Loss = 0.000007, Epsilon = 0.5678
2025-06-08 15:48:38,282 - INFO - Episode 350: Reward = -1.5697, Portfolio = $1024.18, Return = -89.76%, Cash = $448.52, Crypto = 0.022284, Steps = 1296
2025-06-08 15:48:38,282 - INFO - Episode 350 Summary: Avg Reward (100 eps) = -1.7011, Avg Portfolio (100 eps) = $1386.71, Epsilon = 0.567
2025-06-08 15:48:38,282 - INFO - 
Detailed steps for Episode 350:
2025-06-08 15:48:38,282 - INFO - Step | Action | Price    | RSI   | PnL    | WkChg  | Reward    | Portfolio   | Cash       | Crypto
2025-06-08 15:48:38,282 - INFO - ------------------------------------------------------------------------------------------------------------------------
2025-06-08 15:48:38,282 - INFO -    0 | SELL |  9341.71 |  35.4 |  -2.00% |  -7.89% |   -0.0100 | $  10000.00 | $  10000.00 | 0.000000
2025-06-08 15:48:38,282 - INFO -    1 | SELL |  8820.52 |  27.7 |  -2.00% |  -8.44% |   -0.0100 | $  10000.00 | $  10000.00 | 0.000000
2025-06-08 15:48:38,282 - INFO -    2 | SELL |  8784.49 |  28.3 |  -2.00% |  -8.58% |   -0.0100 | $  10000.00 | $  10000.00 | 0.000000
2025-06-08 15:48:38,282 - INFO -    3 | SELL |  8672.46 |  25.2 |  -2.00% | -10.47% |   -0.0100 | $  10000.00 | $  10000.00 | 0.000000
2025-06-08 15:48:38,282 - INFO -    4 | BUY  |  8599.51 |  28.2 |  -2.00% | -11.01% |   -0.0049 | $   9950.98 | $   7500.00 | 0.285014
2025-06-08 15:48:38,282 - INFO -    5 | BUY  |  8562.45 |  26.8 |  -0.43% | -13.72% |   -0.0048 | $   9903.65 | $   5625.00 | 0.499700
2025-06-08 15:48:38,282 - INFO -    6 | SELL |  8869.67 |  36.4 |   3.33% |  -8.09% |    0.0099 | $  10001.77 | $   6677.64 | 0.374775
2025-06-08 15:48:38,282 - INFO -    7 | HOLD |  8787.79 |  24.4 |   2.38% |  -5.93% |   -0.0031 | $   9971.08 | $   6677.64 | 0.374775
2025-06-08 15:48:38,283 - INFO -    8 | BUY  |  8755.25 |  29.8 |   2.00% |  -0.74% |   -0.0045 | $   9926.15 | $   5008.23 | 0.561711
2025-06-08 15:48:38,283 - INFO -    9 | HOLD |  9078.76 |  39.3 |   5.07% |   3.35% |    0.0183 | $  10107.87 | $   5008.23 | 0.561711
2025-06-08 15:48:38,283 - INFO -   10 | HOLD |  9122.55 |  38.4 |   5.58% |   5.19% |    0.0024 | $  10132.47 | $   5008.23 | 0.561711
2025-06-08 15:48:38,283 - INFO -   11 | BUY  |  8909.95 |  35.7 |   3.12% |   3.61% |   -0.0142 | $   9988.50 | $   3756.17 | 0.699479
2025-06-08 15:48:38,283 - INFO -   12 | SELL |  8108.12 |  21.3 |  -6.74% |  -5.31% |   -0.0632 | $   9356.74 | $   5103.14 | 0.524610
2025-06-08 15:48:38,283 - INFO -   13 | HOLD |  7923.64 |  21.9 |  -8.86% | -10.67% |   -0.0103 | $   9259.96 | $   5103.14 | 0.524610
2025-06-08 15:48:38,283 - INFO -   14 | BUY  |  7909.73 |  24.3 |  -9.02% |  -9.99% |   -0.0035 | $   9227.65 | $   3827.36 | 0.682740
2025-06-08 15:48:38,283 - INFO -   15 | HOLD |  7911.43 |  29.9 |  -7.06% |  -9.64% |    0.0001 | $   9228.81 | $   3827.36 | 0.682740
2025-06-08 15:48:38,283 - INFO -   16 | HOLD |  4970.79 |  13.1 | -41.60% | -45.25% |   -0.2175 | $   7221.12 | $   3827.36 | 0.682740
2025-06-08 15:48:38,283 - INFO -   17 | HOLD |  5563.71 |  22.5 | -34.64% | -39.01% |    0.0561 | $   7625.93 | $   3827.36 | 0.682740
2025-06-08 15:48:38,283 - INFO -   18 | SELL |  5200.37 |  21.4 | -38.91% | -41.63% |   -0.0383 | $   7333.48 | $   4670.60 | 0.512055
2025-06-08 15:48:38,283 - INFO -   19 | HOLD |  5392.31 |  24.0 | -36.65% | -33.49% |   -0.0026 | $   7431.76 | $   4670.60 | 0.512055
2025-06-08 15:48:38,283 - INFO -   ...    ...      ...       ...     ...       ...      ...         ...          ...         ...
2025-06-08 15:48:38,283 - INFO - 1276 | SELL | 26162.37 |  14.8 |  -8.80% |  -1.88% |   -0.0053 | $   1068.71 | $    291.39 | 0.029712
2025-06-08 15:48:38,283 - INFO - 1277 | BUY  | 26047.67 |  14.5 |  -9.20% |  -0.01% |   -0.0054 | $   1063.88 | $    218.54 | 0.032453
2025-06-08 15:48:38,283 - INFO - 1278 | SELL | 26008.46 |  14.0 |  -8.63% |  -0.34% |   -0.0055 | $   1052.05 | $    419.00 | 0.024340
2025-06-08 15:48:38,283 - INFO - 1279 | BUY  | 26089.69 |  15.9 |  -8.34% |  -0.38% |   -0.0053 | $   1051.98 | $    314.25 | 0.028276
2025-06-08 15:48:38,283 - INFO - 1280 | HOLD | 26106.15 |  13.9 |  -7.21% |  -0.07% |   -0.0054 | $   1052.44 | $    314.25 | 0.028276
2025-06-08 15:48:38,283 - INFO - 1281 | SELL | 27727.39 |  37.9 |  -1.45% |   6.51% |   -0.0032 | $   1088.48 | $    500.46 | 0.021207
2025-06-08 15:48:38,283 - INFO - 1282 | HOLD | 27297.27 |  38.1 |  -2.97% |   3.27% |   -0.0033 | $   1079.36 | $    500.46 | 0.021207
2025-06-08 15:48:38,283 - INFO - 1283 | SELL | 25931.47 |  43.0 |  -7.83% |  -0.88% |   -0.0039 | $   1043.52 | $    631.07 | 0.015905
2025-06-08 15:48:38,283 - INFO - 1284 | HOLD | 25800.72 |  47.4 |  -8.29% |  -0.95% |   -0.0039 | $   1041.44 | $    631.07 | 0.015905
2025-06-08 15:48:38,283 - INFO - 1285 | BUY  | 25868.80 |  47.6 |  -8.05% |  -0.54% |   -0.0038 | $   1039.43 | $    473.30 | 0.021885
2025-06-08 15:48:38,283 - INFO - 1286 | BUY  | 25969.57 |  47.7 |  -5.62% |  -0.46% |   -0.0038 | $   1039.32 | $    354.98 | 0.026352
2025-06-08 15:48:38,283 - INFO - 1287 | HOLD | 25812.42 |  46.8 |  -5.29% |  -1.13% |   -0.0038 | $   1035.18 | $    354.98 | 0.026352
2025-06-08 15:48:38,283 - INFO - 1288 | HOLD | 25779.98 |  47.4 |  -5.41% |  -7.02% |   -0.0034 | $   1034.32 | $    354.98 | 0.026352
2025-06-08 15:48:38,283 - INFO - 1289 | HOLD | 25753.24 |  42.4 |  -5.50% |  -5.66% |   -0.0024 | $   1033.62 | $    354.98 | 0.026352
2025-06-08 15:48:38,283 - INFO - 1290 | HOLD | 26240.20 |  50.8 |  -3.72% |   1.19% |   -0.0012 | $   1046.45 | $    354.98 | 0.026352
2025-06-08 15:48:38,283 - INFO - 1291 | HOLD | 25905.65 |  48.5 |  -4.94% |   0.41% |   -0.0016 | $   1037.63 | $    354.98 | 0.026352
2025-06-08 15:48:38,283 - INFO - 1292 | BUY  | 25895.68 |  48.8 |  -4.98% |   0.10% |   -0.0018 | $   1035.63 | $    266.23 | 0.029711
2025-06-08 15:48:38,283 - INFO - 1293 | SELL | 25832.23 |  47.3 |  -4.68% |  -0.53% |   -0.0021 | $   1024.15 | $    448.52 | 0.022284
2025-06-08 15:48:38,283 - INFO - 1294 | HOLD | 25162.65 |  41.4 |  -7.15% |  -2.52% |   -0.0024 | $   1009.23 | $    448.52 | 0.022284
2025-06-08 15:48:38,283 - INFO - 1295 | HOLD | 25833.34 |  29.2 |  -4.67% |   0.21% |   -0.0024 | $   1024.18 | $    448.52 | 0.022284
2025-06-08 15:48:38,283 - INFO - 
Action distribution for Episode 350:
2025-06-08 15:48:38,283 - INFO -   HOLD:  590 ( 45.5%)
2025-06-08 15:48:38,283 - INFO -   BUY:   455 ( 35.1%)
2025-06-08 15:48:38,283 - INFO -   SELL:  251 ( 19.4%)
2025-06-08 15:48:38,283 - INFO - ------------------------------------------------------------------------------------------------------------------------
2025-06-08 15:48:38,650 - INFO - Step 454000: Loss = 0.000009, Epsilon = 0.5668
2025-06-08 15:48:38,650 - INFO - Step 454000: Target network updated
2025-06-08 15:48:39,487 - INFO - Episode 351: Reward = -1.0192, Portfolio = $2802.63, Return = -71.97%, Cash = $7.49, Crypto = 0.108199, Steps = 1296
2025-06-08 15:48:39,590 - INFO - Step 455000: Loss = 0.000009, Epsilon = 0.5659
2025-06-08 15:48:40,578 - INFO - Step 456000: Loss = 0.000006, Epsilon = 0.5649
2025-06-08 15:48:40,578 - INFO - Step 456000: Target network updated
2025-06-08 15:48:40,751 - INFO - Episode 352: Reward = -1.7400, Portfolio = $1524.77, Return = -84.75%, Cash = $1156.06, Crypto = 0.014273, Steps = 1296
2025-06-08 15:48:41,496 - INFO - Step 457000: Loss = 0.000011, Epsilon = 0.5640
2025-06-08 15:48:41,960 - INFO - Episode 353: Reward = -1.2645, Portfolio = $2307.41, Return = -76.93%, Cash = $1944.08, Crypto = 0.014064, Steps = 1296
2025-06-08 15:48:42,477 - INFO - Step 458000: Loss = 0.000007, Epsilon = 0.5630
2025-06-08 15:48:42,477 - INFO - Step 458000: Target network updated
2025-06-08 15:48:43,214 - INFO - Episode 354: Reward = -1.5762, Portfolio = $1394.54, Return = -86.05%, Cash = $166.65, Crypto = 0.047531, Steps = 1296
2025-06-08 15:48:43,411 - INFO - Step 459000: Loss = 0.000010, Epsilon = 0.5621
2025-06-08 15:48:44,279 - INFO - Step 460000: Loss = 0.000005, Epsilon = 0.5611
2025-06-08 15:48:44,279 - INFO - Step 460000: Target network updated
2025-06-08 15:48:44,350 - INFO - Episode 355: Reward = -1.3114, Portfolio = $1978.14, Return = -80.22%, Cash = $837.49, Crypto = 0.044154, Steps = 1296
2025-06-08 15:48:45,204 - INFO - Step 461000: Loss = 0.000007, Epsilon = 0.5601
2025-06-08 15:48:45,518 - INFO - Episode 356: Reward = -1.1869, Portfolio = $1040.35, Return = -89.60%, Cash = $255.12, Crypto = 0.030396, Steps = 1296
2025-06-08 15:48:46,039 - INFO - Step 462000: Loss = 0.000007, Epsilon = 0.5592
2025-06-08 15:48:46,039 - INFO - Step 462000: Target network updated
2025-06-08 15:48:46,592 - INFO - Episode 357: Reward = -1.8317, Portfolio = $1141.22, Return = -88.59%, Cash = $931.47, Crypto = 0.008119, Steps = 1296
2025-06-08 15:48:46,878 - INFO - Step 463000: Loss = 0.000006, Epsilon = 0.5582
2025-06-08 15:48:47,697 - INFO - Episode 358: Reward = -1.3440, Portfolio = $2284.82, Return = -77.15%, Cash = $1015.71, Crypto = 0.049127, Steps = 1296
2025-06-08 15:48:47,726 - INFO - Step 464000: Loss = 0.000010, Epsilon = 0.5573
2025-06-08 15:48:47,726 - INFO - Step 464000: Target network updated
2025-06-08 15:48:48,604 - INFO - Step 465000: Loss = 0.000005, Epsilon = 0.5563
2025-06-08 15:48:48,844 - INFO - Episode 359: Reward = -1.8283, Portfolio = $955.26, Return = -90.45%, Cash = $264.86, Crypto = 0.026725, Steps = 1296
2025-06-08 15:48:49,615 - INFO - Step 466000: Loss = 0.000007, Epsilon = 0.5554
2025-06-08 15:48:49,615 - INFO - Step 466000: Target network updated
2025-06-08 15:48:50,133 - INFO - Episode 360: Reward = -1.7096, Portfolio = $2424.62, Return = -75.75%, Cash = $753.23, Crypto = 0.064699, Steps = 1296
2025-06-08 15:48:50,133 - INFO - Episode 360 Summary: Avg Reward (100 eps) = -1.6339, Avg Portfolio (100 eps) = $1515.08, Epsilon = 0.555
2025-06-08 15:48:50,133 - INFO - 
Detailed steps for Episode 360:
2025-06-08 15:48:50,133 - INFO - Step | Action | Price    | RSI   | PnL    | WkChg  | Reward    | Portfolio   | Cash       | Crypto
2025-06-08 15:48:50,133 - INFO - ------------------------------------------------------------------------------------------------------------------------
2025-06-08 15:48:50,133 - INFO -    0 | BUY  |  9341.71 |  35.4 |  -2.00% |  -7.89% |   -0.0049 | $   9950.98 | $   7500.00 | 0.262370
2025-06-08 15:48:50,133 - INFO -    1 | HOLD |  8820.52 |  27.7 |  -5.58% |  -8.44% |   -0.0137 | $   9814.24 | $   7500.00 | 0.262370
2025-06-08 15:48:50,133 - INFO -    2 | BUY  |  8784.49 |  28.3 |  -5.96% |  -8.58% |   -0.0047 | $   9768.02 | $   5625.00 | 0.471629
2025-06-08 15:48:50,133 - INFO -    3 | SELL |  8672.46 |  25.2 |  -4.64% | -10.47% |   -0.0106 | $   9664.05 | $   6596.42 | 0.353722
2025-06-08 15:48:50,133 - INFO -    4 | BUY  |  8599.51 |  28.2 |  -5.44% | -11.01% |   -0.0060 | $   9605.91 | $   4947.31 | 0.541729
2025-06-08 15:48:50,133 - INFO -    5 | BUY  |  8562.45 |  26.8 |  -4.04% | -13.72% |   -0.0046 | $   9561.59 | $   3710.48 | 0.683344
2025-06-08 15:48:50,134 - INFO -    6 | BUY  |  8869.67 |  36.4 |   0.24% |  -8.09% |    0.0201 | $   9753.33 | $   2782.86 | 0.785877
2025-06-08 15:48:50,134 - INFO -    7 | HOLD |  8787.79 |  24.4 |  -0.71% |  -5.93% |   -0.0066 | $   9688.98 | $   2782.86 | 0.785877
2025-06-08 15:48:50,134 - INFO -    8 | SELL |  8755.25 |  29.8 |  -1.08% |  -0.74% |   -0.0115 | $   9577.40 | $   4416.99 | 0.589408
2025-06-08 15:48:50,134 - INFO -    9 | SELL |  9078.76 |  39.3 |   2.57% |   3.35% |    0.0129 | $   9701.20 | $   5687.88 | 0.442056
2025-06-08 15:48:50,134 - INFO -   10 | SELL |  9122.55 |  38.4 |   3.07% |   5.19% |   -0.0032 | $   9670.15 | $   6645.64 | 0.331542
2025-06-08 15:48:50,134 - INFO -   11 | SELL |  8909.95 |  35.7 |   0.67% |   3.61% |   -0.0111 | $   9562.74 | $   7347.22 | 0.248656
2025-06-08 15:48:50,134 - INFO -   12 | HOLD |  8108.12 |  21.3 |  -8.39% |  -5.31% |   -0.0208 | $   9363.35 | $   7347.22 | 0.248656
2025-06-08 15:48:50,134 - INFO -   13 | BUY  |  7923.64 |  21.9 | -10.48% | -10.67% |   -0.0087 | $   9281.47 | $   5510.41 | 0.475924
2025-06-08 15:48:50,134 - INFO -   14 | SELL |  7909.73 |  24.3 |  -5.93% |  -9.99% |   -0.0058 | $   9227.79 | $   6404.47 | 0.356943
2025-06-08 15:48:50,134 - INFO -   15 | SELL |  7911.43 |  29.9 |  -5.91% |  -9.64% |   -0.0038 | $   9193.10 | $   7075.15 | 0.267707
2025-06-08 15:48:50,134 - INFO -   16 | SELL |  4970.79 |  13.1 | -40.88% | -45.25% |   -0.0874 | $   8389.23 | $   7391.20 | 0.200781
2025-06-08 15:48:50,134 - INFO -   17 | BUY  |  5563.71 |  22.5 | -33.83% | -39.01% |    0.0099 | $   8472.05 | $   5543.40 | 0.526385
2025-06-08 15:48:50,134 - INFO -   18 | HOLD |  5200.37 |  21.4 | -21.78% | -41.63% |   -0.0226 | $   8280.79 | $   5543.40 | 0.526385
2025-06-08 15:48:50,134 - INFO -   19 | SELL |  5392.31 |  24.0 | -18.90% | -33.49% |   -0.0043 | $   8346.35 | $   6217.53 | 0.394789
2025-06-08 15:48:50,134 - INFO -   ...    ...      ...       ...     ...       ...      ...         ...          ...         ...
2025-06-08 15:48:50,134 - INFO - 1276 | BUY  | 26162.37 |  14.8 | -11.23% |  -1.88% |   -0.0045 | $   2563.37 | $   1558.64 | 0.038404
2025-06-08 15:48:50,134 - INFO - 1277 | BUY  | 26047.67 |  14.5 |  -6.28% |  -0.01% |   -0.0045 | $   2551.33 | $   1168.98 | 0.053070
2025-06-08 15:48:50,134 - INFO - 1278 | BUY  | 26008.46 |  14.0 |  -4.77% |  -0.34% |   -0.0048 | $   2543.52 | $    876.73 | 0.064086
2025-06-08 15:48:50,134 - INFO - 1279 | BUY  | 26089.69 |  15.9 |  -3.68% |  -0.38% |   -0.0048 | $   2544.43 | $    657.55 | 0.072323
2025-06-08 15:48:50,134 - INFO - 1280 | BUY  | 26106.15 |  13.9 |  -3.22% |  -0.07% |   -0.0054 | $   2542.39 | $    493.16 | 0.078496
2025-06-08 15:48:50,134 - INFO - 1281 | HOLD | 27727.39 |  37.9 |   3.05% |   6.51% |   -0.0007 | $   2669.65 | $    493.16 | 0.078496
2025-06-08 15:48:50,134 - INFO - 1282 | HOLD | 27297.27 |  38.1 |   1.46% |   3.27% |   -0.0011 | $   2635.89 | $    493.16 | 0.078496
2025-06-08 15:48:50,134 - INFO - 1283 | HOLD | 25931.47 |  43.0 |  -3.62% |  -0.88% |   -0.0021 | $   2528.68 | $    493.16 | 0.078496
2025-06-08 15:48:50,134 - INFO - 1284 | HOLD | 25800.72 |  47.4 |  -4.11% |  -0.95% |   -0.0022 | $   2518.42 | $    493.16 | 0.078496
2025-06-08 15:48:50,134 - INFO - 1285 | SELL | 25868.80 |  47.6 |  -3.85% |  -0.54% |   -0.0024 | $   2498.38 | $    975.43 | 0.058872
2025-06-08 15:48:50,134 - INFO - 1286 | SELL | 25969.57 |  47.7 |  -3.48% |  -0.46% |   -0.0025 | $   2485.20 | $   1338.54 | 0.044154
2025-06-08 15:48:50,134 - INFO - 1287 | HOLD | 25812.42 |  46.8 |  -4.06% |  -1.13% |   -0.0025 | $   2478.26 | $   1338.54 | 0.044154
2025-06-08 15:48:50,134 - INFO - 1288 | BUY  | 25779.98 |  47.4 |  -4.18% |  -7.02% |   -0.0024 | $   2470.27 | $   1003.90 | 0.056880
2025-06-08 15:48:50,134 - INFO - 1289 | BUY  | 25753.24 |  42.4 |  -3.38% |  -5.66% |   -0.0017 | $   2463.83 | $    752.93 | 0.066434
2025-06-08 15:48:50,134 - INFO - 1290 | HOLD | 26240.20 |  50.8 |  -1.07% |   1.19% |   -0.0010 | $   2496.18 | $    752.93 | 0.066434
2025-06-08 15:48:50,134 - INFO - 1291 | HOLD | 25905.65 |  48.5 |  -2.33% |   0.41% |   -0.0013 | $   2473.95 | $    752.93 | 0.066434
2025-06-08 15:48:50,134 - INFO - 1292 | BUY  | 25895.68 |  48.8 |  -2.37% |   0.10% |   -0.0014 | $   2469.60 | $    564.70 | 0.073561
2025-06-08 15:48:50,134 - INFO - 1293 | HOLD | 25832.23 |  47.3 |  -2.39% |  -0.53% |   -0.0015 | $   2464.93 | $    564.70 | 0.073561
2025-06-08 15:48:50,134 - INFO - 1294 | SELL | 25162.65 |  41.4 |  -4.92% |  -2.52% |   -0.0022 | $   2392.54 | $   1004.30 | 0.055170
2025-06-08 15:48:50,134 - INFO - 1295 | BUY  | 25833.34 |  29.2 |  -2.38% |   0.21% |   -0.0018 | $   2424.62 | $    753.23 | 0.064699
2025-06-08 15:48:50,134 - INFO - 
Action distribution for Episode 360:
2025-06-08 15:48:50,134 - INFO -   HOLD:  406 ( 31.3%)
2025-06-08 15:48:50,134 - INFO -   BUY:   523 ( 40.4%)
2025-06-08 15:48:50,134 - INFO -   SELL:  367 ( 28.3%)
2025-06-08 15:48:50,134 - INFO - ------------------------------------------------------------------------------------------------------------------------
2025-06-08 15:48:50,571 - INFO - Step 467000: Loss = 0.000011, Epsilon = 0.5544
2025-06-08 15:48:51,448 - INFO - Episode 361: Reward = -1.1263, Portfolio = $1926.95, Return = -80.73%, Cash = $942.50, Crypto = 0.038108, Steps = 1296
2025-06-08 15:48:51,614 - INFO - Step 468000: Loss = 0.000011, Epsilon = 0.5535
2025-06-08 15:48:51,614 - INFO - Step 468000: Target network updated
2025-06-08 15:48:52,597 - INFO - Step 469000: Loss = 0.000006, Epsilon = 0.5525
2025-06-08 15:48:52,752 - INFO - Episode 362: Reward = -1.6224, Portfolio = $1089.41, Return = -89.11%, Cash = $512.47, Crypto = 0.022333, Steps = 1296
2025-06-08 15:48:53,630 - INFO - Step 470000: Loss = 0.000009, Epsilon = 0.5516
2025-06-08 15:48:53,630 - INFO - Step 470000: Target network updated
2025-06-08 15:48:54,112 - INFO - Episode 363: Reward = -1.1809, Portfolio = $1698.24, Return = -83.02%, Cash = $1300.25, Crypto = 0.015406, Steps = 1296
2025-06-08 15:48:54,675 - INFO - Step 471000: Loss = 0.000008, Epsilon = 0.5506
2025-06-08 15:48:55,323 - INFO - Episode 364: Reward = -1.3889, Portfolio = $1138.93, Return = -88.61%, Cash = $234.22, Crypto = 0.035021, Steps = 1296
2025-06-08 15:48:55,541 - INFO - Step 472000: Loss = 0.000007, Epsilon = 0.5497
2025-06-08 15:48:55,541 - INFO - Step 472000: Target network updated
2025-06-08 15:48:56,456 - INFO - Step 473000: Loss = 0.000005, Epsilon = 0.5487
2025-06-08 15:48:56,495 - INFO - Episode 365: Reward = -1.4229, Portfolio = $859.71, Return = -91.40%, Cash = $446.42, Crypto = 0.015998, Steps = 1296
2025-06-08 15:48:57,374 - INFO - Step 474000: Loss = 0.000007, Epsilon = 0.5477
2025-06-08 15:48:57,374 - INFO - Step 474000: Target network updated
2025-06-08 15:48:57,695 - INFO - Episode 366: Reward = -1.3140, Portfolio = $2768.39, Return = -72.32%, Cash = $909.86, Crypto = 0.071943, Steps = 1296
2025-06-08 15:48:58,413 - INFO - Step 475000: Loss = 0.000008, Epsilon = 0.5468
2025-06-08 15:48:59,056 - INFO - Episode 367: Reward = -1.1014, Portfolio = $1165.36, Return = -88.35%, Cash = $30.03, Crypto = 0.043948, Steps = 1296
2025-06-08 15:48:59,436 - INFO - Step 476000: Loss = 0.000006, Epsilon = 0.5458
2025-06-08 15:48:59,436 - INFO - Step 476000: Target network updated
2025-06-08 15:49:00,326 - INFO - Episode 368: Reward = -1.5590, Portfolio = $2153.07, Return = -78.47%, Cash = $234.46, Crypto = 0.074269, Steps = 1296
2025-06-08 15:49:00,392 - INFO - Step 477000: Loss = 0.000011, Epsilon = 0.5449
2025-06-08 15:49:01,270 - INFO - Step 478000: Loss = 0.000010, Epsilon = 0.5439
2025-06-08 15:49:01,270 - INFO - Step 478000: Target network updated
2025-06-08 15:49:01,459 - INFO - Episode 369: Reward = -1.6795, Portfolio = $867.77, Return = -91.32%, Cash = $88.54, Crypto = 0.030163, Steps = 1296
2025-06-08 15:49:02,137 - INFO - Step 479000: Loss = 0.000013, Epsilon = 0.5430
2025-06-08 15:49:02,634 - INFO - Episode 370: Reward = -1.5371, Portfolio = $1743.79, Return = -82.56%, Cash = $506.78, Crypto = 0.047884, Steps = 1296
2025-06-08 15:49:02,634 - INFO - Episode 370 Summary: Avg Reward (100 eps) = -1.6072, Avg Portfolio (100 eps) = $1591.82, Epsilon = 0.542
2025-06-08 15:49:02,634 - INFO - 
Detailed steps for Episode 370:
2025-06-08 15:49:02,634 - INFO - Step | Action | Price    | RSI   | PnL    | WkChg  | Reward    | Portfolio   | Cash       | Crypto
2025-06-08 15:49:02,634 - INFO - ------------------------------------------------------------------------------------------------------------------------
2025-06-08 15:49:02,634 - INFO -    0 | HOLD |  9341.71 |  35.4 |  -2.00% |  -7.89% |    0.0000 | $  10000.00 | $  10000.00 | 0.000000
2025-06-08 15:49:02,635 - INFO -    1 | BUY  |  8820.52 |  27.7 |  -2.00% |  -8.44% |   -0.0049 | $   9950.98 | $   7500.00 | 0.277872
2025-06-08 15:49:02,635 - INFO -    2 | BUY  |  8784.49 |  28.3 |  -0.41% |  -8.58% |   -0.0047 | $   9904.20 | $   5625.00 | 0.487132
2025-06-08 15:49:02,635 - INFO -    3 | HOLD |  8672.46 |  25.2 |  -1.51% | -10.47% |   -0.0055 | $   9849.63 | $   5625.00 | 0.487132
2025-06-08 15:49:02,635 - INFO -    4 | HOLD |  8599.51 |  28.2 |  -2.33% | -11.01% |   -0.0036 | $   9814.09 | $   5625.00 | 0.487132
2025-06-08 15:49:02,635 - INFO -    5 | HOLD |  8562.45 |  26.8 |  -2.76% | -13.72% |   -0.0018 | $   9796.04 | $   5625.00 | 0.487132
2025-06-08 15:49:02,635 - INFO -    6 | HOLD |  8869.67 |  36.4 |   0.73% |  -8.09% |    0.0153 | $   9945.70 | $   5625.00 | 0.487132
2025-06-08 15:49:02,635 - INFO -    7 | SELL |  8787.79 |  24.4 |  -0.20% |  -5.93% |   -0.0094 | $   9852.30 | $   6641.69 | 0.365349
2025-06-08 15:49:02,635 - INFO -    8 | HOLD |  8755.25 |  29.8 |  -0.57% |  -0.74% |   -0.0012 | $   9840.41 | $   6641.69 | 0.365349
2025-06-08 15:49:02,635 - INFO -    9 | HOLD |  9078.76 |  39.3 |   3.11% |   3.35% |    0.0120 | $   9958.61 | $   6641.69 | 0.365349
2025-06-08 15:49:02,635 - INFO -   10 | BUY  |  9122.55 |  38.4 |   3.61% |   5.19% |   -0.0017 | $   9942.04 | $   4981.27 | 0.543793
2025-06-08 15:49:02,635 - INFO -   11 | HOLD |  8909.95 |  35.7 |   0.01% |   3.61% |   -0.0116 | $   9826.44 | $   4981.27 | 0.543793
2025-06-08 15:49:02,635 - INFO -   12 | SELL |  8108.12 |  21.3 |  -8.99% |  -5.31% |   -0.0500 | $   9335.29 | $   6028.44 | 0.407845
2025-06-08 15:49:02,635 - INFO -   13 | HOLD |  7923.64 |  21.9 | -11.06% | -10.67% |   -0.0081 | $   9260.06 | $   6028.44 | 0.407845
2025-06-08 15:49:02,635 - INFO -   14 | SELL |  7909.73 |  24.3 | -11.22% |  -9.99% |   -0.0050 | $   9214.06 | $   6794.60 | 0.305884
2025-06-08 15:49:02,635 - INFO -   15 | HOLD |  7911.43 |  29.9 | -11.20% |  -9.64% |    0.0001 | $   9214.58 | $   6794.60 | 0.305884
2025-06-08 15:49:02,635 - INFO -   16 | HOLD |  4970.79 |  13.1 | -44.21% | -45.25% |   -0.0976 | $   8315.08 | $   6794.60 | 0.305884
2025-06-08 15:49:02,635 - INFO -   17 | HOLD |  5563.71 |  22.5 | -37.55% | -39.01% |    0.0218 | $   8496.45 | $   6794.60 | 0.305884
2025-06-08 15:49:02,635 - INFO -   18 | HOLD |  5200.37 |  21.4 | -41.63% | -41.63% |   -0.0131 | $   8385.31 | $   6794.60 | 0.305884
2025-06-08 15:49:02,635 - INFO -   19 | BUY  |  5392.31 |  24.0 | -39.47% | -33.49% |   -0.0034 | $   8410.71 | $   5095.95 | 0.614720
2025-06-08 15:49:02,635 - INFO -   ...    ...      ...       ...     ...       ...      ...         ...          ...         ...
2025-06-08 15:49:02,635 - INFO - 1276 | HOLD | 26162.37 |  14.8 | -10.74% |  -1.88% |   -0.0052 | $   1800.42 | $   1058.95 | 0.028341
2025-06-08 15:49:02,635 - INFO - 1277 | SELL | 26047.67 |  14.5 | -11.13% |  -0.01% |   -0.0052 | $   1787.94 | $   1234.28 | 0.021256
2025-06-08 15:49:02,635 - INFO - 1278 | HOLD | 26008.46 |  14.0 | -11.26% |  -0.34% |   -0.0049 | $   1787.11 | $   1234.28 | 0.021256
2025-06-08 15:49:02,635 - INFO - 1279 | SELL | 26089.69 |  15.9 | -10.98% |  -0.38% |   -0.0052 | $   1781.90 | $   1365.99 | 0.015942
2025-06-08 15:49:02,635 - INFO - 1280 | HOLD | 26106.15 |  13.9 | -10.93% |  -0.07% |   -0.0053 | $   1782.16 | $   1365.99 | 0.015942
2025-06-08 15:49:02,635 - INFO - 1281 | HOLD | 27727.39 |  37.9 |  -5.40% |   6.51% |   -0.0039 | $   1808.01 | $   1365.99 | 0.015942
2025-06-08 15:49:02,635 - INFO - 1282 | HOLD | 27297.27 |  38.1 |  -6.86% |   3.27% |   -0.0038 | $   1801.15 | $   1365.99 | 0.015942
2025-06-08 15:49:02,635 - INFO - 1283 | HOLD | 25931.47 |  43.0 | -11.52% |  -0.88% |   -0.0041 | $   1779.38 | $   1365.99 | 0.015942
2025-06-08 15:49:02,635 - INFO - 1284 | HOLD | 25800.72 |  47.4 | -11.97% |  -0.95% |   -0.0042 | $   1777.30 | $   1365.99 | 0.015942
2025-06-08 15:49:02,635 - INFO - 1285 | HOLD | 25868.80 |  47.6 | -11.74% |  -0.54% |   -0.0039 | $   1778.38 | $   1365.99 | 0.015942
2025-06-08 15:49:02,635 - INFO - 1286 | BUY  | 25969.57 |  47.7 | -11.39% |  -0.46% |   -0.0041 | $   1773.29 | $   1024.49 | 0.028834
2025-06-08 15:49:02,635 - INFO - 1287 | SELL | 25812.42 |  46.8 |  -7.20% |  -1.13% |   -0.0043 | $   1759.46 | $   1201.25 | 0.021625
2025-06-08 15:49:02,635 - INFO - 1288 | HOLD | 25779.98 |  47.4 |  -7.32% |  -7.02% |   -0.0039 | $   1758.76 | $   1201.25 | 0.021625
2025-06-08 15:49:02,635 - INFO - 1289 | BUY  | 25753.24 |  42.4 |  -7.42% |  -5.66% |   -0.0035 | $   1752.29 | $    900.94 | 0.033058
2025-06-08 15:49:02,635 - INFO - 1290 | BUY  | 26240.20 |  50.8 |  -3.18% |   1.19% |   -0.0018 | $   1763.97 | $    675.71 | 0.041473
2025-06-08 15:49:02,635 - INFO - 1291 | HOLD | 25905.65 |  48.5 |  -3.79% |   0.41% |   -0.0025 | $   1750.10 | $    675.71 | 0.041473
2025-06-08 15:49:02,635 - INFO - 1292 | HOLD | 25895.68 |  48.8 |  -3.83% |   0.10% |   -0.0027 | $   1749.68 | $    675.71 | 0.041473
2025-06-08 15:49:02,635 - INFO - 1293 | BUY  | 25832.23 |  47.3 |  -4.07% |  -0.53% |   -0.0029 | $   1743.74 | $    506.78 | 0.047884
2025-06-08 15:49:02,635 - INFO - 1294 | HOLD | 25162.65 |  41.4 |  -6.04% |  -2.52% |   -0.0037 | $   1711.68 | $    506.78 | 0.047884
2025-06-08 15:49:02,635 - INFO - 1295 | HOLD | 25833.34 |  29.2 |  -3.54% |   0.21% |   -0.0023 | $   1743.79 | $    506.78 | 0.047884
2025-06-08 15:49:02,636 - INFO - 
Action distribution for Episode 370:
2025-06-08 15:49:02,636 - INFO -   HOLD:  538 ( 41.5%)
2025-06-08 15:49:02,636 - INFO -   BUY:   443 ( 34.2%)
2025-06-08 15:49:02,636 - INFO -   SELL:  315 ( 24.3%)
2025-06-08 15:49:02,636 - INFO - ------------------------------------------------------------------------------------------------------------------------
2025-06-08 15:49:03,112 - INFO - Step 480000: Loss = 0.000007, Epsilon = 0.5420
2025-06-08 15:49:03,112 - INFO - Step 480000: Target network updated
2025-06-08 15:49:03,923 - INFO - Episode 371: Reward = -1.2817, Portfolio = $2574.19, Return = -74.26%, Cash = $982.40, Crypto = 0.061617, Steps = 1296
2025-06-08 15:49:04,098 - INFO - Step 481000: Loss = 0.000008, Epsilon = 0.5411
2025-06-08 15:49:05,073 - INFO - Step 482000: Loss = 0.000009, Epsilon = 0.5401
2025-06-08 15:49:05,073 - INFO - Step 482000: Target network updated
2025-06-08 15:49:05,175 - INFO - Episode 372: Reward = -1.2707, Portfolio = $1685.87, Return = -83.14%, Cash = $1182.09, Crypto = 0.019501, Steps = 1296
2025-06-08 15:49:05,984 - INFO - Step 483000: Loss = 0.000011, Epsilon = 0.5392
2025-06-08 15:49:06,365 - INFO - Episode 373: Reward = -1.0491, Portfolio = $1593.50, Return = -84.06%, Cash = $279.22, Crypto = 0.050875, Steps = 1296
2025-06-08 15:49:06,900 - INFO - Step 484000: Loss = 0.000004, Epsilon = 0.5382
2025-06-08 15:49:06,900 - INFO - Step 484000: Target network updated
2025-06-08 15:49:07,522 - INFO - Episode 374: Reward = -1.7738, Portfolio = $1354.16, Return = -86.46%, Cash = $477.54, Crypto = 0.033934, Steps = 1296
2025-06-08 15:49:07,796 - INFO - Step 485000: Loss = 0.000006, Epsilon = 0.5372
2025-06-08 15:49:08,696 - INFO - Step 486000: Loss = 0.000009, Epsilon = 0.5363
2025-06-08 15:49:08,696 - INFO - Step 486000: Target network updated
2025-06-08 15:49:08,696 - INFO - Episode 375: Reward = -1.3801, Portfolio = $1629.31, Return = -83.71%, Cash = $1117.26, Crypto = 0.019821, Steps = 1296
2025-06-08 15:49:09,597 - INFO - Step 487000: Loss = 0.000004, Epsilon = 0.5353
2025-06-08 15:49:09,867 - INFO - Episode 376: Reward = -1.4561, Portfolio = $968.62, Return = -90.31%, Cash = $237.11, Crypto = 0.028317, Steps = 1296
2025-06-08 15:49:10,516 - INFO - Step 488000: Loss = 0.000006, Epsilon = 0.5344
2025-06-08 15:49:10,516 - INFO - Step 488000: Target network updated
2025-06-08 15:49:11,053 - INFO - Episode 377: Reward = -1.5100, Portfolio = $1231.78, Return = -87.68%, Cash = $573.88, Crypto = 0.025467, Steps = 1296
2025-06-08 15:49:11,458 - INFO - Step 489000: Loss = 0.000009, Epsilon = 0.5334
2025-06-08 15:49:12,341 - INFO - Episode 378: Reward = -1.4785, Portfolio = $2728.37, Return = -72.72%, Cash = $445.28, Crypto = 0.088378, Steps = 1296
2025-06-08 15:49:12,462 - INFO - Step 490000: Loss = 0.000008, Epsilon = 0.5325
2025-06-08 15:49:12,462 - INFO - Step 490000: Target network updated
2025-06-08 15:49:13,504 - INFO - Step 491000: Loss = 0.000005, Epsilon = 0.5315
2025-06-08 15:49:13,698 - INFO - Episode 379: Reward = -1.3252, Portfolio = $1863.43, Return = -81.37%, Cash = $82.54, Crypto = 0.068937, Steps = 1296
2025-06-08 15:49:14,545 - INFO - Step 492000: Loss = 0.000012, Epsilon = 0.5306
2025-06-08 15:49:14,546 - INFO - Step 492000: Target network updated
2025-06-08 15:49:15,015 - INFO - Episode 380: Reward = -1.3361, Portfolio = $1832.85, Return = -81.67%, Cash = $861.85, Crypto = 0.037587, Steps = 1296
2025-06-08 15:49:15,015 - INFO - Episode 380 Summary: Avg Reward (100 eps) = -1.5610, Avg Portfolio (100 eps) = $1619.60, Epsilon = 0.530
2025-06-08 15:49:15,015 - INFO - 
Detailed steps for Episode 380:
2025-06-08 15:49:15,015 - INFO - Step | Action | Price    | RSI   | PnL    | WkChg  | Reward    | Portfolio   | Cash       | Crypto
2025-06-08 15:49:15,015 - INFO - ------------------------------------------------------------------------------------------------------------------------
2025-06-08 15:49:15,015 - INFO -    0 | BUY  |  9341.71 |  35.4 |  -2.00% |  -7.89% |   -0.0049 | $   9950.98 | $   7500.00 | 0.262370
2025-06-08 15:49:15,015 - INFO -    1 | BUY  |  8820.52 |  27.7 |  -5.58% |  -8.44% |   -0.0174 | $   9777.47 | $   5625.00 | 0.470774
2025-06-08 15:49:15,015 - INFO -    2 | BUY  |  8784.49 |  28.3 |  -3.58% |  -8.58% |   -0.0046 | $   9732.94 | $   4218.75 | 0.627718
2025-06-08 15:49:15,015 - INFO -    3 | BUY  |  8672.46 |  25.2 |  -3.95% | -10.47% |   -0.0094 | $   9641.93 | $   3164.06 | 0.746947
2025-06-08 15:49:15,015 - INFO -    4 | BUY  |  8599.51 |  28.2 |  -4.16% | -11.01% |   -0.0073 | $   9571.93 | $   2373.05 | 0.837127
2025-06-08 15:49:15,015 - INFO -    5 | SELL |  8562.45 |  26.8 |  -4.14% | -13.72% |   -0.0126 | $   9451.31 | $   4075.41 | 0.627846
2025-06-08 15:49:15,015 - INFO -    6 | SELL |  8869.67 |  36.4 |  -0.70% |  -8.09% |    0.0130 | $   9574.59 | $   5398.00 | 0.470884
2025-06-08 15:49:15,015 - INFO -    7 | BUY  |  8787.79 |  24.4 |  -1.62% |  -5.93% |   -0.0068 | $   9509.57 | $   4048.50 | 0.621439
2025-06-08 15:49:15,015 - INFO -    8 | BUY  |  8755.25 |  29.8 |  -1.60% |  -0.74% |   -0.0042 | $   9469.50 | $   3036.38 | 0.734774
2025-06-08 15:49:15,015 - INFO -    9 | BUY  |  9078.76 |  39.3 |   2.29% |   3.35% |    0.0235 | $   9692.33 | $   2277.28 | 0.816747
2025-06-08 15:49:15,015 - INFO -   10 | BUY  |  9122.55 |  38.4 |   2.55% |   5.19% |    0.0025 | $   9716.93 | $   1707.96 | 0.877931
2025-06-08 15:49:15,015 - INFO -   11 | BUY  |  8909.95 |  35.7 |  -0.02% |   3.61% |   -0.0201 | $   9521.91 | $   1280.97 | 0.924914
2025-06-08 15:49:15,015 - INFO -   12 | SELL |  8108.12 |  21.3 |  -9.01% |  -5.31% |   -0.0877 | $   8686.54 | $   3062.06 | 0.693686
2025-06-08 15:49:15,015 - INFO -   13 | BUY  |  7923.64 |  21.9 | -11.08% | -10.67% |   -0.0165 | $   8543.57 | $   2296.54 | 0.788403
2025-06-08 15:49:15,015 - INFO -   14 | BUY  |  7909.73 |  24.3 | -10.04% |  -9.99% |   -0.0026 | $   8521.34 | $   1722.41 | 0.859565
2025-06-08 15:49:15,015 - INFO -   15 | BUY  |  7911.43 |  29.9 |  -9.27% |  -9.64% |   -0.0008 | $   8514.36 | $   1291.81 | 0.912926
2025-06-08 15:49:15,015 - INFO -   16 | BUY  |  4970.79 |  13.1 | -42.68% | -45.25% |   -0.3160 | $   5823.43 | $    968.85 | 0.976622
2025-06-08 15:49:15,015 - INFO -   17 | HOLD |  5563.71 |  22.5 | -34.01% | -39.01% |    0.0994 | $   6402.49 | $    968.85 | 0.976622
2025-06-08 15:49:15,015 - INFO -   18 | BUY  |  5200.37 |  21.4 | -38.32% | -41.63% |   -0.0562 | $   6042.90 | $    726.64 | 1.022285
2025-06-08 15:49:15,015 - INFO -   19 | BUY  |  5392.31 |  24.0 | -34.93% | -33.49% |   -0.0026 | $   6235.56 | $    544.98 | 1.055313
2025-06-08 15:49:15,015 - INFO -   ...    ...      ...       ...     ...       ...      ...         ...          ...         ...
2025-06-08 15:49:15,015 - INFO - 1276 | HOLD | 26162.37 |  14.8 |  -7.57% |  -1.88% |   -0.0043 | $   1903.20 | $    698.58 | 0.046044
2025-06-08 15:49:15,015 - INFO - 1277 | BUY  | 26047.67 |  14.5 |  -7.97% |  -0.01% |   -0.0045 | $   1894.49 | $    523.94 | 0.052617
2025-06-08 15:49:15,015 - INFO - 1278 | SELL | 26008.46 |  14.0 |  -7.19% |  -0.34% |   -0.0048 | $   1875.33 | $    848.95 | 0.039463
2025-06-08 15:49:15,015 - INFO - 1279 | BUY  | 26089.69 |  15.9 |  -6.90% |  -0.38% |   -0.0048 | $   1874.37 | $    636.71 | 0.047438
2025-06-08 15:49:15,015 - INFO - 1280 | HOLD | 26106.15 |  13.9 |  -5.75% |  -0.07% |   -0.0057 | $   1875.15 | $    636.71 | 0.047438
2025-06-08 15:49:15,015 - INFO - 1281 | HOLD | 27727.39 |  37.9 |   0.11% |   6.51% |   -0.0024 | $   1952.06 | $    636.71 | 0.047438
2025-06-08 15:49:15,015 - INFO - 1282 | HOLD | 27297.27 |  38.1 |  -1.44% |   3.27% |   -0.0024 | $   1931.66 | $    636.71 | 0.047438
2025-06-08 15:49:15,015 - INFO - 1283 | HOLD | 25931.47 |  43.0 |  -6.38% |  -0.88% |   -0.0031 | $   1866.86 | $    636.71 | 0.047438
2025-06-08 15:49:15,015 - INFO - 1284 | SELL | 25800.72 |  47.4 |  -6.85% |  -0.95% |   -0.0035 | $   1845.36 | $    927.40 | 0.035579
2025-06-08 15:49:15,015 - INFO - 1285 | HOLD | 25868.80 |  47.6 |  -6.60% |  -0.54% |   -0.0034 | $   1847.78 | $    927.40 | 0.035579
2025-06-08 15:49:15,015 - INFO - 1286 | HOLD | 25969.57 |  47.7 |  -6.24% |  -0.46% |   -0.0034 | $   1851.37 | $    927.40 | 0.035579
2025-06-08 15:49:15,015 - INFO - 1287 | HOLD | 25812.42 |  46.8 |  -6.81% |  -1.13% |   -0.0033 | $   1845.78 | $    927.40 | 0.035579
2025-06-08 15:49:15,015 - INFO - 1288 | HOLD | 25779.98 |  47.4 |  -6.92% |  -7.02% |   -0.0031 | $   1844.62 | $    927.40 | 0.035579
2025-06-08 15:49:15,015 - INFO - 1289 | HOLD | 25753.24 |  42.4 |  -7.02% |  -5.66% |   -0.0021 | $   1843.67 | $    927.40 | 0.035579
2025-06-08 15:49:15,015 - INFO - 1290 | SELL | 26240.20 |  50.8 |  -5.26% |   1.19% |   -0.0015 | $   1849.33 | $   1149.13 | 0.026684
2025-06-08 15:49:15,016 - INFO - 1291 | HOLD | 25905.65 |  48.5 |  -6.47% |   0.41% |   -0.0016 | $   1840.40 | $   1149.13 | 0.026684
2025-06-08 15:49:15,016 - INFO - 1292 | HOLD | 25895.68 |  48.8 |  -6.51% |   0.10% |   -0.0017 | $   1840.13 | $   1149.13 | 0.026684
2025-06-08 15:49:15,016 - INFO - 1293 | BUY  | 25832.23 |  47.3 |  -6.73% |  -0.53% |   -0.0015 | $   1832.81 | $    861.85 | 0.037587
2025-06-08 15:49:15,016 - INFO - 1294 | HOLD | 25162.65 |  41.4 |  -7.34% |  -2.52% |   -0.0018 | $   1807.64 | $    861.85 | 0.037587
2025-06-08 15:49:15,016 - INFO - 1295 | HOLD | 25833.34 |  29.2 |  -4.87% |   0.21% |   -0.0016 | $   1832.85 | $    861.85 | 0.037587
2025-06-08 15:49:15,016 - INFO - 
Action distribution for Episode 380:
2025-06-08 15:49:15,016 - INFO -   HOLD:  486 ( 37.5%)
2025-06-08 15:49:15,016 - INFO -   BUY:   556 ( 42.9%)
2025-06-08 15:49:15,016 - INFO -   SELL:  254 ( 19.6%)
2025-06-08 15:49:15,016 - INFO - ------------------------------------------------------------------------------------------------------------------------
2025-06-08 15:49:15,487 - INFO - Step 493000: Loss = 0.000497, Epsilon = 0.5296
2025-06-08 15:49:16,214 - INFO - Episode 381: Reward = -0.9649, Portfolio = $2061.05, Return = -79.39%, Cash = $711.92, Crypto = 0.052224, Steps = 1296
2025-06-08 15:49:16,435 - INFO - Step 494000: Loss = 0.000010, Epsilon = 0.5287
2025-06-08 15:49:16,436 - INFO - Step 494000: Target network updated
2025-06-08 15:49:17,359 - INFO - Step 495000: Loss = 0.000005, Epsilon = 0.5277
2025-06-08 15:49:17,420 - INFO - Episode 382: Reward = -1.6802, Portfolio = $1181.05, Return = -88.19%, Cash = $352.78, Crypto = 0.032062, Steps = 1296
2025-06-08 15:49:18,263 - INFO - Step 496000: Loss = 0.000010, Epsilon = 0.5268
2025-06-08 15:49:18,263 - INFO - Step 496000: Target network updated
2025-06-08 15:49:18,620 - INFO - Episode 383: Reward = -1.4051, Portfolio = $1639.40, Return = -83.61%, Cash = $38.51, Crypto = 0.061970, Steps = 1296
2025-06-08 15:49:19,234 - INFO - Step 497000: Loss = 0.000007, Epsilon = 0.5258
2025-06-08 15:49:19,827 - INFO - Episode 384: Reward = -1.4735, Portfolio = $3312.39, Return = -66.88%, Cash = $1265.39, Crypto = 0.079239, Steps = 1296
2025-06-08 15:49:20,151 - INFO - Step 498000: Loss = 0.000007, Epsilon = 0.5248
2025-06-08 15:49:20,151 - INFO - Step 498000: Target network updated
2025-06-08 15:49:21,035 - INFO - Episode 385: Reward = -1.1548, Portfolio = $2468.55, Return = -75.31%, Cash = $124.56, Crypto = 0.090735, Steps = 1296
2025-06-08 15:49:21,078 - INFO - Step 499000: Loss = 0.000007, Epsilon = 0.5239
2025-06-08 15:49:21,960 - INFO - Step 500000: Loss = 0.000005, Epsilon = 0.5229
2025-06-08 15:49:21,960 - INFO - Step 500000: Target network updated
2025-06-08 15:49:22,178 - INFO - Episode 386: Reward = -1.6411, Portfolio = $1055.17, Return = -89.45%, Cash = $15.09, Crypto = 0.040261, Steps = 1296
2025-06-08 15:49:22,831 - INFO - Step 501000: Loss = 0.000012, Epsilon = 0.5220
2025-06-08 15:49:23,320 - INFO - Episode 387: Reward = -1.7144, Portfolio = $2356.95, Return = -76.43%, Cash = $728.68, Crypto = 0.063030, Steps = 1296
2025-06-08 15:49:23,749 - INFO - Step 502000: Loss = 0.000006, Epsilon = 0.5210
2025-06-08 15:49:23,749 - INFO - Step 502000: Target network updated
2025-06-08 15:49:24,515 - INFO - Episode 388: Reward = -1.6023, Portfolio = $1348.69, Return = -86.51%, Cash = $622.38, Crypto = 0.028115, Steps = 1296
2025-06-08 15:49:24,660 - INFO - Step 503000: Loss = 0.000007, Epsilon = 0.5201
2025-06-08 15:49:25,594 - INFO - Step 504000: Loss = 0.000010, Epsilon = 0.5191
2025-06-08 15:49:25,594 - INFO - Step 504000: Target network updated
2025-06-08 15:49:25,720 - INFO - Episode 389: Reward = -1.1537, Portfolio = $3023.89, Return = -69.76%, Cash = $1574.75, Crypto = 0.056096, Steps = 1296
2025-06-08 15:49:26,508 - INFO - Step 505000: Loss = 0.000009, Epsilon = 0.5182
2025-06-08 15:49:26,942 - INFO - Episode 390: Reward = -1.7924, Portfolio = $815.34, Return = -91.85%, Cash = $365.94, Crypto = 0.017396, Steps = 1296
2025-06-08 15:49:26,942 - INFO - Episode 390 Summary: Avg Reward (100 eps) = -1.5543, Avg Portfolio (100 eps) = $1663.36, Epsilon = 0.518
2025-06-08 15:49:26,942 - INFO - 
Detailed steps for Episode 390:
2025-06-08 15:49:26,942 - INFO - Step | Action | Price    | RSI   | PnL    | WkChg  | Reward    | Portfolio   | Cash       | Crypto
2025-06-08 15:49:26,942 - INFO - ------------------------------------------------------------------------------------------------------------------------
2025-06-08 15:49:26,942 - INFO -    0 | HOLD |  9341.71 |  35.4 |  -2.00% |  -7.89% |    0.0000 | $  10000.00 | $  10000.00 | 0.000000
2025-06-08 15:49:26,942 - INFO -    1 | HOLD |  8820.52 |  27.7 |  -2.00% |  -8.44% |    0.0000 | $  10000.00 | $  10000.00 | 0.000000
2025-06-08 15:49:26,942 - INFO -    2 | SELL |  8784.49 |  28.3 |  -2.00% |  -8.58% |   -0.0100 | $  10000.00 | $  10000.00 | 0.000000
2025-06-08 15:49:26,942 - INFO -    3 | HOLD |  8672.46 |  25.2 |  -2.00% | -10.47% |    0.0000 | $  10000.00 | $  10000.00 | 0.000000
2025-06-08 15:49:26,942 - INFO -    4 | SELL |  8599.51 |  28.2 |  -2.00% | -11.01% |   -0.0100 | $  10000.00 | $  10000.00 | 0.000000
2025-06-08 15:49:26,942 - INFO -    5 | HOLD |  8562.45 |  26.8 |  -2.00% | -13.72% |    0.0000 | $  10000.00 | $  10000.00 | 0.000000
2025-06-08 15:49:26,942 - INFO -    6 | HOLD |  8869.67 |  36.4 |  -2.00% |  -8.09% |    0.0000 | $  10000.00 | $  10000.00 | 0.000000
2025-06-08 15:49:26,942 - INFO -    7 | HOLD |  8787.79 |  24.4 |  -2.00% |  -5.93% |    0.0000 | $  10000.00 | $  10000.00 | 0.000000
2025-06-08 15:49:26,942 - INFO -    8 | HOLD |  8755.25 |  29.8 |  -2.00% |  -0.74% |    0.0000 | $  10000.00 | $  10000.00 | 0.000000
2025-06-08 15:49:26,942 - INFO -    9 | HOLD |  9078.76 |  39.3 |  -2.00% |   3.35% |    0.0000 | $  10000.00 | $  10000.00 | 0.000000
2025-06-08 15:49:26,942 - INFO -   10 | BUY  |  9122.55 |  38.4 |  -2.00% |   5.19% |   -0.0049 | $   9950.98 | $   7500.00 | 0.268673
2025-06-08 15:49:26,942 - INFO -   11 | SELL |  8909.95 |  35.7 |  -2.33% |   3.61% |   -0.0087 | $   9863.94 | $   8068.54 | 0.201505
2025-06-08 15:49:26,942 - INFO -   12 | HOLD |  8108.12 |  21.3 | -11.12% |  -5.31% |   -0.0164 | $   9702.37 | $   8068.54 | 0.201505
2025-06-08 15:49:26,942 - INFO -   13 | HOLD |  7923.64 |  21.9 | -13.14% | -10.67% |   -0.0038 | $   9665.19 | $   8068.54 | 0.201505
2025-06-08 15:49:26,942 - INFO -   14 | HOLD |  7909.73 |  24.3 | -13.29% |  -9.99% |   -0.0003 | $   9662.39 | $   8068.54 | 0.201505
2025-06-08 15:49:26,942 - INFO -   15 | HOLD |  7911.43 |  29.9 | -13.28% |  -9.64% |    0.0000 | $   9662.73 | $   8068.54 | 0.201505
2025-06-08 15:49:26,942 - INFO -   16 | HOLD |  4970.79 |  13.1 | -45.51% | -45.25% |   -0.0613 | $   9070.18 | $   8068.54 | 0.201505
2025-06-08 15:49:26,942 - INFO -   17 | HOLD |  5563.71 |  22.5 | -39.01% | -39.01% |    0.0132 | $   9189.66 | $   8068.54 | 0.201505
2025-06-08 15:49:26,942 - INFO -   18 | HOLD |  5200.37 |  21.4 | -42.99% | -41.63% |   -0.0080 | $   9116.44 | $   8068.54 | 0.201505
2025-06-08 15:49:26,942 - INFO -   19 | HOLD |  5392.31 |  24.0 | -40.89% | -33.49% |   -0.0031 | $   9155.12 | $   8068.54 | 0.201505
2025-06-08 15:49:26,942 - INFO -   ...    ...      ...       ...     ...       ...      ...         ...          ...         ...
2025-06-08 15:49:26,942 - INFO - 1276 | HOLD | 26162.37 |  14.8 | -10.91% |  -1.88% |   -0.0039 | $    876.32 | $    212.80 | 0.025362
2025-06-08 15:49:26,942 - INFO - 1277 | HOLD | 26047.67 |  14.5 | -11.30% |  -0.01% |   -0.0040 | $    873.41 | $    212.80 | 0.025362
2025-06-08 15:49:26,942 - INFO - 1278 | HOLD | 26008.46 |  14.0 | -11.44% |  -0.34% |   -0.0041 | $    872.42 | $    212.80 | 0.025362
2025-06-08 15:49:26,942 - INFO - 1279 | SELL | 26089.69 |  15.9 | -11.16% |  -0.38% |   -0.0042 | $    866.21 | $    369.95 | 0.019021
2025-06-08 15:49:26,942 - INFO - 1280 | BUY  | 26106.15 |  13.9 | -11.10% |  -0.07% |   -0.0046 | $    864.71 | $    277.46 | 0.022494
2025-06-08 15:49:26,942 - INFO - 1281 | HOLD | 27727.39 |  37.9 |  -3.94% |   6.51% |   -0.0021 | $    901.17 | $    277.46 | 0.022494
2025-06-08 15:49:26,942 - INFO - 1282 | BUY  | 27297.27 |  38.1 |  -5.43% |   3.27% |   -0.0023 | $    890.14 | $    208.10 | 0.024986
2025-06-08 15:49:26,942 - INFO - 1283 | BUY  | 25931.47 |  43.0 |  -9.67% |  -0.88% |   -0.0031 | $    854.99 | $    156.07 | 0.026953
2025-06-08 15:49:26,942 - INFO - 1284 | SELL | 25800.72 |  47.4 |  -9.49% |  -0.95% |   -0.0035 | $    842.78 | $    321.23 | 0.020214
2025-06-08 15:49:26,942 - INFO - 1285 | HOLD | 25868.80 |  47.6 |  -9.25% |  -0.54% |   -0.0034 | $    844.15 | $    321.23 | 0.020214
2025-06-08 15:49:26,942 - INFO - 1286 | SELL | 25969.57 |  47.7 |  -8.89% |  -0.46% |   -0.0036 | $    839.63 | $    445.91 | 0.015161
2025-06-08 15:49:26,942 - INFO - 1287 | SELL | 25812.42 |  46.8 |  -9.45% |  -1.13% |   -0.0036 | $    832.35 | $    538.85 | 0.011371
2025-06-08 15:49:26,943 - INFO - 1288 | BUY  | 25779.98 |  47.4 |  -9.56% |  -7.02% |   -0.0034 | $    829.34 | $    404.14 | 0.016494
2025-06-08 15:49:26,943 - INFO - 1289 | HOLD | 25753.24 |  42.4 |  -6.89% |  -5.66% |   -0.0024 | $    828.90 | $    404.14 | 0.016494
2025-06-08 15:49:26,943 - INFO - 1290 | HOLD | 26240.20 |  50.8 |  -5.13% |   1.19% |   -0.0015 | $    836.93 | $    404.14 | 0.016494
2025-06-08 15:49:26,943 - INFO - 1291 | HOLD | 25905.65 |  48.5 |  -6.34% |   0.41% |   -0.0017 | $    831.42 | $    404.14 | 0.016494
2025-06-08 15:49:26,943 - INFO - 1292 | BUY  | 25895.68 |  48.8 |  -6.37% |   0.10% |   -0.0019 | $    829.27 | $    303.10 | 0.020319
2025-06-08 15:49:26,943 - INFO - 1293 | BUY  | 25832.23 |  47.3 |  -5.47% |  -0.53% |   -0.0020 | $    826.50 | $    227.33 | 0.023195
2025-06-08 15:49:26,943 - INFO - 1294 | SELL | 25162.65 |  41.4 |  -7.29% |  -2.52% |   -0.0027 | $    803.67 | $    365.94 | 0.017396
2025-06-08 15:49:26,943 - INFO - 1295 | HOLD | 25833.34 |  29.2 |  -4.82% |   0.21% |   -0.0026 | $    815.34 | $    365.94 | 0.017396
2025-06-08 15:49:26,943 - INFO - 
Action distribution for Episode 390:
2025-06-08 15:49:26,943 - INFO -   HOLD:  570 ( 44.0%)
2025-06-08 15:49:26,943 - INFO -   BUY:   403 ( 31.1%)
2025-06-08 15:49:26,943 - INFO -   SELL:  323 ( 24.9%)
2025-06-08 15:49:26,943 - INFO - ------------------------------------------------------------------------------------------------------------------------
2025-06-08 15:49:27,495 - INFO - Step 506000: Loss = 0.000005, Epsilon = 0.5172
2025-06-08 15:49:27,496 - INFO - Step 506000: Target network updated
2025-06-08 15:49:28,218 - INFO - Episode 391: Reward = -0.9269, Portfolio = $2105.24, Return = -78.95%, Cash = $814.45, Crypto = 0.049966, Steps = 1296
2025-06-08 15:49:28,468 - INFO - Step 507000: Loss = 0.000006, Epsilon = 0.5163
2025-06-08 15:49:29,451 - INFO - Step 508000: Loss = 0.000007, Epsilon = 0.5153
2025-06-08 15:49:29,452 - INFO - Step 508000: Target network updated
2025-06-08 15:49:29,484 - INFO - Episode 392: Reward = -1.0591, Portfolio = $1794.66, Return = -82.05%, Cash = $554.74, Crypto = 0.047997, Steps = 1296
2025-06-08 15:49:30,361 - INFO - Step 509000: Loss = 0.000006, Epsilon = 0.5144
2025-06-08 15:49:30,663 - INFO - Episode 393: Reward = -1.1204, Portfolio = $2316.76, Return = -76.83%, Cash = $181.71, Crypto = 0.082647, Steps = 1296
2025-06-08 15:49:31,289 - INFO - Step 510000: Loss = 0.000008, Epsilon = 0.5134
2025-06-08 15:49:31,289 - INFO - Step 510000: Target network updated
2025-06-08 15:49:31,863 - INFO - Episode 394: Reward = -1.5273, Portfolio = $1825.52, Return = -81.74%, Cash = $1690.65, Crypto = 0.005221, Steps = 1296
2025-06-08 15:49:32,242 - INFO - Step 511000: Loss = 0.000045, Epsilon = 0.5124
2025-06-08 15:49:33,106 - INFO - Episode 395: Reward = -1.3001, Portfolio = $1713.39, Return = -82.87%, Cash = $1229.16, Crypto = 0.018744, Steps = 1296
2025-06-08 15:49:33,176 - INFO - Step 512000: Loss = 0.000007, Epsilon = 0.5115
2025-06-08 15:49:33,176 - INFO - Step 512000: Target network updated
2025-06-08 15:49:34,047 - INFO - Step 513000: Loss = 0.000004, Epsilon = 0.5105
2025-06-08 15:49:34,230 - INFO - Episode 396: Reward = -1.3313, Portfolio = $1438.32, Return = -85.62%, Cash = $316.00, Crypto = 0.043445, Steps = 1296
2025-06-08 15:49:34,958 - INFO - Step 514000: Loss = 0.000006, Epsilon = 0.5096
2025-06-08 15:49:34,958 - INFO - Step 514000: Target network updated
2025-06-08 15:49:35,428 - INFO - Episode 397: Reward = -1.2990, Portfolio = $1217.93, Return = -87.82%, Cash = $260.85, Crypto = 0.037048, Steps = 1296
2025-06-08 15:49:35,925 - INFO - Step 515000: Loss = 0.000006, Epsilon = 0.5086
2025-06-08 15:49:36,743 - INFO - Episode 398: Reward = -1.5257, Portfolio = $2014.61, Return = -79.85%, Cash = $1640.87, Crypto = 0.014467, Steps = 1296
2025-06-08 15:49:36,960 - INFO - Step 516000: Loss = 0.000030, Epsilon = 0.5077
2025-06-08 15:49:36,961 - INFO - Step 516000: Target network updated
2025-06-08 15:49:37,911 - INFO - Step 517000: Loss = 0.000008, Epsilon = 0.5067
2025-06-08 15:49:38,018 - INFO - Episode 399: Reward = -1.4495, Portfolio = $2016.04, Return = -79.84%, Cash = $826.90, Crypto = 0.046031, Steps = 1296
2025-06-08 15:49:38,956 - INFO - Step 518000: Loss = 0.000005, Epsilon = 0.5058
2025-06-08 15:49:38,957 - INFO - Step 518000: Target network updated
2025-06-08 15:49:39,343 - INFO - Episode 400: Reward = -1.1081, Portfolio = $3127.47, Return = -68.73%, Cash = $2297.22, Crypto = 0.032139, Steps = 1296
2025-06-08 15:49:39,343 - INFO - Episode 400 Summary: Avg Reward (100 eps) = -1.5169, Avg Portfolio (100 eps) = $1718.25, Epsilon = 0.505
2025-06-08 15:49:39,343 - INFO - 
Detailed steps for Episode 400:
2025-06-08 15:49:39,343 - INFO - Step | Action | Price    | RSI   | PnL    | WkChg  | Reward    | Portfolio   | Cash       | Crypto
2025-06-08 15:49:39,343 - INFO - ------------------------------------------------------------------------------------------------------------------------
2025-06-08 15:49:39,343 - INFO -    0 | HOLD |  9341.71 |  35.4 |  -2.00% |  -7.89% |    0.0000 | $  10000.00 | $  10000.00 | 0.000000
2025-06-08 15:49:39,343 - INFO -    1 | HOLD |  8820.52 |  27.7 |  -2.00% |  -8.44% |    0.0000 | $  10000.00 | $  10000.00 | 0.000000
2025-06-08 15:49:39,343 - INFO -    2 | HOLD |  8784.49 |  28.3 |  -2.00% |  -8.58% |    0.0000 | $  10000.00 | $  10000.00 | 0.000000
2025-06-08 15:49:39,343 - INFO -    3 | HOLD |  8672.46 |  25.2 |  -2.00% | -10.47% |    0.0000 | $  10000.00 | $  10000.00 | 0.000000
2025-06-08 15:49:39,343 - INFO -    4 | HOLD |  8599.51 |  28.2 |  -2.00% | -11.01% |    0.0000 | $  10000.00 | $  10000.00 | 0.000000
2025-06-08 15:49:39,343 - INFO -    5 | BUY  |  8562.45 |  26.8 |  -2.00% | -13.72% |   -0.0049 | $   9950.98 | $   7500.00 | 0.286247
2025-06-08 15:49:39,343 - INFO -    6 | HOLD |  8869.67 |  36.4 |   3.59% |  -8.09% |    0.0088 | $  10038.92 | $   7500.00 | 0.286247
2025-06-08 15:49:39,343 - INFO -    7 | HOLD |  8787.79 |  24.4 |   2.63% |  -5.93% |   -0.0023 | $  10015.48 | $   7500.00 | 0.286247
2025-06-08 15:49:39,343 - INFO -    8 | HOLD |  8755.25 |  29.8 |   2.25% |  -0.74% |   -0.0009 | $  10006.17 | $   7500.00 | 0.286247
2025-06-08 15:49:39,343 - INFO -    9 | HOLD |  9078.76 |  39.3 |   6.03% |   3.35% |    0.0093 | $  10098.77 | $   7500.00 | 0.286247
2025-06-08 15:49:39,343 - INFO -   10 | SELL |  9122.55 |  38.4 |   6.54% |   5.19% |   -0.0020 | $  10078.66 | $   8120.18 | 0.214686
2025-06-08 15:49:39,343 - INFO -   11 | HOLD |  8909.95 |  35.7 |   4.06% |   3.61% |   -0.0045 | $  10033.02 | $   8120.18 | 0.214686
2025-06-08 15:49:39,343 - INFO -   12 | HOLD |  8108.12 |  21.3 |  -5.31% |  -5.31% |   -0.0172 | $   9860.88 | $   8120.18 | 0.214686
2025-06-08 15:49:39,343 - INFO -   13 | BUY  |  7923.64 |  21.9 |  -7.46% | -10.67% |   -0.0081 | $   9781.47 | $   6090.14 | 0.465863
2025-06-08 15:49:39,343 - INFO -   14 | SELL |  7909.73 |  24.3 |  -3.75% |  -9.99% |   -0.0054 | $   9728.93 | $   6965.29 | 0.349397
2025-06-08 15:49:39,343 - INFO -   15 | BUY  |  7911.43 |  29.9 |  -3.73% |  -9.64% |   -0.0034 | $   9695.38 | $   5223.97 | 0.565184
2025-06-08 15:49:39,343 - INFO -   16 | BUY  |  4970.79 |  13.1 | -38.64% | -45.25% |   -0.1741 | $   8007.77 | $   3917.98 | 0.822765
2025-06-08 15:49:39,343 - INFO -   17 | SELL |  5563.71 |  22.5 | -21.87% | -39.01% |    0.0538 | $   8438.38 | $   5005.16 | 0.617074
2025-06-08 15:49:39,343 - INFO -   18 | HOLD |  5200.37 |  21.4 | -26.97% | -41.63% |   -0.0266 | $   8214.17 | $   5005.16 | 0.617074
2025-06-08 15:49:39,343 - INFO -   19 | HOLD |  5392.31 |  24.0 | -24.28% | -33.49% |   -0.0020 | $   8332.62 | $   5005.16 | 0.617074
2025-06-08 15:49:39,343 - INFO -   ...    ...      ...       ...     ...       ...      ...         ...          ...         ...
2025-06-08 15:49:39,344 - INFO - 1276 | HOLD | 26162.37 |  14.8 |  -7.19% |  -1.88% |   -0.0034 | $   3218.50 | $   1552.65 | 0.063673
2025-06-08 15:49:39,344 - INFO - 1277 | HOLD | 26047.67 |  14.5 |  -7.59% |  -0.01% |   -0.0035 | $   3211.19 | $   1552.65 | 0.063673
2025-06-08 15:49:39,344 - INFO - 1278 | SELL | 26008.46 |  14.0 |  -7.73% |  -0.34% |   -0.0039 | $   3188.00 | $   1945.96 | 0.047755
2025-06-08 15:49:39,344 - INFO - 1279 | HOLD | 26089.69 |  15.9 |  -7.45% |  -0.38% |   -0.0041 | $   3191.88 | $   1945.96 | 0.047755
2025-06-08 15:49:39,344 - INFO - 1280 | HOLD | 26106.15 |  13.9 |  -7.39% |  -0.07% |   -0.0056 | $   3192.66 | $   1945.96 | 0.047755
2025-06-08 15:49:39,344 - INFO - 1281 | HOLD | 27727.39 |  37.9 |  -1.64% |   6.51% |   -0.0023 | $   3270.08 | $   1945.96 | 0.047755
2025-06-08 15:49:39,344 - INFO - 1282 | SELL | 27297.27 |  38.1 |  -3.16% |   3.27% |   -0.0027 | $   3233.25 | $   2255.56 | 0.035816
2025-06-08 15:49:39,344 - INFO - 1283 | BUY  | 25931.47 |  43.0 |  -8.01% |  -0.88% |   -0.0034 | $   3173.27 | $   1691.67 | 0.057135
2025-06-08 15:49:39,344 - INFO - 1284 | HOLD | 25800.72 |  47.4 |  -5.65% |  -0.95% |   -0.0036 | $   3165.80 | $   1691.67 | 0.057135
2025-06-08 15:49:39,344 - INFO - 1285 | HOLD | 25868.80 |  47.6 |  -5.40% |  -0.54% |   -0.0031 | $   3169.69 | $   1691.67 | 0.057135
2025-06-08 15:49:39,344 - INFO - 1286 | HOLD | 25969.57 |  47.7 |  -5.03% |  -0.46% |   -0.0031 | $   3175.45 | $   1691.67 | 0.057135
2025-06-08 15:49:39,344 - INFO - 1287 | HOLD | 25812.42 |  46.8 |  -5.61% |  -1.13% |   -0.0031 | $   3166.47 | $   1691.67 | 0.057135
2025-06-08 15:49:39,344 - INFO - 1288 | HOLD | 25779.98 |  47.4 |  -5.73% |  -7.02% |   -0.0028 | $   3164.62 | $   1691.67 | 0.057135
2025-06-08 15:49:39,344 - INFO - 1289 | SELL | 25753.24 |  42.4 |  -5.83% |  -5.66% |   -0.0021 | $   3144.70 | $   2041.14 | 0.042851
2025-06-08 15:49:39,344 - INFO - 1290 | HOLD | 26240.20 |  50.8 |  -4.04% |   1.19% |   -0.0012 | $   3165.57 | $   2041.14 | 0.042851
2025-06-08 15:49:39,344 - INFO - 1291 | HOLD | 25905.65 |  48.5 |  -5.27% |   0.41% |   -0.0015 | $   3151.23 | $   2041.14 | 0.042851
2025-06-08 15:49:39,344 - INFO - 1292 | HOLD | 25895.68 |  48.8 |  -5.30% |   0.10% |   -0.0016 | $   3150.80 | $   2041.14 | 0.042851
2025-06-08 15:49:39,344 - INFO - 1293 | HOLD | 25832.23 |  47.3 |  -5.54% |  -0.53% |   -0.0014 | $   3148.08 | $   2041.14 | 0.042851
2025-06-08 15:49:39,344 - INFO - 1294 | SELL | 25162.65 |  41.4 |  -7.98% |  -2.52% |   -0.0020 | $   3105.91 | $   2297.22 | 0.032139
2025-06-08 15:49:39,344 - INFO - 1295 | HOLD | 25833.34 |  29.2 |  -5.53% |   0.21% |   -0.0021 | $   3127.47 | $   2297.22 | 0.032139
2025-06-08 15:49:39,344 - INFO - 
Action distribution for Episode 400:
2025-06-08 15:49:39,344 - INFO -   HOLD:  632 ( 48.8%)
2025-06-08 15:49:39,344 - INFO -   BUY:   398 ( 30.7%)
2025-06-08 15:49:39,344 - INFO -   SELL:  266 ( 20.5%)
2025-06-08 15:49:39,344 - INFO - ------------------------------------------------------------------------------------------------------------------------
2025-06-08 15:49:39,949 - INFO - Step 519000: Loss = 0.000017, Epsilon = 0.5048
2025-06-08 15:49:40,651 - INFO - Episode 401: Reward = -1.8921, Portfolio = $1131.34, Return = -88.69%, Cash = $71.93, Crypto = 0.041010, Steps = 1296
2025-06-08 15:49:40,946 - INFO - Step 520000: Loss = 0.000006, Epsilon = 0.5039
2025-06-08 15:49:40,946 - INFO - Step 520000: Target network updated
2025-06-08 15:49:41,861 - INFO - Episode 402: Reward = -1.3634, Portfolio = $2757.43, Return = -72.43%, Cash = $117.36, Crypto = 0.102196, Steps = 1296
2025-06-08 15:49:41,872 - INFO - Step 521000: Loss = 0.000009, Epsilon = 0.5029
2025-06-08 15:49:42,814 - INFO - Step 522000: Loss = 0.000011, Epsilon = 0.5019
2025-06-08 15:49:42,814 - INFO - Step 522000: Target network updated
2025-06-08 15:49:43,080 - INFO - Episode 403: Reward = -1.4435, Portfolio = $1809.50, Return = -81.91%, Cash = $193.08, Crypto = 0.062571, Steps = 1296
2025-06-08 15:49:43,766 - INFO - Step 523000: Loss = 0.000006, Epsilon = 0.5010
2025-06-08 15:49:44,329 - INFO - Episode 404: Reward = -1.1189, Portfolio = $2937.61, Return = -70.62%, Cash = $1261.45, Crypto = 0.064883, Steps = 1296
2025-06-08 15:49:44,750 - INFO - Step 524000: Loss = 0.000005, Epsilon = 0.5000
2025-06-08 15:49:44,750 - INFO - Step 524000: Target network updated
2025-06-08 15:49:45,616 - INFO - Episode 405: Reward = -1.3958, Portfolio = $2829.96, Return = -71.70%, Cash = $972.58, Crypto = 0.071898, Steps = 1296
2025-06-08 15:49:45,736 - INFO - Step 525000: Loss = 0.000008, Epsilon = 0.4991
2025-06-08 15:49:46,740 - INFO - Step 526000: Loss = 0.000011, Epsilon = 0.4981
2025-06-08 15:49:46,740 - INFO - Step 526000: Target network updated
2025-06-08 15:49:46,896 - INFO - Episode 406: Reward = -1.4853, Portfolio = $678.17, Return = -93.22%, Cash = $581.89, Crypto = 0.003727, Steps = 1296
2025-06-08 15:49:47,689 - INFO - Step 527000: Loss = 0.000009, Epsilon = 0.4972
2025-06-08 15:49:48,130 - INFO - Episode 407: Reward = -1.3359, Portfolio = $1283.79, Return = -87.16%, Cash = $235.81, Crypto = 0.040567, Steps = 1296
2025-06-08 15:49:48,673 - INFO - Step 528000: Loss = 0.000007, Epsilon = 0.4962
2025-06-08 15:49:48,673 - INFO - Step 528000: Target network updated
2025-06-08 15:49:49,355 - INFO - Episode 408: Reward = -1.5225, Portfolio = $3591.69, Return = -64.08%, Cash = $1503.71, Crypto = 0.080825, Steps = 1296
2025-06-08 15:49:49,558 - INFO - Step 529000: Loss = 0.000007, Epsilon = 0.4953
2025-06-08 15:49:50,477 - INFO - Step 530000: Loss = 0.000006, Epsilon = 0.4943
2025-06-08 15:49:50,478 - INFO - Step 530000: Target network updated
2025-06-08 15:49:50,535 - INFO - Episode 409: Reward = -1.1824, Portfolio = $2031.39, Return = -79.69%, Cash = $762.01, Crypto = 0.049137, Steps = 1296
2025-06-08 15:49:51,418 - INFO - Step 531000: Loss = 0.000009, Epsilon = 0.4934
2025-06-08 15:49:51,762 - INFO - Episode 410: Reward = -1.0855, Portfolio = $2935.70, Return = -70.64%, Cash = $1909.87, Crypto = 0.039710, Steps = 1296
2025-06-08 15:49:51,762 - INFO - Episode 410 Summary: Avg Reward (100 eps) = -1.5026, Avg Portfolio (100 eps) = $1735.85, Epsilon = 0.493
2025-06-08 15:49:51,762 - INFO - 
Detailed steps for Episode 410:
2025-06-08 15:49:51,762 - INFO - Step | Action | Price    | RSI   | PnL    | WkChg  | Reward    | Portfolio   | Cash       | Crypto
2025-06-08 15:49:51,762 - INFO - ------------------------------------------------------------------------------------------------------------------------
2025-06-08 15:49:51,762 - INFO -    0 | HOLD |  9341.71 |  35.4 |  -2.00% |  -7.89% |    0.0000 | $  10000.00 | $  10000.00 | 0.000000
2025-06-08 15:49:51,762 - INFO -    1 | SELL |  8820.52 |  27.7 |  -2.00% |  -8.44% |   -0.0100 | $  10000.00 | $  10000.00 | 0.000000
2025-06-08 15:49:51,762 - INFO -    2 | HOLD |  8784.49 |  28.3 |  -2.00% |  -8.58% |    0.0000 | $  10000.00 | $  10000.00 | 0.000000
2025-06-08 15:49:51,762 - INFO -    3 | BUY  |  8672.46 |  25.2 |  -2.00% | -10.47% |   -0.0049 | $   9950.98 | $   7500.00 | 0.282617
2025-06-08 15:49:51,762 - INFO -    4 | BUY  |  8599.51 |  28.2 |  -0.84% | -11.01% |   -0.0058 | $   9893.60 | $   5625.00 | 0.496377
2025-06-08 15:49:51,762 - INFO -    5 | HOLD |  8562.45 |  26.8 |  -0.91% | -13.72% |   -0.0019 | $   9875.21 | $   5625.00 | 0.496377
2025-06-08 15:49:51,763 - INFO -    6 | HOLD |  8869.67 |  36.4 |   2.65% |  -8.09% |    0.0154 | $  10027.70 | $   5625.00 | 0.496377
2025-06-08 15:49:51,763 - INFO -    7 | HOLD |  8787.79 |  24.4 |   1.70% |  -5.93% |   -0.0041 | $   9987.06 | $   5625.00 | 0.496377
2025-06-08 15:49:51,763 - INFO -    8 | HOLD |  8755.25 |  29.8 |   1.32% |  -0.74% |   -0.0016 | $   9970.90 | $   5625.00 | 0.496377
2025-06-08 15:49:51,763 - INFO -    9 | HOLD |  9078.76 |  39.3 |   5.07% |   3.35% |    0.0161 | $  10131.49 | $   5625.00 | 0.496377
2025-06-08 15:49:51,763 - INFO -   10 | HOLD |  9122.55 |  38.4 |   5.57% |   5.19% |    0.0021 | $  10153.22 | $   5625.00 | 0.496377
2025-06-08 15:49:51,763 - INFO -   11 | HOLD |  8909.95 |  35.7 |   3.11% |   3.61% |   -0.0104 | $  10047.70 | $   5625.00 | 0.496377
2025-06-08 15:49:51,763 - INFO -   12 | HOLD |  8108.12 |  21.3 |  -6.17% |  -5.31% |   -0.0396 | $   9649.68 | $   5625.00 | 0.496377
2025-06-08 15:49:51,763 - INFO -   13 | HOLD |  7923.64 |  21.9 |  -8.30% | -10.67% |   -0.0095 | $   9558.12 | $   5625.00 | 0.496377
2025-06-08 15:49:51,763 - INFO -   14 | HOLD |  7909.73 |  24.3 |  -8.46% |  -9.99% |   -0.0007 | $   9551.21 | $   5625.00 | 0.496377
2025-06-08 15:49:51,763 - INFO -   15 | HOLD |  7911.43 |  29.9 |  -8.44% |  -9.64% |    0.0001 | $   9552.05 | $   5625.00 | 0.496377
2025-06-08 15:49:51,763 - INFO -   16 | HOLD |  4970.79 |  13.1 | -42.47% | -45.25% |   -0.1528 | $   8092.39 | $   5625.00 | 0.496377
2025-06-08 15:49:51,763 - INFO -   17 | HOLD |  5563.71 |  22.5 | -35.61% | -39.01% |    0.0364 | $   8386.70 | $   5625.00 | 0.496377
2025-06-08 15:49:51,763 - INFO -   18 | HOLD |  5200.37 |  21.4 | -39.82% | -41.63% |   -0.0215 | $   8206.34 | $   5625.00 | 0.496377
2025-06-08 15:49:51,763 - INFO -   19 | SELL |  5392.31 |  24.0 | -37.60% | -33.49% |   -0.0024 | $   8268.16 | $   6260.70 | 0.372283
2025-06-08 15:49:51,763 - INFO -   ...    ...      ...       ...     ...       ...      ...         ...          ...         ...
2025-06-08 15:49:51,763 - INFO - 1276 | HOLD | 26162.37 |  14.8 |  -8.13% |  -1.88% |   -0.0041 | $   3032.12 | $   1747.20 | 0.049113
2025-06-08 15:49:51,763 - INFO - 1277 | BUY  | 26047.67 |  14.5 |  -8.53% |  -0.01% |   -0.0043 | $   3017.92 | $   1310.40 | 0.065554
2025-06-08 15:49:51,763 - INFO - 1278 | SELL | 26008.46 |  14.0 |  -6.67% |  -0.34% |   -0.0048 | $   2994.04 | $   1715.33 | 0.049165
2025-06-08 15:49:51,763 - INFO - 1279 | HOLD | 26089.69 |  15.9 |  -6.38% |  -0.38% |   -0.0046 | $   2998.03 | $   1715.33 | 0.049165
2025-06-08 15:49:51,763 - INFO - 1280 | HOLD | 26106.15 |  13.9 |  -6.32% |  -0.07% |   -0.0055 | $   2998.84 | $   1715.33 | 0.049165
2025-06-08 15:49:51,763 - INFO - 1281 | HOLD | 27727.39 |  37.9 |  -0.51% |   6.51% |   -0.0031 | $   3078.55 | $   1715.33 | 0.049165
2025-06-08 15:49:51,763 - INFO - 1282 | SELL | 27297.27 |  38.1 |  -2.05% |   3.27% |   -0.0035 | $   3040.62 | $   2034.07 | 0.036874
2025-06-08 15:49:51,763 - INFO - 1283 | HOLD | 25931.47 |  43.0 |  -6.95% |  -0.88% |   -0.0041 | $   2990.26 | $   2034.07 | 0.036874
2025-06-08 15:49:51,763 - INFO - 1284 | BUY  | 25800.72 |  47.4 |  -7.42% |  -0.95% |   -0.0043 | $   2975.47 | $   1525.55 | 0.056197
2025-06-08 15:49:51,763 - INFO - 1285 | HOLD | 25868.80 |  47.6 |  -4.74% |  -0.54% |   -0.0041 | $   2979.30 | $   1525.55 | 0.056197
2025-06-08 15:49:51,763 - INFO - 1286 | BUY  | 25969.57 |  47.7 |  -4.37% |  -0.46% |   -0.0043 | $   2977.48 | $   1144.16 | 0.070595
2025-06-08 15:49:51,763 - INFO - 1287 | HOLD | 25812.42 |  46.8 |  -4.10% |  -1.13% |   -0.0042 | $   2966.39 | $   1144.16 | 0.070595
2025-06-08 15:49:51,763 - INFO - 1288 | HOLD | 25779.98 |  47.4 |  -4.22% |  -7.02% |   -0.0039 | $   2964.10 | $   1144.16 | 0.070595
2025-06-08 15:49:51,763 - INFO - 1289 | HOLD | 25753.24 |  42.4 |  -4.32% |  -5.66% |   -0.0031 | $   2962.21 | $   1144.16 | 0.070595
2025-06-08 15:49:51,763 - INFO - 1290 | SELL | 26240.20 |  50.8 |  -2.51% |   1.19% |   -0.0021 | $   2973.43 | $   1584.11 | 0.052946
2025-06-08 15:49:51,763 - INFO - 1291 | SELL | 25905.65 |  48.5 |  -3.75% |   0.41% |   -0.0027 | $   2938.57 | $   1909.87 | 0.039710
2025-06-08 15:49:51,763 - INFO - 1292 | HOLD | 25895.68 |  48.8 |  -3.79% |   0.10% |   -0.0029 | $   2938.18 | $   1909.87 | 0.039710
2025-06-08 15:49:51,763 - INFO - 1293 | HOLD | 25832.23 |  47.3 |  -4.02% |  -0.53% |   -0.0028 | $   2935.66 | $   1909.87 | 0.039710
2025-06-08 15:49:51,763 - INFO - 1294 | HOLD | 25162.65 |  41.4 |  -6.51% |  -2.52% |   -0.0027 | $   2909.07 | $   1909.87 | 0.039710
2025-06-08 15:49:51,763 - INFO - 1295 | HOLD | 25833.34 |  29.2 |  -4.02% |   0.21% |   -0.0021 | $   2935.70 | $   1909.87 | 0.039710
2025-06-08 15:49:51,763 - INFO - 
Action distribution for Episode 410:
2025-06-08 15:49:51,763 - INFO -   HOLD:  504 ( 38.9%)
2025-06-08 15:49:51,763 - INFO -   BUY:   541 ( 41.7%)
2025-06-08 15:49:51,763 - INFO -   SELL:  251 ( 19.4%)
2025-06-08 15:49:51,763 - INFO - ------------------------------------------------------------------------------------------------------------------------
2025-06-08 15:49:52,377 - INFO - Step 532000: Loss = 0.000008, Epsilon = 0.4924
2025-06-08 15:49:52,377 - INFO - Step 532000: Target network updated
2025-06-08 15:49:53,026 - INFO - Episode 411: Reward = -0.8603, Portfolio = $2860.52, Return = -71.39%, Cash = $1306.26, Crypto = 0.060165, Steps = 1296
2025-06-08 15:49:53,368 - INFO - Step 533000: Loss = 0.000009, Epsilon = 0.4915
2025-06-08 15:49:54,259 - INFO - Episode 412: Reward = -1.1689, Portfolio = $2236.07, Return = -77.64%, Cash = $867.64, Crypto = 0.052972, Steps = 1296
2025-06-08 15:49:54,303 - INFO - Step 534000: Loss = 0.000007, Epsilon = 0.4905
2025-06-08 15:49:54,303 - INFO - Step 534000: Target network updated
2025-06-08 15:49:55,246 - INFO - Step 535000: Loss = 0.000008, Epsilon = 0.4895
2025-06-08 15:49:55,470 - INFO - Episode 413: Reward = -1.2408, Portfolio = $3169.93, Return = -68.30%, Cash = $762.28, Crypto = 0.093200, Steps = 1296
2025-06-08 15:49:56,164 - INFO - Step 536000: Loss = 0.000007, Epsilon = 0.4886
2025-06-08 15:49:56,165 - INFO - Step 536000: Target network updated
2025-06-08 15:49:56,647 - INFO - Episode 414: Reward = -1.0159, Portfolio = $3635.64, Return = -63.64%, Cash = $368.87, Crypto = 0.126456, Steps = 1296
2025-06-08 15:49:57,054 - INFO - Step 537000: Loss = 0.000007, Epsilon = 0.4876
2025-06-08 15:49:57,897 - INFO - Episode 415: Reward = -1.7677, Portfolio = $1659.35, Return = -83.41%, Cash = $712.41, Crypto = 0.036656, Steps = 1296
2025-06-08 15:49:58,054 - INFO - Step 538000: Loss = 0.000007, Epsilon = 0.4867
2025-06-08 15:49:58,054 - INFO - Step 538000: Target network updated
2025-06-08 15:49:59,067 - INFO - Step 539000: Loss = 0.000011, Epsilon = 0.4857
2025-06-08 15:49:59,200 - INFO - Episode 416: Reward = -1.1002, Portfolio = $3668.15, Return = -63.32%, Cash = $2088.62, Crypto = 0.061143, Steps = 1296
2025-06-08 15:50:00,087 - INFO - Step 540000: Loss = 0.000006, Epsilon = 0.4848
2025-06-08 15:50:00,088 - INFO - Step 540000: Target network updated
2025-06-08 15:50:00,554 - INFO - Episode 417: Reward = -1.0685, Portfolio = $1757.89, Return = -82.42%, Cash = $1464.29, Crypto = 0.011365, Steps = 1296
2025-06-08 15:50:01,132 - INFO - Step 541000: Loss = 0.000007, Epsilon = 0.4838
2025-06-08 15:50:01,856 - INFO - Episode 418: Reward = -0.8758, Portfolio = $3287.30, Return = -67.13%, Cash = $1166.04, Crypto = 0.082113, Steps = 1296
2025-06-08 15:50:02,110 - INFO - Step 542000: Loss = 0.000010, Epsilon = 0.4829
2025-06-08 15:50:02,110 - INFO - Step 542000: Target network updated
2025-06-08 15:50:03,011 - INFO - Step 543000: Loss = 0.000008, Epsilon = 0.4819
2025-06-08 15:50:03,031 - INFO - Episode 419: Reward = -1.1486, Portfolio = $2146.54, Return = -78.53%, Cash = $556.93, Crypto = 0.061534, Steps = 1296
2025-06-08 15:50:03,906 - INFO - Step 544000: Loss = 0.000015, Epsilon = 0.4810
2025-06-08 15:50:03,907 - INFO - Step 544000: Target network updated
2025-06-08 15:50:04,197 - INFO - Episode 420: Reward = -1.4337, Portfolio = $1837.09, Return = -81.63%, Cash = $550.10, Crypto = 0.049819, Steps = 1296
2025-06-08 15:50:04,197 - INFO - Episode 420 Summary: Avg Reward (100 eps) = -1.4240, Avg Portfolio (100 eps) = $1860.66, Epsilon = 0.481
2025-06-08 15:50:04,197 - INFO - 
Detailed steps for Episode 420:
2025-06-08 15:50:04,197 - INFO - Step | Action | Price    | RSI   | PnL    | WkChg  | Reward    | Portfolio   | Cash       | Crypto
2025-06-08 15:50:04,197 - INFO - ------------------------------------------------------------------------------------------------------------------------
2025-06-08 15:50:04,198 - INFO -    0 | HOLD |  9341.71 |  35.4 |  -2.00% |  -7.89% |    0.0000 | $  10000.00 | $  10000.00 | 0.000000
2025-06-08 15:50:04,198 - INFO -    1 | SELL |  8820.52 |  27.7 |  -2.00% |  -8.44% |   -0.0100 | $  10000.00 | $  10000.00 | 0.000000
2025-06-08 15:50:04,198 - INFO -    2 | HOLD |  8784.49 |  28.3 |  -2.00% |  -8.58% |    0.0000 | $  10000.00 | $  10000.00 | 0.000000
2025-06-08 15:50:04,198 - INFO -    3 | BUY  |  8672.46 |  25.2 |  -2.00% | -10.47% |   -0.0049 | $   9950.98 | $   7500.00 | 0.282617
2025-06-08 15:50:04,198 - INFO -    4 | HOLD |  8599.51 |  28.2 |  -0.84% | -11.01% |   -0.0021 | $   9930.36 | $   7500.00 | 0.282617
2025-06-08 15:50:04,198 - INFO -    5 | BUY  |  8562.45 |  26.8 |  -1.27% | -13.72% |   -0.0048 | $   9883.13 | $   5625.00 | 0.497302
2025-06-08 15:50:04,198 - INFO -    6 | HOLD |  8869.67 |  36.4 |   2.84% |  -8.09% |    0.0155 | $  10035.91 | $   5625.00 | 0.497302
2025-06-08 15:50:04,198 - INFO -    7 | BUY  |  8787.79 |  24.4 |   1.89% |  -5.93% |   -0.0068 | $   9967.61 | $   4218.75 | 0.654188
2025-06-08 15:50:04,198 - INFO -    8 | HOLD |  8755.25 |  29.8 |   1.05% |  -0.74% |   -0.0021 | $   9946.32 | $   4218.75 | 0.654188
2025-06-08 15:50:04,198 - INFO -    9 | BUY  |  9078.76 |  39.3 |   4.79% |   3.35% |    0.0192 | $  10137.29 | $   3164.06 | 0.768081
2025-06-08 15:50:04,198 - INFO -   10 | HOLD |  9122.55 |  38.4 |   4.55% |   5.19% |    0.0033 | $  10170.91 | $   3164.06 | 0.768081
2025-06-08 15:50:04,198 - INFO -   11 | SELL |  8909.95 |  35.7 |   2.11% |   3.61% |   -0.0245 | $   9922.08 | $   4789.41 | 0.576061
2025-06-08 15:50:04,198 - INFO -   12 | BUY  |  8108.12 |  21.3 |  -7.08% |  -5.31% |   -0.0489 | $   9436.70 | $   3592.06 | 0.720838
2025-06-08 15:50:04,198 - INFO -   13 | BUY  |  7923.64 |  21.9 |  -7.88% | -10.67% |   -0.0160 | $   9286.12 | $   2694.04 | 0.831950
2025-06-08 15:50:04,198 - INFO -   14 | BUY  |  7909.73 |  24.3 |  -7.06% |  -9.99% |   -0.0027 | $   9261.33 | $   2020.53 | 0.915430
2025-06-08 15:50:04,198 - INFO -   15 | BUY  |  7911.43 |  29.9 |  -6.44% |  -9.64% |   -0.0009 | $   9252.98 | $   1515.40 | 0.978026
2025-06-08 15:50:04,198 - INFO -   16 | HOLD |  4970.79 |  13.1 | -40.97% | -45.25% |   -0.3108 | $   6376.96 | $   1515.40 | 0.978026
2025-06-08 15:50:04,198 - INFO -   17 | BUY  |  5563.71 |  22.5 | -33.93% | -39.01% |    0.0898 | $   6949.42 | $   1136.55 | 1.044784
2025-06-08 15:50:04,198 - INFO -   18 | BUY  |  5200.37 |  21.4 | -36.88% | -41.63% |   -0.0554 | $   6564.24 | $    852.41 | 1.098351
2025-06-08 15:50:04,198 - INFO -   19 | BUY  |  5392.31 |  24.0 | -33.35% | -33.49% |   -0.0022 | $   6770.89 | $    639.31 | 1.137096
2025-06-08 15:50:04,198 - INFO -   ...    ...      ...       ...     ...       ...      ...         ...          ...         ...
2025-06-08 15:50:04,198 - INFO - 1276 | BUY  | 26162.37 |  14.8 |  -6.97% |  -1.88% |   -0.0044 | $   1924.13 | $    151.70 | 0.067747
2025-06-08 15:50:04,198 - INFO - 1277 | BUY  | 26047.67 |  14.5 |  -7.20% |  -0.01% |   -0.0046 | $   1915.61 | $    113.78 | 0.069175
2025-06-08 15:50:04,198 - INFO - 1278 | HOLD | 26008.46 |  14.0 |  -7.20% |  -0.34% |   -0.0043 | $   1912.90 | $    113.78 | 0.069175
2025-06-08 15:50:04,198 - INFO - 1279 | BUY  | 26089.69 |  15.9 |  -6.91% |  -0.38% |   -0.0043 | $   1917.96 | $     85.33 | 0.070243
2025-06-08 15:50:04,198 - INFO - 1280 | BUY  | 26106.15 |  13.9 |  -6.75% |  -0.07% |   -0.0047 | $   1918.70 | $     64.00 | 0.071045
2025-06-08 15:50:04,198 - INFO - 1281 | SELL | 27727.39 |  37.9 |  -0.88% |   6.51% |   -0.0017 | $   2009.26 | $    531.85 | 0.053283
2025-06-08 15:50:04,198 - INFO - 1282 | BUY  | 27297.27 |  38.1 |  -2.42% |   3.27% |   -0.0017 | $   1983.73 | $    398.88 | 0.058059
2025-06-08 15:50:04,198 - INFO - 1283 | HOLD | 25931.47 |  43.0 |  -7.12% |  -0.88% |   -0.0026 | $   1904.43 | $    398.88 | 0.058059
2025-06-08 15:50:04,198 - INFO - 1284 | HOLD | 25800.72 |  47.4 |  -7.59% |  -0.95% |   -0.0028 | $   1896.84 | $    398.88 | 0.058059
2025-06-08 15:50:04,198 - INFO - 1285 | BUY  | 25868.80 |  47.6 |  -7.34% |  -0.54% |   -0.0026 | $   1898.84 | $    299.16 | 0.061838
2025-06-08 15:50:04,198 - INFO - 1286 | HOLD | 25969.57 |  47.7 |  -6.56% |  -0.46% |   -0.0026 | $   1905.07 | $    299.16 | 0.061838
2025-06-08 15:50:04,198 - INFO - 1287 | HOLD | 25812.42 |  46.8 |  -7.13% |  -1.13% |   -0.0024 | $   1895.35 | $    299.16 | 0.061838
2025-06-08 15:50:04,198 - INFO - 1288 | BUY  | 25779.98 |  47.4 |  -7.25% |  -7.02% |   -0.0022 | $   1891.88 | $    224.37 | 0.064682
2025-06-08 15:50:04,198 - INFO - 1289 | BUY  | 25753.24 |  42.4 |  -7.05% |  -5.66% |   -0.0011 | $   1889.05 | $    168.28 | 0.066818
2025-06-08 15:50:04,198 - INFO - 1290 | BUY  | 26240.20 |  50.8 |  -5.07% |   1.19% |   -0.0000 | $   1920.76 | $    126.21 | 0.068390
2025-06-08 15:50:04,198 - INFO - 1291 | BUY  | 25905.65 |  48.5 |  -6.17% |   0.41% |   -0.0004 | $   1897.27 | $     94.66 | 0.069584
2025-06-08 15:50:04,198 - INFO - 1292 | SELL | 25895.68 |  48.8 |  -6.11% |   0.10% |   -0.0009 | $   1874.05 | $    522.61 | 0.052188
2025-06-08 15:50:04,198 - INFO - 1293 | BUY  | 25832.23 |  47.3 |  -6.34% |  -0.53% |   -0.0009 | $   1868.18 | $    391.96 | 0.057146
2025-06-08 15:50:04,198 - INFO - 1294 | SELL | 25162.65 |  41.4 |  -8.26% |  -2.52% |   -0.0016 | $   1811.94 | $    733.47 | 0.042860
2025-06-08 15:50:04,198 - INFO - 1295 | BUY  | 25833.34 |  29.2 |  -5.82% |   0.21% |   -0.0016 | $   1837.09 | $    550.10 | 0.049819
2025-06-08 15:50:04,199 - INFO - 
Action distribution for Episode 420:
2025-06-08 15:50:04,199 - INFO -   HOLD:  503 ( 38.8%)
2025-06-08 15:50:04,199 - INFO -   BUY:   563 ( 43.4%)
2025-06-08 15:50:04,199 - INFO -   SELL:  230 ( 17.7%)
2025-06-08 15:50:04,199 - INFO - ------------------------------------------------------------------------------------------------------------------------
2025-06-08 15:50:04,846 - INFO - Step 545000: Loss = 0.000007, Epsilon = 0.4800
2025-06-08 15:50:05,465 - INFO - Episode 421: Reward = -1.4646, Portfolio = $1915.12, Return = -80.85%, Cash = $473.89, Crypto = 0.055790, Steps = 1296
2025-06-08 15:50:05,824 - INFO - Step 546000: Loss = 0.000010, Epsilon = 0.4790
2025-06-08 15:50:05,824 - INFO - Step 546000: Target network updated
2025-06-08 15:50:06,648 - INFO - Episode 422: Reward = -1.2431, Portfolio = $2140.95, Return = -78.59%, Cash = $1450.02, Crypto = 0.026746, Steps = 1296
2025-06-08 15:50:06,733 - INFO - Step 547000: Loss = 0.000005, Epsilon = 0.4781
2025-06-08 15:50:07,676 - INFO - Step 548000: Loss = 0.000006, Epsilon = 0.4771
2025-06-08 15:50:07,677 - INFO - Step 548000: Target network updated
2025-06-08 15:50:07,873 - INFO - Episode 423: Reward = -1.1966, Portfolio = $2280.99, Return = -77.19%, Cash = $828.98, Crypto = 0.056207, Steps = 1296
2025-06-08 15:50:08,676 - INFO - Step 549000: Loss = 0.000007, Epsilon = 0.4762
2025-06-08 15:50:09,158 - INFO - Episode 424: Reward = -1.3813, Portfolio = $1222.31, Return = -87.78%, Cash = $241.16, Crypto = 0.037980, Steps = 1296
2025-06-08 15:50:09,620 - INFO - Step 550000: Loss = 0.000007, Epsilon = 0.4752
2025-06-08 15:50:09,620 - INFO - Step 550000: Target network updated
2025-06-08 15:50:10,445 - INFO - Episode 425: Reward = -1.5535, Portfolio = $1478.51, Return = -85.21%, Cash = $2.21, Crypto = 0.057147, Steps = 1296
2025-06-08 15:50:10,659 - INFO - Step 551000: Loss = 0.000006, Epsilon = 0.4743
2025-06-08 15:50:11,555 - INFO - Step 552000: Loss = 0.000006, Epsilon = 0.4733
2025-06-08 15:50:11,555 - INFO - Step 552000: Target network updated
2025-06-08 15:50:11,642 - INFO - Episode 426: Reward = -1.6257, Portfolio = $1864.81, Return = -81.35%, Cash = $36.62, Crypto = 0.070769, Steps = 1296
2025-06-08 15:50:12,489 - INFO - Step 553000: Loss = 0.000005, Epsilon = 0.4724
2025-06-08 15:50:12,858 - INFO - Episode 427: Reward = -1.8334, Portfolio = $2025.50, Return = -79.74%, Cash = $73.75, Crypto = 0.075551, Steps = 1296
2025-06-08 15:50:13,430 - INFO - Step 554000: Loss = 0.000011, Epsilon = 0.4714
2025-06-08 15:50:13,431 - INFO - Step 554000: Target network updated
2025-06-08 15:50:14,123 - INFO - Episode 428: Reward = -1.0331, Portfolio = $2373.37, Return = -76.27%, Cash = $1460.49, Crypto = 0.035337, Steps = 1296
2025-06-08 15:50:14,440 - INFO - Step 555000: Loss = 0.000022, Epsilon = 0.4705
2025-06-08 15:50:15,345 - INFO - Episode 429: Reward = -1.4876, Portfolio = $1602.45, Return = -83.98%, Cash = $4.34, Crypto = 0.061862, Steps = 1296
2025-06-08 15:50:15,360 - INFO - Step 556000: Loss = 0.000005, Epsilon = 0.4695
2025-06-08 15:50:15,361 - INFO - Step 556000: Target network updated
2025-06-08 15:50:16,278 - INFO - Step 557000: Loss = 0.000012, Epsilon = 0.4686
2025-06-08 15:50:16,539 - INFO - Episode 430: Reward = -1.2054, Portfolio = $1442.60, Return = -85.57%, Cash = $407.70, Crypto = 0.040060, Steps = 1296
2025-06-08 15:50:16,539 - INFO - Episode 430 Summary: Avg Reward (100 eps) = -1.4192, Avg Portfolio (100 eps) = $1887.57, Epsilon = 0.468
2025-06-08 15:50:16,539 - INFO - 
Detailed steps for Episode 430:
2025-06-08 15:50:16,539 - INFO - Step | Action | Price    | RSI   | PnL    | WkChg  | Reward    | Portfolio   | Cash       | Crypto
2025-06-08 15:50:16,539 - INFO - ------------------------------------------------------------------------------------------------------------------------
2025-06-08 15:50:16,539 - INFO -    0 | HOLD |  9341.71 |  35.4 |  -2.00% |  -7.89% |    0.0000 | $  10000.00 | $  10000.00 | 0.000000
2025-06-08 15:50:16,539 - INFO -    1 | HOLD |  8820.52 |  27.7 |  -2.00% |  -8.44% |    0.0000 | $  10000.00 | $  10000.00 | 0.000000
2025-06-08 15:50:16,539 - INFO -    2 | HOLD |  8784.49 |  28.3 |  -2.00% |  -8.58% |    0.0000 | $  10000.00 | $  10000.00 | 0.000000
2025-06-08 15:50:16,539 - INFO -    3 | HOLD |  8672.46 |  25.2 |  -2.00% | -10.47% |    0.0000 | $  10000.00 | $  10000.00 | 0.000000
2025-06-08 15:50:16,539 - INFO -    4 | HOLD |  8599.51 |  28.2 |  -2.00% | -11.01% |    0.0000 | $  10000.00 | $  10000.00 | 0.000000
2025-06-08 15:50:16,539 - INFO -    5 | HOLD |  8562.45 |  26.8 |  -2.00% | -13.72% |    0.0000 | $  10000.00 | $  10000.00 | 0.000000
2025-06-08 15:50:16,539 - INFO -    6 | HOLD |  8869.67 |  36.4 |  -2.00% |  -8.09% |    0.0000 | $  10000.00 | $  10000.00 | 0.000000
2025-06-08 15:50:16,539 - INFO -    7 | SELL |  8787.79 |  24.4 |  -2.00% |  -5.93% |   -0.0100 | $  10000.00 | $  10000.00 | 0.000000
2025-06-08 15:50:16,539 - INFO -    8 | HOLD |  8755.25 |  29.8 |  -2.00% |  -0.74% |    0.0000 | $  10000.00 | $  10000.00 | 0.000000
2025-06-08 15:50:16,539 - INFO -    9 | HOLD |  9078.76 |  39.3 |  -2.00% |   3.35% |    0.0000 | $  10000.00 | $  10000.00 | 0.000000
2025-06-08 15:50:16,539 - INFO -   10 | HOLD |  9122.55 |  38.4 |  -2.00% |   5.19% |    0.0000 | $  10000.00 | $  10000.00 | 0.000000
2025-06-08 15:50:16,539 - INFO -   11 | BUY  |  8909.95 |  35.7 |  -2.00% |   3.61% |   -0.0049 | $   9950.98 | $   7500.00 | 0.275083
2025-06-08 15:50:16,539 - INFO -   12 | HOLD |  8108.12 |  21.3 |  -9.00% |  -5.31% |   -0.0222 | $   9730.41 | $   7500.00 | 0.275083
2025-06-08 15:50:16,539 - INFO -   13 | HOLD |  7923.64 |  21.9 | -11.07% | -10.67% |   -0.0052 | $   9679.66 | $   7500.00 | 0.275083
2025-06-08 15:50:16,539 - INFO -   14 | HOLD |  7909.73 |  24.3 | -11.23% |  -9.99% |   -0.0004 | $   9675.84 | $   7500.00 | 0.275083
2025-06-08 15:50:16,539 - INFO -   15 | HOLD |  7911.43 |  29.9 | -11.21% |  -9.64% |    0.0000 | $   9676.30 | $   7500.00 | 0.275083
2025-06-08 15:50:16,539 - INFO -   16 | HOLD |  4970.79 |  13.1 | -44.21% | -45.25% |   -0.0836 | $   8867.38 | $   7500.00 | 0.275083
2025-06-08 15:50:16,539 - INFO -   17 | HOLD |  5563.71 |  22.5 | -37.56% | -39.01% |    0.0184 | $   9030.48 | $   7500.00 | 0.275083
2025-06-08 15:50:16,539 - INFO -   18 | HOLD |  5200.37 |  21.4 | -41.63% | -41.63% |   -0.0111 | $   8930.53 | $   7500.00 | 0.275083
2025-06-08 15:50:16,539 - INFO -   19 | HOLD |  5392.31 |  24.0 | -39.48% | -33.49% |   -0.0027 | $   8983.34 | $   7500.00 | 0.275083
2025-06-08 15:50:16,539 - INFO -   ...    ...      ...       ...     ...       ...      ...         ...          ...         ...
2025-06-08 15:50:16,539 - INFO - 1276 | SELL | 26162.37 |  14.8 |  -4.67% |  -1.88% |   -0.0061 | $   1548.86 | $    876.12 | 0.025714
2025-06-08 15:50:16,539 - INFO - 1277 | HOLD | 26047.67 |  14.5 |  -5.09% |  -0.01% |   -0.0060 | $   1545.91 | $    876.12 | 0.025714
2025-06-08 15:50:16,539 - INFO - 1278 | HOLD | 26008.46 |  14.0 |  -5.23% |  -0.34% |   -0.0060 | $   1544.90 | $    876.12 | 0.025714
2025-06-08 15:50:16,540 - INFO - 1279 | BUY  | 26089.69 |  15.9 |  -4.94% |  -0.38% |   -0.0058 | $   1542.69 | $    657.09 | 0.033944
2025-06-08 15:50:16,540 - INFO - 1280 | SELL | 26106.15 |  13.9 |  -3.72% |  -0.07% |   -0.0066 | $   1532.18 | $    867.56 | 0.025458
2025-06-08 15:50:16,540 - INFO - 1281 | BUY  | 27727.39 |  37.9 |   2.25% |   6.51% |   -0.0047 | $   1569.20 | $    650.67 | 0.033127
2025-06-08 15:50:16,540 - INFO - 1282 | BUY  | 27297.27 |  38.1 |   0.15% |   3.27% |   -0.0050 | $   1551.76 | $    488.00 | 0.038969
2025-06-08 15:50:16,540 - INFO - 1283 | BUY  | 25931.47 |  43.0 |  -4.89% |  -0.88% |   -0.0056 | $   1496.14 | $    366.00 | 0.043582
2025-06-08 15:50:16,540 - INFO - 1284 | HOLD | 25800.72 |  47.4 |  -4.87% |  -0.95% |   -0.0058 | $   1490.44 | $    366.00 | 0.043582
2025-06-08 15:50:16,540 - INFO - 1285 | BUY  | 25868.80 |  47.6 |  -4.62% |  -0.54% |   -0.0056 | $   1491.62 | $    274.50 | 0.047050
2025-06-08 15:50:16,540 - INFO - 1286 | HOLD | 25969.57 |  47.7 |  -3.92% |  -0.46% |   -0.0056 | $   1496.36 | $    274.50 | 0.047050
2025-06-08 15:50:16,540 - INFO - 1287 | BUY  | 25812.42 |  46.8 |  -4.51% |  -1.13% |   -0.0055 | $   1487.62 | $    205.88 | 0.049656
2025-06-08 15:50:16,540 - INFO - 1288 | HOLD | 25779.98 |  47.4 |  -4.40% |  -7.02% |   -0.0049 | $   1486.01 | $    205.88 | 0.049656
2025-06-08 15:50:16,540 - INFO - 1289 | BUY  | 25753.24 |  42.4 |  -4.50% |  -5.66% |   -0.0043 | $   1483.67 | $    154.41 | 0.051615
2025-06-08 15:50:16,540 - INFO - 1290 | HOLD | 26240.20 |  50.8 |  -2.53% |   1.19% |   -0.0025 | $   1508.81 | $    154.41 | 0.051615
2025-06-08 15:50:16,540 - INFO - 1291 | SELL | 25905.65 |  48.5 |  -3.77% |   0.41% |   -0.0030 | $   1474.82 | $    471.98 | 0.038712
2025-06-08 15:50:16,540 - INFO - 1292 | BUY  | 25895.68 |  48.8 |  -3.81% |   0.10% |   -0.0029 | $   1472.12 | $    353.98 | 0.043179
2025-06-08 15:50:16,540 - INFO - 1293 | BUY  | 25832.23 |  47.3 |  -3.66% |  -0.53% |   -0.0028 | $   1467.65 | $    265.49 | 0.046537
2025-06-08 15:50:16,540 - INFO - 1294 | SELL | 25162.65 |  41.4 |  -5.91% |  -2.52% |   -0.0035 | $   1421.85 | $    543.60 | 0.034903
2025-06-08 15:50:16,540 - INFO - 1295 | BUY  | 25833.34 |  29.2 |  -3.40% |   0.21% |   -0.0030 | $   1442.60 | $    407.70 | 0.040060
2025-06-08 15:50:16,540 - INFO - 
Action distribution for Episode 430:
2025-06-08 15:50:16,540 - INFO -   HOLD:  427 ( 32.9%)
2025-06-08 15:50:16,540 - INFO -   BUY:   610 ( 47.1%)
2025-06-08 15:50:16,540 - INFO -   SELL:  259 ( 20.0%)
2025-06-08 15:50:16,540 - INFO - ------------------------------------------------------------------------------------------------------------------------
2025-06-08 15:50:17,226 - INFO - Step 558000: Loss = 0.000008, Epsilon = 0.4676
2025-06-08 15:50:17,226 - INFO - Step 558000: Target network updated
2025-06-08 15:50:17,789 - INFO - Episode 431: Reward = -1.1123, Portfolio = $1962.28, Return = -80.38%, Cash = $1655.02, Crypto = 0.011894, Steps = 1296
2025-06-08 15:50:18,181 - INFO - Step 559000: Loss = 0.000006, Epsilon = 0.4666
2025-06-08 15:50:18,967 - INFO - Episode 432: Reward = -1.4286, Portfolio = $2555.02, Return = -74.45%, Cash = $1635.15, Crypto = 0.035608, Steps = 1296
2025-06-08 15:50:19,093 - INFO - Step 560000: Loss = 0.000008, Epsilon = 0.4657
2025-06-08 15:50:19,093 - INFO - Step 560000: Target network updated
2025-06-08 15:50:20,024 - INFO - Step 561000: Loss = 0.000020, Epsilon = 0.4647
2025-06-08 15:50:20,182 - INFO - Episode 433: Reward = -1.2098, Portfolio = $1926.85, Return = -80.73%, Cash = $753.11, Crypto = 0.045435, Steps = 1296
2025-06-08 15:50:20,998 - INFO - Step 562000: Loss = 0.000008, Epsilon = 0.4638
2025-06-08 15:50:20,999 - INFO - Step 562000: Target network updated
2025-06-08 15:50:21,460 - INFO - Episode 434: Reward = -0.9692, Portfolio = $4648.72, Return = -53.51%, Cash = $90.39, Crypto = 0.176452, Steps = 1296
2025-06-08 15:50:22,002 - INFO - Step 563000: Loss = 0.000005, Epsilon = 0.4628
2025-06-08 15:50:22,756 - INFO - Episode 435: Reward = -1.3450, Portfolio = $4865.33, Return = -51.35%, Cash = $2428.82, Crypto = 0.094317, Steps = 1296
2025-06-08 15:50:23,010 - INFO - Step 564000: Loss = 0.000108, Epsilon = 0.4619
2025-06-08 15:50:23,010 - INFO - Step 564000: Target network updated
2025-06-08 15:50:24,012 - INFO - Step 565000: Loss = 0.000006, Epsilon = 0.4609
2025-06-08 15:50:24,065 - INFO - Episode 436: Reward = -0.8868, Portfolio = $2803.18, Return = -71.97%, Cash = $1558.83, Crypto = 0.048169, Steps = 1296
2025-06-08 15:50:25,009 - INFO - Step 566000: Loss = 0.000010, Epsilon = 0.4600
2025-06-08 15:50:25,009 - INFO - Step 566000: Target network updated
2025-06-08 15:50:25,330 - INFO - Episode 437: Reward = -1.0894, Portfolio = $1565.81, Return = -84.34%, Cash = $305.50, Crypto = 0.048786, Steps = 1296
2025-06-08 15:50:25,940 - INFO - Step 567000: Loss = 0.000007, Epsilon = 0.4590
2025-06-08 15:50:26,582 - INFO - Episode 438: Reward = -1.1466, Portfolio = $2250.48, Return = -77.50%, Cash = $424.93, Crypto = 0.070666, Steps = 1296
2025-06-08 15:50:26,940 - INFO - Step 568000: Loss = 0.000235, Epsilon = 0.4581
2025-06-08 15:50:26,940 - INFO - Step 568000: Target network updated
2025-06-08 15:50:27,862 - INFO - Episode 439: Reward = -0.9153, Portfolio = $3668.24, Return = -63.32%, Cash = $2258.58, Crypto = 0.054567, Steps = 1296
2025-06-08 15:50:27,928 - INFO - Step 569000: Loss = 0.000006, Epsilon = 0.4571
2025-06-08 15:50:28,929 - INFO - Step 570000: Loss = 0.000005, Epsilon = 0.4561
2025-06-08 15:50:28,930 - INFO - Step 570000: Target network updated
2025-06-08 15:50:29,166 - INFO - Episode 440: Reward = -1.2303, Portfolio = $2300.69, Return = -76.99%, Cash = $6.57, Crypto = 0.088805, Steps = 1296
2025-06-08 15:50:29,166 - INFO - Episode 440 Summary: Avg Reward (100 eps) = -1.3728, Avg Portfolio (100 eps) = $1999.71, Epsilon = 0.456
2025-06-08 15:50:29,167 - INFO - 
Detailed steps for Episode 440:
2025-06-08 15:50:29,167 - INFO - Step | Action | Price    | RSI   | PnL    | WkChg  | Reward    | Portfolio   | Cash       | Crypto
2025-06-08 15:50:29,167 - INFO - ------------------------------------------------------------------------------------------------------------------------
2025-06-08 15:50:29,167 - INFO -    0 | SELL |  9341.71 |  35.4 |  -2.00% |  -7.89% |   -0.0100 | $  10000.00 | $  10000.00 | 0.000000
2025-06-08 15:50:29,167 - INFO -    1 | HOLD |  8820.52 |  27.7 |  -2.00% |  -8.44% |    0.0000 | $  10000.00 | $  10000.00 | 0.000000
2025-06-08 15:50:29,167 - INFO -    2 | HOLD |  8784.49 |  28.3 |  -2.00% |  -8.58% |    0.0000 | $  10000.00 | $  10000.00 | 0.000000
2025-06-08 15:50:29,167 - INFO -    3 | BUY  |  8672.46 |  25.2 |  -2.00% | -10.47% |   -0.0049 | $   9950.98 | $   7500.00 | 0.282617
2025-06-08 15:50:29,167 - INFO -    4 | HOLD |  8599.51 |  28.2 |  -0.84% | -11.01% |   -0.0021 | $   9930.36 | $   7500.00 | 0.282617
2025-06-08 15:50:29,167 - INFO -    5 | HOLD |  8562.45 |  26.8 |  -1.27% | -13.72% |   -0.0011 | $   9919.89 | $   7500.00 | 0.282617
2025-06-08 15:50:29,167 - INFO -    6 | HOLD |  8869.67 |  36.4 |   2.27% |  -8.09% |    0.0088 | $  10006.72 | $   7500.00 | 0.282617
2025-06-08 15:50:29,167 - INFO -    7 | HOLD |  8787.79 |  24.4 |   1.33% |  -5.93% |   -0.0023 | $   9983.57 | $   7500.00 | 0.282617
2025-06-08 15:50:29,167 - INFO -    8 | HOLD |  8755.25 |  29.8 |   0.95% |  -0.74% |   -0.0009 | $   9974.38 | $   7500.00 | 0.282617
2025-06-08 15:50:29,167 - INFO -    9 | BUY  |  9078.76 |  39.3 |   4.69% |   3.35% |    0.0055 | $  10029.04 | $   5625.00 | 0.485093
2025-06-08 15:50:29,167 - INFO -   10 | HOLD |  9122.55 |  38.4 |   3.17% |   5.19% |    0.0021 | $  10050.28 | $   5625.00 | 0.485093
2025-06-08 15:50:29,167 - INFO -   11 | HOLD |  8909.95 |  35.7 |   0.77% |   3.61% |   -0.0103 | $   9947.16 | $   5625.00 | 0.485093
2025-06-08 15:50:29,167 - INFO -   12 | HOLD |  8108.12 |  21.3 |  -8.30% |  -5.31% |   -0.0391 | $   9558.19 | $   5625.00 | 0.485093
2025-06-08 15:50:29,167 - INFO -   13 | BUY  |  7923.64 |  21.9 | -10.39% | -10.67% |   -0.0122 | $   9441.13 | $   4218.75 | 0.659088
2025-06-08 15:50:29,167 - INFO -   14 | SELL |  7909.73 |  24.3 |  -8.02% |  -9.99% |   -0.0079 | $   9366.80 | $   5456.89 | 0.494316
2025-06-08 15:50:29,167 - INFO -   15 | BUY  |  7911.43 |  29.9 |  -8.00% |  -9.64% |   -0.0028 | $   9340.89 | $   4092.67 | 0.663372
2025-06-08 15:50:29,167 - INFO -   16 | BUY  |  4970.79 |  13.1 | -40.99% | -45.25% |   -0.2110 | $   7370.08 | $   3069.50 | 0.865172
2025-06-08 15:50:29,167 - INFO -   17 | BUY  |  5563.71 |  22.5 | -26.97% | -39.01% |    0.0676 | $   7868.02 | $   2302.12 | 1.000392
2025-06-08 15:50:29,167 - INFO -   18 | BUY  |  5200.37 |  21.4 | -29.16% | -41.63% |   -0.0476 | $   7493.25 | $   1726.59 | 1.108894
2025-06-08 15:50:29,167 - INFO -   19 | SELL |  5392.31 |  24.0 | -24.39% | -33.49% |   -0.0024 | $   7631.35 | $   3146.73 | 0.831670
2025-06-08 15:50:29,167 - INFO -   ...    ...      ...       ...     ...       ...      ...         ...          ...         ...
2025-06-08 15:50:29,167 - INFO - 1276 | BUY  | 26162.37 |  14.8 |  -6.15% |  -1.88% |   -0.0043 | $   2341.45 | $    491.50 | 0.070710
2025-06-08 15:50:29,167 - INFO - 1277 | BUY  | 26047.67 |  14.5 |  -6.06% |  -0.01% |   -0.0045 | $   2330.93 | $    368.62 | 0.075335
2025-06-08 15:50:29,167 - INFO - 1278 | BUY  | 26008.46 |  14.0 |  -5.85% |  -0.34% |   -0.0045 | $   2326.17 | $    276.47 | 0.078809
2025-06-08 15:50:29,167 - INFO - 1279 | HOLD | 26089.69 |  15.9 |  -5.31% |  -0.38% |   -0.0046 | $   2332.57 | $    276.47 | 0.078809
2025-06-08 15:50:29,167 - INFO - 1280 | BUY  | 26106.15 |  13.9 |  -5.25% |  -0.07% |   -0.0056 | $   2332.51 | $    207.35 | 0.081405
2025-06-08 15:50:29,167 - INFO - 1281 | BUY  | 27727.39 |  37.9 |   0.80% |   6.51% |   -0.0023 | $   2463.47 | $    155.51 | 0.083238
2025-06-08 15:50:29,167 - INFO - 1282 | BUY  | 27297.27 |  38.1 |  -0.78% |   3.27% |   -0.0026 | $   2426.91 | $    116.64 | 0.084634
2025-06-08 15:50:29,167 - INFO - 1283 | HOLD | 25931.47 |  43.0 |  -5.73% |  -0.88% |   -0.0034 | $   2311.32 | $    116.64 | 0.084634
2025-06-08 15:50:29,167 - INFO - 1284 | BUY  | 25800.72 |  47.4 |  -6.21% |  -0.95% |   -0.0033 | $   2299.68 | $     87.48 | 0.085742
2025-06-08 15:50:29,167 - INFO - 1285 | BUY  | 25868.80 |  47.6 |  -5.89% |  -0.54% |   -0.0031 | $   2305.09 | $     65.61 | 0.086571
2025-06-08 15:50:29,167 - INFO - 1286 | BUY  | 25969.57 |  47.7 |  -5.47% |  -0.46% |   -0.0031 | $   2313.49 | $     49.21 | 0.087190
2025-06-08 15:50:29,167 - INFO - 1287 | BUY  | 25812.42 |  46.8 |  -6.00% |  -1.13% |   -0.0031 | $   2299.55 | $     36.90 | 0.087657
2025-06-08 15:50:29,167 - INFO - 1288 | HOLD | 25779.98 |  47.4 |  -6.09% |  -7.02% |   -0.0028 | $   2296.70 | $     36.90 | 0.087657
2025-06-08 15:50:29,167 - INFO - 1289 | HOLD | 25753.24 |  42.4 |  -6.19% |  -5.66% |   -0.0017 | $   2294.36 | $     36.90 | 0.087657
2025-06-08 15:50:29,167 - INFO - 1290 | BUY  | 26240.20 |  50.8 |  -4.41% |   1.19% |   -0.0006 | $   2336.86 | $     27.68 | 0.088002
2025-06-08 15:50:29,167 - INFO - 1291 | BUY  | 25905.65 |  48.5 |  -5.61% |   0.41% |   -0.0007 | $   2307.29 | $     20.76 | 0.088264
2025-06-08 15:50:29,167 - INFO - 1292 | BUY  | 25895.68 |  48.8 |  -5.64% |   0.10% |   -0.0006 | $   2306.31 | $     15.57 | 0.088460
2025-06-08 15:50:29,167 - INFO - 1293 | BUY  | 25832.23 |  47.3 |  -5.85% |  -0.53% |   -0.0005 | $   2300.62 | $     11.68 | 0.088608
2025-06-08 15:50:29,167 - INFO - 1294 | BUY  | 25162.65 |  41.4 |  -8.29% |  -2.52% |   -0.0011 | $   2241.23 | $      8.76 | 0.088722
2025-06-08 15:50:29,167 - INFO - 1295 | BUY  | 25833.34 |  29.2 |  -5.83% |   0.21% |   -0.0006 | $   2300.69 | $      6.57 | 0.088805
2025-06-08 15:50:29,168 - INFO - 
Action distribution for Episode 440:
2025-06-08 15:50:29,168 - INFO -   HOLD:  461 ( 35.6%)
2025-06-08 15:50:29,168 - INFO -   BUY:   596 ( 46.0%)
2025-06-08 15:50:29,168 - INFO -   SELL:  239 ( 18.4%)
2025-06-08 15:50:29,168 - INFO - ------------------------------------------------------------------------------------------------------------------------
2025-06-08 15:50:29,897 - INFO - Step 571000: Loss = 0.000009, Epsilon = 0.4552
2025-06-08 15:50:30,436 - INFO - Episode 441: Reward = -1.2851, Portfolio = $3268.17, Return = -67.32%, Cash = $542.97, Crypto = 0.105492, Steps = 1296
2025-06-08 15:50:30,906 - INFO - Step 572000: Loss = 0.000042, Epsilon = 0.4542
2025-06-08 15:50:30,906 - INFO - Step 572000: Target network updated
2025-06-08 15:50:31,678 - INFO - Episode 442: Reward = -1.1259, Portfolio = $3635.74, Return = -63.64%, Cash = $1086.12, Crypto = 0.098695, Steps = 1296
2025-06-08 15:50:31,849 - INFO - Step 573000: Loss = 0.000097, Epsilon = 0.4533
2025-06-08 15:50:32,763 - INFO - Step 574000: Loss = 0.000008, Epsilon = 0.4523
2025-06-08 15:50:32,763 - INFO - Step 574000: Target network updated
2025-06-08 15:50:32,891 - INFO - Episode 443: Reward = -1.4997, Portfolio = $838.74, Return = -91.61%, Cash = $415.03, Crypto = 0.016401, Steps = 1296
2025-06-08 15:50:33,721 - INFO - Step 575000: Loss = 0.000007, Epsilon = 0.4514
2025-06-08 15:50:34,098 - INFO - Episode 444: Reward = -1.1697, Portfolio = $2081.14, Return = -79.19%, Cash = $125.36, Crypto = 0.075708, Steps = 1296
2025-06-08 15:50:34,654 - INFO - Step 576000: Loss = 0.000005, Epsilon = 0.4504
2025-06-08 15:50:34,655 - INFO - Step 576000: Target network updated
2025-06-08 15:50:35,318 - INFO - Episode 445: Reward = -1.1327, Portfolio = $2921.46, Return = -70.79%, Cash = $1197.73, Crypto = 0.066725, Steps = 1296
2025-06-08 15:50:35,583 - INFO - Step 577000: Loss = 0.000006, Epsilon = 0.4495
2025-06-08 15:50:36,646 - INFO - Step 578000: Loss = 0.000006, Epsilon = 0.4485
2025-06-08 15:50:36,646 - INFO - Step 578000: Target network updated
2025-06-08 15:50:36,663 - INFO - Episode 446: Reward = -1.0692, Portfolio = $2160.43, Return = -78.40%, Cash = $1714.06, Crypto = 0.017279, Steps = 1296
2025-06-08 15:50:37,651 - INFO - Step 579000: Loss = 0.000007, Epsilon = 0.4476
2025-06-08 15:50:37,990 - INFO - Episode 447: Reward = -0.7061, Portfolio = $4532.71, Return = -54.67%, Cash = $425.19, Crypto = 0.159001, Steps = 1296
2025-06-08 15:50:38,682 - INFO - Step 580000: Loss = 0.000008, Epsilon = 0.4466
2025-06-08 15:50:38,682 - INFO - Step 580000: Target network updated
2025-06-08 15:50:39,282 - INFO - Episode 448: Reward = -1.3685, Portfolio = $1860.64, Return = -81.39%, Cash = $225.92, Crypto = 0.063280, Steps = 1296
2025-06-08 15:50:39,700 - INFO - Step 581000: Loss = 0.000010, Epsilon = 0.4457
2025-06-08 15:50:40,543 - INFO - Episode 449: Reward = -1.1595, Portfolio = $1925.28, Return = -80.75%, Cash = $540.26, Crypto = 0.053614, Steps = 1296
2025-06-08 15:50:40,635 - INFO - Step 582000: Loss = 0.000006, Epsilon = 0.4447
2025-06-08 15:50:40,635 - INFO - Step 582000: Target network updated
2025-06-08 15:50:41,563 - INFO - Step 583000: Loss = 0.000009, Epsilon = 0.4437
2025-06-08 15:50:41,740 - INFO - Episode 450: Reward = -1.6823, Portfolio = $2625.62, Return = -73.74%, Cash = $1634.70, Crypto = 0.038358, Steps = 1296
2025-06-08 15:50:41,740 - INFO - Episode 450 Summary: Avg Reward (100 eps) = -1.3290, Avg Portfolio (100 eps) = $2105.48, Epsilon = 0.444
2025-06-08 15:50:41,740 - INFO - 
Detailed steps for Episode 450:
2025-06-08 15:50:41,741 - INFO - Step | Action | Price    | RSI   | PnL    | WkChg  | Reward    | Portfolio   | Cash       | Crypto
2025-06-08 15:50:41,741 - INFO - ------------------------------------------------------------------------------------------------------------------------
2025-06-08 15:50:41,741 - INFO -    0 | BUY  |  9341.71 |  35.4 |  -2.00% |  -7.89% |   -0.0049 | $   9950.98 | $   7500.00 | 0.262370
2025-06-08 15:50:41,741 - INFO -    1 | BUY  |  8820.52 |  27.7 |  -5.58% |  -8.44% |   -0.0174 | $   9777.47 | $   5625.00 | 0.470774
2025-06-08 15:50:41,741 - INFO -    2 | BUY  |  8784.49 |  28.3 |  -3.58% |  -8.58% |   -0.0046 | $   9732.94 | $   4218.75 | 0.627718
2025-06-08 15:50:41,741 - INFO -    3 | BUY  |  8672.46 |  25.2 |  -3.95% | -10.47% |   -0.0094 | $   9641.93 | $   3164.06 | 0.746947
2025-06-08 15:50:41,741 - INFO -    4 | BUY  |  8599.51 |  28.2 |  -4.16% | -11.01% |   -0.0073 | $   9571.93 | $   2373.05 | 0.837127
2025-06-08 15:50:41,741 - INFO -    5 | SELL |  8562.45 |  26.8 |  -4.14% | -13.72% |   -0.0126 | $   9451.31 | $   4075.41 | 0.627846
2025-06-08 15:50:41,741 - INFO -    6 | HOLD |  8869.67 |  36.4 |  -0.70% |  -8.09% |    0.0204 | $   9644.20 | $   4075.41 | 0.627846
2025-06-08 15:50:41,741 - INFO -    7 | SELL |  8787.79 |  24.4 |  -1.62% |  -5.93% |   -0.0125 | $   9523.82 | $   5385.79 | 0.470884
2025-06-08 15:50:41,741 - INFO -    8 | BUY  |  8755.25 |  29.8 |  -1.98% |  -0.74% |   -0.0044 | $   9482.10 | $   4039.34 | 0.621656
2025-06-08 15:50:41,741 - INFO -    9 | BUY  |  9078.76 |  39.3 |   2.13% |   3.35% |    0.0191 | $   9663.41 | $   3029.51 | 0.730706
2025-06-08 15:50:41,741 - INFO -   10 | BUY  |  9122.55 |  38.4 |   2.30% |   5.19% |    0.0018 | $   9680.55 | $   2272.13 | 0.812101
2025-06-08 15:50:41,741 - INFO -   11 | BUY  |  8909.95 |  35.7 |  -0.32% |   3.61% |   -0.0190 | $   9496.77 | $   1704.10 | 0.874603
2025-06-08 15:50:41,741 - INFO -   12 | BUY  |  8108.12 |  21.3 |  -9.27% |  -5.31% |   -0.0747 | $   8787.13 | $   1278.07 | 0.926116
2025-06-08 15:50:41,741 - INFO -   13 | BUY  |  7923.64 |  21.9 | -10.87% | -10.67% |   -0.0202 | $   8610.02 | $    958.56 | 0.965650
2025-06-08 15:50:41,741 - INFO -   14 | BUY  |  7909.73 |  24.3 | -10.63% |  -9.99% |   -0.0021 | $   8591.88 | $    718.92 | 0.995352
2025-06-08 15:50:41,741 - INFO -   15 | BUY  |  7911.43 |  29.9 | -10.33% |  -9.64% |   -0.0002 | $   8590.05 | $    539.19 | 1.017625
2025-06-08 15:50:41,741 - INFO -   16 | BUY  |  4970.79 |  13.1 | -43.53% | -45.25% |   -0.3487 | $   5594.94 | $    404.39 | 1.044211
2025-06-08 15:50:41,741 - INFO -   17 | BUY  |  5563.71 |  22.5 | -36.09% | -39.01% |    0.1103 | $   6212.09 | $    303.29 | 1.062025
2025-06-08 15:50:41,741 - INFO -   18 | BUY  |  5200.37 |  21.4 | -39.90% | -41.63% |   -0.0624 | $   5824.73 | $    227.47 | 1.076320
2025-06-08 15:50:41,741 - INFO -   19 | SELL |  5392.31 |  24.0 | -37.35% | -33.49% |   -0.0026 | $   5958.78 | $   1605.89 | 0.807240
2025-06-08 15:50:41,741 - INFO -   ...    ...      ...       ...     ...       ...      ...         ...          ...         ...
2025-06-08 15:50:41,741 - INFO - 1276 | HOLD | 26162.37 |  14.8 | -10.35% |  -1.88% |   -0.0041 | $   2713.96 | $   1958.21 | 0.028887
2025-06-08 15:50:41,741 - INFO - 1277 | SELL | 26047.67 |  14.5 | -10.74% |  -0.01% |   -0.0043 | $   2701.25 | $   2136.91 | 0.021665
2025-06-08 15:50:41,741 - INFO - 1278 | HOLD | 26008.46 |  14.0 | -10.88% |  -0.34% |   -0.0042 | $   2700.40 | $   2136.91 | 0.021665
2025-06-08 15:50:41,741 - INFO - 1279 | HOLD | 26089.69 |  15.9 | -10.60% |  -0.38% |   -0.0042 | $   2702.16 | $   2136.91 | 0.021665
2025-06-08 15:50:41,741 - INFO - 1280 | BUY  | 26106.15 |  13.9 | -10.54% |  -0.07% |   -0.0054 | $   2692.04 | $   1602.68 | 0.041728
2025-06-08 15:50:41,741 - INFO - 1281 | HOLD | 27727.39 |  37.9 |   0.09% |   6.51% |   -0.0032 | $   2759.69 | $   1602.68 | 0.041728
2025-06-08 15:50:41,741 - INFO - 1282 | HOLD | 27297.27 |  38.1 |  -1.47% |   3.27% |   -0.0033 | $   2741.74 | $   1602.68 | 0.041728
2025-06-08 15:50:41,741 - INFO - 1283 | HOLD | 25931.47 |  43.0 |  -6.40% |  -0.88% |   -0.0039 | $   2684.75 | $   1602.68 | 0.041728
2025-06-08 15:50:41,741 - INFO - 1284 | HOLD | 25800.72 |  47.4 |  -6.87% |  -0.95% |   -0.0040 | $   2679.29 | $   1602.68 | 0.041728
2025-06-08 15:50:41,741 - INFO - 1285 | HOLD | 25868.80 |  47.6 |  -6.62% |  -0.54% |   -0.0039 | $   2682.13 | $   1602.68 | 0.041728
2025-06-08 15:50:41,741 - INFO - 1286 | HOLD | 25969.57 |  47.7 |  -6.26% |  -0.46% |   -0.0039 | $   2686.34 | $   1602.68 | 0.041728
2025-06-08 15:50:41,741 - INFO - 1287 | HOLD | 25812.42 |  46.8 |  -6.83% |  -1.13% |   -0.0038 | $   2679.78 | $   1602.68 | 0.041728
2025-06-08 15:50:41,741 - INFO - 1288 | BUY  | 25779.98 |  47.4 |  -6.94% |  -7.02% |   -0.0036 | $   2670.57 | $   1202.01 | 0.056965
2025-06-08 15:50:41,741 - INFO - 1289 | HOLD | 25753.24 |  42.4 |  -5.28% |  -5.66% |   -0.0027 | $   2669.05 | $   1202.01 | 0.056965
2025-06-08 15:50:41,741 - INFO - 1290 | BUY  | 26240.20 |  50.8 |  -3.49% |   1.19% |   -0.0011 | $   2690.89 | $    901.51 | 0.068193
2025-06-08 15:50:41,741 - INFO - 1291 | HOLD | 25905.65 |  48.5 |  -4.17% |   0.41% |   -0.0016 | $   2668.08 | $    901.51 | 0.068193
2025-06-08 15:50:41,741 - INFO - 1292 | SELL | 25895.68 |  48.8 |  -4.21% |   0.10% |   -0.0019 | $   2645.33 | $   1320.91 | 0.051144
2025-06-08 15:50:41,741 - INFO - 1293 | HOLD | 25832.23 |  47.3 |  -4.44% |  -0.53% |   -0.0019 | $   2642.08 | $   1320.91 | 0.051144
2025-06-08 15:50:41,741 - INFO - 1294 | HOLD | 25162.65 |  41.4 |  -6.92% |  -2.52% |   -0.0025 | $   2607.84 | $   1320.91 | 0.051144
2025-06-08 15:50:41,741 - INFO - 1295 | SELL | 25833.34 |  29.2 |  -4.44% |   0.21% |   -0.0021 | $   2625.62 | $   1634.70 | 0.038358
2025-06-08 15:50:41,742 - INFO - 
Action distribution for Episode 450:
2025-06-08 15:50:41,742 - INFO -   HOLD:  557 ( 43.0%)
2025-06-08 15:50:41,742 - INFO -   BUY:   406 ( 31.3%)
2025-06-08 15:50:41,742 - INFO -   SELL:  333 ( 25.7%)
2025-06-08 15:50:41,742 - INFO - ------------------------------------------------------------------------------------------------------------------------
2025-06-08 15:50:42,452 - INFO - Step 584000: Loss = 0.000049, Epsilon = 0.4428
2025-06-08 15:50:42,452 - INFO - Step 584000: Target network updated
2025-06-08 15:50:42,903 - INFO - Episode 451: Reward = -1.2241, Portfolio = $3262.42, Return = -67.38%, Cash = $1359.08, Crypto = 0.073678, Steps = 1296
2025-06-08 15:50:43,385 - INFO - Step 585000: Loss = 0.000006, Epsilon = 0.4418
2025-06-08 15:50:44,089 - INFO - Episode 452: Reward = -1.1158, Portfolio = $1728.18, Return = -82.72%, Cash = $771.26, Crypto = 0.037042, Steps = 1296
2025-06-08 15:50:44,283 - INFO - Step 586000: Loss = 0.000016, Epsilon = 0.4409
2025-06-08 15:50:44,283 - INFO - Step 586000: Target network updated
2025-06-08 15:50:45,212 - INFO - Step 587000: Loss = 0.000009, Epsilon = 0.4399
2025-06-08 15:50:45,294 - INFO - Episode 453: Reward = -1.0377, Portfolio = $4243.53, Return = -57.56%, Cash = $299.91, Crypto = 0.152656, Steps = 1296
2025-06-08 15:50:46,128 - INFO - Step 588000: Loss = 0.000008, Epsilon = 0.4390
2025-06-08 15:50:46,128 - INFO - Step 588000: Target network updated
2025-06-08 15:50:46,527 - INFO - Episode 454: Reward = -1.0514, Portfolio = $1747.38, Return = -82.53%, Cash = $258.61, Crypto = 0.057630, Steps = 1296
2025-06-08 15:50:47,110 - INFO - Step 589000: Loss = 0.000022, Epsilon = 0.4380
2025-06-08 15:50:47,729 - INFO - Episode 455: Reward = -1.2269, Portfolio = $2100.99, Return = -78.99%, Cash = $414.06, Crypto = 0.065300, Steps = 1296
2025-06-08 15:50:48,017 - INFO - Step 590000: Loss = 0.000005, Epsilon = 0.4371
2025-06-08 15:50:48,017 - INFO - Step 590000: Target network updated
2025-06-08 15:50:48,876 - INFO - Episode 456: Reward = -1.0545, Portfolio = $3794.61, Return = -62.05%, Cash = $1606.00, Crypto = 0.084720, Steps = 1296
2025-06-08 15:50:48,899 - INFO - Step 591000: Loss = 0.000006, Epsilon = 0.4361
2025-06-08 15:50:49,840 - INFO - Step 592000: Loss = 0.000023, Epsilon = 0.4352
2025-06-08 15:50:49,841 - INFO - Step 592000: Target network updated
2025-06-08 15:50:50,110 - INFO - Episode 457: Reward = -0.9082, Portfolio = $2050.81, Return = -79.49%, Cash = $376.95, Crypto = 0.064794, Steps = 1296
2025-06-08 15:50:50,785 - INFO - Step 593000: Loss = 0.000008, Epsilon = 0.4342
2025-06-08 15:50:51,359 - INFO - Episode 458: Reward = -1.2869, Portfolio = $2224.93, Return = -77.75%, Cash = $1060.81, Crypto = 0.045063, Steps = 1296
2025-06-08 15:50:51,782 - INFO - Step 594000: Loss = 0.000006, Epsilon = 0.4332
2025-06-08 15:50:51,782 - INFO - Step 594000: Target network updated
2025-06-08 15:50:52,617 - INFO - Episode 459: Reward = -1.2506, Portfolio = $2920.03, Return = -70.80%, Cash = $2878.79, Crypto = 0.001597, Steps = 1296
2025-06-08 15:50:52,752 - INFO - Step 595000: Loss = 0.000004, Epsilon = 0.4323
2025-06-08 15:50:53,725 - INFO - Step 596000: Loss = 0.000010, Epsilon = 0.4313
2025-06-08 15:50:53,725 - INFO - Step 596000: Target network updated
2025-06-08 15:50:53,862 - INFO - Episode 460: Reward = -1.0215, Portfolio = $1418.17, Return = -85.82%, Cash = $467.50, Crypto = 0.036800, Steps = 1296
2025-06-08 15:50:53,862 - INFO - Episode 460 Summary: Avg Reward (100 eps) = -1.2926, Avg Portfolio (100 eps) = $2181.85, Epsilon = 0.431
2025-06-08 15:50:53,862 - INFO - 
Detailed steps for Episode 460:
2025-06-08 15:50:53,862 - INFO - Step | Action | Price    | RSI   | PnL    | WkChg  | Reward    | Portfolio   | Cash       | Crypto
2025-06-08 15:50:53,862 - INFO - ------------------------------------------------------------------------------------------------------------------------
2025-06-08 15:50:53,862 - INFO -    0 | BUY  |  9341.71 |  35.4 |  -2.00% |  -7.89% |   -0.0049 | $   9950.98 | $   7500.00 | 0.262370
2025-06-08 15:50:53,862 - INFO -    1 | SELL |  8820.52 |  27.7 |  -5.58% |  -8.44% |   -0.0166 | $   9785.31 | $   8049.63 | 0.196777
2025-06-08 15:50:53,862 - INFO -    2 | SELL |  8784.49 |  28.3 |  -5.96% |  -8.58% |   -0.0029 | $   9756.61 | $   8460.17 | 0.147583
2025-06-08 15:50:53,862 - INFO -    3 | SELL |  8672.46 |  25.2 |  -7.16% | -10.47% |   -0.0033 | $   9724.08 | $   8764.15 | 0.110687
2025-06-08 15:50:53,862 - INFO -    4 | SELL |  8599.51 |  28.2 |  -7.94% | -11.01% |   -0.0021 | $   9704.11 | $   8990.21 | 0.083015
2025-06-08 15:50:53,862 - INFO -    5 | BUY  |  8562.45 |  26.8 |  -8.34% | -13.72% |   -0.0049 | $   9656.96 | $   6742.66 | 0.340358
2025-06-08 15:50:53,862 - INFO -    6 | SELL |  8869.67 |  36.4 |   1.34% |  -8.09% |    0.0069 | $   9723.79 | $   7459.64 | 0.255268
2025-06-08 15:50:53,863 - INFO -    7 | SELL |  8787.79 |  24.4 |   0.40% |  -5.93% |   -0.0050 | $   9674.85 | $   7992.41 | 0.191451
2025-06-08 15:50:53,863 - INFO -    8 | HOLD |  8755.25 |  29.8 |   0.03% |  -0.74% |   -0.0006 | $   9668.62 | $   7992.41 | 0.191451
2025-06-08 15:50:53,863 - INFO -    9 | HOLD |  9078.76 |  39.3 |   3.73% |   3.35% |    0.0064 | $   9730.55 | $   7992.41 | 0.191451
2025-06-08 15:50:53,863 - INFO -   10 | SELL |  9122.55 |  38.4 |   4.23% |   5.19% |   -0.0014 | $   9717.10 | $   8407.21 | 0.143589
2025-06-08 15:50:53,863 - INFO -   11 | SELL |  8909.95 |  35.7 |   1.80% |   3.61% |   -0.0048 | $   9670.59 | $   8711.06 | 0.107691
2025-06-08 15:50:53,863 - INFO -   12 | SELL |  8108.12 |  21.3 |  -7.36% |  -5.31% |   -0.0101 | $   9573.32 | $   8918.44 | 0.080769
2025-06-08 15:50:53,863 - INFO -   13 | BUY  |  7923.64 |  21.9 |  -9.47% | -10.67% |   -0.0061 | $   9514.70 | $   6688.83 | 0.356638
2025-06-08 15:50:53,863 - INFO -   14 | SELL |  7909.73 |  24.3 |  -2.49% |  -9.99% |   -0.0042 | $   9474.48 | $   7358.80 | 0.267479
2025-06-08 15:50:53,863 - INFO -   15 | BUY  |  7911.43 |  29.9 |  -2.46% |  -9.64% |   -0.0038 | $   9438.86 | $   5519.10 | 0.495456
2025-06-08 15:50:53,863 - INFO -   16 | BUY  |  4970.79 |  13.1 | -38.02% | -45.25% |   -0.1572 | $   7954.85 | $   4139.32 | 0.767590
2025-06-08 15:50:53,863 - INFO -   17 | BUY  |  5563.71 |  22.5 | -19.81% | -39.01% |    0.0547 | $   8389.68 | $   3104.49 | 0.949939
2025-06-08 15:50:53,863 - INFO -   18 | BUY  |  5200.37 |  21.4 | -22.09% | -41.63% |   -0.0430 | $   8029.31 | $   2328.37 | 1.096257
2025-06-08 15:50:53,863 - INFO -   19 | BUY  |  5392.31 |  24.0 | -16.76% | -33.49% |   -0.0024 | $   8228.32 | $   1746.28 | 1.202089
2025-06-08 15:50:53,863 - INFO -   ...    ...      ...       ...     ...       ...      ...         ...          ...         ...
2025-06-08 15:50:53,863 - INFO - 1276 | HOLD | 26162.37 |  14.8 | -10.90% |  -1.88% |   -0.0046 | $   1466.62 | $   1169.57 | 0.011354
2025-06-08 15:50:53,863 - INFO - 1277 | HOLD | 26047.67 |  14.5 | -11.29% |  -0.01% |   -0.0046 | $   1465.32 | $   1169.57 | 0.011354
2025-06-08 15:50:53,863 - INFO - 1278 | BUY  | 26008.46 |  14.0 | -11.42% |  -0.34% |   -0.0049 | $   1459.14 | $    877.18 | 0.022376
2025-06-08 15:50:53,863 - INFO - 1279 | HOLD | 26089.69 |  15.9 |  -5.85% |  -0.38% |   -0.0048 | $   1460.96 | $    877.18 | 0.022376
2025-06-08 15:50:53,863 - INFO - 1280 | HOLD | 26106.15 |  13.9 |  -5.79% |  -0.07% |   -0.0063 | $   1461.33 | $    877.18 | 0.022376
2025-06-08 15:50:53,863 - INFO - 1281 | HOLD | 27727.39 |  37.9 |   0.06% |   6.51% |   -0.0032 | $   1497.60 | $    877.18 | 0.022376
2025-06-08 15:50:53,863 - INFO - 1282 | BUY  | 27297.27 |  38.1 |  -1.49% |   3.27% |   -0.0035 | $   1483.68 | $    657.88 | 0.030252
2025-06-08 15:50:53,863 - INFO - 1283 | HOLD | 25931.47 |  43.0 |  -6.05% |  -0.88% |   -0.0043 | $   1442.36 | $    657.88 | 0.030252
2025-06-08 15:50:53,863 - INFO - 1284 | HOLD | 25800.72 |  47.4 |  -6.53% |  -0.95% |   -0.0040 | $   1438.40 | $    657.88 | 0.030252
2025-06-08 15:50:53,863 - INFO - 1285 | BUY  | 25868.80 |  47.6 |  -6.28% |  -0.54% |   -0.0038 | $   1437.24 | $    493.41 | 0.036485
2025-06-08 15:50:53,863 - INFO - 1286 | HOLD | 25969.57 |  47.7 |  -4.90% |  -0.46% |   -0.0034 | $   1440.92 | $    493.41 | 0.036485
2025-06-08 15:50:53,863 - INFO - 1287 | HOLD | 25812.42 |  46.8 |  -5.47% |  -1.13% |   -0.0034 | $   1435.18 | $    493.41 | 0.036485
2025-06-08 15:50:53,863 - INFO - 1288 | HOLD | 25779.98 |  47.4 |  -5.59% |  -7.02% |   -0.0029 | $   1434.00 | $    493.41 | 0.036485
2025-06-08 15:50:53,863 - INFO - 1289 | BUY  | 25753.24 |  42.4 |  -5.69% |  -5.66% |   -0.0019 | $   1430.60 | $    370.06 | 0.041181
2025-06-08 15:50:53,863 - INFO - 1290 | HOLD | 26240.20 |  50.8 |  -3.28% |   1.19% |   -0.0006 | $   1450.66 | $    370.06 | 0.041181
2025-06-08 15:50:53,863 - INFO - 1291 | HOLD | 25905.65 |  48.5 |  -4.51% |   0.41% |   -0.0011 | $   1436.88 | $    370.06 | 0.041181
2025-06-08 15:50:53,863 - INFO - 1292 | SELL | 25895.68 |  48.8 |  -4.55% |   0.10% |   -0.0016 | $   1423.14 | $    623.33 | 0.030886
2025-06-08 15:50:53,863 - INFO - 1293 | BUY  | 25832.23 |  47.3 |  -4.78% |  -0.53% |   -0.0017 | $   1418.12 | $    467.50 | 0.036800
2025-06-08 15:50:53,863 - INFO - 1294 | HOLD | 25162.65 |  41.4 |  -6.53% |  -2.52% |   -0.0025 | $   1393.48 | $    467.50 | 0.036800
2025-06-08 15:50:53,863 - INFO - 1295 | HOLD | 25833.34 |  29.2 |  -4.04% |   0.21% |   -0.0016 | $   1418.17 | $    467.50 | 0.036800
2025-06-08 15:50:53,863 - INFO - 
Action distribution for Episode 460:
2025-06-08 15:50:53,863 - INFO -   HOLD:  548 ( 42.3%)
2025-06-08 15:50:53,863 - INFO -   BUY:   516 ( 39.8%)
2025-06-08 15:50:53,863 - INFO -   SELL:  232 ( 17.9%)
2025-06-08 15:50:53,863 - INFO - ------------------------------------------------------------------------------------------------------------------------
2025-06-08 15:50:54,623 - INFO - Step 597000: Loss = 0.000005, Epsilon = 0.4304
2025-06-08 15:50:55,045 - INFO - Episode 461: Reward = -1.2605, Portfolio = $2704.68, Return = -72.95%, Cash = $2118.15, Crypto = 0.022705, Steps = 1296
2025-06-08 15:50:55,572 - INFO - Step 598000: Loss = 0.000010, Epsilon = 0.4294
2025-06-08 15:50:55,572 - INFO - Step 598000: Target network updated
2025-06-08 15:50:56,297 - INFO - Episode 462: Reward = -1.1025, Portfolio = $2914.91, Return = -70.85%, Cash = $898.20, Crypto = 0.078066, Steps = 1296
2025-06-08 15:50:56,525 - INFO - Step 599000: Loss = 0.000008, Epsilon = 0.4285
2025-06-08 15:50:57,431 - INFO - Step 600000: Loss = 0.000028, Epsilon = 0.4275
2025-06-08 15:50:57,431 - INFO - Step 600000: Target network updated
2025-06-08 15:50:57,476 - INFO - Episode 463: Reward = -1.1764, Portfolio = $1303.45, Return = -86.97%, Cash = $106.15, Crypto = 0.046347, Steps = 1296
2025-06-08 15:50:58,356 - INFO - Step 601000: Loss = 0.000008, Epsilon = 0.4266
2025-06-08 15:50:58,660 - INFO - Episode 464: Reward = -1.1887, Portfolio = $4158.98, Return = -58.41%, Cash = $1731.66, Crypto = 0.093961, Steps = 1296
2025-06-08 15:50:59,263 - INFO - Step 602000: Loss = 0.000008, Epsilon = 0.4256
2025-06-08 15:50:59,263 - INFO - Step 602000: Target network updated
2025-06-08 15:50:59,852 - INFO - Episode 465: Reward = -0.8889, Portfolio = $3866.86, Return = -61.33%, Cash = $3143.10, Crypto = 0.028016, Steps = 1296
2025-06-08 15:51:00,184 - INFO - Step 603000: Loss = 0.000063, Epsilon = 0.4247
2025-06-08 15:51:01,166 - INFO - Episode 466: Reward = -0.7928, Portfolio = $4394.91, Return = -56.05%, Cash = $284.26, Crypto = 0.159122, Steps = 1296
2025-06-08 15:51:01,233 - INFO - Step 604000: Loss = 0.000046, Epsilon = 0.4237
2025-06-08 15:51:01,233 - INFO - Step 604000: Target network updated
2025-06-08 15:51:02,227 - INFO - Step 605000: Loss = 0.000009, Epsilon = 0.4228
2025-06-08 15:51:02,444 - INFO - Episode 467: Reward = -1.2026, Portfolio = $3533.68, Return = -64.66%, Cash = $2098.57, Crypto = 0.055553, Steps = 1296
2025-06-08 15:51:03,184 - INFO - Step 606000: Loss = 0.000011, Epsilon = 0.4218
2025-06-08 15:51:03,184 - INFO - Step 606000: Target network updated
2025-06-08 15:51:03,722 - INFO - Episode 468: Reward = -1.0189, Portfolio = $2605.88, Return = -73.94%, Cash = $34.86, Crypto = 0.099523, Steps = 1296
2025-06-08 15:51:04,187 - INFO - Step 607000: Loss = 0.000006, Epsilon = 0.4208
2025-06-08 15:51:05,019 - INFO - Episode 469: Reward = -1.4456, Portfolio = $1781.65, Return = -82.18%, Cash = $1272.64, Crypto = 0.019704, Steps = 1296
2025-06-08 15:51:05,198 - INFO - Step 608000: Loss = 0.000007, Epsilon = 0.4199
2025-06-08 15:51:05,199 - INFO - Step 608000: Target network updated
2025-06-08 15:51:06,163 - INFO - Step 609000: Loss = 0.000006, Epsilon = 0.4189
2025-06-08 15:51:06,274 - INFO - Episode 470: Reward = -0.8664, Portfolio = $3103.52, Return = -68.96%, Cash = $2496.31, Crypto = 0.023505, Steps = 1296
2025-06-08 15:51:06,274 - INFO - Episode 470 Summary: Avg Reward (100 eps) = -1.2627, Avg Portfolio (100 eps) = $2331.42, Epsilon = 0.419
2025-06-08 15:51:06,274 - INFO - 
Detailed steps for Episode 470:
2025-06-08 15:51:06,274 - INFO - Step | Action | Price    | RSI   | PnL    | WkChg  | Reward    | Portfolio   | Cash       | Crypto
2025-06-08 15:51:06,274 - INFO - ------------------------------------------------------------------------------------------------------------------------
2025-06-08 15:51:06,274 - INFO -    0 | HOLD |  9341.71 |  35.4 |  -2.00% |  -7.89% |    0.0000 | $  10000.00 | $  10000.00 | 0.000000
2025-06-08 15:51:06,274 - INFO -    1 | SELL |  8820.52 |  27.7 |  -2.00% |  -8.44% |   -0.0100 | $  10000.00 | $  10000.00 | 0.000000
2025-06-08 15:51:06,274 - INFO -    2 | HOLD |  8784.49 |  28.3 |  -2.00% |  -8.58% |    0.0000 | $  10000.00 | $  10000.00 | 0.000000
2025-06-08 15:51:06,274 - INFO -    3 | BUY  |  8672.46 |  25.2 |  -2.00% | -10.47% |   -0.0049 | $   9950.98 | $   7500.00 | 0.282617
2025-06-08 15:51:06,274 - INFO -    4 | HOLD |  8599.51 |  28.2 |  -0.84% | -11.01% |   -0.0021 | $   9930.36 | $   7500.00 | 0.282617
2025-06-08 15:51:06,274 - INFO -    5 | BUY  |  8562.45 |  26.8 |  -1.27% | -13.72% |   -0.0048 | $   9883.13 | $   5625.00 | 0.497302
2025-06-08 15:51:06,274 - INFO -    6 | HOLD |  8869.67 |  36.4 |   2.84% |  -8.09% |    0.0155 | $  10035.91 | $   5625.00 | 0.497302
2025-06-08 15:51:06,274 - INFO -    7 | HOLD |  8787.79 |  24.4 |   1.89% |  -5.93% |   -0.0041 | $   9995.19 | $   5625.00 | 0.497302
2025-06-08 15:51:06,274 - INFO -    8 | BUY  |  8755.25 |  29.8 |   1.51% |  -0.74% |   -0.0044 | $   9951.43 | $   4218.75 | 0.654771
2025-06-08 15:51:06,274 - INFO -    9 | HOLD |  9078.76 |  39.3 |   4.88% |   3.35% |    0.0213 | $  10163.26 | $   4218.75 | 0.654771
2025-06-08 15:51:06,274 - INFO -   10 | HOLD |  9122.55 |  38.4 |   5.39% |   5.19% |    0.0028 | $  10191.93 | $   4218.75 | 0.654771
2025-06-08 15:51:06,275 - INFO -   11 | BUY  |  8909.95 |  35.7 |   2.93% |   3.61% |   -0.0157 | $  10032.05 | $   3164.06 | 0.770822
2025-06-08 15:51:06,275 - INFO -   12 | HOLD |  8108.12 |  21.3 |  -6.74% |  -5.31% |   -0.0616 | $   9413.97 | $   3164.06 | 0.770822
2025-06-08 15:51:06,275 - INFO -   13 | HOLD |  7923.64 |  21.9 |  -8.87% | -10.67% |   -0.0151 | $   9271.78 | $   3164.06 | 0.770822
2025-06-08 15:51:06,275 - INFO -   14 | HOLD |  7909.73 |  24.3 |  -9.03% |  -9.99% |   -0.0012 | $   9261.05 | $   3164.06 | 0.770822
2025-06-08 15:51:06,275 - INFO -   15 | HOLD |  7911.43 |  29.9 |  -9.01% |  -9.64% |    0.0001 | $   9262.36 | $   3164.06 | 0.770822
2025-06-08 15:51:06,275 - INFO -   16 | HOLD |  4970.79 |  13.1 | -42.83% | -45.25% |   -0.2447 | $   6995.65 | $   3164.06 | 0.770822
2025-06-08 15:51:06,275 - INFO -   17 | SELL |  5563.71 |  22.5 | -36.01% | -39.01% |    0.0577 | $   7399.08 | $   4182.61 | 0.578116
2025-06-08 15:51:06,275 - INFO -   18 | BUY  |  5200.37 |  21.4 | -40.19% | -41.63% |   -0.0312 | $   7168.52 | $   3136.96 | 0.775247
2025-06-08 15:51:06,275 - INFO -   19 | HOLD |  5392.31 |  24.0 | -30.92% | -33.49% |   -0.0024 | $   7317.33 | $   3136.96 | 0.775247
2025-06-08 15:51:06,275 - INFO -   ...    ...      ...       ...     ...       ...      ...         ...          ...         ...
2025-06-08 15:51:06,275 - INFO - 1276 | BUY  | 26162.37 |  14.8 | -10.54% |  -1.88% |   -0.0045 | $   3205.91 | $   1522.44 | 0.064347
2025-06-08 15:51:06,275 - INFO - 1277 | BUY  | 26047.67 |  14.5 |  -8.07% |  -0.01% |   -0.0047 | $   3191.06 | $   1141.83 | 0.078672
2025-06-08 15:51:06,275 - INFO - 1278 | SELL | 26008.46 |  14.0 |  -6.84% |  -0.34% |   -0.0051 | $   3162.40 | $   1627.79 | 0.059004
2025-06-08 15:51:06,275 - INFO - 1279 | HOLD | 26089.69 |  15.9 |  -6.55% |  -0.38% |   -0.0048 | $   3167.20 | $   1627.79 | 0.059004
2025-06-08 15:51:06,275 - INFO - 1280 | BUY  | 26106.15 |  13.9 |  -6.49% |  -0.07% |   -0.0056 | $   3160.19 | $   1220.84 | 0.074287
2025-06-08 15:51:06,275 - INFO - 1281 | SELL | 27727.39 |  37.9 |   0.66% |   6.51% |   -0.0033 | $   3254.88 | $   1710.04 | 0.055715
2025-06-08 15:51:06,275 - INFO - 1282 | HOLD | 27297.27 |  38.1 |  -0.90% |   3.27% |   -0.0035 | $   3230.91 | $   1710.04 | 0.055715
2025-06-08 15:51:06,275 - INFO - 1283 | SELL | 25931.47 |  43.0 |  -5.86% |  -0.88% |   -0.0040 | $   3136.76 | $   2053.18 | 0.041786
2025-06-08 15:51:06,275 - INFO - 1284 | HOLD | 25800.72 |  47.4 |  -6.33% |  -0.95% |   -0.0041 | $   3131.29 | $   2053.18 | 0.041786
2025-06-08 15:51:06,275 - INFO - 1285 | HOLD | 25868.80 |  47.6 |  -6.08% |  -0.54% |   -0.0039 | $   3134.14 | $   2053.18 | 0.041786
2025-06-08 15:51:06,275 - INFO - 1286 | HOLD | 25969.57 |  47.7 |  -5.72% |  -0.46% |   -0.0039 | $   3138.35 | $   2053.18 | 0.041786
2025-06-08 15:51:06,275 - INFO - 1287 | HOLD | 25812.42 |  46.8 |  -6.29% |  -1.13% |   -0.0038 | $   3131.78 | $   2053.18 | 0.041786
2025-06-08 15:51:06,275 - INFO - 1288 | SELL | 25779.98 |  47.4 |  -6.41% |  -7.02% |   -0.0036 | $   3116.96 | $   2309.02 | 0.031340
2025-06-08 15:51:06,275 - INFO - 1289 | HOLD | 25753.24 |  42.4 |  -6.50% |  -5.66% |   -0.0027 | $   3116.12 | $   2309.02 | 0.031340
2025-06-08 15:51:06,275 - INFO - 1290 | HOLD | 26240.20 |  50.8 |  -4.74% |   1.19% |   -0.0016 | $   3131.38 | $   2309.02 | 0.031340
2025-06-08 15:51:06,275 - INFO - 1291 | HOLD | 25905.65 |  48.5 |  -5.95% |   0.41% |   -0.0015 | $   3120.90 | $   2309.02 | 0.031340
2025-06-08 15:51:06,275 - INFO - 1292 | HOLD | 25895.68 |  48.8 |  -5.99% |   0.10% |   -0.0015 | $   3120.59 | $   2309.02 | 0.031340
2025-06-08 15:51:06,275 - INFO - 1293 | HOLD | 25832.23 |  47.3 |  -6.22% |  -0.53% |   -0.0015 | $   3118.60 | $   2309.02 | 0.031340
2025-06-08 15:51:06,275 - INFO - 1294 | SELL | 25162.65 |  41.4 |  -8.65% |  -2.52% |   -0.0019 | $   3087.76 | $   2496.31 | 0.023505
2025-06-08 15:51:06,275 - INFO - 1295 | HOLD | 25833.34 |  29.2 |  -6.21% |   0.21% |   -0.0020 | $   3103.52 | $   2496.31 | 0.023505
2025-06-08 15:51:06,275 - INFO - 
Action distribution for Episode 470:
2025-06-08 15:51:06,275 - INFO -   HOLD:  473 ( 36.5%)
2025-06-08 15:51:06,275 - INFO -   BUY:   627 ( 48.4%)
2025-06-08 15:51:06,275 - INFO -   SELL:  196 ( 15.1%)
2025-06-08 15:51:06,275 - INFO - ------------------------------------------------------------------------------------------------------------------------
2025-06-08 15:51:07,198 - INFO - Step 610000: Loss = 0.000006, Epsilon = 0.4180
2025-06-08 15:51:07,198 - INFO - Step 610000: Target network updated
2025-06-08 15:51:07,635 - INFO - Episode 471: Reward = -1.3317, Portfolio = $1291.93, Return = -87.08%, Cash = $522.44, Crypto = 0.029787, Steps = 1296
2025-06-08 15:51:08,266 - INFO - Step 611000: Loss = 0.000426, Epsilon = 0.4170
2025-06-08 15:51:09,010 - INFO - Episode 472: Reward = -1.1592, Portfolio = $1622.22, Return = -83.78%, Cash = $732.91, Crypto = 0.034425, Steps = 1296
2025-06-08 15:51:09,314 - INFO - Step 612000: Loss = 0.000012, Epsilon = 0.4161
2025-06-08 15:51:09,314 - INFO - Step 612000: Target network updated
2025-06-08 15:51:10,359 - INFO - Step 613000: Loss = 0.000007, Epsilon = 0.4151
2025-06-08 15:51:10,366 - INFO - Episode 473: Reward = -1.1522, Portfolio = $2686.37, Return = -73.14%, Cash = $162.31, Crypto = 0.097706, Steps = 1296
2025-06-08 15:51:11,301 - INFO - Step 614000: Loss = 0.000010, Epsilon = 0.4142
2025-06-08 15:51:11,302 - INFO - Step 614000: Target network updated
2025-06-08 15:51:11,589 - INFO - Episode 474: Reward = -0.9368, Portfolio = $2163.31, Return = -78.37%, Cash = $239.66, Crypto = 0.074464, Steps = 1296
2025-06-08 15:51:12,268 - INFO - Step 615000: Loss = 0.000006, Epsilon = 0.4132
2025-06-08 15:51:12,849 - INFO - Episode 475: Reward = -1.0167, Portfolio = $2261.83, Return = -77.38%, Cash = $619.85, Crypto = 0.063560, Steps = 1296
2025-06-08 15:51:13,265 - INFO - Step 616000: Loss = 0.000007, Epsilon = 0.4123
2025-06-08 15:51:13,265 - INFO - Step 616000: Target network updated
2025-06-08 15:51:14,173 - INFO - Episode 476: Reward = -1.2049, Portfolio = $1982.37, Return = -80.18%, Cash = $717.88, Crypto = 0.048948, Steps = 1296
2025-06-08 15:51:14,276 - INFO - Step 617000: Loss = 0.000009, Epsilon = 0.4113
2025-06-08 15:51:15,237 - INFO - Step 618000: Loss = 0.000008, Epsilon = 0.4104
2025-06-08 15:51:15,237 - INFO - Step 618000: Target network updated
2025-06-08 15:51:15,442 - INFO - Episode 477: Reward = -0.8312, Portfolio = $2181.10, Return = -78.19%, Cash = $683.22, Crypto = 0.057982, Steps = 1296
2025-06-08 15:51:16,238 - INFO - Step 619000: Loss = 0.000041, Epsilon = 0.4094
2025-06-08 15:51:16,718 - INFO - Episode 478: Reward = -1.3535, Portfolio = $3599.07, Return = -64.01%, Cash = $2074.23, Crypto = 0.059026, Steps = 1296
2025-06-08 15:51:17,228 - INFO - Step 620000: Loss = 0.000005, Epsilon = 0.4084
2025-06-08 15:51:17,228 - INFO - Step 620000: Target network updated
2025-06-08 15:51:17,965 - INFO - Episode 479: Reward = -1.1052, Portfolio = $2336.75, Return = -76.63%, Cash = $333.19, Crypto = 0.077557, Steps = 1296
2025-06-08 15:51:18,164 - INFO - Step 621000: Loss = 0.000005, Epsilon = 0.4075
2025-06-08 15:51:19,077 - INFO - Step 622000: Loss = 0.000008, Epsilon = 0.4065
2025-06-08 15:51:19,077 - INFO - Step 622000: Target network updated
2025-06-08 15:51:19,146 - INFO - Episode 480: Reward = -1.1066, Portfolio = $3653.18, Return = -63.47%, Cash = $528.58, Crypto = 0.120952, Steps = 1296
2025-06-08 15:51:19,146 - INFO - Episode 480 Summary: Avg Reward (100 eps) = -1.2361, Avg Portfolio (100 eps) = $2394.58, Epsilon = 0.406
2025-06-08 15:51:19,146 - INFO - 
Detailed steps for Episode 480:
2025-06-08 15:51:19,146 - INFO - Step | Action | Price    | RSI   | PnL    | WkChg  | Reward    | Portfolio   | Cash       | Crypto
2025-06-08 15:51:19,147 - INFO - ------------------------------------------------------------------------------------------------------------------------
2025-06-08 15:51:19,147 - INFO -    0 | BUY  |  9341.71 |  35.4 |  -2.00% |  -7.89% |   -0.0049 | $   9950.98 | $   7500.00 | 0.262370
2025-06-08 15:51:19,147 - INFO -    1 | BUY  |  8820.52 |  27.7 |  -5.58% |  -8.44% |   -0.0174 | $   9777.47 | $   5625.00 | 0.470774
2025-06-08 15:51:19,147 - INFO -    2 | BUY  |  8784.49 |  28.3 |  -3.58% |  -8.58% |   -0.0046 | $   9732.94 | $   4218.75 | 0.627718
2025-06-08 15:51:19,147 - INFO -    3 | BUY  |  8672.46 |  25.2 |  -3.95% | -10.47% |   -0.0094 | $   9641.93 | $   3164.06 | 0.746947
2025-06-08 15:51:19,147 - INFO -    4 | BUY  |  8599.51 |  28.2 |  -4.16% | -11.01% |   -0.0073 | $   9571.93 | $   2373.05 | 0.837127
2025-06-08 15:51:19,147 - INFO -    5 | HOLD |  8562.45 |  26.8 |  -4.14% | -13.72% |   -0.0032 | $   9540.91 | $   2373.05 | 0.837127
2025-06-08 15:51:19,147 - INFO -    6 | BUY  |  8869.67 |  36.4 |  -0.70% |  -8.09% |    0.0257 | $   9786.46 | $   1779.79 | 0.902703
2025-06-08 15:51:19,147 - INFO -    7 | BUY  |  8787.79 |  24.4 |  -1.57% |  -5.93% |   -0.0084 | $   9703.82 | $   1334.84 | 0.952342
2025-06-08 15:51:19,147 - INFO -    8 | BUY  |  8755.25 |  29.8 |  -1.85% |  -0.74% |   -0.0039 | $   9666.29 | $   1001.13 | 0.989710
2025-06-08 15:51:19,147 - INFO -    9 | HOLD |  9078.76 |  39.3 |   1.85% |   3.35% |    0.0331 | $   9986.47 | $   1001.13 | 0.989710
2025-06-08 15:51:19,147 - INFO -   10 | BUY  |  9122.55 |  38.4 |   2.34% |   5.19% |    0.0038 | $  10024.90 | $    750.85 | 1.016608
2025-06-08 15:51:19,147 - INFO -   11 | BUY  |  8909.95 |  35.7 |  -0.11% |   3.61% |   -0.0219 | $   9805.09 | $    563.14 | 1.037262
2025-06-08 15:51:19,147 - INFO -   12 | BUY  |  8108.12 |  21.3 |  -9.10% |  -5.31% |   -0.0851 | $   8970.62 | $    422.35 | 1.054285
2025-06-08 15:51:19,147 - INFO -   13 | BUY  |  7923.64 |  21.9 | -11.03% | -10.67% |   -0.0219 | $   8774.06 | $    316.76 | 1.067350
2025-06-08 15:51:19,147 - INFO -   14 | HOLD |  7909.73 |  24.3 | -11.07% |  -9.99% |   -0.0017 | $   8759.21 | $    316.76 | 1.067350
2025-06-08 15:51:19,147 - INFO -   15 | BUY  |  7911.43 |  29.9 | -11.05% |  -9.64% |    0.0000 | $   8759.47 | $    237.57 | 1.077163
2025-06-08 15:51:19,147 - INFO -   16 | BUY  |  4970.79 |  13.1 | -44.06% | -45.25% |   -0.3617 | $   5590.76 | $    178.18 | 1.088877
2025-06-08 15:51:19,147 - INFO -   17 | BUY  |  5563.71 |  22.5 | -37.09% | -39.01% |    0.1153 | $   6235.50 | $    133.63 | 1.096726
2025-06-08 15:51:19,147 - INFO -   18 | SELL |  5200.37 |  21.4 | -41.04% | -41.63% |   -0.0753 | $   5765.72 | $   1488.19 | 0.822545
2025-06-08 15:51:19,147 - INFO -   19 | HOLD |  5392.31 |  24.0 | -38.86% | -33.49% |   -0.0024 | $   5923.61 | $   1488.19 | 0.822545
2025-06-08 15:51:19,147 - INFO -   ...    ...      ...       ...     ...       ...      ...         ...          ...         ...
2025-06-08 15:51:19,147 - INFO - 1276 | HOLD | 26162.37 |  14.8 | -10.35% |  -1.88% |   -0.0051 | $   3755.08 | $   2948.58 | 0.030827
2025-06-08 15:51:19,147 - INFO - 1277 | HOLD | 26047.67 |  14.5 | -10.75% |  -0.01% |   -0.0046 | $   3751.55 | $   2948.58 | 0.030827
2025-06-08 15:51:19,147 - INFO - 1278 | HOLD | 26008.46 |  14.0 | -10.88% |  -0.34% |   -0.0047 | $   3750.34 | $   2948.58 | 0.030827
2025-06-08 15:51:19,147 - INFO - 1279 | HOLD | 26089.69 |  15.9 | -10.60% |  -0.38% |   -0.0048 | $   3752.84 | $   2948.58 | 0.030827
2025-06-08 15:51:19,147 - INFO - 1280 | SELL | 26106.15 |  13.9 | -10.55% |  -0.07% |   -0.0064 | $   3743.29 | $   3139.71 | 0.023120
2025-06-08 15:51:19,147 - INFO - 1281 | HOLD | 27727.39 |  37.9 |  -4.99% |   6.51% |   -0.0044 | $   3780.78 | $   3139.71 | 0.023120
2025-06-08 15:51:19,147 - INFO - 1282 | HOLD | 27297.27 |  38.1 |  -6.46% |   3.27% |   -0.0045 | $   3770.83 | $   3139.71 | 0.023120
2025-06-08 15:51:19,147 - INFO - 1283 | HOLD | 25931.47 |  43.0 | -11.14% |  -0.88% |   -0.0051 | $   3739.25 | $   3139.71 | 0.023120
2025-06-08 15:51:19,147 - INFO - 1284 | BUY  | 25800.72 |  47.4 | -11.59% |  -0.95% |   -0.0052 | $   3720.84 | $   2354.79 | 0.052946
2025-06-08 15:51:19,147 - INFO - 1285 | BUY  | 25868.80 |  47.6 |  -5.17% |  -0.54% |   -0.0052 | $   3712.90 | $   1766.09 | 0.075257
2025-06-08 15:51:19,147 - INFO - 1286 | HOLD | 25969.57 |  47.7 |  -3.32% |  -0.46% |   -0.0046 | $   3720.48 | $   1766.09 | 0.075257
2025-06-08 15:51:19,147 - INFO - 1287 | SELL | 25812.42 |  46.8 |  -3.90% |  -1.13% |   -0.0046 | $   3684.38 | $   2227.45 | 0.056443
2025-06-08 15:51:19,147 - INFO - 1288 | BUY  | 25779.98 |  47.4 |  -4.02% |  -7.02% |   -0.0045 | $   3671.63 | $   1670.59 | 0.077620
2025-06-08 15:51:19,147 - INFO - 1289 | HOLD | 25753.24 |  42.4 |  -3.06% |  -5.66% |   -0.0040 | $   3669.55 | $   1670.59 | 0.077620
2025-06-08 15:51:19,147 - INFO - 1290 | BUY  | 26240.20 |  50.8 |  -1.22% |   1.19% |   -0.0021 | $   3699.16 | $   1252.94 | 0.093224
2025-06-08 15:51:19,147 - INFO - 1291 | HOLD | 25905.65 |  48.5 |  -2.28% |   0.41% |   -0.0029 | $   3667.97 | $   1252.94 | 0.093224
2025-06-08 15:51:19,147 - INFO - 1292 | HOLD | 25895.68 |  48.8 |  -2.32% |   0.10% |   -0.0027 | $   3667.04 | $   1252.94 | 0.093224
2025-06-08 15:51:19,147 - INFO - 1293 | BUY  | 25832.23 |  47.3 |  -2.56% |  -0.53% |   -0.0029 | $   3654.98 | $    939.71 | 0.105112
2025-06-08 15:51:19,147 - INFO - 1294 | BUY  | 25162.65 |  41.4 |  -4.81% |  -2.52% |   -0.0038 | $   3580.00 | $    704.78 | 0.114265
2025-06-08 15:51:19,147 - INFO - 1295 | BUY  | 25833.34 |  29.2 |  -1.90% |   0.21% |   -0.0019 | $   3653.18 | $    528.58 | 0.120952
2025-06-08 15:51:19,148 - INFO - 
Action distribution for Episode 480:
2025-06-08 15:51:19,148 - INFO -   HOLD:  573 ( 44.2%)
2025-06-08 15:51:19,148 - INFO -   BUY:   528 ( 40.7%)
2025-06-08 15:51:19,148 - INFO -   SELL:  195 ( 15.0%)
2025-06-08 15:51:19,148 - INFO - ------------------------------------------------------------------------------------------------------------------------
2025-06-08 15:51:20,109 - INFO - Step 623000: Loss = 0.000007, Epsilon = 0.4056
2025-06-08 15:51:20,493 - INFO - Episode 481: Reward = -1.0719, Portfolio = $1314.16, Return = -86.86%, Cash = $20.52, Crypto = 0.050076, Steps = 1296
2025-06-08 15:51:21,117 - INFO - Step 624000: Loss = 0.000007, Epsilon = 0.4046
2025-06-08 15:51:21,118 - INFO - Step 624000: Target network updated
2025-06-08 15:51:21,790 - INFO - Episode 482: Reward = -0.9189, Portfolio = $1922.77, Return = -80.77%, Cash = $655.29, Crypto = 0.049063, Steps = 1296
2025-06-08 15:51:22,133 - INFO - Step 625000: Loss = 0.000007, Epsilon = 0.4037
2025-06-08 15:51:23,078 - INFO - Episode 483: Reward = -0.5968, Portfolio = $5398.05, Return = -46.02%, Cash = $733.58, Crypto = 0.180560, Steps = 1296
2025-06-08 15:51:23,110 - INFO - Step 626000: Loss = 0.000022, Epsilon = 0.4027
2025-06-08 15:51:23,111 - INFO - Step 626000: Target network updated
2025-06-08 15:51:24,057 - INFO - Step 627000: Loss = 0.000005, Epsilon = 0.4018
2025-06-08 15:51:24,302 - INFO - Episode 484: Reward = -0.9089, Portfolio = $3339.06, Return = -66.61%, Cash = $1140.69, Crypto = 0.085098, Steps = 1296
2025-06-08 15:51:25,045 - INFO - Step 628000: Loss = 0.000009, Epsilon = 0.4008
2025-06-08 15:51:25,045 - INFO - Step 628000: Target network updated
2025-06-08 15:51:25,629 - INFO - Episode 485: Reward = -1.1179, Portfolio = $3155.66, Return = -68.44%, Cash = $95.30, Crypto = 0.118466, Steps = 1296
2025-06-08 15:51:26,123 - INFO - Step 629000: Loss = 0.000015, Epsilon = 0.3999
2025-06-08 15:51:27,022 - INFO - Episode 486: Reward = -0.9788, Portfolio = $7129.10, Return = -28.71%, Cash = $643.02, Crypto = 0.251074, Steps = 1296
2025-06-08 15:51:27,173 - INFO - Step 630000: Loss = 0.000008, Epsilon = 0.3989
2025-06-08 15:51:27,173 - INFO - Step 630000: Target network updated
2025-06-08 15:51:28,143 - INFO - Step 631000: Loss = 0.000006, Epsilon = 0.3979
2025-06-08 15:51:28,288 - INFO - Episode 487: Reward = -0.8191, Portfolio = $2295.54, Return = -77.04%, Cash = $1373.76, Crypto = 0.035682, Steps = 1296
2025-06-08 15:51:29,096 - INFO - Step 632000: Loss = 0.000006, Epsilon = 0.3970
2025-06-08 15:51:29,096 - INFO - Step 632000: Target network updated
2025-06-08 15:51:29,531 - INFO - Episode 488: Reward = -1.0934, Portfolio = $3667.60, Return = -63.32%, Cash = $17.15, Crypto = 0.141308, Steps = 1296
2025-06-08 15:51:30,072 - INFO - Step 633000: Loss = 0.000009, Epsilon = 0.3960
2025-06-08 15:51:30,856 - INFO - Episode 489: Reward = -1.0230, Portfolio = $3318.63, Return = -66.81%, Cash = $875.84, Crypto = 0.094560, Steps = 1296
2025-06-08 15:51:31,156 - INFO - Step 634000: Loss = 0.000004, Epsilon = 0.3951
2025-06-08 15:51:31,156 - INFO - Step 634000: Target network updated
2025-06-08 15:51:32,164 - INFO - Step 635000: Loss = 0.000022, Epsilon = 0.3941
2025-06-08 15:51:32,211 - INFO - Episode 490: Reward = -1.0248, Portfolio = $2247.43, Return = -77.53%, Cash = $362.07, Crypto = 0.072982, Steps = 1296
2025-06-08 15:51:32,211 - INFO - Episode 490 Summary: Avg Reward (100 eps) = -1.1858, Avg Portfolio (100 eps) = $2539.84, Epsilon = 0.394
2025-06-08 15:51:32,211 - INFO - 
Detailed steps for Episode 490:
2025-06-08 15:51:32,211 - INFO - Step | Action | Price    | RSI   | PnL    | WkChg  | Reward    | Portfolio   | Cash       | Crypto
2025-06-08 15:51:32,211 - INFO - ------------------------------------------------------------------------------------------------------------------------
2025-06-08 15:51:32,211 - INFO -    0 | HOLD |  9341.71 |  35.4 |  -2.00% |  -7.89% |    0.0000 | $  10000.00 | $  10000.00 | 0.000000
2025-06-08 15:51:32,211 - INFO -    1 | HOLD |  8820.52 |  27.7 |  -2.00% |  -8.44% |    0.0000 | $  10000.00 | $  10000.00 | 0.000000
2025-06-08 15:51:32,211 - INFO -    2 | BUY  |  8784.49 |  28.3 |  -2.00% |  -8.58% |   -0.0049 | $   9950.98 | $   7500.00 | 0.279012
2025-06-08 15:51:32,211 - INFO -    3 | HOLD |  8672.46 |  25.2 |  -1.28% | -10.47% |   -0.0031 | $   9919.72 | $   7500.00 | 0.279012
2025-06-08 15:51:32,211 - INFO -    4 | HOLD |  8599.51 |  28.2 |  -2.11% | -11.01% |   -0.0021 | $   9899.37 | $   7500.00 | 0.279012
2025-06-08 15:51:32,212 - INFO -    5 | HOLD |  8562.45 |  26.8 |  -2.53% | -13.72% |   -0.0010 | $   9889.03 | $   7500.00 | 0.279012
2025-06-08 15:51:32,212 - INFO -    6 | HOLD |  8869.67 |  36.4 |   0.97% |  -8.09% |    0.0087 | $   9974.75 | $   7500.00 | 0.279012
2025-06-08 15:51:32,212 - INFO -    7 | HOLD |  8787.79 |  24.4 |   0.04% |  -5.93% |   -0.0023 | $   9951.90 | $   7500.00 | 0.279012
2025-06-08 15:51:32,212 - INFO -    8 | HOLD |  8755.25 |  29.8 |  -0.33% |  -0.74% |   -0.0009 | $   9942.82 | $   7500.00 | 0.279012
2025-06-08 15:51:32,212 - INFO -    9 | HOLD |  9078.76 |  39.3 |   3.35% |   3.35% |    0.0091 | $  10033.08 | $   7500.00 | 0.279012
2025-06-08 15:51:32,212 - INFO -   10 | HOLD |  9122.55 |  38.4 |   3.85% |   5.19% |    0.0012 | $  10045.30 | $   7500.00 | 0.279012
2025-06-08 15:51:32,212 - INFO -   11 | BUY  |  8909.95 |  35.7 |   1.43% |   3.61% |   -0.0096 | $   9949.22 | $   5625.00 | 0.485325
2025-06-08 15:51:32,212 - INFO -   12 | HOLD |  8108.12 |  21.3 |  -8.26% |  -5.31% |   -0.0391 | $   9560.07 | $   5625.00 | 0.485325
2025-06-08 15:51:32,212 - INFO -   13 | HOLD |  7923.64 |  21.9 | -10.34% | -10.67% |   -0.0094 | $   9470.54 | $   5625.00 | 0.485325
2025-06-08 15:51:32,212 - INFO -   14 | HOLD |  7909.73 |  24.3 | -10.50% |  -9.99% |   -0.0007 | $   9463.79 | $   5625.00 | 0.485325
2025-06-08 15:51:32,212 - INFO -   15 | HOLD |  7911.43 |  29.9 | -10.48% |  -9.64% |    0.0001 | $   9464.61 | $   5625.00 | 0.485325
2025-06-08 15:51:32,212 - INFO -   16 | HOLD |  4970.79 |  13.1 | -43.76% | -45.25% |   -0.1508 | $   8037.45 | $   5625.00 | 0.485325
2025-06-08 15:51:32,212 - INFO -   17 | HOLD |  5563.71 |  22.5 | -37.05% | -39.01% |    0.0358 | $   8325.20 | $   5625.00 | 0.485325
2025-06-08 15:51:32,212 - INFO -   18 | BUY  |  5200.37 |  21.4 | -41.16% | -41.63% |   -0.0245 | $   8121.29 | $   4218.75 | 0.750436
2025-06-08 15:51:32,212 - INFO -   19 | BUY  |  5392.31 |  24.0 | -28.61% | -33.49% |   -0.0025 | $   8244.66 | $   3164.06 | 0.942192
2025-06-08 15:51:32,212 - INFO -   ...    ...      ...       ...     ...       ...      ...         ...          ...         ...
2025-06-08 15:51:32,212 - INFO - 1276 | BUY  | 26162.37 |  14.8 |  -7.54% |  -1.88% |   -0.0053 | $   2343.26 | $    124.23 | 0.084818
2025-06-08 15:51:32,212 - INFO - 1277 | BUY  | 26047.67 |  14.5 |  -7.81% |  -0.01% |   -0.0055 | $   2332.92 | $     93.17 | 0.085987
2025-06-08 15:51:32,212 - INFO - 1278 | BUY  | 26008.46 |  14.0 |  -7.86% |  -0.34% |   -0.0051 | $   2329.09 | $     69.88 | 0.086865
2025-06-08 15:51:32,212 - INFO - 1279 | BUY  | 26089.69 |  15.9 |  -7.49% |  -0.38% |   -0.0050 | $   2335.81 | $     52.41 | 0.087521
2025-06-08 15:51:32,212 - INFO - 1280 | BUY  | 26106.15 |  13.9 |  -7.38% |  -0.07% |   -0.0053 | $   2336.99 | $     39.31 | 0.088013
2025-06-08 15:51:32,212 - INFO - 1281 | BUY  | 27727.39 |  37.9 |  -1.59% |   6.51% |   -0.0015 | $   2479.49 | $     29.48 | 0.088361
2025-06-08 15:51:32,212 - INFO - 1282 | BUY  | 27297.27 |  38.1 |  -3.11% |   3.27% |   -0.0018 | $   2441.34 | $     22.11 | 0.088625
2025-06-08 15:51:32,212 - INFO - 1283 | BUY  | 25931.47 |  43.0 |  -7.95% |  -0.88% |   -0.0027 | $   2320.19 | $     16.58 | 0.088834
2025-06-08 15:51:32,212 - INFO - 1284 | BUY  | 25800.72 |  47.4 |  -8.40% |  -0.95% |   -0.0026 | $   2308.49 | $     12.44 | 0.088992
2025-06-08 15:51:32,212 - INFO - 1285 | BUY  | 25868.80 |  47.6 |  -8.14% |  -0.54% |   -0.0024 | $   2314.49 | $      9.33 | 0.089110
2025-06-08 15:51:32,212 - INFO - 1286 | HOLD | 25969.57 |  47.7 |  -7.78% |  -0.46% |   -0.0024 | $   2323.47 | $      9.33 | 0.089110
2025-06-08 15:51:32,212 - INFO - 1287 | BUY  | 25812.42 |  46.8 |  -8.33% |  -1.13% |   -0.0023 | $   2309.42 | $      7.00 | 0.089198
2025-06-08 15:51:32,212 - INFO - 1288 | SELL | 25779.98 |  47.4 |  -8.44% |  -7.02% |   -0.0021 | $   2277.78 | $    553.13 | 0.066899
2025-06-08 15:51:32,212 - INFO - 1289 | HOLD | 25753.24 |  42.4 |  -8.54% |  -5.66% |   -0.0012 | $   2275.99 | $    553.13 | 0.066899
2025-06-08 15:51:32,212 - INFO - 1290 | BUY  | 26240.20 |  50.8 |  -6.81% |   1.19% |   -0.0004 | $   2305.86 | $    414.85 | 0.072065
2025-06-08 15:51:32,212 - INFO - 1291 | SELL | 25905.65 |  48.5 |  -7.54% |   0.41% |   -0.0009 | $   2258.41 | $    858.24 | 0.054049
2025-06-08 15:51:32,212 - INFO - 1292 | BUY  | 25895.68 |  48.8 |  -7.58% |   0.10% |   -0.0010 | $   2253.66 | $    643.68 | 0.062172
2025-06-08 15:51:32,212 - INFO - 1293 | BUY  | 25832.23 |  47.3 |  -6.88% |  -0.53% |   -0.0010 | $   2246.56 | $    482.76 | 0.068279
2025-06-08 15:51:32,212 - INFO - 1294 | BUY  | 25162.65 |  41.4 |  -8.73% |  -2.52% |   -0.0015 | $   2198.48 | $    362.07 | 0.072982
2025-06-08 15:51:32,212 - INFO - 1295 | HOLD | 25833.34 |  29.2 |  -5.77% |   0.21% |   -0.0012 | $   2247.43 | $    362.07 | 0.072982
2025-06-08 15:51:32,213 - INFO - 
Action distribution for Episode 490:
2025-06-08 15:51:32,213 - INFO -   HOLD:  513 ( 39.6%)
2025-06-08 15:51:32,213 - INFO -   BUY:   557 ( 43.0%)
2025-06-08 15:51:32,213 - INFO -   SELL:  226 ( 17.4%)
2025-06-08 15:51:32,213 - INFO - ------------------------------------------------------------------------------------------------------------------------
2025-06-08 15:51:33,203 - INFO - Step 636000: Loss = 0.000011, Epsilon = 0.3932
2025-06-08 15:51:33,203 - INFO - Step 636000: Target network updated
2025-06-08 15:51:33,544 - INFO - Episode 491: Reward = -0.7049, Portfolio = $6123.32, Return = -38.77%, Cash = $2884.90, Crypto = 0.125358, Steps = 1296
2025-06-08 15:51:34,160 - INFO - Step 637000: Loss = 0.000031, Epsilon = 0.3922
2025-06-08 15:51:34,740 - INFO - Episode 492: Reward = -1.1983, Portfolio = $2722.64, Return = -72.77%, Cash = $1279.48, Crypto = 0.055864, Steps = 1296
2025-06-08 15:51:35,100 - INFO - Step 638000: Loss = 0.000006, Epsilon = 0.3913
2025-06-08 15:51:35,100 - INFO - Step 638000: Target network updated
2025-06-08 15:51:36,056 - INFO - Episode 493: Reward = -0.7805, Portfolio = $4590.44, Return = -54.10%, Cash = $638.57, Crypto = 0.152976, Steps = 1296
2025-06-08 15:51:36,138 - INFO - Step 639000: Loss = 0.000015, Epsilon = 0.3903
2025-06-08 15:51:37,089 - INFO - Step 640000: Loss = 0.000006, Epsilon = 0.3894
2025-06-08 15:51:37,089 - INFO - Step 640000: Target network updated
2025-06-08 15:51:37,300 - INFO - Episode 494: Reward = -0.9367, Portfolio = $3282.01, Return = -67.18%, Cash = $1750.62, Crypto = 0.059280, Steps = 1296
2025-06-08 15:51:38,084 - INFO - Step 641000: Loss = 0.000008, Epsilon = 0.3884
2025-06-08 15:51:38,597 - INFO - Episode 495: Reward = -0.8052, Portfolio = $2090.01, Return = -79.10%, Cash = $1734.46, Crypto = 0.013763, Steps = 1296
2025-06-08 15:51:39,040 - INFO - Step 642000: Loss = 0.000007, Epsilon = 0.3875
2025-06-08 15:51:39,040 - INFO - Step 642000: Target network updated
2025-06-08 15:51:39,798 - INFO - Episode 496: Reward = -1.0045, Portfolio = $5502.87, Return = -44.97%, Cash = $3683.28, Crypto = 0.070436, Steps = 1296
2025-06-08 15:51:39,979 - INFO - Step 643000: Loss = 0.000010, Epsilon = 0.3865
2025-06-08 15:51:40,961 - INFO - Step 644000: Loss = 0.000006, Epsilon = 0.3855
2025-06-08 15:51:40,961 - INFO - Step 644000: Target network updated
2025-06-08 15:51:41,064 - INFO - Episode 497: Reward = -0.7873, Portfolio = $2750.04, Return = -72.50%, Cash = $240.56, Crypto = 0.097141, Steps = 1296
2025-06-08 15:51:41,937 - INFO - Step 645000: Loss = 0.000008, Epsilon = 0.3846
2025-06-08 15:51:42,358 - INFO - Episode 498: Reward = -1.0827, Portfolio = $2080.10, Return = -79.20%, Cash = $1381.42, Crypto = 0.027046, Steps = 1296
2025-06-08 15:51:42,926 - INFO - Step 646000: Loss = 0.000033, Epsilon = 0.3836
2025-06-08 15:51:42,926 - INFO - Step 646000: Target network updated
2025-06-08 15:51:43,615 - INFO - Episode 499: Reward = -0.7326, Portfolio = $2239.27, Return = -77.61%, Cash = $1722.18, Crypto = 0.020017, Steps = 1296
2025-06-08 15:51:43,897 - INFO - Step 647000: Loss = 0.000006, Epsilon = 0.3827
2025-06-08 15:51:44,833 - INFO - Step 648000: Loss = 0.000007, Epsilon = 0.3817
2025-06-08 15:51:44,833 - INFO - Step 648000: Target network updated
2025-06-08 15:51:44,833 - INFO - Episode 500: Reward = -0.7508, Portfolio = $7382.96, Return = -26.17%, Cash = $3080.39, Crypto = 0.166551, Steps = 1296
2025-06-08 15:51:44,833 - INFO - Episode 500 Summary: Avg Reward (100 eps) = -1.1472, Avg Portfolio (100 eps) = $2731.78, Epsilon = 0.382
2025-06-08 15:51:44,833 - INFO - 
Detailed steps for Episode 500:
2025-06-08 15:51:44,833 - INFO - Step | Action | Price    | RSI   | PnL    | WkChg  | Reward    | Portfolio   | Cash       | Crypto
2025-06-08 15:51:44,834 - INFO - ------------------------------------------------------------------------------------------------------------------------
2025-06-08 15:51:44,834 - INFO -    0 | SELL |  9341.71 |  35.4 |  -2.00% |  -7.89% |   -0.0100 | $  10000.00 | $  10000.00 | 0.000000
2025-06-08 15:51:44,834 - INFO -    1 | HOLD |  8820.52 |  27.7 |  -2.00% |  -8.44% |    0.0000 | $  10000.00 | $  10000.00 | 0.000000
2025-06-08 15:51:44,834 - INFO -    2 | SELL |  8784.49 |  28.3 |  -2.00% |  -8.58% |   -0.0100 | $  10000.00 | $  10000.00 | 0.000000
2025-06-08 15:51:44,834 - INFO -    3 | HOLD |  8672.46 |  25.2 |  -2.00% | -10.47% |    0.0000 | $  10000.00 | $  10000.00 | 0.000000
2025-06-08 15:51:44,834 - INFO -    4 | SELL |  8599.51 |  28.2 |  -2.00% | -11.01% |   -0.0100 | $  10000.00 | $  10000.00 | 0.000000
2025-06-08 15:51:44,834 - INFO -    5 | HOLD |  8562.45 |  26.8 |  -2.00% | -13.72% |    0.0000 | $  10000.00 | $  10000.00 | 0.000000
2025-06-08 15:51:44,834 - INFO -    6 | BUY  |  8869.67 |  36.4 |  -2.00% |  -8.09% |   -0.0049 | $   9950.98 | $   7500.00 | 0.276333
2025-06-08 15:51:44,834 - INFO -    7 | HOLD |  8787.79 |  24.4 |  -0.92% |  -5.93% |   -0.0023 | $   9928.35 | $   7500.00 | 0.276333
2025-06-08 15:51:44,834 - INFO -    8 | HOLD |  8755.25 |  29.8 |  -1.29% |  -0.74% |   -0.0009 | $   9919.36 | $   7500.00 | 0.276333
2025-06-08 15:51:44,834 - INFO -    9 | HOLD |  9078.76 |  39.3 |   2.36% |   3.35% |    0.0090 | $  10008.76 | $   7500.00 | 0.276333
2025-06-08 15:51:44,834 - INFO -   10 | HOLD |  9122.55 |  38.4 |   2.85% |   5.19% |    0.0012 | $  10020.86 | $   7500.00 | 0.276333
2025-06-08 15:51:44,834 - INFO -   11 | HOLD |  8909.95 |  35.7 |   0.45% |   3.61% |   -0.0059 | $   9962.11 | $   7500.00 | 0.276333
2025-06-08 15:51:44,834 - INFO -   12 | HOLD |  8108.12 |  21.3 |  -8.59% |  -5.31% |   -0.0222 | $   9740.54 | $   7500.00 | 0.276333
2025-06-08 15:51:44,834 - INFO -   13 | BUY  |  7923.64 |  21.9 | -10.67% | -10.67% |   -0.0090 | $   9652.80 | $   5625.00 | 0.508326
2025-06-08 15:51:44,834 - INFO -   14 | HOLD |  7909.73 |  24.3 |  -6.26% |  -9.99% |   -0.0007 | $   9645.72 | $   5625.00 | 0.508326
2025-06-08 15:51:44,834 - INFO -   15 | SELL |  7911.43 |  29.9 |  -6.24% |  -9.64% |   -0.0051 | $   9596.32 | $   6580.13 | 0.381245
2025-06-08 15:51:44,834 - INFO -   16 | HOLD |  4970.79 |  13.1 | -41.09% | -45.25% |   -0.1168 | $   8475.21 | $   6580.13 | 0.381245
2025-06-08 15:51:44,834 - INFO -   17 | HOLD |  5563.71 |  22.5 | -34.06% | -39.01% |    0.0267 | $   8701.26 | $   6580.13 | 0.381245
2025-06-08 15:51:44,834 - INFO -   18 | HOLD |  5200.37 |  21.4 | -38.37% | -41.63% |   -0.0159 | $   8562.74 | $   6580.13 | 0.381245
2025-06-08 15:51:44,834 - INFO -   19 | HOLD |  5392.31 |  24.0 | -36.09% | -33.49% |   -0.0026 | $   8635.92 | $   6580.13 | 0.381245
2025-06-08 15:51:44,834 - INFO -   ...    ...      ...       ...     ...       ...      ...         ...          ...         ...
2025-06-08 15:51:44,834 - INFO - 1276 | HOLD | 26162.37 |  14.8 |  -9.56% |  -1.88% |   -0.0032 | $   7623.74 | $   2194.68 | 0.207514
2025-06-08 15:51:44,834 - INFO - 1277 | HOLD | 26047.67 |  14.5 |  -9.96% |  -0.01% |   -0.0033 | $   7599.94 | $   2194.68 | 0.207514
2025-06-08 15:51:44,834 - INFO - 1278 | HOLD | 26008.46 |  14.0 | -10.10% |  -0.34% |   -0.0032 | $   7591.80 | $   2194.68 | 0.207514
2025-06-08 15:51:44,834 - INFO - 1279 | HOLD | 26089.69 |  15.9 |  -9.81% |  -0.38% |   -0.0033 | $   7608.66 | $   2194.68 | 0.207514
2025-06-08 15:51:44,834 - INFO - 1280 | HOLD | 26106.15 |  13.9 |  -9.76% |  -0.07% |   -0.0039 | $   7612.07 | $   2194.68 | 0.207514
2025-06-08 15:51:44,834 - INFO - 1281 | HOLD | 27727.39 |  37.9 |  -4.15% |   6.51% |   -0.0015 | $   7948.50 | $   2194.68 | 0.207514
2025-06-08 15:51:44,834 - INFO - 1282 | HOLD | 27297.27 |  38.1 |  -5.64% |   3.27% |   -0.0016 | $   7859.25 | $   2194.68 | 0.207514
2025-06-08 15:51:44,834 - INFO - 1283 | HOLD | 25931.47 |  43.0 | -10.36% |  -0.88% |   -0.0025 | $   7575.83 | $   2194.68 | 0.207514
2025-06-08 15:51:44,834 - INFO - 1284 | HOLD | 25800.72 |  47.4 | -10.81% |  -0.95% |   -0.0026 | $   7548.69 | $   2194.68 | 0.207514
2025-06-08 15:51:44,834 - INFO - 1285 | BUY  | 25868.80 |  47.6 | -10.58% |  -0.54% |   -0.0025 | $   7552.06 | $   1646.01 | 0.228308
2025-06-08 15:51:44,834 - INFO - 1286 | SELL | 25969.57 |  47.7 |  -9.36% |  -0.46% |   -0.0028 | $   7500.95 | $   3054.16 | 0.171231
2025-06-08 15:51:44,834 - INFO - 1287 | HOLD | 25812.42 |  46.8 |  -9.90% |  -1.13% |   -0.0027 | $   7474.05 | $   3054.16 | 0.171231
2025-06-08 15:51:44,834 - INFO - 1288 | BUY  | 25779.98 |  47.4 | -10.02% |  -7.02% |   -0.0025 | $   7453.52 | $   2290.62 | 0.200268
2025-06-08 15:51:44,834 - INFO - 1289 | BUY  | 25753.24 |  42.4 |  -8.79% |  -5.66% |   -0.0014 | $   7436.94 | $   1717.97 | 0.222068
2025-06-08 15:51:44,834 - INFO - 1290 | HOLD | 26240.20 |  50.8 |  -6.25% |   1.19% |   -0.0002 | $   7545.07 | $   1717.97 | 0.222068
2025-06-08 15:51:44,834 - INFO - 1291 | HOLD | 25905.65 |  48.5 |  -7.45% |   0.41% |   -0.0006 | $   7470.78 | $   1717.97 | 0.222068
2025-06-08 15:51:44,834 - INFO - 1292 | HOLD | 25895.68 |  48.8 |  -7.48% |   0.10% |   -0.0007 | $   7468.57 | $   1717.97 | 0.222068
2025-06-08 15:51:44,834 - INFO - 1293 | SELL | 25832.23 |  47.3 |  -7.71% |  -0.53% |   -0.0011 | $   7382.77 | $   3080.39 | 0.166551
2025-06-08 15:51:44,834 - INFO - 1294 | HOLD | 25162.65 |  41.4 | -10.10% |  -2.52% |   -0.0015 | $   7271.25 | $   3080.39 | 0.166551
2025-06-08 15:51:44,834 - INFO - 1295 | HOLD | 25833.34 |  29.2 |  -7.71% |   0.21% |   -0.0013 | $   7382.96 | $   3080.39 | 0.166551
2025-06-08 15:51:44,835 - INFO - 
Action distribution for Episode 500:
2025-06-08 15:51:44,835 - INFO -   HOLD:  643 ( 49.6%)
2025-06-08 15:51:44,835 - INFO -   BUY:   410 ( 31.6%)
2025-06-08 15:51:44,835 - INFO -   SELL:  243 ( 18.8%)
2025-06-08 15:51:44,835 - INFO - ------------------------------------------------------------------------------------------------------------------------
2025-06-08 15:51:45,826 - INFO - Step 649000: Loss = 0.000007, Epsilon = 0.3808
2025-06-08 15:51:46,128 - INFO - Episode 501: Reward = -0.6087, Portfolio = $4007.92, Return = -59.92%, Cash = $955.66, Crypto = 0.118152, Steps = 1296
2025-06-08 15:51:46,807 - INFO - Step 650000: Loss = 0.000007, Epsilon = 0.3798
2025-06-08 15:51:46,808 - INFO - Step 650000: Target network updated
2025-06-08 15:51:47,362 - INFO - Episode 502: Reward = -0.6837, Portfolio = $3424.70, Return = -65.75%, Cash = $341.32, Crypto = 0.119357, Steps = 1296
2025-06-08 15:51:47,812 - INFO - Step 651000: Loss = 0.000010, Epsilon = 0.3789
2025-06-08 15:51:48,747 - INFO - Episode 503: Reward = -0.9812, Portfolio = $2078.32, Return = -79.22%, Cash = $1307.27, Crypto = 0.029847, Steps = 1296
2025-06-08 15:51:48,865 - INFO - Step 652000: Loss = 0.000007, Epsilon = 0.3779
2025-06-08 15:51:48,865 - INFO - Step 652000: Target network updated
2025-06-08 15:51:49,909 - INFO - Step 653000: Loss = 0.000010, Epsilon = 0.3770
2025-06-08 15:51:50,102 - INFO - Episode 504: Reward = -0.6137, Portfolio = $5518.18, Return = -44.82%, Cash = $1387.64, Crypto = 0.159892, Steps = 1296
2025-06-08 15:51:50,917 - INFO - Step 654000: Loss = 0.000015, Epsilon = 0.3760
2025-06-08 15:51:50,918 - INFO - Step 654000: Target network updated
2025-06-08 15:51:51,381 - INFO - Episode 505: Reward = -0.8383, Portfolio = $3801.84, Return = -61.98%, Cash = $1454.90, Crypto = 0.090849, Steps = 1296
2025-06-08 15:51:51,903 - INFO - Step 655000: Loss = 0.000006, Epsilon = 0.3750
2025-06-08 15:51:52,693 - INFO - Episode 506: Reward = -0.5988, Portfolio = $4383.49, Return = -56.17%, Cash = $2468.49, Crypto = 0.074129, Steps = 1296
2025-06-08 15:51:52,928 - INFO - Step 656000: Loss = 0.000008, Epsilon = 0.3741
2025-06-08 15:51:52,928 - INFO - Step 656000: Target network updated
2025-06-08 15:51:53,938 - INFO - Step 657000: Loss = 0.000010, Epsilon = 0.3731
2025-06-08 15:51:54,003 - INFO - Episode 507: Reward = -0.7985, Portfolio = $3126.85, Return = -68.73%, Cash = $2059.19, Crypto = 0.041329, Steps = 1296
2025-06-08 15:51:54,914 - INFO - Step 658000: Loss = 0.000010, Epsilon = 0.3722
2025-06-08 15:51:54,915 - INFO - Step 658000: Target network updated
2025-06-08 15:51:55,284 - INFO - Episode 508: Reward = -0.7072, Portfolio = $3460.82, Return = -65.39%, Cash = $1232.00, Crypto = 0.086277, Steps = 1296
2025-06-08 15:51:55,931 - INFO - Step 659000: Loss = 0.000006, Epsilon = 0.3712
2025-06-08 15:51:56,598 - INFO - Episode 509: Reward = -0.6605, Portfolio = $5161.21, Return = -48.39%, Cash = $3128.87, Crypto = 0.078671, Steps = 1296
2025-06-08 15:51:56,948 - INFO - Step 660000: Loss = 0.000007, Epsilon = 0.3703
2025-06-08 15:51:56,948 - INFO - Step 660000: Target network updated
2025-06-08 15:51:57,875 - INFO - Episode 510: Reward = -0.8517, Portfolio = $3348.73, Return = -66.51%, Cash = $898.60, Crypto = 0.094844, Steps = 1296
2025-06-08 15:51:57,875 - INFO - Episode 510 Summary: Avg Reward (100 eps) = -1.0823, Avg Portfolio (100 eps) = $2895.03, Epsilon = 0.369
2025-06-08 15:51:57,875 - INFO - 
Detailed steps for Episode 510:
2025-06-08 15:51:57,875 - INFO - Step | Action | Price    | RSI   | PnL    | WkChg  | Reward    | Portfolio   | Cash       | Crypto
2025-06-08 15:51:57,875 - INFO - ------------------------------------------------------------------------------------------------------------------------
2025-06-08 15:51:57,875 - INFO -    0 | HOLD |  9341.71 |  35.4 |  -2.00% |  -7.89% |    0.0000 | $  10000.00 | $  10000.00 | 0.000000
2025-06-08 15:51:57,875 - INFO -    1 | HOLD |  8820.52 |  27.7 |  -2.00% |  -8.44% |    0.0000 | $  10000.00 | $  10000.00 | 0.000000
2025-06-08 15:51:57,876 - INFO -    2 | SELL |  8784.49 |  28.3 |  -2.00% |  -8.58% |   -0.0100 | $  10000.00 | $  10000.00 | 0.000000
2025-06-08 15:51:57,876 - INFO -    3 | BUY  |  8672.46 |  25.2 |  -2.00% | -10.47% |   -0.0049 | $   9950.98 | $   7500.00 | 0.282617
2025-06-08 15:51:57,876 - INFO -    4 | SELL |  8599.51 |  28.2 |  -0.84% | -11.01% |   -0.0051 | $   9899.98 | $   8077.21 | 0.211963
2025-06-08 15:51:57,876 - INFO -    5 | SELL |  8562.45 |  26.8 |  -1.27% | -13.72% |   -0.0031 | $   9869.44 | $   8508.25 | 0.158972
2025-06-08 15:51:57,876 - INFO -    6 | HOLD |  8869.67 |  36.4 |   2.27% |  -8.09% |    0.0049 | $   9918.28 | $   8508.25 | 0.158972
2025-06-08 15:51:57,876 - INFO -    7 | HOLD |  8787.79 |  24.4 |   1.33% |  -5.93% |   -0.0013 | $   9905.27 | $   8508.25 | 0.158972
2025-06-08 15:51:57,876 - INFO -    8 | HOLD |  8755.25 |  29.8 |   0.95% |  -0.74% |   -0.0005 | $   9900.09 | $   8508.25 | 0.158972
2025-06-08 15:51:57,876 - INFO -    9 | SELL |  9078.76 |  39.3 |   4.69% |   3.35% |    0.0034 | $   9933.48 | $   8851.03 | 0.119229
2025-06-08 15:51:57,876 - INFO -   10 | HOLD |  9122.55 |  38.4 |   5.19% |   5.19% |    0.0005 | $   9938.70 | $   8851.03 | 0.119229
2025-06-08 15:51:57,876 - INFO -   11 | HOLD |  8909.95 |  35.7 |   2.74% |   3.61% |   -0.0026 | $   9913.36 | $   8851.03 | 0.119229
2025-06-08 15:51:57,876 - INFO -   12 | HOLD |  8108.12 |  21.3 |  -6.51% |  -5.31% |   -0.0096 | $   9817.75 | $   8851.03 | 0.119229
2025-06-08 15:51:57,876 - INFO -   13 | SELL |  7923.64 |  21.9 |  -8.63% | -10.67% |   -0.0034 | $   9783.95 | $   9075.40 | 0.089422
2025-06-08 15:51:57,876 - INFO -   14 | HOLD |  7909.73 |  24.3 |  -8.79% |  -9.99% |   -0.0001 | $   9782.71 | $   9075.40 | 0.089422
2025-06-08 15:51:57,876 - INFO -   15 | HOLD |  7911.43 |  29.9 |  -8.78% |  -9.64% |    0.0000 | $   9782.86 | $   9075.40 | 0.089422
2025-06-08 15:51:57,876 - INFO -   16 | HOLD |  4970.79 |  13.1 | -42.68% | -45.25% |   -0.0269 | $   9519.90 | $   9075.40 | 0.089422
2025-06-08 15:51:57,876 - INFO -   17 | HOLD |  5563.71 |  22.5 | -35.85% | -39.01% |    0.0056 | $   9572.92 | $   9075.40 | 0.089422
2025-06-08 15:51:57,876 - INFO -   18 | HOLD |  5200.37 |  21.4 | -40.04% | -41.63% |   -0.0034 | $   9540.43 | $   9075.40 | 0.089422
2025-06-08 15:51:57,876 - INFO -   19 | HOLD |  5392.31 |  24.0 | -37.82% | -33.49% |   -0.0035 | $   9557.59 | $   9075.40 | 0.089422
2025-06-08 15:51:57,876 - INFO -   ...    ...      ...       ...     ...       ...      ...         ...          ...         ...
2025-06-08 15:51:57,876 - INFO - 1276 | HOLD | 26162.37 |  14.8 |  -7.91% |  -1.88% |   -0.0046 | $   3596.55 | $   2275.81 | 0.050482
2025-06-08 15:51:57,876 - INFO - 1277 | SELL | 26047.67 |  14.5 |  -8.32% |  -0.01% |   -0.0049 | $   3574.32 | $   2588.11 | 0.037862
2025-06-08 15:51:57,876 - INFO - 1278 | HOLD | 26008.46 |  14.0 |  -8.45% |  -0.34% |   -0.0045 | $   3572.84 | $   2588.11 | 0.037862
2025-06-08 15:51:57,876 - INFO - 1279 | BUY  | 26089.69 |  15.9 |  -8.17% |  -0.38% |   -0.0048 | $   3563.23 | $   1941.08 | 0.062176
2025-06-08 15:51:57,876 - INFO - 1280 | SELL | 26106.15 |  13.9 |  -5.08% |  -0.07% |   -0.0058 | $   3543.96 | $   2326.59 | 0.046632
2025-06-08 15:51:57,876 - INFO - 1281 | BUY  | 27727.39 |  37.9 |   0.82% |   6.51% |   -0.0043 | $   3608.16 | $   1744.94 | 0.067198
2025-06-08 15:51:57,876 - INFO - 1282 | SELL | 27297.27 |  38.1 |  -0.99% |   3.27% |   -0.0047 | $   3556.32 | $   2180.59 | 0.050398
2025-06-08 15:51:57,876 - INFO - 1283 | BUY  | 25931.47 |  43.0 |  -5.95% |  -0.88% |   -0.0053 | $   3476.80 | $   1635.44 | 0.071009
2025-06-08 15:51:57,876 - INFO - 1284 | BUY  | 25800.72 |  47.4 |  -4.78% |  -0.95% |   -0.0055 | $   3459.50 | $   1226.58 | 0.086545
2025-06-08 15:51:57,876 - INFO - 1285 | SELL | 25868.80 |  47.6 |  -3.70% |  -0.54% |   -0.0057 | $   3437.41 | $   1758.30 | 0.064909
2025-06-08 15:51:57,876 - INFO - 1286 | BUY  | 25969.57 |  47.7 |  -3.33% |  -0.46% |   -0.0059 | $   3435.33 | $   1318.72 | 0.081503
2025-06-08 15:51:57,876 - INFO - 1287 | BUY  | 25812.42 |  46.8 |  -3.26% |  -1.13% |   -0.0059 | $   3416.06 | $    989.04 | 0.094025
2025-06-08 15:51:57,876 - INFO - 1288 | BUY  | 25779.98 |  47.4 |  -2.96% |  -7.02% |   -0.0056 | $   3408.16 | $    741.78 | 0.103428
2025-06-08 15:51:57,876 - INFO - 1289 | HOLD | 25753.24 |  42.4 |  -2.80% |  -5.66% |   -0.0054 | $   3405.39 | $    741.78 | 0.103428
2025-06-08 15:51:57,876 - INFO - 1290 | SELL | 26240.20 |  50.8 |  -0.96% |   1.19% |   -0.0043 | $   3421.83 | $   1386.35 | 0.077571
2025-06-08 15:51:57,876 - INFO - 1291 | BUY  | 25905.65 |  48.5 |  -2.22% |   0.41% |   -0.0047 | $   3389.09 | $   1039.76 | 0.090688
2025-06-08 15:51:57,876 - INFO - 1292 | SELL | 25895.68 |  48.8 |  -1.94% |   0.10% |   -0.0049 | $   3358.83 | $   1597.51 | 0.068016
2025-06-08 15:51:57,876 - INFO - 1293 | BUY  | 25832.23 |  47.3 |  -2.18% |  -0.53% |   -0.0051 | $   3346.68 | $   1198.13 | 0.083173
2025-06-08 15:51:57,876 - INFO - 1294 | BUY  | 25162.65 |  41.4 |  -4.34% |  -2.52% |   -0.0057 | $   3285.12 | $    898.60 | 0.094844
2025-06-08 15:51:57,876 - INFO - 1295 | HOLD | 25833.34 |  29.2 |  -1.26% |   0.21% |   -0.0039 | $   3348.73 | $    898.60 | 0.094844
2025-06-08 15:51:57,876 - INFO - 
Action distribution for Episode 510:
2025-06-08 15:51:57,877 - INFO -   HOLD:  693 ( 53.5%)
2025-06-08 15:51:57,877 - INFO -   BUY:   403 ( 31.1%)
2025-06-08 15:51:57,877 - INFO -   SELL:  200 ( 15.4%)
2025-06-08 15:51:57,877 - INFO - ------------------------------------------------------------------------------------------------------------------------
2025-06-08 15:51:57,918 - INFO - Step 661000: Loss = 0.000006, Epsilon = 0.3693
2025-06-08 15:51:58,910 - INFO - Step 662000: Loss = 0.000013, Epsilon = 0.3684
2025-06-08 15:51:58,910 - INFO - Step 662000: Target network updated
2025-06-08 15:51:59,174 - INFO - Episode 511: Reward = -1.5523, Portfolio = $1068.90, Return = -89.31%, Cash = $781.33, Crypto = 0.011132, Steps = 1296
2025-06-08 15:51:59,887 - INFO - Step 663000: Loss = 0.000005, Epsilon = 0.3674
2025-06-08 15:52:00,403 - INFO - Episode 512: Reward = -0.6447, Portfolio = $4220.17, Return = -57.80%, Cash = $1583.59, Crypto = 0.102061, Steps = 1296
2025-06-08 15:52:00,832 - INFO - Step 664000: Loss = 0.000005, Epsilon = 0.3665
2025-06-08 15:52:00,833 - INFO - Step 664000: Target network updated
2025-06-08 15:52:01,634 - INFO - Episode 513: Reward = -0.4967, Portfolio = $4618.70, Return = -53.81%, Cash = $1012.33, Crypto = 0.139601, Steps = 1296
2025-06-08 15:52:01,777 - INFO - Step 665000: Loss = 0.000006, Epsilon = 0.3655
2025-06-08 15:52:02,787 - INFO - Step 666000: Loss = 0.000005, Epsilon = 0.3646
2025-06-08 15:52:02,787 - INFO - Step 666000: Target network updated
2025-06-08 15:52:02,919 - INFO - Episode 514: Reward = -0.7181, Portfolio = $3057.44, Return = -69.43%, Cash = $2622.94, Crypto = 0.016819, Steps = 1296
2025-06-08 15:52:03,721 - INFO - Step 667000: Loss = 0.000006, Epsilon = 0.3636
2025-06-08 15:52:04,145 - INFO - Episode 515: Reward = -0.7152, Portfolio = $4997.29, Return = -50.03%, Cash = $4041.06, Crypto = 0.037016, Steps = 1296
2025-06-08 15:52:04,746 - INFO - Step 668000: Loss = 0.000006, Epsilon = 0.3626
2025-06-08 15:52:04,747 - INFO - Step 668000: Target network updated
2025-06-08 15:52:05,441 - INFO - Episode 516: Reward = -1.0528, Portfolio = $3365.04, Return = -66.35%, Cash = $1958.82, Crypto = 0.054434, Steps = 1296
2025-06-08 15:52:05,708 - INFO - Step 669000: Loss = 0.000006, Epsilon = 0.3617
2025-06-08 15:52:06,737 - INFO - Step 670000: Loss = 0.000024, Epsilon = 0.3607
2025-06-08 15:52:06,737 - INFO - Step 670000: Target network updated
2025-06-08 15:52:06,772 - INFO - Episode 517: Reward = -0.7298, Portfolio = $3337.36, Return = -66.63%, Cash = $61.47, Crypto = 0.126808, Steps = 1296
2025-06-08 15:52:07,809 - INFO - Step 671000: Loss = 0.000017, Epsilon = 0.3598
2025-06-08 15:52:08,172 - INFO - Episode 518: Reward = -0.8977, Portfolio = $2964.24, Return = -70.36%, Cash = $419.95, Crypto = 0.098489, Steps = 1296
2025-06-08 15:52:08,839 - INFO - Step 672000: Loss = 0.000009, Epsilon = 0.3588
2025-06-08 15:52:08,839 - INFO - Step 672000: Target network updated
2025-06-08 15:52:09,433 - INFO - Episode 519: Reward = -1.1425, Portfolio = $2926.94, Return = -70.73%, Cash = $261.87, Crypto = 0.103164, Steps = 1296
2025-06-08 15:52:09,809 - INFO - Step 673000: Loss = 0.000008, Epsilon = 0.3579
2025-06-08 15:52:10,760 - INFO - Episode 520: Reward = -0.8198, Portfolio = $4051.05, Return = -59.49%, Cash = $149.17, Crypto = 0.151040, Steps = 1296
2025-06-08 15:52:10,760 - INFO - Episode 520 Summary: Avg Reward (100 eps) = -1.0532, Avg Portfolio (100 eps) = $2978.52, Epsilon = 0.357
2025-06-08 15:52:10,760 - INFO - 
Detailed steps for Episode 520:
2025-06-08 15:52:10,760 - INFO - Step | Action | Price    | RSI   | PnL    | WkChg  | Reward    | Portfolio   | Cash       | Crypto
2025-06-08 15:52:10,760 - INFO - ------------------------------------------------------------------------------------------------------------------------
2025-06-08 15:52:10,760 - INFO -    0 | HOLD |  9341.71 |  35.4 |  -2.00% |  -7.89% |    0.0000 | $  10000.00 | $  10000.00 | 0.000000
2025-06-08 15:52:10,760 - INFO -    1 | HOLD |  8820.52 |  27.7 |  -2.00% |  -8.44% |    0.0000 | $  10000.00 | $  10000.00 | 0.000000
2025-06-08 15:52:10,760 - INFO -    2 | HOLD |  8784.49 |  28.3 |  -2.00% |  -8.58% |    0.0000 | $  10000.00 | $  10000.00 | 0.000000
2025-06-08 15:52:10,760 - INFO -    3 | BUY  |  8672.46 |  25.2 |  -2.00% | -10.47% |   -0.0049 | $   9950.98 | $   7500.00 | 0.282617
2025-06-08 15:52:10,760 - INFO -    4 | BUY  |  8599.51 |  28.2 |  -0.84% | -11.01% |   -0.0058 | $   9893.60 | $   5625.00 | 0.496377
2025-06-08 15:52:10,760 - INFO -    5 | SELL |  8562.45 |  26.8 |  -0.91% | -13.72% |   -0.0072 | $   9822.08 | $   6634.42 | 0.372283
2025-06-08 15:52:10,760 - INFO -    6 | SELL |  8869.67 |  36.4 |   2.65% |  -8.09% |    0.0074 | $   9895.18 | $   7418.66 | 0.279212
2025-06-08 15:52:10,760 - INFO -    7 | HOLD |  8787.79 |  24.4 |   1.70% |  -5.93% |   -0.0023 | $   9872.31 | $   7418.66 | 0.279212
2025-06-08 15:52:10,760 - INFO -    8 | HOLD |  8755.25 |  29.8 |   1.32% |  -0.74% |   -0.0009 | $   9863.23 | $   7418.66 | 0.279212
2025-06-08 15:52:10,760 - INFO -    9 | BUY  |  9078.76 |  39.3 |   5.07% |   3.35% |    0.0055 | $   9917.19 | $   5563.99 | 0.479493
2025-06-08 15:52:10,760 - INFO -   10 | HOLD |  9122.55 |  38.4 |   3.38% |   5.19% |    0.0021 | $   9938.18 | $   5563.99 | 0.479493
2025-06-08 15:52:10,760 - INFO -   11 | SELL |  8909.95 |  35.7 |   0.98% |   3.61% |   -0.0156 | $   9782.84 | $   6578.65 | 0.359619
2025-06-08 15:52:10,760 - INFO -   12 | HOLD |  8108.12 |  21.3 |  -8.11% |  -5.31% |   -0.0295 | $   9494.49 | $   6578.65 | 0.359619
2025-06-08 15:52:10,760 - INFO -   13 | HOLD |  7923.64 |  21.9 | -10.20% | -10.67% |   -0.0070 | $   9428.15 | $   6578.65 | 0.359619
2025-06-08 15:52:10,760 - INFO -   14 | HOLD |  7909.73 |  24.3 | -10.36% |  -9.99% |   -0.0005 | $   9423.14 | $   6578.65 | 0.359619
2025-06-08 15:52:10,760 - INFO -   15 | HOLD |  7911.43 |  29.9 | -10.34% |  -9.64% |    0.0001 | $   9423.76 | $   6578.65 | 0.359619
2025-06-08 15:52:10,760 - INFO -   16 | SELL |  4970.79 |  13.1 | -43.67% | -45.25% |   -0.1146 | $   8343.90 | $   7003.21 | 0.269715
2025-06-08 15:52:10,760 - INFO -   17 | BUY  |  5563.71 |  22.5 | -36.95% | -39.01% |    0.0151 | $   8469.49 | $   5252.40 | 0.578227
2025-06-08 15:52:10,760 - INFO -   18 | HOLD |  5200.37 |  21.4 | -26.59% | -41.63% |   -0.0248 | $   8259.40 | $   5252.40 | 0.578227
2025-06-08 15:52:10,760 - INFO -   19 | HOLD |  5392.31 |  24.0 | -23.88% | -33.49% |   -0.0032 | $   8370.39 | $   5252.40 | 0.578227
2025-06-08 15:52:10,760 - INFO -   ...    ...      ...       ...     ...       ...      ...         ...          ...         ...
2025-06-08 15:52:10,760 - INFO - 1276 | BUY  | 26162.37 |  14.8 |  -9.54% |  -1.88% |   -0.0034 | $   4256.35 | $     14.31 | 0.162143
2025-06-08 15:52:10,760 - INFO - 1277 | BUY  | 26047.67 |  14.5 |  -9.93% |  -0.01% |   -0.0034 | $   4237.68 | $     10.73 | 0.162277
2025-06-08 15:52:10,760 - INFO - 1278 | SELL | 26008.46 |  14.0 | -10.06% |  -0.34% |   -0.0038 | $   4178.56 | $   1013.12 | 0.121708
2025-06-08 15:52:10,760 - INFO - 1279 | BUY  | 26089.69 |  15.9 |  -9.78% |  -0.38% |   -0.0038 | $   4183.48 | $    759.84 | 0.131226
2025-06-08 15:52:10,760 - INFO - 1280 | BUY  | 26106.15 |  13.9 |  -9.07% |  -0.07% |   -0.0044 | $   4181.91 | $    569.88 | 0.138359
2025-06-08 15:52:10,761 - INFO - 1281 | BUY  | 27727.39 |  37.9 |  -2.97% |   6.51% |   -0.0020 | $   4403.43 | $    427.41 | 0.143397
2025-06-08 15:52:10,761 - INFO - 1282 | BUY  | 27297.27 |  38.1 |  -4.38% |   3.27% |   -0.0022 | $   4339.66 | $    320.56 | 0.147235
2025-06-08 15:52:10,761 - INFO - 1283 | BUY  | 25931.47 |  43.0 |  -9.06% |  -0.88% |   -0.0030 | $   4137.00 | $    240.42 | 0.150264
2025-06-08 15:52:10,761 - INFO - 1284 | BUY  | 25800.72 |  47.4 |  -9.35% |  -0.95% |   -0.0032 | $   4116.17 | $    180.31 | 0.152548
2025-06-08 15:52:10,761 - INFO - 1285 | SELL | 25868.80 |  47.6 |  -8.99% |  -0.54% |   -0.0033 | $   4077.23 | $   1117.55 | 0.114411
2025-06-08 15:52:10,761 - INFO - 1286 | BUY  | 25969.57 |  47.7 |  -8.63% |  -0.46% |   -0.0033 | $   4083.28 | $    838.16 | 0.124959
2025-06-08 15:52:10,761 - INFO - 1287 | BUY  | 25812.42 |  46.8 |  -8.52% |  -1.13% |   -0.0033 | $   4059.53 | $    628.62 | 0.132917
2025-06-08 15:52:10,761 - INFO - 1288 | BUY  | 25779.98 |  47.4 |  -8.16% |  -7.02% |   -0.0030 | $   4052.14 | $    471.46 | 0.138894
2025-06-08 15:52:10,761 - INFO - 1289 | HOLD | 25753.24 |  42.4 |  -7.94% |  -5.66% |   -0.0019 | $   4048.43 | $    471.46 | 0.138894
2025-06-08 15:52:10,761 - INFO - 1290 | BUY  | 26240.20 |  50.8 |  -6.20% |   1.19% |   -0.0008 | $   4113.75 | $    353.60 | 0.143297
2025-06-08 15:52:10,761 - INFO - 1291 | BUY  | 25905.65 |  48.5 |  -7.21% |   0.41% |   -0.0012 | $   4064.08 | $    265.20 | 0.146643
2025-06-08 15:52:10,761 - INFO - 1292 | BUY  | 25895.68 |  48.8 |  -7.10% |   0.10% |   -0.0013 | $   4061.32 | $    198.90 | 0.149153
2025-06-08 15:52:10,761 - INFO - 1293 | BUY  | 25832.23 |  47.3 |  -7.21% |  -0.53% |   -0.0013 | $   4050.88 | $    149.17 | 0.151040
2025-06-08 15:52:10,761 - INFO - 1294 | HOLD | 25162.65 |  41.4 |  -9.54% |  -2.52% |   -0.0019 | $   3949.74 | $    149.17 | 0.151040
2025-06-08 15:52:10,761 - INFO - 1295 | HOLD | 25833.34 |  29.2 |  -7.13% |   0.21% |   -0.0015 | $   4051.05 | $    149.17 | 0.151040
2025-06-08 15:52:10,761 - INFO - 
Action distribution for Episode 520:
2025-06-08 15:52:10,761 - INFO -   HOLD:  695 ( 53.6%)
2025-06-08 15:52:10,761 - INFO -   BUY:   419 ( 32.3%)
2025-06-08 15:52:10,761 - INFO -   SELL:  182 ( 14.0%)
2025-06-08 15:52:10,761 - INFO - ------------------------------------------------------------------------------------------------------------------------
2025-06-08 15:52:10,847 - INFO - Step 674000: Loss = 0.000005, Epsilon = 0.3569
2025-06-08 15:52:10,847 - INFO - Step 674000: Target network updated
2025-06-08 15:52:11,898 - INFO - Step 675000: Loss = 0.000007, Epsilon = 0.3560
2025-06-08 15:52:12,119 - INFO - Episode 521: Reward = -1.5537, Portfolio = $3160.33, Return = -68.40%, Cash = $1825.46, Crypto = 0.051673, Steps = 1296
2025-06-08 15:52:12,865 - INFO - Step 676000: Loss = 0.000005, Epsilon = 0.3550
2025-06-08 15:52:12,865 - INFO - Step 676000: Target network updated
2025-06-08 15:52:13,397 - INFO - Episode 522: Reward = -0.6305, Portfolio = $3179.43, Return = -68.21%, Cash = $431.54, Crypto = 0.106370, Steps = 1296
2025-06-08 15:52:13,883 - INFO - Step 677000: Loss = 0.003068, Epsilon = 0.3541
2025-06-08 15:52:14,768 - INFO - Episode 523: Reward = -1.2979, Portfolio = $3575.31, Return = -64.25%, Cash = $2169.22, Crypto = 0.054429, Steps = 1296
2025-06-08 15:52:14,964 - INFO - Step 678000: Loss = 0.000005, Epsilon = 0.3531
2025-06-08 15:52:14,964 - INFO - Step 678000: Target network updated
2025-06-08 15:52:16,043 - INFO - Step 679000: Loss = 0.000008, Epsilon = 0.3521
2025-06-08 15:52:16,140 - INFO - Episode 524: Reward = -0.7814, Portfolio = $4401.63, Return = -55.98%, Cash = $1772.89, Crypto = 0.101758, Steps = 1296
2025-06-08 15:52:17,058 - INFO - Step 680000: Loss = 0.000007, Epsilon = 0.3512
2025-06-08 15:52:17,059 - INFO - Step 680000: Target network updated
2025-06-08 15:52:17,489 - INFO - Episode 525: Reward = -0.5620, Portfolio = $4479.16, Return = -55.21%, Cash = $1367.25, Crypto = 0.120461, Steps = 1296
2025-06-08 15:52:18,116 - INFO - Step 681000: Loss = 0.000008, Epsilon = 0.3502
2025-06-08 15:52:18,834 - INFO - Episode 526: Reward = -0.7750, Portfolio = $4776.42, Return = -52.24%, Cash = $2261.39, Crypto = 0.097356, Steps = 1296
2025-06-08 15:52:19,141 - INFO - Step 682000: Loss = 0.000006, Epsilon = 0.3493
2025-06-08 15:52:19,141 - INFO - Step 682000: Target network updated
2025-06-08 15:52:20,092 - INFO - Episode 527: Reward = -0.9760, Portfolio = $4655.08, Return = -53.45%, Cash = $65.04, Crypto = 0.177679, Steps = 1296
2025-06-08 15:52:20,100 - INFO - Step 683000: Loss = 0.000007, Epsilon = 0.3483
2025-06-08 15:52:21,116 - INFO - Step 684000: Loss = 0.000006, Epsilon = 0.3474
2025-06-08 15:52:21,116 - INFO - Step 684000: Target network updated
2025-06-08 15:52:21,444 - INFO - Episode 528: Reward = -0.6563, Portfolio = $3374.16, Return = -66.26%, Cash = $582.43, Crypto = 0.108067, Steps = 1296
2025-06-08 15:52:22,178 - INFO - Step 685000: Loss = 0.000098, Epsilon = 0.3464
2025-06-08 15:52:22,779 - INFO - Episode 529: Reward = -0.6628, Portfolio = $5091.71, Return = -49.08%, Cash = $1574.23, Crypto = 0.136161, Steps = 1296
2025-06-08 15:52:23,210 - INFO - Step 686000: Loss = 0.000008, Epsilon = 0.3455
2025-06-08 15:52:23,210 - INFO - Step 686000: Target network updated
2025-06-08 15:52:24,112 - INFO - Episode 530: Reward = -1.3175, Portfolio = $3434.01, Return = -65.66%, Cash = $0.07, Crypto = 0.132927, Steps = 1296
2025-06-08 15:52:24,112 - INFO - Episode 530 Summary: Avg Reward (100 eps) = -1.0051, Avg Portfolio (100 eps) = $3196.32, Epsilon = 0.345
2025-06-08 15:52:24,112 - INFO - 
Detailed steps for Episode 530:
2025-06-08 15:52:24,112 - INFO - Step | Action | Price    | RSI   | PnL    | WkChg  | Reward    | Portfolio   | Cash       | Crypto
2025-06-08 15:52:24,112 - INFO - ------------------------------------------------------------------------------------------------------------------------
2025-06-08 15:52:24,112 - INFO -    0 | BUY  |  9341.71 |  35.4 |  -2.00% |  -7.89% |   -0.0049 | $   9950.98 | $   7500.00 | 0.262370
2025-06-08 15:52:24,112 - INFO -    1 | SELL |  8820.52 |  27.7 |  -5.58% |  -8.44% |   -0.0166 | $   9785.31 | $   8049.63 | 0.196777
2025-06-08 15:52:24,112 - INFO -    2 | BUY  |  8784.49 |  28.3 |  -5.96% |  -8.58% |   -0.0048 | $   9738.76 | $   6037.22 | 0.421372
2025-06-08 15:52:24,113 - INFO -    3 | BUY  |  8672.46 |  25.2 |  -4.12% | -10.47% |   -0.0079 | $   9661.96 | $   4527.92 | 0.591994
2025-06-08 15:52:24,113 - INFO -    4 | SELL |  8599.51 |  28.2 |  -3.78% | -11.01% |   -0.0111 | $   9555.14 | $   5737.00 | 0.443995
2025-06-08 15:52:24,113 - INFO -    5 | BUY  |  8562.45 |  26.8 |  -4.20% | -13.72% |   -0.0047 | $   9510.56 | $   4302.75 | 0.608215
2025-06-08 15:52:24,113 - INFO -    6 | BUY  |  8869.67 |  36.4 |   0.38% |  -8.09% |    0.0174 | $   9676.32 | $   3227.06 | 0.727114
2025-06-08 15:52:24,113 - INFO -    7 | HOLD |  8787.79 |  24.4 |  -0.61% |  -5.93% |   -0.0062 | $   9616.79 | $   3227.06 | 0.727114
2025-06-08 15:52:24,113 - INFO -    8 | SELL |  8755.25 |  29.8 |  -0.98% |  -0.74% |   -0.0107 | $   9513.55 | $   4739.00 | 0.545336
2025-06-08 15:52:24,113 - INFO -    9 | BUY  |  9078.76 |  39.3 |   2.68% |   3.35% |    0.0161 | $   9666.74 | $   3554.25 | 0.673274
2025-06-08 15:52:24,113 - INFO -   10 | BUY  |  9122.55 |  38.4 |   2.65% |   5.19% |    0.0012 | $   9678.80 | $   2665.69 | 0.768767
2025-06-08 15:52:24,113 - INFO -   11 | BUY  |  8909.95 |  35.7 |  -0.07% |   3.61% |   -0.0182 | $   9502.30 | $   1999.27 | 0.842096
2025-06-08 15:52:24,113 - INFO -   12 | BUY  |  8108.12 |  21.3 |  -9.06% |  -5.31% |   -0.0721 | $   8817.27 | $   1499.45 | 0.902531
2025-06-08 15:52:24,113 - INFO -   13 | BUY  |  7923.64 |  21.9 | -10.58% | -10.67% |   -0.0197 | $   8643.43 | $   1124.59 | 0.948913
2025-06-08 15:52:24,113 - INFO -   14 | BUY  |  7909.73 |  24.3 | -10.28% |  -9.99% |   -0.0022 | $   8624.72 | $    843.44 | 0.983760
2025-06-08 15:52:24,113 - INFO -   15 | BUY  |  7911.43 |  29.9 |  -9.93% |  -9.64% |   -0.0003 | $   8622.25 | $    632.58 | 1.009890
2025-06-08 15:52:24,113 - INFO -   16 | HOLD |  4970.79 |  13.1 | -43.26% | -45.25% |   -0.3444 | $   5652.53 | $    632.58 | 1.009890
2025-06-08 15:52:24,113 - INFO -   17 | BUY  |  5563.71 |  22.5 | -36.49% | -39.01% |    0.1054 | $   6248.21 | $    474.44 | 1.037757
2025-06-08 15:52:24,113 - INFO -   18 | BUY  |  5200.37 |  21.4 | -40.05% | -41.63% |   -0.0607 | $   5868.83 | $    355.83 | 1.060118
2025-06-08 15:52:24,113 - INFO -   19 | BUY  |  5392.31 |  24.0 | -37.31% | -33.49% |   -0.0025 | $   6070.57 | $    266.87 | 1.076291
2025-06-08 15:52:24,113 - INFO -   ...    ...      ...       ...     ...       ...      ...         ...          ...         ...
2025-06-08 15:52:24,113 - INFO - 1276 | BUY  | 26162.37 |  14.8 | -11.38% |  -1.88% |   -0.0034 | $   3478.12 | $     17.37 | 0.132280
2025-06-08 15:52:24,113 - INFO - 1277 | BUY  | 26047.67 |  14.5 | -11.75% |  -0.01% |   -0.0035 | $   3462.87 | $     13.03 | 0.132443
2025-06-08 15:52:24,113 - INFO - 1278 | BUY  | 26008.46 |  14.0 | -11.87% |  -0.34% |   -0.0035 | $   3457.61 | $      9.77 | 0.132566
2025-06-08 15:52:24,113 - INFO - 1279 | BUY  | 26089.69 |  15.9 | -11.59% |  -0.38% |   -0.0036 | $   3468.33 | $      7.33 | 0.132658
2025-06-08 15:52:24,113 - INFO - 1280 | BUY  | 26106.15 |  13.9 | -11.52% |  -0.07% |   -0.0044 | $   3470.48 | $      5.50 | 0.132727
2025-06-08 15:52:24,113 - INFO - 1281 | BUY  | 27727.39 |  37.9 |  -6.02% |   6.51% |   -0.0016 | $   3685.63 | $      4.12 | 0.132775
2025-06-08 15:52:24,113 - INFO - 1282 | BUY  | 27297.27 |  38.1 |  -7.48% |   3.27% |   -0.0016 | $   3628.50 | $      3.09 | 0.132812
2025-06-08 15:52:24,113 - INFO - 1283 | BUY  | 25931.47 |  43.0 | -12.11% |  -0.88% |   -0.0024 | $   3447.09 | $      2.32 | 0.132841
2025-06-08 15:52:24,113 - INFO - 1284 | BUY  | 25800.72 |  47.4 | -12.55% |  -0.95% |   -0.0025 | $   3429.71 | $      1.74 | 0.132863
2025-06-08 15:52:24,113 - INFO - 1285 | BUY  | 25868.80 |  47.6 | -12.31% |  -0.54% |   -0.0024 | $   3438.75 | $      1.30 | 0.132880
2025-06-08 15:52:24,113 - INFO - 1286 | BUY  | 25969.57 |  47.7 | -11.97% |  -0.46% |   -0.0024 | $   3452.13 | $      0.98 | 0.132892
2025-06-08 15:52:24,113 - INFO - 1287 | BUY  | 25812.42 |  46.8 | -12.50% |  -1.13% |   -0.0023 | $   3431.24 | $      0.73 | 0.132902
2025-06-08 15:52:24,113 - INFO - 1288 | BUY  | 25779.98 |  47.4 | -12.61% |  -7.02% |   -0.0021 | $   3426.93 | $      0.55 | 0.132909
2025-06-08 15:52:24,113 - INFO - 1289 | BUY  | 25753.24 |  42.4 | -12.70% |  -5.66% |   -0.0008 | $   3423.37 | $      0.41 | 0.132914
2025-06-08 15:52:24,113 - INFO - 1290 | BUY  | 26240.20 |  50.8 | -11.05% |   1.19% |    0.0002 | $   3488.09 | $      0.31 | 0.132918
2025-06-08 15:52:24,113 - INFO - 1291 | BUY  | 25905.65 |  48.5 | -12.18% |   0.41% |   -0.0001 | $   3443.63 | $      0.23 | 0.132921
2025-06-08 15:52:24,113 - INFO - 1292 | BUY  | 25895.68 |  48.8 | -12.22% |   0.10% |   -0.0002 | $   3442.30 | $      0.17 | 0.132923
2025-06-08 15:52:24,113 - INFO - 1293 | BUY  | 25832.23 |  47.3 | -12.43% |  -0.53% |   -0.0002 | $   3433.86 | $      0.13 | 0.132924
2025-06-08 15:52:24,113 - INFO - 1294 | BUY  | 25162.65 |  41.4 | -14.70% |  -2.52% |   -0.0008 | $   3344.86 | $      0.10 | 0.132926
2025-06-08 15:52:24,113 - INFO - 1295 | BUY  | 25833.34 |  29.2 | -12.43% |   0.21% |   -0.0005 | $   3434.01 | $      0.07 | 0.132927
2025-06-08 15:52:24,113 - INFO - 
Action distribution for Episode 530:
2025-06-08 15:52:24,114 - INFO -   HOLD:  456 ( 35.2%)
2025-06-08 15:52:24,114 - INFO -   BUY:   638 ( 49.2%)
2025-06-08 15:52:24,114 - INFO -   SELL:  202 ( 15.6%)
2025-06-08 15:52:24,114 - INFO - ------------------------------------------------------------------------------------------------------------------------
2025-06-08 15:52:24,237 - INFO - Step 687000: Loss = 0.000005, Epsilon = 0.3445
2025-06-08 15:52:25,268 - INFO - Step 688000: Loss = 0.000011, Epsilon = 0.3436
2025-06-08 15:52:25,268 - INFO - Step 688000: Target network updated
2025-06-08 15:52:25,458 - INFO - Episode 531: Reward = -0.7828, Portfolio = $4739.62, Return = -52.60%, Cash = $216.44, Crypto = 0.175090, Steps = 1296
2025-06-08 15:52:26,329 - INFO - Step 689000: Loss = 0.000003, Epsilon = 0.3426
2025-06-08 15:52:26,803 - INFO - Episode 532: Reward = -0.8011, Portfolio = $3000.10, Return = -70.00%, Cash = $275.71, Crypto = 0.105460, Steps = 1296
2025-06-08 15:52:27,305 - INFO - Step 690000: Loss = 0.000008, Epsilon = 0.3417
2025-06-08 15:52:27,306 - INFO - Step 690000: Target network updated
2025-06-08 15:52:28,029 - INFO - Episode 533: Reward = -1.1638, Portfolio = $2106.91, Return = -78.93%, Cash = $185.27, Crypto = 0.074386, Steps = 1296
2025-06-08 15:52:28,254 - INFO - Step 691000: Loss = 0.000004, Epsilon = 0.3407
2025-06-08 15:52:29,248 - INFO - Step 692000: Loss = 0.000006, Epsilon = 0.3397
2025-06-08 15:52:29,248 - INFO - Step 692000: Target network updated
2025-06-08 15:52:29,314 - INFO - Episode 534: Reward = -1.2622, Portfolio = $3730.14, Return = -62.70%, Cash = $714.67, Crypto = 0.116728, Steps = 1296
2025-06-08 15:52:30,273 - INFO - Step 693000: Loss = 0.000009, Epsilon = 0.3388
2025-06-08 15:52:30,633 - INFO - Episode 535: Reward = -0.9323, Portfolio = $5083.34, Return = -49.17%, Cash = $1009.20, Crypto = 0.157709, Steps = 1296
2025-06-08 15:52:31,284 - INFO - Step 694000: Loss = 0.000006, Epsilon = 0.3378
2025-06-08 15:52:31,285 - INFO - Step 694000: Target network updated
2025-06-08 15:52:31,942 - INFO - Episode 536: Reward = -0.7326, Portfolio = $4619.04, Return = -53.81%, Cash = $1137.17, Crypto = 0.134782, Steps = 1296
2025-06-08 15:52:32,285 - INFO - Step 695000: Loss = 0.000005, Epsilon = 0.3369
2025-06-08 15:52:33,225 - INFO - Episode 537: Reward = -0.5524, Portfolio = $2955.83, Return = -70.44%, Cash = $1799.20, Crypto = 0.044773, Steps = 1296
2025-06-08 15:52:33,276 - INFO - Step 696000: Loss = 0.000007, Epsilon = 0.3359
2025-06-08 15:52:33,276 - INFO - Step 696000: Target network updated
2025-06-08 15:52:34,262 - INFO - Step 697000: Loss = 0.000067, Epsilon = 0.3350
2025-06-08 15:52:34,524 - INFO - Episode 538: Reward = -1.2183, Portfolio = $3755.66, Return = -62.44%, Cash = $17.53, Crypto = 0.144702, Steps = 1296
2025-06-08 15:52:35,287 - INFO - Step 698000: Loss = 0.000008, Epsilon = 0.3340
2025-06-08 15:52:35,287 - INFO - Step 698000: Target network updated
2025-06-08 15:52:35,822 - INFO - Episode 539: Reward = -0.8787, Portfolio = $4844.60, Return = -51.55%, Cash = $339.48, Crypto = 0.174392, Steps = 1296
2025-06-08 15:52:36,285 - INFO - Step 699000: Loss = 0.000008, Epsilon = 0.3331
2025-06-08 15:52:37,114 - INFO - Episode 540: Reward = -0.6242, Portfolio = $6908.70, Return = -30.91%, Cash = $3645.06, Crypto = 0.126334, Steps = 1296
2025-06-08 15:52:37,114 - INFO - Episode 540 Summary: Avg Reward (100 eps) = -0.9813, Avg Portfolio (100 eps) = $3328.30, Epsilon = 0.332
2025-06-08 15:52:37,114 - INFO - 
Detailed steps for Episode 540:
2025-06-08 15:52:37,114 - INFO - Step | Action | Price    | RSI   | PnL    | WkChg  | Reward    | Portfolio   | Cash       | Crypto
2025-06-08 15:52:37,114 - INFO - ------------------------------------------------------------------------------------------------------------------------
2025-06-08 15:52:37,114 - INFO -    0 | HOLD |  9341.71 |  35.4 |  -2.00% |  -7.89% |    0.0000 | $  10000.00 | $  10000.00 | 0.000000
2025-06-08 15:52:37,114 - INFO -    1 | HOLD |  8820.52 |  27.7 |  -2.00% |  -8.44% |    0.0000 | $  10000.00 | $  10000.00 | 0.000000
2025-06-08 15:52:37,114 - INFO -    2 | HOLD |  8784.49 |  28.3 |  -2.00% |  -8.58% |    0.0000 | $  10000.00 | $  10000.00 | 0.000000
2025-06-08 15:52:37,114 - INFO -    3 | HOLD |  8672.46 |  25.2 |  -2.00% | -10.47% |    0.0000 | $  10000.00 | $  10000.00 | 0.000000
2025-06-08 15:52:37,114 - INFO -    4 | HOLD |  8599.51 |  28.2 |  -2.00% | -11.01% |    0.0000 | $  10000.00 | $  10000.00 | 0.000000
2025-06-08 15:52:37,114 - INFO -    5 | BUY  |  8562.45 |  26.8 |  -2.00% | -13.72% |   -0.0049 | $   9950.98 | $   7500.00 | 0.286247
2025-06-08 15:52:37,114 - INFO -    6 | HOLD |  8869.67 |  36.4 |   3.59% |  -8.09% |    0.0088 | $  10038.92 | $   7500.00 | 0.286247
2025-06-08 15:52:37,114 - INFO -    7 | HOLD |  8787.79 |  24.4 |   2.63% |  -5.93% |   -0.0023 | $  10015.48 | $   7500.00 | 0.286247
2025-06-08 15:52:37,114 - INFO -    8 | HOLD |  8755.25 |  29.8 |   2.25% |  -0.74% |   -0.0009 | $  10006.17 | $   7500.00 | 0.286247
2025-06-08 15:52:37,114 - INFO -    9 | HOLD |  9078.76 |  39.3 |   6.03% |   3.35% |    0.0093 | $  10098.77 | $   7500.00 | 0.286247
2025-06-08 15:52:37,114 - INFO -   10 | HOLD |  9122.55 |  38.4 |   6.54% |   5.19% |    0.0012 | $  10111.31 | $   7500.00 | 0.286247
2025-06-08 15:52:37,114 - INFO -   11 | SELL |  8909.95 |  35.7 |   4.06% |   3.61% |   -0.0092 | $  10018.57 | $   8105.73 | 0.214686
2025-06-08 15:52:37,114 - INFO -   12 | HOLD |  8108.12 |  21.3 |  -5.31% |  -5.31% |   -0.0172 | $   9846.43 | $   8105.73 | 0.214686
2025-06-08 15:52:37,114 - INFO -   13 | HOLD |  7923.64 |  21.9 |  -7.46% | -10.67% |   -0.0040 | $   9806.82 | $   8105.73 | 0.214686
2025-06-08 15:52:37,114 - INFO -   14 | HOLD |  7909.73 |  24.3 |  -7.62% |  -9.99% |   -0.0003 | $   9803.84 | $   8105.73 | 0.214686
2025-06-08 15:52:37,114 - INFO -   15 | HOLD |  7911.43 |  29.9 |  -7.60% |  -9.64% |    0.0000 | $   9804.20 | $   8105.73 | 0.214686
2025-06-08 15:52:37,114 - INFO -   16 | HOLD |  4970.79 |  13.1 | -41.95% | -45.25% |   -0.0644 | $   9172.89 | $   8105.73 | 0.214686
2025-06-08 15:52:37,114 - INFO -   17 | HOLD |  5563.71 |  22.5 | -35.02% | -39.01% |    0.0139 | $   9300.18 | $   8105.73 | 0.214686
2025-06-08 15:52:37,114 - INFO -   18 | HOLD |  5200.37 |  21.4 | -39.27% | -41.63% |   -0.0084 | $   9222.18 | $   8105.73 | 0.214686
2025-06-08 15:52:37,114 - INFO -   19 | HOLD |  5392.31 |  24.0 | -37.02% | -33.49% |   -0.0025 | $   9263.38 | $   8105.73 | 0.214686
2025-06-08 15:52:37,114 - INFO -   ...    ...      ...       ...     ...       ...      ...         ...          ...         ...
2025-06-08 15:52:37,114 - INFO - 1276 | HOLD | 26162.37 |  14.8 |  -2.93% |  -1.88% |   -0.0058 | $   7169.60 | $   5122.02 | 0.078264
2025-06-08 15:52:37,114 - INFO - 1277 | SELL | 26047.67 |  14.5 |  -3.36% |  -0.01% |   -0.0064 | $   7135.14 | $   5606.19 | 0.058698
2025-06-08 15:52:37,114 - INFO - 1278 | SELL | 26008.46 |  14.0 |  -3.50% |  -0.34% |   -0.0069 | $   7113.75 | $   5968.76 | 0.044024
2025-06-08 15:52:37,114 - INFO - 1279 | SELL | 26089.69 |  15.9 |  -3.20% |  -0.38% |   -0.0071 | $   7102.97 | $   6241.55 | 0.033018
2025-06-08 15:52:37,114 - INFO - 1280 | BUY  | 26106.15 |  13.9 |  -3.14% |  -0.07% |   -0.0078 | $   7072.92 | $   4681.16 | 0.091617
2025-06-08 15:52:37,114 - INFO - 1281 | SELL | 27727.39 |  37.9 |   4.98% |   6.51% |   -0.0036 | $   7189.70 | $   5284.48 | 0.068712
2025-06-08 15:52:37,114 - INFO - 1282 | SELL | 27297.27 |  38.1 |   3.35% |   3.27% |   -0.0041 | $   7136.70 | $   5729.95 | 0.051534
2025-06-08 15:52:37,114 - INFO - 1283 | SELL | 25931.47 |  43.0 |  -1.82% |  -0.88% |   -0.0049 | $   7049.61 | $   6047.34 | 0.038651
2025-06-08 15:52:37,114 - INFO - 1284 | BUY  | 25800.72 |  47.4 |  -2.31% |  -0.95% |   -0.0053 | $   7014.91 | $   4535.50 | 0.096098
2025-06-08 15:52:37,114 - INFO - 1285 | HOLD | 25868.80 |  47.6 |  -0.68% |  -0.54% |   -0.0052 | $   7021.45 | $   4535.50 | 0.096098
2025-06-08 15:52:37,115 - INFO - 1286 | SELL | 25969.57 |  47.7 |  -0.29% |  -0.46% |   -0.0055 | $   6999.94 | $   5128.22 | 0.072074
2025-06-08 15:52:37,115 - INFO - 1287 | HOLD | 25812.42 |  46.8 |  -0.90% |  -1.13% |   -0.0053 | $   6988.61 | $   5128.22 | 0.072074
2025-06-08 15:52:37,115 - INFO - 1288 | SELL | 25779.98 |  47.4 |  -1.02% |  -7.02% |   -0.0050 | $   6963.05 | $   5569.50 | 0.054055
2025-06-08 15:52:37,115 - INFO - 1289 | SELL | 25753.24 |  42.4 |  -1.13% |  -5.66% |   -0.0045 | $   6944.20 | $   5900.13 | 0.040542
2025-06-08 15:52:37,115 - INFO - 1290 | SELL | 26240.20 |  50.8 |   0.74% |   1.19% |   -0.0040 | $   6950.65 | $   6152.79 | 0.030406
2025-06-08 15:52:37,115 - INFO - 1291 | SELL | 25905.65 |  48.5 |  -0.54% |   0.41% |   -0.0042 | $   6930.63 | $   6339.86 | 0.022805
2025-06-08 15:52:37,115 - INFO - 1292 | SELL | 25895.68 |  48.8 |  -0.58% |   0.10% |   -0.0042 | $   6923.02 | $   6480.12 | 0.017103
2025-06-08 15:52:37,115 - INFO - 1293 | HOLD | 25832.23 |  47.3 |  -0.82% |  -0.53% |   -0.0042 | $   6921.94 | $   6480.12 | 0.017103
2025-06-08 15:52:37,115 - INFO - 1294 | BUY  | 25162.65 |  41.4 |  -3.39% |  -2.52% |   -0.0047 | $   6878.72 | $   4860.09 | 0.080223
2025-06-08 15:52:37,115 - INFO - 1295 | BUY  | 25833.34 |  29.2 |   1.90% |   0.21% |   -0.0038 | $   6908.70 | $   3645.06 | 0.126334
2025-06-08 15:52:37,115 - INFO - 
Action distribution for Episode 540:
2025-06-08 15:52:37,115 - INFO -   HOLD:  739 ( 57.0%)
2025-06-08 15:52:37,115 - INFO -   BUY:   378 ( 29.2%)
2025-06-08 15:52:37,115 - INFO -   SELL:  179 ( 13.8%)
2025-06-08 15:52:37,115 - INFO - ------------------------------------------------------------------------------------------------------------------------
2025-06-08 15:52:37,290 - INFO - Step 700000: Loss = 0.000008, Epsilon = 0.3321
2025-06-08 15:52:37,291 - INFO - Step 700000: Target network updated
2025-06-08 15:52:38,344 - INFO - Step 701000: Loss = 0.000009, Epsilon = 0.3312
2025-06-08 15:52:38,484 - INFO - Episode 541: Reward = -0.7945, Portfolio = $3871.63, Return = -61.28%, Cash = $427.68, Crypto = 0.133314, Steps = 1296
2025-06-08 15:52:39,390 - INFO - Step 702000: Loss = 0.000007, Epsilon = 0.3302
2025-06-08 15:52:39,390 - INFO - Step 702000: Target network updated
2025-06-08 15:52:39,862 - INFO - Episode 542: Reward = -1.0903, Portfolio = $7938.00, Return = -20.62%, Cash = $1426.07, Crypto = 0.252075, Steps = 1296
2025-06-08 15:52:40,462 - INFO - Step 703000: Loss = 0.000009, Epsilon = 0.3293
2025-06-08 15:52:41,259 - INFO - Episode 543: Reward = -0.6793, Portfolio = $4365.98, Return = -56.34%, Cash = $1852.85, Crypto = 0.097282, Steps = 1296
2025-06-08 15:52:41,525 - INFO - Step 704000: Loss = 0.000009, Epsilon = 0.3283
2025-06-08 15:52:41,526 - INFO - Step 704000: Target network updated
2025-06-08 15:52:42,484 - INFO - Step 705000: Loss = 0.000007, Epsilon = 0.3273
2025-06-08 15:52:42,507 - INFO - Episode 544: Reward = -0.9781, Portfolio = $5371.06, Return = -46.29%, Cash = $1600.57, Crypto = 0.145955, Steps = 1296
2025-06-08 15:52:43,458 - INFO - Step 706000: Loss = 0.000009, Epsilon = 0.3264
2025-06-08 15:52:43,458 - INFO - Step 706000: Target network updated
2025-06-08 15:52:43,761 - INFO - Episode 545: Reward = -0.8996, Portfolio = $4635.80, Return = -53.64%, Cash = $133.71, Crypto = 0.174274, Steps = 1296
2025-06-08 15:52:44,442 - INFO - Step 707000: Loss = 0.000006, Epsilon = 0.3254
2025-06-08 15:52:45,051 - INFO - Episode 546: Reward = -0.7834, Portfolio = $7153.49, Return = -28.47%, Cash = $4806.17, Crypto = 0.090864, Steps = 1296
2025-06-08 15:52:45,450 - INFO - Step 708000: Loss = 0.000008, Epsilon = 0.3245
2025-06-08 15:52:45,450 - INFO - Step 708000: Target network updated
2025-06-08 15:52:46,360 - INFO - Episode 547: Reward = -0.4389, Portfolio = $3678.54, Return = -63.21%, Cash = $1116.33, Crypto = 0.099182, Steps = 1296
2025-06-08 15:52:46,449 - INFO - Step 709000: Loss = 0.000007, Epsilon = 0.3235
2025-06-08 15:52:47,427 - INFO - Step 710000: Loss = 0.000006, Epsilon = 0.3226
2025-06-08 15:52:47,427 - INFO - Step 710000: Target network updated
2025-06-08 15:52:47,636 - INFO - Episode 548: Reward = -0.4678, Portfolio = $3539.15, Return = -64.61%, Cash = $795.43, Crypto = 0.106208, Steps = 1296
2025-06-08 15:52:48,427 - INFO - Step 711000: Loss = 0.000005, Epsilon = 0.3216
2025-06-08 15:52:48,964 - INFO - Episode 549: Reward = -0.1883, Portfolio = $16172.07, Return = 61.72%, Cash = $97.43, Crypto = 0.622244, Steps = 1296
2025-06-08 15:52:49,447 - INFO - Step 712000: Loss = 0.000006, Epsilon = 0.3207
2025-06-08 15:52:49,447 - INFO - Step 712000: Target network updated
2025-06-08 15:52:50,225 - INFO - Episode 550: Reward = -0.9370, Portfolio = $3068.96, Return = -69.31%, Cash = $3057.68, Crypto = 0.000437, Steps = 1296
2025-06-08 15:52:50,225 - INFO - Episode 550 Summary: Avg Reward (100 eps) = -0.9319, Avg Portfolio (100 eps) = $3667.74, Epsilon = 0.320
2025-06-08 15:52:50,225 - INFO - 
Detailed steps for Episode 550:
2025-06-08 15:52:50,225 - INFO - Step | Action | Price    | RSI   | PnL    | WkChg  | Reward    | Portfolio   | Cash       | Crypto
2025-06-08 15:52:50,225 - INFO - ------------------------------------------------------------------------------------------------------------------------
2025-06-08 15:52:50,225 - INFO -    0 | HOLD |  9341.71 |  35.4 |  -2.00% |  -7.89% |    0.0000 | $  10000.00 | $  10000.00 | 0.000000
2025-06-08 15:52:50,225 - INFO -    1 | BUY  |  8820.52 |  27.7 |  -2.00% |  -8.44% |   -0.0049 | $   9950.98 | $   7500.00 | 0.277872
2025-06-08 15:52:50,225 - INFO -    2 | SELL |  8784.49 |  28.3 |  -0.41% |  -8.58% |   -0.0041 | $   9910.46 | $   8079.73 | 0.208404
2025-06-08 15:52:50,225 - INFO -    3 | BUY  |  8672.46 |  25.2 |  -1.68% | -10.47% |   -0.0064 | $   9847.50 | $   6059.80 | 0.436751
2025-06-08 15:52:50,225 - INFO -    4 | BUY  |  8599.51 |  28.2 |  -1.64% | -11.01% |   -0.0063 | $   9785.94 | $   4544.85 | 0.609464
2025-06-08 15:52:50,225 - INFO -    5 | BUY  |  8562.45 |  26.8 |  -1.61% | -13.72% |   -0.0046 | $   9741.07 | $   3408.64 | 0.739559
2025-06-08 15:52:50,225 - INFO -    6 | BUY  |  8869.67 |  36.4 |   2.21% |  -8.09% |    0.0216 | $   9951.57 | $   2556.48 | 0.833751
2025-06-08 15:52:50,225 - INFO -    7 | BUY  |  8787.79 |  24.4 |   1.02% |  -5.93% |   -0.0081 | $   9870.77 | $   1917.36 | 0.905053
2025-06-08 15:52:50,225 - INFO -    8 | BUY  |  8755.25 |  29.8 |   0.56% |  -0.74% |   -0.0039 | $   9831.92 | $   1438.02 | 0.958728
2025-06-08 15:52:50,225 - INFO -    9 | BUY  |  9078.76 |  39.3 |   4.24% |   3.35% |    0.0308 | $  10135.03 | $   1078.51 | 0.997550
2025-06-08 15:52:50,226 - INFO -   10 | HOLD |  9122.55 |  38.4 |   4.57% |   5.19% |    0.0043 | $  10178.71 | $   1078.51 | 0.997550
2025-06-08 15:52:50,226 - INFO -   11 | HOLD |  8909.95 |  35.7 |   2.14% |   3.61% |   -0.0208 | $   9966.64 | $   1078.51 | 0.997550
2025-06-08 15:52:50,226 - INFO -   12 | BUY  |  8108.12 |  21.3 |  -7.05% |  -5.31% |   -0.0808 | $   9161.48 | $    808.89 | 1.030152
2025-06-08 15:52:50,226 - INFO -   13 | BUY  |  7923.64 |  21.9 |  -8.97% | -10.67% |   -0.0212 | $   8967.48 | $    606.66 | 1.055173
2025-06-08 15:52:50,226 - INFO -   14 | BUY  |  7909.73 |  24.3 |  -8.93% |  -9.99% |   -0.0020 | $   8949.82 | $    455.00 | 1.073972
2025-06-08 15:52:50,226 - INFO -   15 | BUY  |  7911.43 |  29.9 |  -8.77% |  -9.64% |   -0.0000 | $   8949.42 | $    341.25 | 1.088068
2025-06-08 15:52:50,226 - INFO -   16 | SELL |  4970.79 |  13.1 | -42.61% | -45.25% |   -0.3651 | $   5682.19 | $   1625.78 | 0.816051
2025-06-08 15:52:50,226 - INFO -   17 | BUY  |  5563.71 |  22.5 | -35.77% | -39.01% |    0.0837 | $   6158.08 | $   1219.33 | 0.887671
2025-06-08 15:52:50,226 - INFO -   18 | BUY  |  5200.37 |  21.4 | -38.18% | -41.63% |   -0.0533 | $   5829.57 | $    914.50 | 0.945140
2025-06-08 15:52:50,226 - INFO -   19 | BUY  |  5392.31 |  24.0 | -34.37% | -33.49% |   -0.0024 | $   6006.51 | $    685.88 | 0.986707
2025-06-08 15:52:50,226 - INFO -   ...    ...      ...       ...     ...       ...      ...         ...          ...         ...
2025-06-08 15:52:50,226 - INFO - 1276 | SELL | 26162.37 |  14.8 |  -9.08% |  -1.88% |   -0.0045 | $   3134.32 | $   2479.97 | 0.025011
2025-06-08 15:52:50,226 - INFO - 1277 | SELL | 26047.67 |  14.5 |  -9.48% |  -0.01% |   -0.0046 | $   3123.31 | $   2634.70 | 0.018758
2025-06-08 15:52:50,226 - INFO - 1278 | BUY  | 26008.46 |  14.0 |  -9.62% |  -0.34% |   -0.0048 | $   3109.66 | $   1976.02 | 0.043587
2025-06-08 15:52:50,226 - INFO - 1279 | SELL | 26089.69 |  15.9 |  -4.08% |  -0.38% |   -0.0051 | $   3098.99 | $   2246.10 | 0.032690
2025-06-08 15:52:50,226 - INFO - 1280 | SELL | 26106.15 |  13.9 |  -4.02% |  -0.07% |   -0.0061 | $   3088.86 | $   2448.79 | 0.024518
2025-06-08 15:52:50,226 - INFO - 1281 | SELL | 27727.39 |  37.9 |   1.94% |   6.51% |   -0.0052 | $   3120.11 | $   2610.25 | 0.018388
2025-06-08 15:52:50,226 - INFO - 1282 | SELL | 27297.27 |  38.1 |   0.36% |   3.27% |   -0.0052 | $   3105.93 | $   2729.46 | 0.013791
2025-06-08 15:52:50,226 - INFO - 1283 | SELL | 25931.47 |  43.0 |  -4.66% |  -0.88% |   -0.0055 | $   3082.62 | $   2814.40 | 0.010343
2025-06-08 15:52:50,226 - INFO - 1284 | SELL | 25800.72 |  47.4 |  -5.14% |  -0.95% |   -0.0056 | $   3077.93 | $   2877.78 | 0.007758
2025-06-08 15:52:50,226 - INFO - 1285 | SELL | 25868.80 |  47.6 |  -4.89% |  -0.54% |   -0.0054 | $   3075.95 | $   2925.44 | 0.005818
2025-06-08 15:52:50,226 - INFO - 1286 | SELL | 25969.57 |  47.7 |  -4.52% |  -0.46% |   -0.0056 | $   3074.65 | $   2961.33 | 0.004364
2025-06-08 15:52:50,226 - INFO - 1287 | SELL | 25812.42 |  46.8 |  -5.10% |  -1.13% |   -0.0054 | $   3072.55 | $   2988.08 | 0.003273
2025-06-08 15:52:50,226 - INFO - 1288 | SELL | 25779.98 |  47.4 |  -5.22% |  -7.02% |   -0.0049 | $   3071.39 | $   3008.12 | 0.002455
2025-06-08 15:52:50,226 - INFO - 1289 | SELL | 25753.24 |  42.4 |  -5.32% |  -5.66% |   -0.0062 | $   3070.54 | $   3023.13 | 0.001841
2025-06-08 15:52:50,226 - INFO - 1290 | SELL | 26240.20 |  50.8 |  -3.53% |   1.19% |   -0.0059 | $   3070.83 | $   3034.60 | 0.001381
2025-06-08 15:52:50,226 - INFO - 1291 | SELL | 25905.65 |  48.5 |  -4.76% |   0.41% |   -0.0062 | $   3069.92 | $   3043.10 | 0.001036
2025-06-08 15:52:50,226 - INFO - 1292 | SELL | 25895.68 |  48.8 |  -4.79% |   0.10% |   -0.0055 | $   3069.58 | $   3049.46 | 0.000777
2025-06-08 15:52:50,226 - INFO - 1293 | HOLD | 25832.23 |  47.3 |  -5.03% |  -0.53% |   -0.0047 | $   3069.53 | $   3049.46 | 0.000777
2025-06-08 15:52:50,226 - INFO - 1294 | SELL | 25162.65 |  41.4 |  -7.49% |  -2.52% |   -0.0040 | $   3068.76 | $   3054.11 | 0.000582
2025-06-08 15:52:50,226 - INFO - 1295 | SELL | 25833.34 |  29.2 |  -5.02% |   0.21% |   -0.0042 | $   3068.96 | $   3057.68 | 0.000437
2025-06-08 15:52:50,226 - INFO - 
Action distribution for Episode 550:
2025-06-08 15:52:50,226 - INFO -   HOLD:  671 ( 51.8%)
2025-06-08 15:52:50,226 - INFO -   BUY:   430 ( 33.2%)
2025-06-08 15:52:50,226 - INFO -   SELL:  195 ( 15.0%)
2025-06-08 15:52:50,226 - INFO - ------------------------------------------------------------------------------------------------------------------------
2025-06-08 15:52:50,430 - INFO - Step 713000: Loss = 0.000004, Epsilon = 0.3197
2025-06-08 15:52:51,493 - INFO - Step 714000: Loss = 0.000005, Epsilon = 0.3188
2025-06-08 15:52:51,493 - INFO - Step 714000: Target network updated
2025-06-08 15:52:51,590 - INFO - Episode 551: Reward = -0.6093, Portfolio = $5114.04, Return = -48.86%, Cash = $146.02, Crypto = 0.192310, Steps = 1296
2025-06-08 15:52:52,463 - INFO - Step 715000: Loss = 0.000009, Epsilon = 0.3178
2025-06-08 15:52:52,852 - INFO - Episode 552: Reward = -0.8391, Portfolio = $6921.26, Return = -30.79%, Cash = $1939.13, Crypto = 0.192856, Steps = 1296
2025-06-08 15:52:53,424 - INFO - Step 716000: Loss = 0.000007, Epsilon = 0.3168
2025-06-08 15:52:53,424 - INFO - Step 716000: Target network updated
2025-06-08 15:52:54,083 - INFO - Episode 553: Reward = -0.7793, Portfolio = $6164.80, Return = -38.35%, Cash = $1874.74, Crypto = 0.166067, Steps = 1296
2025-06-08 15:52:54,400 - INFO - Step 717000: Loss = 0.000006, Epsilon = 0.3159
2025-06-08 15:52:55,394 - INFO - Episode 554: Reward = -0.4221, Portfolio = $6754.28, Return = -32.46%, Cash = $2341.91, Crypto = 0.170801, Steps = 1296
2025-06-08 15:52:55,411 - INFO - Step 718000: Loss = 0.000010, Epsilon = 0.3149
2025-06-08 15:52:55,412 - INFO - Step 718000: Target network updated
2025-06-08 15:52:56,405 - INFO - Step 719000: Loss = 0.000004, Epsilon = 0.3140
2025-06-08 15:52:56,670 - INFO - Episode 555: Reward = -0.8420, Portfolio = $3792.22, Return = -62.08%, Cash = $1094.46, Crypto = 0.104429, Steps = 1296
2025-06-08 15:52:57,381 - INFO - Step 720000: Loss = 0.000005, Epsilon = 0.3130
2025-06-08 15:52:57,382 - INFO - Step 720000: Target network updated
2025-06-08 15:52:58,034 - INFO - Episode 556: Reward = -0.5820, Portfolio = $8156.72, Return = -18.43%, Cash = $3964.94, Crypto = 0.162262, Steps = 1296
2025-06-08 15:52:58,495 - INFO - Step 721000: Loss = 0.000008, Epsilon = 0.3121
2025-06-08 15:52:59,348 - INFO - Episode 557: Reward = -0.6863, Portfolio = $3456.90, Return = -65.43%, Cash = $858.74, Crypto = 0.100574, Steps = 1296
2025-06-08 15:52:59,476 - INFO - Step 722000: Loss = 0.000004, Epsilon = 0.3111
2025-06-08 15:52:59,476 - INFO - Step 722000: Target network updated
2025-06-08 15:53:00,460 - INFO - Step 723000: Loss = 0.000008, Epsilon = 0.3102
2025-06-08 15:53:00,631 - INFO - Episode 558: Reward = -1.2243, Portfolio = $4175.76, Return = -58.24%, Cash = $2256.33, Crypto = 0.074300, Steps = 1296
2025-06-08 15:53:01,508 - INFO - Step 724000: Loss = 0.000009, Epsilon = 0.3092
2025-06-08 15:53:01,508 - INFO - Step 724000: Target network updated
2025-06-08 15:53:01,946 - INFO - Episode 559: Reward = -0.5544, Portfolio = $6395.29, Return = -36.05%, Cash = $3336.18, Crypto = 0.118417, Steps = 1296
2025-06-08 15:53:02,488 - INFO - Step 725000: Loss = 0.000005, Epsilon = 0.3083
2025-06-08 15:53:03,223 - INFO - Episode 560: Reward = -0.6886, Portfolio = $3340.36, Return = -66.60%, Cash = $716.38, Crypto = 0.101573, Steps = 1296
2025-06-08 15:53:03,223 - INFO - Episode 560 Summary: Avg Reward (100 eps) = -0.8924, Avg Portfolio (100 eps) = $3955.55, Epsilon = 0.308
2025-06-08 15:53:03,223 - INFO - 
Detailed steps for Episode 560:
2025-06-08 15:53:03,223 - INFO - Step | Action | Price    | RSI   | PnL    | WkChg  | Reward    | Portfolio   | Cash       | Crypto
2025-06-08 15:53:03,223 - INFO - ------------------------------------------------------------------------------------------------------------------------
2025-06-08 15:53:03,223 - INFO -    0 | SELL |  9341.71 |  35.4 |  -2.00% |  -7.89% |   -0.0100 | $  10000.00 | $  10000.00 | 0.000000
2025-06-08 15:53:03,223 - INFO -    1 | HOLD |  8820.52 |  27.7 |  -2.00% |  -8.44% |    0.0000 | $  10000.00 | $  10000.00 | 0.000000
2025-06-08 15:53:03,223 - INFO -    2 | BUY  |  8784.49 |  28.3 |  -2.00% |  -8.58% |   -0.0049 | $   9950.98 | $   7500.00 | 0.279012
2025-06-08 15:53:03,223 - INFO -    3 | HOLD |  8672.46 |  25.2 |  -1.28% | -10.47% |   -0.0031 | $   9919.72 | $   7500.00 | 0.279012
2025-06-08 15:53:03,223 - INFO -    4 | HOLD |  8599.51 |  28.2 |  -2.11% | -11.01% |   -0.0021 | $   9899.37 | $   7500.00 | 0.279012
2025-06-08 15:53:03,223 - INFO -    5 | HOLD |  8562.45 |  26.8 |  -2.53% | -13.72% |   -0.0010 | $   9889.03 | $   7500.00 | 0.279012
2025-06-08 15:53:03,223 - INFO -    6 | HOLD |  8869.67 |  36.4 |   0.97% |  -8.09% |    0.0087 | $   9974.75 | $   7500.00 | 0.279012
2025-06-08 15:53:03,223 - INFO -    7 | HOLD |  8787.79 |  24.4 |   0.04% |  -5.93% |   -0.0023 | $   9951.90 | $   7500.00 | 0.279012
2025-06-08 15:53:03,223 - INFO -    8 | HOLD |  8755.25 |  29.8 |  -0.33% |  -0.74% |   -0.0009 | $   9942.82 | $   7500.00 | 0.279012
2025-06-08 15:53:03,223 - INFO -    9 | HOLD |  9078.76 |  39.3 |   3.35% |   3.35% |    0.0091 | $  10033.08 | $   7500.00 | 0.279012
2025-06-08 15:53:03,223 - INFO -   10 | SELL |  9122.55 |  38.4 |   3.85% |   5.19% |   -0.0020 | $  10013.48 | $   8104.51 | 0.209259
2025-06-08 15:53:03,224 - INFO -   11 | HOLD |  8909.95 |  35.7 |   1.43% |   3.61% |   -0.0044 | $   9969.00 | $   8104.51 | 0.209259
2025-06-08 15:53:03,224 - INFO -   12 | HOLD |  8108.12 |  21.3 |  -7.70% |  -5.31% |   -0.0168 | $   9801.21 | $   8104.51 | 0.209259
2025-06-08 15:53:03,224 - INFO -   13 | BUY  |  7923.64 |  21.9 |  -9.80% | -10.67% |   -0.0080 | $   9722.88 | $   6078.38 | 0.459952
2025-06-08 15:53:03,224 - INFO -   14 | SELL |  7909.73 |  24.3 |  -4.88% |  -9.99% |   -0.0053 | $   9671.00 | $   6942.43 | 0.344964
2025-06-08 15:53:03,224 - INFO -   15 | HOLD |  7911.43 |  29.9 |  -4.86% |  -9.64% |    0.0001 | $   9671.59 | $   6942.43 | 0.344964
2025-06-08 15:53:03,224 - INFO -   16 | HOLD |  4970.79 |  13.1 | -40.22% | -45.25% |   -0.1049 | $   8657.17 | $   6942.43 | 0.344964
2025-06-08 15:53:03,224 - INFO -   17 | HOLD |  5563.71 |  22.5 | -33.09% | -39.01% |    0.0236 | $   8861.71 | $   6942.43 | 0.344964
2025-06-08 15:53:03,224 - INFO -   18 | HOLD |  5200.37 |  21.4 | -37.46% | -41.63% |   -0.0141 | $   8736.37 | $   6942.43 | 0.344964
2025-06-08 15:53:03,224 - INFO -   19 | BUY  |  5392.31 |  24.0 | -35.15% | -33.49% |   -0.0026 | $   8768.55 | $   5206.82 | 0.660519
2025-06-08 15:53:03,224 - INFO -   ...    ...      ...       ...     ...       ...      ...         ...          ...         ...
2025-06-08 15:53:03,224 - INFO - 1276 | BUY  | 26162.37 |  14.8 |  -8.42% |  -1.88% |   -0.0038 | $   3428.03 | $    468.15 | 0.113135
2025-06-08 15:53:03,224 - INFO - 1277 | BUY  | 26047.67 |  14.5 |  -8.42% |  -0.01% |   -0.0038 | $   3412.76 | $    351.11 | 0.117540
2025-06-08 15:53:03,224 - INFO - 1278 | BUY  | 26008.46 |  14.0 |  -8.27% |  -0.34% |   -0.0038 | $   3406.43 | $    263.33 | 0.120849
2025-06-08 15:53:03,224 - INFO - 1279 | BUY  | 26089.69 |  15.9 |  -7.77% |  -0.38% |   -0.0039 | $   3414.95 | $    197.50 | 0.123323
2025-06-08 15:53:03,224 - INFO - 1280 | HOLD | 26106.15 |  13.9 |  -7.57% |  -0.07% |   -0.0045 | $   3416.98 | $    197.50 | 0.123323
2025-06-08 15:53:03,224 - INFO - 1281 | HOLD | 27727.39 |  37.9 |  -1.83% |   6.51% |   -0.0019 | $   3616.92 | $    197.50 | 0.123323
2025-06-08 15:53:03,224 - INFO - 1282 | HOLD | 27297.27 |  38.1 |  -3.35% |   3.27% |   -0.0021 | $   3563.87 | $    197.50 | 0.123323
2025-06-08 15:53:03,224 - INFO - 1283 | HOLD | 25931.47 |  43.0 |  -8.19% |  -0.88% |   -0.0029 | $   3395.44 | $    197.50 | 0.123323
2025-06-08 15:53:03,224 - INFO - 1284 | HOLD | 25800.72 |  47.4 |  -8.65% |  -0.95% |   -0.0030 | $   3379.32 | $    197.50 | 0.123323
2025-06-08 15:53:03,224 - INFO - 1285 | SELL | 25868.80 |  47.6 |  -8.41% |  -0.54% |   -0.0031 | $   3347.83 | $    955.18 | 0.092492
2025-06-08 15:53:03,224 - INFO - 1286 | HOLD | 25969.57 |  47.7 |  -8.05% |  -0.46% |   -0.0031 | $   3357.15 | $    955.18 | 0.092492
2025-06-08 15:53:03,224 - INFO - 1287 | HOLD | 25812.42 |  46.8 |  -8.61% |  -1.13% |   -0.0031 | $   3342.62 | $    955.18 | 0.092492
2025-06-08 15:53:03,224 - INFO - 1288 | BUY  | 25779.98 |  47.4 |  -8.73% |  -7.02% |   -0.0028 | $   3334.94 | $    716.38 | 0.101573
2025-06-08 15:53:03,224 - INFO - 1289 | HOLD | 25753.24 |  42.4 |  -8.10% |  -5.66% |   -0.0017 | $   3332.22 | $    716.38 | 0.101573
2025-06-08 15:53:03,224 - INFO - 1290 | HOLD | 26240.20 |  50.8 |  -6.37% |   1.19% |   -0.0007 | $   3381.68 | $    716.38 | 0.101573
2025-06-08 15:53:03,224 - INFO - 1291 | HOLD | 25905.65 |  48.5 |  -7.56% |   0.41% |   -0.0010 | $   3347.70 | $    716.38 | 0.101573
2025-06-08 15:53:03,224 - INFO - 1292 | HOLD | 25895.68 |  48.8 |  -7.60% |   0.10% |   -0.0011 | $   3346.69 | $    716.38 | 0.101573
2025-06-08 15:53:03,224 - INFO - 1293 | HOLD | 25832.23 |  47.3 |  -7.82% |  -0.53% |   -0.0011 | $   3340.24 | $    716.38 | 0.101573
2025-06-08 15:53:03,224 - INFO - 1294 | HOLD | 25162.65 |  41.4 | -10.21% |  -2.52% |   -0.0012 | $   3272.23 | $    716.38 | 0.101573
2025-06-08 15:53:03,224 - INFO - 1295 | HOLD | 25833.34 |  29.2 |  -7.82% |   0.21% |   -0.0009 | $   3340.36 | $    716.38 | 0.101573
2025-06-08 15:53:03,224 - INFO - 
Action distribution for Episode 560:
2025-06-08 15:53:03,224 - INFO -   HOLD:  681 ( 52.5%)
2025-06-08 15:53:03,224 - INFO -   BUY:   432 ( 33.3%)
2025-06-08 15:53:03,224 - INFO -   SELL:  183 ( 14.1%)
2025-06-08 15:53:03,224 - INFO - ------------------------------------------------------------------------------------------------------------------------
2025-06-08 15:53:03,466 - INFO - Step 726000: Loss = 0.000007, Epsilon = 0.3073
2025-06-08 15:53:03,467 - INFO - Step 726000: Target network updated
2025-06-08 15:53:04,511 - INFO - Step 727000: Loss = 0.000007, Epsilon = 0.3064
2025-06-08 15:53:04,567 - INFO - Episode 561: Reward = -1.5832, Portfolio = $8435.62, Return = -15.64%, Cash = $3519.47, Crypto = 0.190302, Steps = 1296
2025-06-08 15:53:05,578 - INFO - Step 728000: Loss = 0.000012, Epsilon = 0.3054
2025-06-08 15:53:05,578 - INFO - Step 728000: Target network updated
2025-06-08 15:53:05,961 - INFO - Episode 562: Reward = -0.7365, Portfolio = $3082.19, Return = -69.18%, Cash = $2148.17, Crypto = 0.036155, Steps = 1296
2025-06-08 15:53:06,639 - INFO - Step 729000: Loss = 0.000009, Epsilon = 0.3044
2025-06-08 15:53:07,284 - INFO - Episode 563: Reward = -0.1657, Portfolio = $8524.31, Return = -14.76%, Cash = $2940.42, Crypto = 0.216151, Steps = 1296
2025-06-08 15:53:07,628 - INFO - Step 730000: Loss = 0.000007, Epsilon = 0.3035
2025-06-08 15:53:07,629 - INFO - Step 730000: Target network updated
2025-06-08 15:53:08,591 - INFO - Episode 564: Reward = -0.5600, Portfolio = $6311.11, Return = -36.89%, Cash = $646.19, Crypto = 0.219287, Steps = 1296
2025-06-08 15:53:08,647 - INFO - Step 731000: Loss = 0.000004, Epsilon = 0.3025
2025-06-08 15:53:09,681 - INFO - Step 732000: Loss = 0.000004, Epsilon = 0.3016
2025-06-08 15:53:09,681 - INFO - Step 732000: Target network updated
2025-06-08 15:53:09,919 - INFO - Episode 565: Reward = -1.0777, Portfolio = $2962.59, Return = -70.37%, Cash = $862.71, Crypto = 0.081286, Steps = 1296
2025-06-08 15:53:10,685 - INFO - Step 733000: Loss = 0.000009, Epsilon = 0.3006
2025-06-08 15:53:11,228 - INFO - Episode 566: Reward = -0.6912, Portfolio = $6238.79, Return = -37.61%, Cash = $2112.50, Crypto = 0.159727, Steps = 1296
2025-06-08 15:53:11,706 - INFO - Step 734000: Loss = 0.000008, Epsilon = 0.2997
2025-06-08 15:53:11,706 - INFO - Step 734000: Target network updated
2025-06-08 15:53:12,517 - INFO - Episode 567: Reward = -0.5846, Portfolio = $7001.85, Return = -29.98%, Cash = $6108.49, Crypto = 0.034582, Steps = 1296
2025-06-08 15:53:12,706 - INFO - Step 735000: Loss = 0.000006, Epsilon = 0.2987
2025-06-08 15:53:13,773 - INFO - Step 736000: Loss = 0.000015, Epsilon = 0.2978
2025-06-08 15:53:13,773 - INFO - Step 736000: Target network updated
2025-06-08 15:53:13,907 - INFO - Episode 568: Reward = -0.5578, Portfolio = $6035.34, Return = -39.65%, Cash = $2335.40, Crypto = 0.143224, Steps = 1296
2025-06-08 15:53:14,908 - INFO - Step 737000: Loss = 0.000010, Epsilon = 0.2968
2025-06-08 15:53:15,307 - INFO - Episode 569: Reward = -1.3614, Portfolio = $4336.97, Return = -56.63%, Cash = $4277.76, Crypto = 0.002292, Steps = 1296
2025-06-08 15:53:15,864 - INFO - Step 738000: Loss = 0.000005, Epsilon = 0.2959
2025-06-08 15:53:15,864 - INFO - Step 738000: Target network updated
2025-06-08 15:53:16,558 - INFO - Episode 570: Reward = -0.9685, Portfolio = $7944.34, Return = -20.56%, Cash = $958.09, Crypto = 0.270435, Steps = 1296
2025-06-08 15:53:16,558 - INFO - Episode 570 Summary: Avg Reward (100 eps) = -0.8658, Avg Portfolio (100 eps) = $4260.60, Epsilon = 0.295
2025-06-08 15:53:16,558 - INFO - 
Detailed steps for Episode 570:
2025-06-08 15:53:16,558 - INFO - Step | Action | Price    | RSI   | PnL    | WkChg  | Reward    | Portfolio   | Cash       | Crypto
2025-06-08 15:53:16,558 - INFO - ------------------------------------------------------------------------------------------------------------------------
2025-06-08 15:53:16,559 - INFO -    0 | SELL |  9341.71 |  35.4 |  -2.00% |  -7.89% |   -0.0100 | $  10000.00 | $  10000.00 | 0.000000
2025-06-08 15:53:16,559 - INFO -    1 | SELL |  8820.52 |  27.7 |  -2.00% |  -8.44% |   -0.0100 | $  10000.00 | $  10000.00 | 0.000000
2025-06-08 15:53:16,559 - INFO -    2 | HOLD |  8784.49 |  28.3 |  -2.00% |  -8.58% |    0.0000 | $  10000.00 | $  10000.00 | 0.000000
2025-06-08 15:53:16,559 - INFO -    3 | SELL |  8672.46 |  25.2 |  -2.00% | -10.47% |   -0.0100 | $  10000.00 | $  10000.00 | 0.000000
2025-06-08 15:53:16,559 - INFO -    4 | SELL |  8599.51 |  28.2 |  -2.00% | -11.01% |   -0.0100 | $  10000.00 | $  10000.00 | 0.000000
2025-06-08 15:53:16,559 - INFO -    5 | HOLD |  8562.45 |  26.8 |  -2.00% | -13.72% |    0.0000 | $  10000.00 | $  10000.00 | 0.000000
2025-06-08 15:53:16,559 - INFO -    6 | SELL |  8869.67 |  36.4 |  -2.00% |  -8.09% |   -0.0100 | $  10000.00 | $  10000.00 | 0.000000
2025-06-08 15:53:16,559 - INFO -    7 | SELL |  8787.79 |  24.4 |  -2.00% |  -5.93% |   -0.0100 | $  10000.00 | $  10000.00 | 0.000000
2025-06-08 15:53:16,559 - INFO -    8 | SELL |  8755.25 |  29.8 |  -2.00% |  -0.74% |   -0.0100 | $  10000.00 | $  10000.00 | 0.000000
2025-06-08 15:53:16,559 - INFO -    9 | SELL |  9078.76 |  39.3 |  -2.00% |   3.35% |   -0.0100 | $  10000.00 | $  10000.00 | 0.000000
2025-06-08 15:53:16,559 - INFO -   10 | SELL |  9122.55 |  38.4 |  -2.00% |   5.19% |   -0.0100 | $  10000.00 | $  10000.00 | 0.000000
2025-06-08 15:53:16,559 - INFO -   11 | SELL |  8909.95 |  35.7 |  -2.00% |   3.61% |   -0.0100 | $  10000.00 | $  10000.00 | 0.000000
2025-06-08 15:53:16,559 - INFO -   12 | BUY  |  8108.12 |  21.3 |  -2.00% |  -5.31% |   -0.0049 | $   9950.98 | $   7500.00 | 0.302287
2025-06-08 15:53:16,559 - INFO -   13 | BUY  |  7923.64 |  21.9 |  -2.28% | -10.67% |   -0.0093 | $   9858.45 | $   5625.00 | 0.534281
2025-06-08 15:53:16,559 - INFO -   14 | BUY  |  7909.73 |  24.3 |  -1.47% |  -9.99% |   -0.0036 | $   9823.44 | $   4218.75 | 0.708582
2025-06-08 15:53:16,559 - INFO -   15 | HOLD |  7911.43 |  29.9 |  -1.09% |  -9.64% |    0.0001 | $   9824.65 | $   4218.75 | 0.708582
2025-06-08 15:53:16,559 - INFO -   16 | SELL |  4970.79 |  13.1 | -37.86% | -45.25% |   -0.2166 | $   7696.93 | $   5055.28 | 0.531437
2025-06-08 15:53:16,559 - INFO -   17 | BUY  |  5563.71 |  22.5 | -30.44% | -39.01% |    0.0377 | $   7987.25 | $   3791.46 | 0.754137
2025-06-08 15:53:16,559 - INFO -   18 | SELL |  5200.37 |  21.4 | -28.56% | -41.63% |   -0.0404 | $   7664.22 | $   4722.88 | 0.565603
2025-06-08 15:53:16,559 - INFO -   19 | SELL |  5392.31 |  24.0 | -25.93% | -33.49% |   -0.0024 | $   7734.66 | $   5447.23 | 0.424202
2025-06-08 15:53:16,559 - INFO -   ...    ...      ...       ...     ...       ...      ...         ...          ...         ...
2025-06-08 15:53:16,559 - INFO - 1276 | BUY  | 26162.37 |  14.8 |  -8.71% |  -1.88% |   -0.0040 | $   8461.77 | $    141.79 | 0.318013
2025-06-08 15:53:16,559 - INFO - 1277 | BUY  | 26047.67 |  14.5 |  -9.07% |  -0.01% |   -0.0037 | $   8424.60 | $    106.34 | 0.319347
2025-06-08 15:53:16,559 - INFO - 1278 | BUY  | 26008.46 |  14.0 |  -9.17% |  -0.34% |   -0.0037 | $   8411.56 | $     79.76 | 0.320350
2025-06-08 15:53:16,559 - INFO - 1279 | BUY  | 26089.69 |  15.9 |  -8.86% |  -0.38% |   -0.0037 | $   8437.19 | $     59.82 | 0.321099
2025-06-08 15:53:16,559 - INFO - 1280 | BUY  | 26106.15 |  13.9 |  -8.78% |  -0.07% |   -0.0044 | $   8442.18 | $     44.86 | 0.321660
2025-06-08 15:53:16,559 - INFO - 1281 | HOLD | 27727.39 |  37.9 |  -3.10% |   6.51% |   -0.0015 | $   8963.67 | $     44.86 | 0.321660
2025-06-08 15:53:16,559 - INFO - 1282 | BUY  | 27297.27 |  38.1 |  -4.61% |   3.27% |   -0.0018 | $   8825.09 | $     33.65 | 0.322063
2025-06-08 15:53:16,559 - INFO - 1283 | BUY  | 25931.47 |  43.0 |  -9.37% |  -0.88% |   -0.0026 | $   8385.06 | $     25.24 | 0.322381
2025-06-08 15:53:16,559 - INFO - 1284 | SELL | 25800.72 |  47.4 |  -9.82% |  -0.95% |   -0.0030 | $   8238.94 | $   2000.68 | 0.241786
2025-06-08 15:53:16,559 - INFO - 1285 | SELL | 25868.80 |  47.6 |  -9.58% |  -0.54% |   -0.0028 | $   8177.21 | $   3486.18 | 0.181339
2025-06-08 15:53:16,559 - INFO - 1286 | SELL | 25969.57 |  47.7 |  -9.23% |  -0.46% |   -0.0030 | $   8136.62 | $   4604.64 | 0.136005
2025-06-08 15:53:16,559 - INFO - 1287 | BUY  | 25812.42 |  46.8 |  -9.78% |  -1.13% |   -0.0029 | $   8092.67 | $   3453.48 | 0.179727
2025-06-08 15:53:16,559 - INFO - 1288 | BUY  | 25779.98 |  47.4 |  -7.70% |  -7.02% |   -0.0027 | $   8069.92 | $   2590.11 | 0.212561
2025-06-08 15:53:16,559 - INFO - 1289 | BUY  | 25753.24 |  42.4 |  -6.68% |  -5.66% |   -0.0017 | $   8051.53 | $   1942.58 | 0.237211
2025-06-08 15:53:16,559 - INFO - 1290 | BUY  | 26240.20 |  50.8 |  -4.25% |   1.19% |   -0.0008 | $   8157.52 | $   1456.94 | 0.255356
2025-06-08 15:53:16,559 - INFO - 1291 | SELL | 25905.65 |  48.5 |  -5.19% |   0.41% |   -0.0014 | $   7989.41 | $   3028.04 | 0.191517
2025-06-08 15:53:16,559 - INFO - 1292 | BUY  | 25895.68 |  48.8 |  -5.23% |   0.10% |   -0.0015 | $   7972.65 | $   2271.03 | 0.220177
2025-06-08 15:53:16,559 - INFO - 1293 | BUY  | 25832.23 |  47.3 |  -4.81% |  -0.53% |   -0.0015 | $   7947.55 | $   1703.27 | 0.241724
2025-06-08 15:53:16,559 - INFO - 1294 | BUY  | 25162.65 |  41.4 |  -6.88% |  -2.52% |   -0.0019 | $   7777.35 | $   1277.45 | 0.258315
2025-06-08 15:53:16,559 - INFO - 1295 | BUY  | 25833.34 |  29.2 |  -3.97% |   0.21% |   -0.0017 | $   7944.34 | $    958.09 | 0.270435
2025-06-08 15:53:16,560 - INFO - 
Action distribution for Episode 570:
2025-06-08 15:53:16,560 - INFO -   HOLD:  697 ( 53.8%)
2025-06-08 15:53:16,560 - INFO -   BUY:   387 ( 29.9%)
2025-06-08 15:53:16,560 - INFO -   SELL:  212 ( 16.4%)
2025-06-08 15:53:16,560 - INFO - ------------------------------------------------------------------------------------------------------------------------
2025-06-08 15:53:16,838 - INFO - Step 739000: Loss = 0.000007, Epsilon = 0.2949
2025-06-08 15:53:17,860 - INFO - Step 740000: Loss = 0.000005, Epsilon = 0.2939
2025-06-08 15:53:17,860 - INFO - Step 740000: Target network updated
2025-06-08 15:53:17,877 - INFO - Episode 571: Reward = -0.8759, Portfolio = $5382.36, Return = -46.18%, Cash = $3152.13, Crypto = 0.086331, Steps = 1296
2025-06-08 15:53:18,857 - INFO - Step 741000: Loss = 0.000006, Epsilon = 0.2930
2025-06-08 15:53:19,159 - INFO - Episode 572: Reward = -0.4891, Portfolio = $7922.70, Return = -20.77%, Cash = $1076.73, Crypto = 0.265005, Steps = 1296
2025-06-08 15:53:19,827 - INFO - Step 742000: Loss = 0.000004, Epsilon = 0.2920
2025-06-08 15:53:19,827 - INFO - Step 742000: Target network updated
2025-06-08 15:53:20,436 - INFO - Episode 573: Reward = -0.6997, Portfolio = $5246.05, Return = -47.54%, Cash = $3651.69, Crypto = 0.061717, Steps = 1296
2025-06-08 15:53:20,810 - INFO - Step 743000: Loss = 0.000006, Epsilon = 0.2911
2025-06-08 15:53:21,733 - INFO - Episode 574: Reward = -0.6008, Portfolio = $13209.07, Return = 32.09%, Cash = $4220.35, Crypto = 0.347950, Steps = 1296
2025-06-08 15:53:21,834 - INFO - Step 744000: Loss = 0.000008, Epsilon = 0.2901
2025-06-08 15:53:21,834 - INFO - Step 744000: Target network updated
2025-06-08 15:53:22,860 - INFO - Step 745000: Loss = 0.000008, Epsilon = 0.2892
2025-06-08 15:53:23,060 - INFO - Episode 575: Reward = -0.5247, Portfolio = $9216.22, Return = -7.84%, Cash = $8385.08, Crypto = 0.032173, Steps = 1296
2025-06-08 15:53:23,888 - INFO - Step 746000: Loss = 0.000006, Epsilon = 0.2882
2025-06-08 15:53:23,889 - INFO - Step 746000: Target network updated
2025-06-08 15:53:24,374 - INFO - Episode 576: Reward = -0.0759, Portfolio = $7280.41, Return = -27.20%, Cash = $3397.67, Crypto = 0.150299, Steps = 1296
2025-06-08 15:53:24,974 - INFO - Step 747000: Loss = 0.000207, Epsilon = 0.2873
2025-06-08 15:53:25,885 - INFO - Episode 577: Reward = -1.4001, Portfolio = $3953.05, Return = -60.47%, Cash = $0.02, Crypto = 0.153020, Steps = 1296
2025-06-08 15:53:26,134 - INFO - Step 748000: Loss = 0.000013, Epsilon = 0.2863
2025-06-08 15:53:26,134 - INFO - Step 748000: Target network updated
2025-06-08 15:53:27,304 - INFO - Step 749000: Loss = 0.000008, Epsilon = 0.2854
2025-06-08 15:53:27,402 - INFO - Episode 578: Reward = -0.6109, Portfolio = $5184.65, Return = -48.15%, Cash = $3295.18, Crypto = 0.073141, Steps = 1296
2025-06-08 15:53:28,420 - INFO - Step 750000: Loss = 0.000008, Epsilon = 0.2844
2025-06-08 15:53:28,420 - INFO - Step 750000: Target network updated
2025-06-08 15:53:28,845 - INFO - Episode 579: Reward = -0.3607, Portfolio = $5994.03, Return = -40.06%, Cash = $147.10, Crypto = 0.226333, Steps = 1296
2025-06-08 15:53:29,524 - INFO - Step 751000: Loss = 0.000719, Epsilon = 0.2835
2025-06-08 15:53:30,205 - INFO - Episode 580: Reward = -1.1015, Portfolio = $3324.52, Return = -66.75%, Cash = $45.36, Crypto = 0.126935, Steps = 1296
2025-06-08 15:53:30,205 - INFO - Episode 580 Summary: Avg Reward (100 eps) = -0.8212, Avg Portfolio (100 eps) = $4689.94, Epsilon = 0.283
2025-06-08 15:53:30,205 - INFO - 
Detailed steps for Episode 580:
2025-06-08 15:53:30,205 - INFO - Step | Action | Price    | RSI   | PnL    | WkChg  | Reward    | Portfolio   | Cash       | Crypto
2025-06-08 15:53:30,205 - INFO - ------------------------------------------------------------------------------------------------------------------------
2025-06-08 15:53:30,205 - INFO -    0 | BUY  |  9341.71 |  35.4 |  -2.00% |  -7.89% |   -0.0049 | $   9950.98 | $   7500.00 | 0.262370
2025-06-08 15:53:30,205 - INFO -    1 | BUY  |  8820.52 |  27.7 |  -5.58% |  -8.44% |   -0.0174 | $   9777.47 | $   5625.00 | 0.470774
2025-06-08 15:53:30,205 - INFO -    2 | BUY  |  8784.49 |  28.3 |  -3.58% |  -8.58% |   -0.0046 | $   9732.94 | $   4218.75 | 0.627718
2025-06-08 15:53:30,205 - INFO -    3 | BUY  |  8672.46 |  25.2 |  -3.95% | -10.47% |   -0.0094 | $   9641.93 | $   3164.06 | 0.746947
2025-06-08 15:53:30,205 - INFO -    4 | BUY  |  8599.51 |  28.2 |  -4.16% | -11.01% |   -0.0073 | $   9571.93 | $   2373.05 | 0.837127
2025-06-08 15:53:30,205 - INFO -    5 | BUY  |  8562.45 |  26.8 |  -4.14% | -13.72% |   -0.0045 | $   9529.28 | $   1779.79 | 0.905055
2025-06-08 15:53:30,205 - INFO -    6 | BUY  |  8869.67 |  36.4 |  -0.39% |  -8.09% |    0.0283 | $   9798.60 | $   1334.84 | 0.954237
2025-06-08 15:53:30,206 - INFO -    7 | BUY  |  8787.79 |  24.4 |  -1.29% |  -5.93% |   -0.0086 | $   9713.92 | $   1001.13 | 0.991466
2025-06-08 15:53:30,206 - INFO -    8 | BUY  |  8755.25 |  29.8 |  -1.61% |  -0.74% |   -0.0038 | $   9676.75 | $    750.85 | 1.019492
2025-06-08 15:53:30,206 - INFO -    9 | BUY  |  9078.76 |  39.3 |   2.07% |   3.35% |    0.0337 | $  10002.90 | $    563.14 | 1.039763
2025-06-08 15:53:30,206 - INFO -   10 | BUY  |  9122.55 |  38.4 |   2.52% |   5.19% |    0.0043 | $  10045.66 | $    422.35 | 1.054893
2025-06-08 15:53:30,206 - INFO -   11 | BUY  |  8909.95 |  35.7 |   0.10% |   3.61% |   -0.0225 | $   9819.33 | $    316.76 | 1.066511
2025-06-08 15:53:30,206 - INFO -   12 | HOLD |  8108.12 |  21.3 |  -8.91% |  -5.31% |   -0.0871 | $   8964.16 | $    316.76 | 1.066511
2025-06-08 15:53:30,206 - INFO -   13 | BUY  |  7923.64 |  21.9 | -10.98% | -10.67% |   -0.0221 | $   8765.86 | $    237.57 | 1.076309
2025-06-08 15:53:30,206 - INFO -   14 | BUY  |  7909.73 |  24.3 | -11.05% |  -9.99% |   -0.0018 | $   8749.72 | $    178.18 | 1.083671
2025-06-08 15:53:30,206 - INFO -   15 | BUY  |  7911.43 |  29.9 | -10.97% |  -9.64% |    0.0001 | $   8750.69 | $    133.63 | 1.089191
2025-06-08 15:53:30,206 - INFO -   16 | BUY  |  4970.79 |  13.1 | -44.03% | -45.25% |   -0.3661 | $   5547.12 | $    100.23 | 1.095780
2025-06-08 15:53:30,206 - INFO -   17 | BUY  |  5563.71 |  22.5 | -37.19% | -39.01% |    0.1170 | $   6196.33 | $     75.17 | 1.100195
2025-06-08 15:53:30,206 - INFO -   18 | BUY  |  5200.37 |  21.4 | -41.20% | -41.63% |   -0.0646 | $   5796.22 | $     56.38 | 1.103738
2025-06-08 15:53:30,206 - INFO -   19 | HOLD |  5392.31 |  24.0 | -38.95% | -33.49% |   -0.0023 | $   6008.08 | $     56.38 | 1.103738
2025-06-08 15:53:30,206 - INFO -   ...    ...      ...       ...     ...       ...      ...         ...          ...         ...
2025-06-08 15:53:30,206 - INFO - 1276 | HOLD | 26162.37 |  14.8 | -11.86% |  -1.88% |   -0.0035 | $   3425.06 | $     16.79 | 0.130274
2025-06-08 15:53:30,206 - INFO - 1277 | BUY  | 26047.67 |  14.5 | -12.25% |  -0.01% |   -0.0036 | $   3410.03 | $     12.59 | 0.130432
2025-06-08 15:53:30,206 - INFO - 1278 | BUY  | 26008.46 |  14.0 | -12.37% |  -0.34% |   -0.0036 | $   3404.86 | $      9.45 | 0.130550
2025-06-08 15:53:30,206 - INFO - 1279 | BUY  | 26089.69 |  15.9 | -12.08% |  -0.38% |   -0.0037 | $   3415.42 | $      7.08 | 0.130639
2025-06-08 15:53:30,206 - INFO - 1280 | BUY  | 26106.15 |  13.9 | -12.02% |  -0.07% |   -0.0039 | $   3417.53 | $      5.31 | 0.130706
2025-06-08 15:53:30,206 - INFO - 1281 | BUY  | 27727.39 |  37.9 |  -6.55% |   6.51% |   -0.0013 | $   3629.41 | $      3.98 | 0.130753
2025-06-08 15:53:30,206 - INFO - 1282 | BUY  | 27297.27 |  38.1 |  -8.00% |   3.27% |   -0.0016 | $   3573.15 | $      2.99 | 0.130788
2025-06-08 15:53:30,206 - INFO - 1283 | BUY  | 25931.47 |  43.0 | -12.60% |  -0.88% |   -0.0024 | $   3394.51 | $      2.24 | 0.130817
2025-06-08 15:53:30,206 - INFO - 1284 | BUY  | 25800.72 |  47.4 | -13.04% |  -0.95% |   -0.0025 | $   3377.39 | $      1.68 | 0.130838
2025-06-08 15:53:30,206 - INFO - 1285 | SELL | 25868.80 |  47.6 | -12.81% |  -0.54% |   -0.0027 | $   3343.99 | $    805.53 | 0.098128
2025-06-08 15:53:30,206 - INFO - 1286 | BUY  | 25969.57 |  47.7 | -12.47% |  -0.46% |   -0.0027 | $   3349.93 | $    604.15 | 0.105731
2025-06-08 15:53:30,206 - INFO - 1287 | BUY  | 25812.42 |  46.8 | -12.21% |  -1.13% |   -0.0027 | $   3330.35 | $    453.11 | 0.111467
2025-06-08 15:53:30,206 - INFO - 1288 | BUY  | 25779.98 |  47.4 | -11.76% |  -7.02% |   -0.0024 | $   3324.52 | $    339.83 | 0.115775
2025-06-08 15:53:30,206 - INFO - 1289 | BUY  | 25753.24 |  42.4 | -11.47% |  -5.66% |   -0.0012 | $   3319.76 | $    254.87 | 0.119010
2025-06-08 15:53:30,206 - INFO - 1290 | BUY  | 26240.20 |  50.8 |  -9.51% |   1.19% |   -0.0002 | $   3376.46 | $    191.16 | 0.121390
2025-06-08 15:53:30,206 - INFO - 1291 | BUY  | 25905.65 |  48.5 | -10.50% |   0.41% |   -0.0006 | $   3334.91 | $    143.37 | 0.123199
2025-06-08 15:53:30,206 - INFO - 1292 | BUY  | 25895.68 |  48.8 | -10.40% |   0.10% |   -0.0007 | $   3332.98 | $    107.53 | 0.124556
2025-06-08 15:53:30,206 - INFO - 1293 | BUY  | 25832.23 |  47.3 | -10.51% |  -0.53% |   -0.0007 | $   3324.55 | $     80.64 | 0.125576
2025-06-08 15:53:30,206 - INFO - 1294 | BUY  | 25162.65 |  41.4 | -12.76% |  -2.52% |   -0.0012 | $   3240.07 | $     60.48 | 0.126361
2025-06-08 15:53:30,206 - INFO - 1295 | BUY  | 25833.34 |  29.2 | -10.36% |   0.21% |   -0.0009 | $   3324.52 | $     45.36 | 0.126935
2025-06-08 15:53:30,206 - INFO - 
Action distribution for Episode 580:
2025-06-08 15:53:30,206 - INFO -   HOLD:  666 ( 51.4%)
2025-06-08 15:53:30,206 - INFO -   BUY:   439 ( 33.9%)
2025-06-08 15:53:30,206 - INFO -   SELL:  191 ( 14.7%)
2025-06-08 15:53:30,206 - INFO - ------------------------------------------------------------------------------------------------------------------------
2025-06-08 15:53:30,559 - INFO - Step 752000: Loss = 0.000012, Epsilon = 0.2825
2025-06-08 15:53:30,560 - INFO - Step 752000: Target network updated
2025-06-08 15:53:31,648 - INFO - Episode 581: Reward = -0.8587, Portfolio = $4386.09, Return = -56.14%, Cash = $477.85, Crypto = 0.151287, Steps = 1296
2025-06-08 15:53:31,674 - INFO - Step 753000: Loss = 0.000007, Epsilon = 0.2815
2025-06-08 15:53:32,727 - INFO - Step 754000: Loss = 0.000005, Epsilon = 0.2806
2025-06-08 15:53:32,727 - INFO - Step 754000: Target network updated
2025-06-08 15:53:32,993 - INFO - Episode 582: Reward = -0.7219, Portfolio = $4296.10, Return = -57.04%, Cash = $3097.59, Crypto = 0.046394, Steps = 1296
2025-06-08 15:53:33,711 - INFO - Step 755000: Loss = 0.000268, Epsilon = 0.2796
2025-06-08 15:53:34,251 - INFO - Episode 583: Reward = -0.7099, Portfolio = $8005.34, Return = -19.95%, Cash = $7991.55, Crypto = 0.000534, Steps = 1296
2025-06-08 15:53:34,659 - INFO - Step 756000: Loss = 0.000007, Epsilon = 0.2787
2025-06-08 15:53:34,659 - INFO - Step 756000: Target network updated
2025-06-08 15:53:35,511 - INFO - Episode 584: Reward = -1.2537, Portfolio = $4807.35, Return = -51.93%, Cash = $771.54, Crypto = 0.156225, Steps = 1296
2025-06-08 15:53:35,650 - INFO - Step 757000: Loss = 0.000008, Epsilon = 0.2777
2025-06-08 15:53:36,707 - INFO - Step 758000: Loss = 0.000004, Epsilon = 0.2768
2025-06-08 15:53:36,707 - INFO - Step 758000: Target network updated
2025-06-08 15:53:36,868 - INFO - Episode 585: Reward = -0.5086, Portfolio = $4762.15, Return = -52.38%, Cash = $1653.99, Crypto = 0.120316, Steps = 1296
2025-06-08 15:53:37,720 - INFO - Step 759000: Loss = 0.000007, Epsilon = 0.2758
2025-06-08 15:53:38,208 - INFO - Episode 586: Reward = -1.0419, Portfolio = $4025.30, Return = -59.75%, Cash = $80.86, Crypto = 0.152688, Steps = 1296
2025-06-08 15:53:38,750 - INFO - Step 760000: Loss = 0.000006, Epsilon = 0.2749
2025-06-08 15:53:38,750 - INFO - Step 760000: Target network updated
2025-06-08 15:53:39,480 - INFO - Episode 587: Reward = -0.4430, Portfolio = $11777.08, Return = 17.77%, Cash = $3305.90, Crypto = 0.327917, Steps = 1296
2025-06-08 15:53:39,728 - INFO - Step 761000: Loss = 0.000005, Epsilon = 0.2739
2025-06-08 15:53:40,709 - INFO - Step 762000: Loss = 0.000007, Epsilon = 0.2730
2025-06-08 15:53:40,709 - INFO - Step 762000: Target network updated
2025-06-08 15:53:40,757 - INFO - Episode 588: Reward = -0.6135, Portfolio = $8996.50, Return = -10.03%, Cash = $5733.38, Crypto = 0.126314, Steps = 1296
2025-06-08 15:53:41,734 - INFO - Step 763000: Loss = 0.000007, Epsilon = 0.2720
2025-06-08 15:53:42,093 - INFO - Episode 589: Reward = -0.5291, Portfolio = $3995.74, Return = -60.04%, Cash = $1910.77, Crypto = 0.080708, Steps = 1296
2025-06-08 15:53:42,761 - INFO - Step 764000: Loss = 0.000007, Epsilon = 0.2710
2025-06-08 15:53:42,761 - INFO - Step 764000: Target network updated
2025-06-08 15:53:43,395 - INFO - Episode 590: Reward = -0.4793, Portfolio = $5326.24, Return = -46.74%, Cash = $285.69, Crypto = 0.195118, Steps = 1296
2025-06-08 15:53:43,395 - INFO - Episode 590 Summary: Avg Reward (100 eps) = -0.7973, Avg Portfolio (100 eps) = $4955.84, Epsilon = 0.270
2025-06-08 15:53:43,395 - INFO - 
Detailed steps for Episode 590:
2025-06-08 15:53:43,395 - INFO - Step | Action | Price    | RSI   | PnL    | WkChg  | Reward    | Portfolio   | Cash       | Crypto
2025-06-08 15:53:43,395 - INFO - ------------------------------------------------------------------------------------------------------------------------
2025-06-08 15:53:43,395 - INFO -    0 | BUY  |  9341.71 |  35.4 |  -2.00% |  -7.89% |   -0.0049 | $   9950.98 | $   7500.00 | 0.262370
2025-06-08 15:53:43,395 - INFO -    1 | HOLD |  8820.52 |  27.7 |  -5.58% |  -8.44% |   -0.0137 | $   9814.24 | $   7500.00 | 0.262370
2025-06-08 15:53:43,395 - INFO -    2 | HOLD |  8784.49 |  28.3 |  -5.96% |  -8.58% |   -0.0010 | $   9804.79 | $   7500.00 | 0.262370
2025-06-08 15:53:43,395 - INFO -    3 | HOLD |  8672.46 |  25.2 |  -7.16% | -10.47% |   -0.0030 | $   9775.39 | $   7500.00 | 0.262370
2025-06-08 15:53:43,395 - INFO -    4 | HOLD |  8599.51 |  28.2 |  -7.94% | -11.01% |   -0.0020 | $   9756.25 | $   7500.00 | 0.262370
2025-06-08 15:53:43,395 - INFO -    5 | SELL |  8562.45 |  26.8 |  -8.34% | -13.72% |   -0.0039 | $   9718.45 | $   8033.55 | 0.196777
2025-06-08 15:53:43,395 - INFO -    6 | HOLD |  8869.67 |  36.4 |  -5.05% |  -8.09% |    0.0062 | $   9778.90 | $   8033.55 | 0.196777
2025-06-08 15:53:43,395 - INFO -    7 | BUY  |  8787.79 |  24.4 |  -5.93% |  -5.93% |   -0.0057 | $   9723.41 | $   6025.16 | 0.420839
2025-06-08 15:53:43,395 - INFO -    8 | HOLD |  8755.25 |  29.8 |  -3.22% |  -0.74% |   -0.0014 | $   9709.71 | $   6025.16 | 0.420839
2025-06-08 15:53:43,395 - INFO -    9 | HOLD |  9078.76 |  39.3 |   0.35% |   3.35% |    0.0140 | $   9845.86 | $   6025.16 | 0.420839
2025-06-08 15:53:43,395 - INFO -   10 | HOLD |  9122.55 |  38.4 |   0.84% |   5.19% |    0.0019 | $   9864.29 | $   6025.16 | 0.420839
2025-06-08 15:53:43,396 - INFO -   11 | HOLD |  8909.95 |  35.7 |  -1.51% |   3.61% |   -0.0091 | $   9774.82 | $   6025.16 | 0.420839
2025-06-08 15:53:43,396 - INFO -   12 | HOLD |  8108.12 |  21.3 | -10.38% |  -5.31% |   -0.0345 | $   9437.38 | $   6025.16 | 0.420839
2025-06-08 15:53:43,396 - INFO -   13 | SELL |  7923.64 |  21.9 | -12.41% | -10.67% |   -0.0126 | $   9318.06 | $   6817.13 | 0.315629
2025-06-08 15:53:43,396 - INFO -   14 | HOLD |  7909.73 |  24.3 | -12.57% |  -9.99% |   -0.0005 | $   9313.67 | $   6817.13 | 0.315629
2025-06-08 15:53:43,396 - INFO -   15 | HOLD |  7911.43 |  29.9 | -12.55% |  -9.64% |    0.0001 | $   9314.20 | $   6817.13 | 0.315629
2025-06-08 15:53:43,396 - INFO -   16 | HOLD |  4970.79 |  13.1 | -45.05% | -45.25% |   -0.0996 | $   8386.05 | $   6817.13 | 0.315629
2025-06-08 15:53:43,396 - INFO -   17 | HOLD |  5563.71 |  22.5 | -38.50% | -39.01% |    0.0223 | $   8573.19 | $   6817.13 | 0.315629
2025-06-08 15:53:43,396 - INFO -   18 | HOLD |  5200.37 |  21.4 | -42.52% | -41.63% |   -0.0134 | $   8458.51 | $   6817.13 | 0.315629
2025-06-08 15:53:43,396 - INFO -   19 | SELL |  5392.31 |  24.0 | -40.40% | -33.49% |   -0.0033 | $   8497.82 | $   7221.34 | 0.236722
2025-06-08 15:53:43,396 - INFO -   ...    ...      ...       ...     ...       ...      ...         ...          ...         ...
2025-06-08 15:53:43,396 - INFO - 1276 | HOLD | 26162.37 |  14.8 |  -6.22% |  -1.88% |   -0.0037 | $   5412.21 | $   2853.66 | 0.097795
2025-06-08 15:53:43,396 - INFO - 1277 | HOLD | 26047.67 |  14.5 |  -6.63% |  -0.01% |   -0.0038 | $   5400.99 | $   2853.66 | 0.097795
2025-06-08 15:53:43,396 - INFO - 1278 | HOLD | 26008.46 |  14.0 |  -6.77% |  -0.34% |   -0.0039 | $   5397.16 | $   2853.66 | 0.097795
2025-06-08 15:53:43,396 - INFO - 1279 | HOLD | 26089.69 |  15.9 |  -6.48% |  -0.38% |   -0.0039 | $   5405.10 | $   2853.66 | 0.097795
2025-06-08 15:53:43,396 - INFO - 1280 | HOLD | 26106.15 |  13.9 |  -6.42% |  -0.07% |   -0.0044 | $   5406.71 | $   2853.66 | 0.097795
2025-06-08 15:53:43,396 - INFO - 1281 | HOLD | 27727.39 |  37.9 |  -0.61% |   6.51% |   -0.0022 | $   5565.26 | $   2853.66 | 0.097795
2025-06-08 15:53:43,396 - INFO - 1282 | HOLD | 27297.27 |  38.1 |  -2.15% |   3.27% |   -0.0023 | $   5523.20 | $   2853.66 | 0.097795
2025-06-08 15:53:43,396 - INFO - 1283 | BUY  | 25931.47 |  43.0 |  -7.05% |  -0.88% |   -0.0031 | $   5375.64 | $   2140.24 | 0.124767
2025-06-08 15:53:43,396 - INFO - 1284 | HOLD | 25800.72 |  47.4 |  -6.09% |  -0.95% |   -0.0033 | $   5359.33 | $   2140.24 | 0.124767
2025-06-08 15:53:43,396 - INFO - 1285 | HOLD | 25868.80 |  47.6 |  -5.84% |  -0.54% |   -0.0031 | $   5367.82 | $   2140.24 | 0.124767
2025-06-08 15:53:43,396 - INFO - 1286 | HOLD | 25969.57 |  47.7 |  -5.47% |  -0.46% |   -0.0031 | $   5380.39 | $   2140.24 | 0.124767
2025-06-08 15:53:43,396 - INFO - 1287 | HOLD | 25812.42 |  46.8 |  -6.04% |  -1.13% |   -0.0031 | $   5360.79 | $   2140.24 | 0.124767
2025-06-08 15:53:43,396 - INFO - 1288 | BUY  | 25779.98 |  47.4 |  -6.16% |  -7.02% |   -0.0029 | $   5346.25 | $   1605.18 | 0.145115
2025-06-08 15:53:43,396 - INFO - 1289 | BUY  | 25753.24 |  42.4 |  -5.44% |  -5.66% |   -0.0018 | $   5334.50 | $   1203.89 | 0.160392
2025-06-08 15:53:43,396 - INFO - 1290 | BUY  | 26240.20 |  50.8 |  -3.15% |   1.19% |   -0.0005 | $   5406.70 | $    902.91 | 0.171637
2025-06-08 15:53:43,396 - INFO - 1291 | BUY  | 25905.65 |  48.5 |  -4.19% |   0.41% |   -0.0011 | $   5344.85 | $    677.19 | 0.180180
2025-06-08 15:53:43,396 - INFO - 1292 | BUY  | 25895.68 |  48.8 |  -4.03% |   0.10% |   -0.0012 | $   5339.74 | $    507.89 | 0.186589
2025-06-08 15:53:43,396 - INFO - 1293 | BUY  | 25832.23 |  47.3 |  -4.14% |  -0.53% |   -0.0013 | $   5325.41 | $    380.92 | 0.191408
2025-06-08 15:53:43,396 - INFO - 1294 | BUY  | 25162.65 |  41.4 |  -6.52% |  -2.52% |   -0.0020 | $   5195.38 | $    285.69 | 0.195118
2025-06-08 15:53:43,396 - INFO - 1295 | HOLD | 25833.34 |  29.2 |  -3.91% |   0.21% |   -0.0008 | $   5326.24 | $    285.69 | 0.195118
2025-06-08 15:53:43,396 - INFO - 
Action distribution for Episode 590:
2025-06-08 15:53:43,396 - INFO -   HOLD:  811 ( 62.6%)
2025-06-08 15:53:43,396 - INFO -   BUY:   362 ( 27.9%)
2025-06-08 15:53:43,396 - INFO -   SELL:  123 (  9.5%)
2025-06-08 15:53:43,396 - INFO - ------------------------------------------------------------------------------------------------------------------------
2025-06-08 15:53:43,769 - INFO - Step 765000: Loss = 0.000097, Epsilon = 0.2701
2025-06-08 15:53:44,727 - INFO - Episode 591: Reward = -0.7353, Portfolio = $8066.70, Return = -19.33%, Cash = $7861.17, Crypto = 0.007956, Steps = 1296
2025-06-08 15:53:44,793 - INFO - Step 766000: Loss = 0.000008, Epsilon = 0.2691
2025-06-08 15:53:44,794 - INFO - Step 766000: Target network updated
2025-06-08 15:53:45,748 - INFO - Step 767000: Loss = 0.000008, Epsilon = 0.2682
2025-06-08 15:53:45,968 - INFO - Episode 592: Reward = -0.6851, Portfolio = $3312.12, Return = -66.88%, Cash = $1799.53, Crypto = 0.058552, Steps = 1296
2025-06-08 15:53:46,725 - INFO - Step 768000: Loss = 0.000010, Epsilon = 0.2672
2025-06-08 15:53:46,726 - INFO - Step 768000: Target network updated
2025-06-08 15:53:47,290 - INFO - Episode 593: Reward = -0.2623, Portfolio = $6651.62, Return = -33.48%, Cash = $17.31, Crypto = 0.256812, Steps = 1296
2025-06-08 15:53:47,810 - INFO - Step 769000: Loss = 0.000011, Epsilon = 0.2663
2025-06-08 15:53:48,690 - INFO - Episode 594: Reward = -1.3315, Portfolio = $5072.44, Return = -49.28%, Cash = $2672.92, Crypto = 0.092885, Steps = 1296
2025-06-08 15:53:48,869 - INFO - Step 770000: Loss = 0.000008, Epsilon = 0.2653
2025-06-08 15:53:48,869 - INFO - Step 770000: Target network updated
2025-06-08 15:53:49,885 - INFO - Step 771000: Loss = 0.000003, Epsilon = 0.2644
2025-06-08 15:53:50,016 - INFO - Episode 595: Reward = -0.2966, Portfolio = $6970.45, Return = -30.30%, Cash = $5080.05, Crypto = 0.073177, Steps = 1296
2025-06-08 15:53:50,963 - INFO - Step 772000: Loss = 0.000011, Epsilon = 0.2634
2025-06-08 15:53:50,963 - INFO - Step 772000: Target network updated
2025-06-08 15:53:51,409 - INFO - Episode 596: Reward = -0.2013, Portfolio = $13342.90, Return = 33.43%, Cash = $137.32, Crypto = 0.511183, Steps = 1296
2025-06-08 15:53:52,009 - INFO - Step 773000: Loss = 0.000006, Epsilon = 0.2625
2025-06-08 15:53:52,697 - INFO - Episode 597: Reward = -0.6209, Portfolio = $6364.89, Return = -36.35%, Cash = $1723.64, Crypto = 0.179661, Steps = 1296
2025-06-08 15:53:52,979 - INFO - Step 774000: Loss = 0.000011, Epsilon = 0.2615
2025-06-08 15:53:52,980 - INFO - Step 774000: Target network updated
2025-06-08 15:53:54,009 - INFO - Step 775000: Loss = 0.000010, Epsilon = 0.2606
2025-06-08 15:53:54,016 - INFO - Episode 598: Reward = -0.3727, Portfolio = $9081.43, Return = -9.19%, Cash = $3563.56, Crypto = 0.213595, Steps = 1296
2025-06-08 15:53:55,063 - INFO - Step 776000: Loss = 0.000006, Epsilon = 0.2596
2025-06-08 15:53:55,064 - INFO - Step 776000: Target network updated
2025-06-08 15:53:55,380 - INFO - Episode 599: Reward = -0.5214, Portfolio = $3299.54, Return = -67.00%, Cash = $2517.12, Crypto = 0.030287, Steps = 1296
2025-06-08 15:53:56,089 - INFO - Step 777000: Loss = 0.000087, Epsilon = 0.2586
2025-06-08 15:53:56,664 - INFO - Episode 600: Reward = -0.5767, Portfolio = $5452.79, Return = -45.47%, Cash = $2364.44, Crypto = 0.119549, Steps = 1296
2025-06-08 15:53:56,664 - INFO - Episode 600 Summary: Avg Reward (100 eps) = -0.7655, Avg Portfolio (100 eps) = $5244.36, Epsilon = 0.258
2025-06-08 15:53:56,664 - INFO - 
Detailed steps for Episode 600:
2025-06-08 15:53:56,664 - INFO - Step | Action | Price    | RSI   | PnL    | WkChg  | Reward    | Portfolio   | Cash       | Crypto
2025-06-08 15:53:56,664 - INFO - ------------------------------------------------------------------------------------------------------------------------
2025-06-08 15:53:56,664 - INFO -    0 | HOLD |  9341.71 |  35.4 |  -2.00% |  -7.89% |    0.0000 | $  10000.00 | $  10000.00 | 0.000000
2025-06-08 15:53:56,664 - INFO -    1 | BUY  |  8820.52 |  27.7 |  -2.00% |  -8.44% |   -0.0049 | $   9950.98 | $   7500.00 | 0.277872
2025-06-08 15:53:56,664 - INFO -    2 | HOLD |  8784.49 |  28.3 |  -0.41% |  -8.58% |   -0.0010 | $   9940.97 | $   7500.00 | 0.277872
2025-06-08 15:53:56,664 - INFO -    3 | HOLD |  8672.46 |  25.2 |  -1.68% | -10.47% |   -0.0031 | $   9909.84 | $   7500.00 | 0.277872
2025-06-08 15:53:56,664 - INFO -    4 | HOLD |  8599.51 |  28.2 |  -2.51% | -11.01% |   -0.0020 | $   9889.57 | $   7500.00 | 0.277872
2025-06-08 15:53:56,664 - INFO -    5 | HOLD |  8562.45 |  26.8 |  -2.93% | -13.72% |   -0.0010 | $   9879.27 | $   7500.00 | 0.277872
2025-06-08 15:53:56,664 - INFO -    6 | HOLD |  8869.67 |  36.4 |   0.56% |  -8.09% |    0.0086 | $   9964.64 | $   7500.00 | 0.277872
2025-06-08 15:53:56,664 - INFO -    7 | HOLD |  8787.79 |  24.4 |  -0.37% |  -5.93% |   -0.0023 | $   9941.88 | $   7500.00 | 0.277872
2025-06-08 15:53:56,664 - INFO -    8 | BUY  |  8755.25 |  29.8 |  -0.74% |  -0.74% |   -0.0046 | $   9896.08 | $   5625.00 | 0.487831
2025-06-08 15:53:56,665 - INFO -    9 | BUY  |  9078.76 |  39.3 |   3.26% |   3.35% |    0.0132 | $  10026.32 | $   4218.75 | 0.639688
2025-06-08 15:53:56,665 - INFO -   10 | BUY  |  9122.55 |  38.4 |   2.96% |   5.19% |    0.0007 | $  10033.65 | $   3164.06 | 0.753034
2025-06-08 15:53:56,665 - INFO -   11 | HOLD |  8909.95 |  35.7 |   0.11% |   3.61% |   -0.0160 | $   9873.56 | $   3164.06 | 0.753034
2025-06-08 15:53:56,665 - INFO -   12 | BUY  |  8108.12 |  21.3 |  -8.90% |  -5.31% |   -0.0627 | $   9254.24 | $   2373.05 | 0.848680
2025-06-08 15:53:56,665 - INFO -   13 | BUY  |  7923.64 |  21.9 | -10.07% | -10.67% |   -0.0182 | $   9086.05 | $   1779.79 | 0.922084
2025-06-08 15:53:56,665 - INFO -   14 | BUY  |  7909.73 |  24.3 |  -9.50% |  -9.99% |   -0.0024 | $   9064.50 | $   1334.84 | 0.977234
2025-06-08 15:53:56,665 - INFO -   15 | BUY  |  7911.43 |  29.9 |  -8.99% |  -9.64% |   -0.0005 | $   9059.62 | $   1001.13 | 1.018588
2025-06-08 15:53:56,665 - INFO -   16 | BUY  |  4970.79 |  13.1 | -42.61% | -45.25% |   -0.3312 | $   6059.41 | $    750.85 | 1.067951
2025-06-08 15:53:56,665 - INFO -   17 | HOLD |  5563.71 |  22.5 | -34.47% | -39.01% |    0.1045 | $   6692.61 | $    750.85 | 1.067951
2025-06-08 15:53:56,665 - INFO -   18 | HOLD |  5200.37 |  21.4 | -38.75% | -41.63% |   -0.0580 | $   6304.58 | $    750.85 | 1.067951
2025-06-08 15:53:56,665 - INFO -   19 | HOLD |  5392.31 |  24.0 | -36.49% | -33.49% |   -0.0022 | $   6509.58 | $    750.85 | 1.067951
2025-06-08 15:53:56,665 - INFO -   ...    ...      ...       ...     ...       ...      ...         ...          ...         ...
2025-06-08 15:53:56,665 - INFO - 1276 | HOLD | 26162.37 |  14.8 |  -4.20% |  -1.88% |   -0.0036 | $   5596.35 | $   3227.77 | 0.090534
2025-06-08 15:53:56,665 - INFO - 1277 | HOLD | 26047.67 |  14.5 |  -4.62% |  -0.01% |   -0.0037 | $   5585.97 | $   3227.77 | 0.090534
2025-06-08 15:53:56,665 - INFO - 1278 | HOLD | 26008.46 |  14.0 |  -4.77% |  -0.34% |   -0.0038 | $   5582.42 | $   3227.77 | 0.090534
2025-06-08 15:53:56,665 - INFO - 1279 | HOLD | 26089.69 |  15.9 |  -4.47% |  -0.38% |   -0.0038 | $   5589.77 | $   3227.77 | 0.090534
2025-06-08 15:53:56,665 - INFO - 1280 | HOLD | 26106.15 |  13.9 |  -4.41% |  -0.07% |   -0.0046 | $   5591.26 | $   3227.77 | 0.090534
2025-06-08 15:53:56,665 - INFO - 1281 | HOLD | 27727.39 |  37.9 |   1.53% |   6.51% |   -0.0014 | $   5738.04 | $   3227.77 | 0.090534
2025-06-08 15:53:56,665 - INFO - 1282 | BUY  | 27297.27 |  38.1 |  -0.05% |   3.27% |   -0.0018 | $   5683.28 | $   2420.83 | 0.119516
2025-06-08 15:53:56,665 - INFO - 1283 | HOLD | 25931.47 |  43.0 |  -5.04% |  -0.88% |   -0.0028 | $   5520.04 | $   2420.83 | 0.119516
2025-06-08 15:53:56,665 - INFO - 1284 | HOLD | 25800.72 |  47.4 |  -5.52% |  -0.95% |   -0.0030 | $   5504.42 | $   2420.83 | 0.119516
2025-06-08 15:53:56,665 - INFO - 1285 | HOLD | 25868.80 |  47.6 |  -5.27% |  -0.54% |   -0.0028 | $   5512.55 | $   2420.83 | 0.119516
2025-06-08 15:53:56,665 - INFO - 1286 | HOLD | 25969.57 |  47.7 |  -4.90% |  -0.46% |   -0.0028 | $   5524.59 | $   2420.83 | 0.119516
2025-06-08 15:53:56,665 - INFO - 1287 | HOLD | 25812.42 |  46.8 |  -5.47% |  -1.13% |   -0.0028 | $   5505.81 | $   2420.83 | 0.119516
2025-06-08 15:53:56,665 - INFO - 1288 | SELL | 25779.98 |  47.4 |  -5.59% |  -7.02% |   -0.0029 | $   5463.42 | $   3152.59 | 0.089637
2025-06-08 15:53:56,665 - INFO - 1289 | HOLD | 25753.24 |  42.4 |  -5.69% |  -5.66% |   -0.0020 | $   5461.03 | $   3152.59 | 0.089637
2025-06-08 15:53:56,665 - INFO - 1290 | HOLD | 26240.20 |  50.8 |  -3.91% |   1.19% |   -0.0012 | $   5504.67 | $   3152.59 | 0.089637
2025-06-08 15:53:56,665 - INFO - 1291 | HOLD | 25905.65 |  48.5 |  -5.13% |   0.41% |   -0.0015 | $   5474.69 | $   3152.59 | 0.089637
2025-06-08 15:53:56,665 - INFO - 1292 | HOLD | 25895.68 |  48.8 |  -5.17% |   0.10% |   -0.0014 | $   5473.79 | $   3152.59 | 0.089637
2025-06-08 15:53:56,665 - INFO - 1293 | BUY  | 25832.23 |  47.3 |  -5.40% |  -0.53% |   -0.0014 | $   5452.65 | $   2364.44 | 0.119549
2025-06-08 15:53:56,665 - INFO - 1294 | HOLD | 25162.65 |  41.4 |  -6.59% |  -2.52% |   -0.0020 | $   5372.61 | $   2364.44 | 0.119549
2025-06-08 15:53:56,665 - INFO - 1295 | HOLD | 25833.34 |  29.2 |  -4.10% |   0.21% |   -0.0015 | $   5452.79 | $   2364.44 | 0.119549
2025-06-08 15:53:56,665 - INFO - 
Action distribution for Episode 600:
2025-06-08 15:53:56,665 - INFO -   HOLD:  718 ( 55.4%)
2025-06-08 15:53:56,665 - INFO -   BUY:   460 ( 35.5%)
2025-06-08 15:53:56,665 - INFO -   SELL:  118 (  9.1%)
2025-06-08 15:53:56,665 - INFO - ------------------------------------------------------------------------------------------------------------------------
2025-06-08 15:53:57,062 - INFO - Step 778000: Loss = 0.000006, Epsilon = 0.2577
2025-06-08 15:53:57,062 - INFO - Step 778000: Target network updated
2025-06-08 15:53:58,036 - INFO - Episode 601: Reward = -0.4726, Portfolio = $13278.69, Return = 32.79%, Cash = $3191.23, Crypto = 0.390482, Steps = 1296
2025-06-08 15:53:58,149 - INFO - Step 779000: Loss = 0.003432, Epsilon = 0.2567
2025-06-08 15:53:59,226 - INFO - Step 780000: Loss = 0.000009, Epsilon = 0.2558
2025-06-08 15:53:59,226 - INFO - Step 780000: Target network updated
2025-06-08 15:53:59,426 - INFO - Episode 602: Reward = -0.2191, Portfolio = $5635.27, Return = -43.65%, Cash = $1.88, Crypto = 0.218067, Steps = 1296
2025-06-08 15:54:00,252 - INFO - Step 781000: Loss = 0.000007, Epsilon = 0.2548
2025-06-08 15:54:00,768 - INFO - Episode 603: Reward = -0.2312, Portfolio = $8610.88, Return = -13.89%, Cash = $6823.38, Crypto = 0.069194, Steps = 1296
2025-06-08 15:54:01,314 - INFO - Step 782000: Loss = 0.000005, Epsilon = 0.2539
2025-06-08 15:54:01,314 - INFO - Step 782000: Target network updated
2025-06-08 15:54:02,104 - INFO - Episode 604: Reward = -0.2705, Portfolio = $5901.81, Return = -40.98%, Cash = $2348.29, Crypto = 0.137556, Steps = 1296
2025-06-08 15:54:02,303 - INFO - Step 783000: Loss = 0.000008, Epsilon = 0.2529
2025-06-08 15:54:03,256 - INFO - Step 784000: Loss = 0.000011, Epsilon = 0.2520
2025-06-08 15:54:03,257 - INFO - Step 784000: Target network updated
2025-06-08 15:54:03,331 - INFO - Episode 605: Reward = -0.3218, Portfolio = $3855.06, Return = -61.45%, Cash = $1986.42, Crypto = 0.072334, Steps = 1296
2025-06-08 15:54:04,201 - INFO - Step 785000: Loss = 0.000144, Epsilon = 0.2510
2025-06-08 15:54:04,570 - INFO - Episode 606: Reward = -0.3100, Portfolio = $4390.94, Return = -56.09%, Cash = $247.54, Crypto = 0.160390, Steps = 1296
2025-06-08 15:54:05,175 - INFO - Step 786000: Loss = 0.000009, Epsilon = 0.2501
2025-06-08 15:54:05,175 - INFO - Step 786000: Target network updated
2025-06-08 15:54:05,839 - INFO - Episode 607: Reward = -0.4967, Portfolio = $3758.61, Return = -62.41%, Cash = $4.70, Crypto = 0.145313, Steps = 1296
2025-06-08 15:54:06,173 - INFO - Step 787000: Loss = 0.000012, Epsilon = 0.2491
2025-06-08 15:54:07,145 - INFO - Episode 608: Reward = -0.8200, Portfolio = $4028.64, Return = -59.71%, Cash = $272.83, Crypto = 0.145386, Steps = 1296
2025-06-08 15:54:07,175 - INFO - Step 788000: Loss = 0.000007, Epsilon = 0.2481
2025-06-08 15:54:07,176 - INFO - Step 788000: Target network updated
2025-06-08 15:54:08,133 - INFO - Step 789000: Loss = 0.000006, Epsilon = 0.2472
2025-06-08 15:54:08,381 - INFO - Episode 609: Reward = -0.6263, Portfolio = $6647.96, Return = -33.52%, Cash = $3078.73, Crypto = 0.138164, Steps = 1296
2025-06-08 15:54:09,082 - INFO - Step 790000: Loss = 0.000006, Epsilon = 0.2462
2025-06-08 15:54:09,083 - INFO - Step 790000: Target network updated
2025-06-08 15:54:09,649 - INFO - Episode 610: Reward = -0.4841, Portfolio = $11225.32, Return = 12.25%, Cash = $0.91, Crypto = 0.434493, Steps = 1296
2025-06-08 15:54:09,649 - INFO - Episode 610 Summary: Avg Reward (100 eps) = -0.7346, Avg Portfolio (100 eps) = $5534.57, Epsilon = 0.246
2025-06-08 15:54:09,649 - INFO - 
Detailed steps for Episode 610:
2025-06-08 15:54:09,649 - INFO - Step | Action | Price    | RSI   | PnL    | WkChg  | Reward    | Portfolio   | Cash       | Crypto
2025-06-08 15:54:09,649 - INFO - ------------------------------------------------------------------------------------------------------------------------
2025-06-08 15:54:09,649 - INFO -    0 | HOLD |  9341.71 |  35.4 |  -2.00% |  -7.89% |    0.0000 | $  10000.00 | $  10000.00 | 0.000000
2025-06-08 15:54:09,649 - INFO -    1 | HOLD |  8820.52 |  27.7 |  -2.00% |  -8.44% |    0.0000 | $  10000.00 | $  10000.00 | 0.000000
2025-06-08 15:54:09,649 - INFO -    2 | HOLD |  8784.49 |  28.3 |  -2.00% |  -8.58% |    0.0000 | $  10000.00 | $  10000.00 | 0.000000
2025-06-08 15:54:09,650 - INFO -    3 | HOLD |  8672.46 |  25.2 |  -2.00% | -10.47% |    0.0000 | $  10000.00 | $  10000.00 | 0.000000
2025-06-08 15:54:09,650 - INFO -    4 | HOLD |  8599.51 |  28.2 |  -2.00% | -11.01% |    0.0000 | $  10000.00 | $  10000.00 | 0.000000
2025-06-08 15:54:09,650 - INFO -    5 | HOLD |  8562.45 |  26.8 |  -2.00% | -13.72% |    0.0000 | $  10000.00 | $  10000.00 | 0.000000
2025-06-08 15:54:09,650 - INFO -    6 | HOLD |  8869.67 |  36.4 |  -2.00% |  -8.09% |    0.0000 | $  10000.00 | $  10000.00 | 0.000000
2025-06-08 15:54:09,650 - INFO -    7 | BUY  |  8787.79 |  24.4 |  -2.00% |  -5.93% |   -0.0049 | $   9950.98 | $   7500.00 | 0.278908
2025-06-08 15:54:09,650 - INFO -    8 | HOLD |  8755.25 |  29.8 |  -0.37% |  -0.74% |   -0.0009 | $   9941.90 | $   7500.00 | 0.278908
2025-06-08 15:54:09,650 - INFO -    9 | HOLD |  9078.76 |  39.3 |   3.31% |   3.35% |    0.0091 | $  10032.14 | $   7500.00 | 0.278908
2025-06-08 15:54:09,650 - INFO -   10 | HOLD |  9122.55 |  38.4 |   3.81% |   5.19% |    0.0012 | $  10044.35 | $   7500.00 | 0.278908
2025-06-08 15:54:09,650 - INFO -   11 | HOLD |  8909.95 |  35.7 |   1.39% |   3.61% |   -0.0059 | $   9985.05 | $   7500.00 | 0.278908
2025-06-08 15:54:09,650 - INFO -   12 | HOLD |  8108.12 |  21.3 |  -7.73% |  -5.31% |   -0.0224 | $   9761.42 | $   7500.00 | 0.278908
2025-06-08 15:54:09,650 - INFO -   13 | HOLD |  7923.64 |  21.9 |  -9.83% | -10.67% |   -0.0053 | $   9709.96 | $   7500.00 | 0.278908
2025-06-08 15:54:09,650 - INFO -   14 | HOLD |  7909.73 |  24.3 |  -9.99% |  -9.99% |   -0.0004 | $   9706.08 | $   7500.00 | 0.278908
2025-06-08 15:54:09,650 - INFO -   15 | HOLD |  7911.43 |  29.9 |  -9.97% |  -9.64% |    0.0000 | $   9706.56 | $   7500.00 | 0.278908
2025-06-08 15:54:09,650 - INFO -   16 | BUY  |  4970.79 |  13.1 | -43.44% | -45.25% |   -0.0883 | $   8849.63 | $   5625.00 | 0.648715
2025-06-08 15:54:09,650 - INFO -   17 | HOLD |  5563.71 |  22.5 | -15.85% | -39.01% |    0.0435 | $   9234.26 | $   5625.00 | 0.648715
2025-06-08 15:54:09,650 - INFO -   18 | HOLD |  5200.37 |  21.4 | -21.35% | -41.63% |   -0.0255 | $   8998.56 | $   5625.00 | 0.648715
2025-06-08 15:54:09,650 - INFO -   19 | HOLD |  5392.31 |  24.0 | -18.44% | -33.49% |   -0.0019 | $   9123.08 | $   5625.00 | 0.648715
2025-06-08 15:54:09,650 - INFO -   ...    ...      ...       ...     ...       ...      ...         ...          ...         ...
2025-06-08 15:54:09,650 - INFO - 1276 | BUY  | 26162.37 |  14.8 |  -8.34% |  -1.88% |   -0.0043 | $  11371.16 | $    120.85 | 0.430019
2025-06-08 15:54:09,650 - INFO - 1277 | HOLD | 26047.67 |  14.5 |  -8.72% |  -0.01% |   -0.0044 | $  11321.83 | $    120.85 | 0.430019
2025-06-08 15:54:09,650 - INFO - 1278 | BUY  | 26008.46 |  14.0 |  -8.86% |  -0.34% |   -0.0041 | $  11304.38 | $     90.64 | 0.431158
2025-06-08 15:54:09,650 - INFO - 1279 | BUY  | 26089.69 |  15.9 |  -8.55% |  -0.38% |   -0.0040 | $  11338.96 | $     67.98 | 0.432009
2025-06-08 15:54:09,650 - INFO - 1280 | BUY  | 26106.15 |  13.9 |  -8.48% |  -0.07% |   -0.0043 | $  11345.74 | $     50.98 | 0.432647
2025-06-08 15:54:09,650 - INFO - 1281 | BUY  | 27727.39 |  37.9 |  -2.78% |   6.51% |   -0.0013 | $  12046.91 | $     38.24 | 0.433098
2025-06-08 15:54:09,650 - INFO - 1282 | BUY  | 27297.27 |  38.1 |  -4.29% |   3.27% |   -0.0016 | $  11860.44 | $     28.68 | 0.433441
2025-06-08 15:54:09,650 - INFO - 1283 | BUY  | 25931.47 |  43.0 |  -9.07% |  -0.88% |   -0.0024 | $  11268.31 | $     21.51 | 0.433712
2025-06-08 15:54:09,650 - INFO - 1284 | BUY  | 25800.72 |  47.4 |  -9.53% |  -0.95% |   -0.0025 | $  11211.50 | $     16.13 | 0.433917
2025-06-08 15:54:09,650 - INFO - 1285 | BUY  | 25868.80 |  47.6 |  -9.28% |  -0.54% |   -0.0023 | $  11240.96 | $     12.10 | 0.434070
2025-06-08 15:54:09,650 - INFO - 1286 | BUY  | 25969.57 |  47.7 |  -8.93% |  -0.46% |   -0.0023 | $  11284.64 | $      9.07 | 0.434184
2025-06-08 15:54:09,650 - INFO - 1287 | BUY  | 25812.42 |  46.8 |  -9.48% |  -1.13% |   -0.0023 | $  11216.36 | $      6.81 | 0.434270
2025-06-08 15:54:09,650 - INFO - 1288 | BUY  | 25779.98 |  47.4 |  -9.59% |  -7.02% |   -0.0020 | $  11202.24 | $      5.10 | 0.434335
2025-06-08 15:54:09,650 - INFO - 1289 | HOLD | 25753.24 |  42.4 |  -9.68% |  -5.66% |   -0.0008 | $  11190.62 | $      5.10 | 0.434335
2025-06-08 15:54:09,650 - INFO - 1290 | BUY  | 26240.20 |  50.8 |  -7.97% |   1.19% |    0.0002 | $  11402.10 | $      3.83 | 0.434382
2025-06-08 15:54:09,650 - INFO - 1291 | BUY  | 25905.65 |  48.5 |  -9.15% |   0.41% |   -0.0002 | $  11256.76 | $      2.87 | 0.434418
2025-06-08 15:54:09,650 - INFO - 1292 | BUY  | 25895.68 |  48.8 |  -9.18% |   0.10% |   -0.0003 | $  11252.42 | $      2.15 | 0.434446
2025-06-08 15:54:09,650 - INFO - 1293 | BUY  | 25832.23 |  47.3 |  -9.40% |  -0.53% |   -0.0002 | $  11224.84 | $      1.61 | 0.434466
2025-06-08 15:54:09,650 - INFO - 1294 | BUY  | 25162.65 |  41.4 | -11.75% |  -2.52% |   -0.0008 | $  10933.93 | $      1.21 | 0.434482
2025-06-08 15:54:09,650 - INFO - 1295 | BUY  | 25833.34 |  29.2 |  -9.40% |   0.21% |   -0.0005 | $  11225.32 | $      0.91 | 0.434493
2025-06-08 15:54:09,650 - INFO - 
Action distribution for Episode 610:
2025-06-08 15:54:09,650 - INFO -   HOLD:  553 ( 42.7%)
2025-06-08 15:54:09,650 - INFO -   BUY:   590 ( 45.5%)
2025-06-08 15:54:09,650 - INFO -   SELL:  153 ( 11.8%)
2025-06-08 15:54:09,651 - INFO - ------------------------------------------------------------------------------------------------------------------------
2025-06-08 15:54:10,093 - INFO - Step 791000: Loss = 0.000006, Epsilon = 0.2453
2025-06-08 15:54:11,033 - INFO - Episode 611: Reward = -0.5600, Portfolio = $8869.10, Return = -11.31%, Cash = $3356.36, Crypto = 0.213396, Steps = 1296
2025-06-08 15:54:11,173 - INFO - Step 792000: Loss = 0.000012, Epsilon = 0.2443
2025-06-08 15:54:11,174 - INFO - Step 792000: Target network updated
2025-06-08 15:54:12,180 - INFO - Step 793000: Loss = 0.000006, Epsilon = 0.2434
2025-06-08 15:54:12,333 - INFO - Episode 612: Reward = -0.3545, Portfolio = $5099.62, Return = -49.00%, Cash = $3679.98, Crypto = 0.054954, Steps = 1296
2025-06-08 15:54:13,201 - INFO - Step 794000: Loss = 0.000009, Epsilon = 0.2424
2025-06-08 15:54:13,201 - INFO - Step 794000: Target network updated
2025-06-08 15:54:13,665 - INFO - Episode 613: Reward = -0.1875, Portfolio = $9063.92, Return = -9.36%, Cash = $882.96, Crypto = 0.316682, Steps = 1296
2025-06-08 15:54:14,232 - INFO - Step 795000: Loss = 0.000007, Epsilon = 0.2415
2025-06-08 15:54:14,935 - INFO - Episode 614: Reward = -1.4557, Portfolio = $5605.95, Return = -43.94%, Cash = $778.36, Crypto = 0.186874, Steps = 1296
2025-06-08 15:54:15,182 - INFO - Step 796000: Loss = 0.000121, Epsilon = 0.2405
2025-06-08 15:54:15,183 - INFO - Step 796000: Target network updated
2025-06-08 15:54:16,229 - INFO - Step 797000: Loss = 0.000009, Epsilon = 0.2396
2025-06-08 15:54:16,272 - INFO - Episode 615: Reward = -0.8128, Portfolio = $8801.06, Return = -11.99%, Cash = $3803.73, Crypto = 0.193445, Steps = 1296
2025-06-08 15:54:17,269 - INFO - Step 798000: Loss = 0.000005, Epsilon = 0.2386
2025-06-08 15:54:17,270 - INFO - Step 798000: Target network updated
2025-06-08 15:54:17,612 - INFO - Episode 616: Reward = -0.6802, Portfolio = $4903.94, Return = -50.96%, Cash = $2140.25, Crypto = 0.106981, Steps = 1296
2025-06-08 15:54:18,277 - INFO - Step 799000: Loss = 0.000009, Epsilon = 0.2377
2025-06-08 15:54:18,895 - INFO - Episode 617: Reward = -0.5146, Portfolio = $3539.43, Return = -64.61%, Cash = $229.85, Crypto = 0.128113, Steps = 1296
2025-06-08 15:54:19,301 - INFO - Step 800000: Loss = 0.000007, Epsilon = 0.2367
2025-06-08 15:54:19,301 - INFO - Step 800000: Target network updated
2025-06-08 15:54:20,247 - INFO - Episode 618: Reward = -0.4263, Portfolio = $9163.98, Return = -8.36%, Cash = $535.70, Crypto = 0.333998, Steps = 1296
2025-06-08 15:54:20,318 - INFO - Step 801000: Loss = 0.000006, Epsilon = 0.2357
2025-06-08 15:54:21,324 - INFO - Step 802000: Loss = 0.000006, Epsilon = 0.2348
2025-06-08 15:54:21,324 - INFO - Step 802000: Target network updated
2025-06-08 15:54:21,534 - INFO - Episode 619: Reward = -0.4776, Portfolio = $4075.34, Return = -59.25%, Cash = $395.94, Crypto = 0.142428, Steps = 1296
2025-06-08 15:54:22,268 - INFO - Step 803000: Loss = 0.000005, Epsilon = 0.2338
2025-06-08 15:54:22,760 - INFO - Episode 620: Reward = -0.2243, Portfolio = $5906.09, Return = -40.94%, Cash = $662.99, Crypto = 0.202959, Steps = 1296
2025-06-08 15:54:22,760 - INFO - Episode 620 Summary: Avg Reward (100 eps) = -0.7038, Avg Portfolio (100 eps) = $5838.78, Epsilon = 0.233
2025-06-08 15:54:22,760 - INFO - 
Detailed steps for Episode 620:
2025-06-08 15:54:22,760 - INFO - Step | Action | Price    | RSI   | PnL    | WkChg  | Reward    | Portfolio   | Cash       | Crypto
2025-06-08 15:54:22,760 - INFO - ------------------------------------------------------------------------------------------------------------------------
2025-06-08 15:54:22,760 - INFO -    0 | HOLD |  9341.71 |  35.4 |  -2.00% |  -7.89% |    0.0000 | $  10000.00 | $  10000.00 | 0.000000
2025-06-08 15:54:22,760 - INFO -    1 | HOLD |  8820.52 |  27.7 |  -2.00% |  -8.44% |    0.0000 | $  10000.00 | $  10000.00 | 0.000000
2025-06-08 15:54:22,760 - INFO -    2 | BUY  |  8784.49 |  28.3 |  -2.00% |  -8.58% |   -0.0049 | $   9950.98 | $   7500.00 | 0.279012
2025-06-08 15:54:22,760 - INFO -    3 | BUY  |  8672.46 |  25.2 |  -1.28% | -10.47% |   -0.0068 | $   9882.96 | $   5625.00 | 0.490975
2025-06-08 15:54:22,760 - INFO -    4 | HOLD |  8599.51 |  28.2 |  -1.56% | -11.01% |   -0.0036 | $   9847.14 | $   5625.00 | 0.490975
2025-06-08 15:54:22,760 - INFO -    5 | HOLD |  8562.45 |  26.8 |  -1.99% | -13.72% |   -0.0018 | $   9828.95 | $   5625.00 | 0.490975
2025-06-08 15:54:22,760 - INFO -    6 | HOLD |  8869.67 |  36.4 |   1.53% |  -8.09% |    0.0153 | $   9979.78 | $   5625.00 | 0.490975
2025-06-08 15:54:22,760 - INFO -    7 | HOLD |  8787.79 |  24.4 |   0.59% |  -5.93% |   -0.0040 | $   9939.58 | $   5625.00 | 0.490975
2025-06-08 15:54:22,760 - INFO -    8 | HOLD |  8755.25 |  29.8 |   0.22% |  -0.74% |   -0.0016 | $   9923.60 | $   5625.00 | 0.490975
2025-06-08 15:54:22,760 - INFO -    9 | HOLD |  9078.76 |  39.3 |   3.92% |   3.35% |    0.0160 | $  10082.44 | $   5625.00 | 0.490975
2025-06-08 15:54:22,760 - INFO -   10 | HOLD |  9122.55 |  38.4 |   4.42% |   5.19% |    0.0021 | $  10103.94 | $   5625.00 | 0.490975
2025-06-08 15:54:22,760 - INFO -   11 | HOLD |  8909.95 |  35.7 |   1.99% |   3.61% |   -0.0103 | $   9999.56 | $   5625.00 | 0.490975
2025-06-08 15:54:22,760 - INFO -   12 | BUY  |  8108.12 |  21.3 |  -7.19% |  -5.31% |   -0.0421 | $   9578.31 | $   4218.75 | 0.661011
2025-06-08 15:54:22,760 - INFO -   13 | HOLD |  7923.64 |  21.9 |  -7.59% | -10.67% |   -0.0127 | $   9456.37 | $   4218.75 | 0.661011
2025-06-08 15:54:22,760 - INFO -   14 | HOLD |  7909.73 |  24.3 |  -7.75% |  -9.99% |   -0.0010 | $   9447.17 | $   4218.75 | 0.661011
2025-06-08 15:54:22,760 - INFO -   15 | HOLD |  7911.43 |  29.9 |  -7.73% |  -9.64% |    0.0001 | $   9448.29 | $   4218.75 | 0.661011
2025-06-08 15:54:22,760 - INFO -   16 | BUY  |  4970.79 |  13.1 | -42.03% | -45.25% |   -0.2079 | $   7483.82 | $   3164.06 | 0.869028
2025-06-08 15:54:22,760 - INFO -   17 | HOLD |  5563.71 |  22.5 | -27.86% | -39.01% |    0.0689 | $   7999.08 | $   3164.06 | 0.869028
2025-06-08 15:54:22,760 - INFO -   18 | BUY  |  5200.37 |  21.4 | -32.57% | -41.63% |   -0.0414 | $   7667.82 | $   2373.05 | 1.018153
2025-06-08 15:54:22,760 - INFO -   19 | HOLD |  5392.31 |  24.0 | -26.58% | -33.49% |   -0.0021 | $   7863.25 | $   2373.05 | 1.018153
2025-06-08 15:54:22,760 - INFO -   ...    ...      ...       ...     ...       ...      ...         ...          ...         ...
2025-06-08 15:54:22,760 - INFO - 1276 | HOLD | 26162.37 |  14.8 |  -4.49% |  -1.88% |   -0.0030 | $   5973.56 | $   1178.64 | 0.183276
2025-06-08 15:54:22,760 - INFO - 1277 | HOLD | 26047.67 |  14.5 |  -4.91% |  -0.01% |   -0.0031 | $   5952.54 | $   1178.64 | 0.183276
2025-06-08 15:54:22,760 - INFO - 1278 | HOLD | 26008.46 |  14.0 |  -5.05% |  -0.34% |   -0.0031 | $   5945.36 | $   1178.64 | 0.183276
2025-06-08 15:54:22,760 - INFO - 1279 | BUY  | 26089.69 |  15.9 |  -4.76% |  -0.38% |   -0.0032 | $   5954.47 | $    883.98 | 0.194348
2025-06-08 15:54:22,760 - INFO - 1280 | HOLD | 26106.15 |  13.9 |  -4.44% |  -0.07% |   -0.0039 | $   5957.66 | $    883.98 | 0.194348
2025-06-08 15:54:22,760 - INFO - 1281 | HOLD | 27727.39 |  37.9 |   1.50% |   6.51% |   -0.0013 | $   6272.75 | $    883.98 | 0.194348
2025-06-08 15:54:22,760 - INFO - 1282 | HOLD | 27297.27 |  38.1 |  -0.08% |   3.27% |   -0.0015 | $   6189.16 | $    883.98 | 0.194348
2025-06-08 15:54:22,760 - INFO - 1283 | HOLD | 25931.47 |  43.0 |  -5.08% |  -0.88% |   -0.0024 | $   5923.72 | $    883.98 | 0.194348
2025-06-08 15:54:22,761 - INFO - 1284 | HOLD | 25800.72 |  47.4 |  -5.55% |  -0.95% |   -0.0025 | $   5898.31 | $    883.98 | 0.194348
2025-06-08 15:54:22,761 - INFO - 1285 | HOLD | 25868.80 |  47.6 |  -5.31% |  -0.54% |   -0.0024 | $   5911.54 | $    883.98 | 0.194348
2025-06-08 15:54:22,761 - INFO - 1286 | HOLD | 25969.57 |  47.7 |  -4.94% |  -0.46% |   -0.0024 | $   5931.12 | $    883.98 | 0.194348
2025-06-08 15:54:22,761 - INFO - 1287 | HOLD | 25812.42 |  46.8 |  -5.51% |  -1.13% |   -0.0024 | $   5900.58 | $    883.98 | 0.194348
2025-06-08 15:54:22,761 - INFO - 1288 | HOLD | 25779.98 |  47.4 |  -5.63% |  -7.02% |   -0.0021 | $   5894.27 | $    883.98 | 0.194348
2025-06-08 15:54:22,761 - INFO - 1289 | HOLD | 25753.24 |  42.4 |  -5.73% |  -5.66% |   -0.0009 | $   5889.08 | $    883.98 | 0.194348
2025-06-08 15:54:22,761 - INFO - 1290 | HOLD | 26240.20 |  50.8 |  -3.95% |   1.19% |    0.0002 | $   5983.72 | $    883.98 | 0.194348
2025-06-08 15:54:22,761 - INFO - 1291 | HOLD | 25905.65 |  48.5 |  -5.17% |   0.41% |   -0.0002 | $   5918.70 | $    883.98 | 0.194348
2025-06-08 15:54:22,761 - INFO - 1292 | HOLD | 25895.68 |  48.8 |  -5.21% |   0.10% |   -0.0003 | $   5916.76 | $    883.98 | 0.194348
2025-06-08 15:54:22,761 - INFO - 1293 | HOLD | 25832.23 |  47.3 |  -5.44% |  -0.53% |   -0.0003 | $   5904.43 | $    883.98 | 0.194348
2025-06-08 15:54:22,761 - INFO - 1294 | BUY  | 25162.65 |  41.4 |  -7.89% |  -2.52% |   -0.0008 | $   5769.96 | $    662.99 | 0.202959
2025-06-08 15:54:22,761 - INFO - 1295 | HOLD | 25833.34 |  29.2 |  -5.12% |   0.21% |   -0.0005 | $   5906.09 | $    662.99 | 0.202959
2025-06-08 15:54:22,761 - INFO - 
Action distribution for Episode 620:
2025-06-08 15:54:22,761 - INFO -   HOLD:  553 ( 42.7%)
2025-06-08 15:54:22,761 - INFO -   BUY:   643 ( 49.6%)
2025-06-08 15:54:22,761 - INFO -   SELL:  100 (  7.7%)
2025-06-08 15:54:22,761 - INFO - ------------------------------------------------------------------------------------------------------------------------
2025-06-08 15:54:23,257 - INFO - Step 804000: Loss = 0.000007, Epsilon = 0.2329
2025-06-08 15:54:23,257 - INFO - Step 804000: Target network updated
2025-06-08 15:54:24,059 - INFO - Episode 621: Reward = -0.2392, Portfolio = $14582.88, Return = 45.83%, Cash = $2847.02, Crypto = 0.454291, Steps = 1296
2025-06-08 15:54:24,244 - INFO - Step 805000: Loss = 0.000094, Epsilon = 0.2319
2025-06-08 15:54:25,253 - INFO - Step 806000: Loss = 0.000007, Epsilon = 0.2310
2025-06-08 15:54:25,254 - INFO - Step 806000: Target network updated
2025-06-08 15:54:25,374 - INFO - Episode 622: Reward = -0.2939, Portfolio = $6275.24, Return = -37.25%, Cash = $4304.77, Crypto = 0.076276, Steps = 1296
2025-06-08 15:54:26,310 - INFO - Step 807000: Loss = 0.000005, Epsilon = 0.2300
2025-06-08 15:54:26,712 - INFO - Episode 623: Reward = -0.4678, Portfolio = $5388.41, Return = -46.12%, Cash = $140.54, Crypto = 0.203144, Steps = 1296
2025-06-08 15:54:27,300 - INFO - Step 808000: Loss = 0.000006, Epsilon = 0.2291
2025-06-08 15:54:27,300 - INFO - Step 808000: Target network updated
2025-06-08 15:54:27,965 - INFO - Episode 624: Reward = -0.9323, Portfolio = $4557.59, Return = -54.42%, Cash = $2908.63, Crypto = 0.063831, Steps = 1296
2025-06-08 15:54:28,247 - INFO - Step 809000: Loss = 0.000011, Epsilon = 0.2281
2025-06-08 15:54:29,218 - INFO - Step 810000: Loss = 0.000007, Epsilon = 0.2272
2025-06-08 15:54:29,218 - INFO - Step 810000: Target network updated
2025-06-08 15:54:29,218 - INFO - Episode 625: Reward = -0.7637, Portfolio = $5508.62, Return = -44.91%, Cash = $26.36, Crypto = 0.212216, Steps = 1296
2025-06-08 15:54:30,217 - INFO - Step 811000: Loss = 0.000004, Epsilon = 0.2262
2025-06-08 15:54:30,533 - INFO - Episode 626: Reward = -0.5846, Portfolio = $6608.44, Return = -33.92%, Cash = $1754.14, Crypto = 0.187908, Steps = 1296
2025-06-08 15:54:31,258 - INFO - Step 812000: Loss = 0.000011, Epsilon = 0.2253
2025-06-08 15:54:31,258 - INFO - Step 812000: Target network updated
2025-06-08 15:54:31,858 - INFO - Episode 627: Reward = -0.4593, Portfolio = $7961.75, Return = -20.38%, Cash = $7232.52, Crypto = 0.028228, Steps = 1296
2025-06-08 15:54:32,259 - INFO - Step 813000: Loss = 0.000008, Epsilon = 0.2243
2025-06-08 15:54:33,111 - INFO - Episode 628: Reward = -0.4306, Portfolio = $6155.56, Return = -38.44%, Cash = $3654.65, Crypto = 0.096810, Steps = 1296
2025-06-08 15:54:33,230 - INFO - Step 814000: Loss = 0.000006, Epsilon = 0.2233
2025-06-08 15:54:33,231 - INFO - Step 814000: Target network updated
2025-06-08 15:54:34,271 - INFO - Step 815000: Loss = 0.000008, Epsilon = 0.2224
2025-06-08 15:54:34,474 - INFO - Episode 629: Reward = -0.8864, Portfolio = $1980.62, Return = -80.19%, Cash = $501.57, Crypto = 0.057254, Steps = 1296
2025-06-08 15:54:35,342 - INFO - Step 816000: Loss = 0.000004, Epsilon = 0.2214
2025-06-08 15:54:35,342 - INFO - Step 816000: Target network updated
2025-06-08 15:54:35,813 - INFO - Episode 630: Reward = -0.0141, Portfolio = $12724.14, Return = 27.24%, Cash = $0.00, Crypto = 0.492547, Steps = 1296
2025-06-08 15:54:35,813 - INFO - Episode 630 Summary: Avg Reward (100 eps) = -0.6624, Avg Portfolio (100 eps) = $6154.94, Epsilon = 0.221
2025-06-08 15:54:35,813 - INFO - 
Detailed steps for Episode 630:
2025-06-08 15:54:35,813 - INFO - Step | Action | Price    | RSI   | PnL    | WkChg  | Reward    | Portfolio   | Cash       | Crypto
2025-06-08 15:54:35,813 - INFO - ------------------------------------------------------------------------------------------------------------------------
2025-06-08 15:54:35,813 - INFO -    0 | HOLD |  9341.71 |  35.4 |  -2.00% |  -7.89% |    0.0000 | $  10000.00 | $  10000.00 | 0.000000
2025-06-08 15:54:35,813 - INFO -    1 | HOLD |  8820.52 |  27.7 |  -2.00% |  -8.44% |    0.0000 | $  10000.00 | $  10000.00 | 0.000000
2025-06-08 15:54:35,813 - INFO -    2 | HOLD |  8784.49 |  28.3 |  -2.00% |  -8.58% |    0.0000 | $  10000.00 | $  10000.00 | 0.000000
2025-06-08 15:54:35,813 - INFO -    3 | SELL |  8672.46 |  25.2 |  -2.00% | -10.47% |   -0.0100 | $  10000.00 | $  10000.00 | 0.000000
2025-06-08 15:54:35,813 - INFO -    4 | HOLD |  8599.51 |  28.2 |  -2.00% | -11.01% |    0.0000 | $  10000.00 | $  10000.00 | 0.000000
2025-06-08 15:54:35,813 - INFO -    5 | HOLD |  8562.45 |  26.8 |  -2.00% | -13.72% |    0.0000 | $  10000.00 | $  10000.00 | 0.000000
2025-06-08 15:54:35,813 - INFO -    6 | HOLD |  8869.67 |  36.4 |  -2.00% |  -8.09% |    0.0000 | $  10000.00 | $  10000.00 | 0.000000
2025-06-08 15:54:35,813 - INFO -    7 | HOLD |  8787.79 |  24.4 |  -2.00% |  -5.93% |    0.0000 | $  10000.00 | $  10000.00 | 0.000000
2025-06-08 15:54:35,813 - INFO -    8 | SELL |  8755.25 |  29.8 |  -2.00% |  -0.74% |   -0.0100 | $  10000.00 | $  10000.00 | 0.000000
2025-06-08 15:54:35,813 - INFO -    9 | HOLD |  9078.76 |  39.3 |  -2.00% |   3.35% |    0.0000 | $  10000.00 | $  10000.00 | 0.000000
2025-06-08 15:54:35,813 - INFO -   10 | BUY  |  9122.55 |  38.4 |  -2.00% |   5.19% |   -0.0049 | $   9950.98 | $   7500.00 | 0.268673
2025-06-08 15:54:35,813 - INFO -   11 | HOLD |  8909.95 |  35.7 |  -2.33% |   3.61% |   -0.0057 | $   9893.86 | $   7500.00 | 0.268673
2025-06-08 15:54:35,813 - INFO -   12 | HOLD |  8108.12 |  21.3 | -11.12% |  -5.31% |   -0.0218 | $   9678.43 | $   7500.00 | 0.268673
2025-06-08 15:54:35,813 - INFO -   13 | HOLD |  7923.64 |  21.9 | -13.14% | -10.67% |   -0.0051 | $   9628.87 | $   7500.00 | 0.268673
2025-06-08 15:54:35,813 - INFO -   14 | HOLD |  7909.73 |  24.3 | -13.29% |  -9.99% |   -0.0004 | $   9625.13 | $   7500.00 | 0.268673
2025-06-08 15:54:35,813 - INFO -   15 | HOLD |  7911.43 |  29.9 | -13.28% |  -9.64% |    0.0000 | $   9625.59 | $   7500.00 | 0.268673
2025-06-08 15:54:35,813 - INFO -   16 | HOLD |  4970.79 |  13.1 | -45.51% | -45.25% |   -0.0821 | $   8835.52 | $   7500.00 | 0.268673
2025-06-08 15:54:35,813 - INFO -   17 | SELL |  5563.71 |  22.5 | -39.01% | -39.01% |    0.0159 | $   8976.13 | $   7855.02 | 0.201505
2025-06-08 15:54:35,813 - INFO -   18 | HOLD |  5200.37 |  21.4 | -42.99% | -41.63% |   -0.0082 | $   8902.92 | $   7855.02 | 0.201505
2025-06-08 15:54:35,814 - INFO -   19 | BUY  |  5392.31 |  24.0 | -40.89% | -33.49% |   -0.0030 | $   8903.09 | $   5891.26 | 0.558540
2025-06-08 15:54:35,814 - INFO -   ...    ...      ...       ...     ...       ...      ...         ...          ...         ...
2025-06-08 15:54:35,814 - INFO - 1276 | BUY  | 26162.37 |  14.8 | -10.87% |  -1.88% |   -0.0029 | $  12886.23 | $      1.04 | 0.492509
2025-06-08 15:54:35,814 - INFO - 1277 | BUY  | 26047.67 |  14.5 | -11.26% |  -0.01% |   -0.0030 | $  12829.73 | $      0.78 | 0.492518
2025-06-08 15:54:35,814 - INFO - 1278 | BUY  | 26008.46 |  14.0 | -11.39% |  -0.34% |   -0.0031 | $  12810.42 | $      0.58 | 0.492526
2025-06-08 15:54:35,814 - INFO - 1279 | BUY  | 26089.69 |  15.9 | -11.12% |  -0.38% |   -0.0031 | $  12850.42 | $      0.44 | 0.492531
2025-06-08 15:54:35,814 - INFO - 1280 | BUY  | 26106.15 |  13.9 | -11.06% |  -0.07% |   -0.0039 | $  12858.53 | $      0.33 | 0.492535
2025-06-08 15:54:35,814 - INFO - 1281 | BUY  | 27727.39 |  37.9 |  -5.54% |   6.51% |   -0.0013 | $  13657.04 | $      0.25 | 0.492538
2025-06-08 15:54:35,814 - INFO - 1282 | BUY  | 27297.27 |  38.1 |  -7.00% |   3.27% |   -0.0016 | $  13445.19 | $      0.18 | 0.492540
2025-06-08 15:54:35,814 - INFO - 1283 | BUY  | 25931.47 |  43.0 | -11.65% |  -0.88% |   -0.0024 | $  12772.48 | $      0.14 | 0.492542
2025-06-08 15:54:35,814 - INFO - 1284 | BUY  | 25800.72 |  47.4 | -12.10% |  -0.95% |   -0.0026 | $  12708.08 | $      0.10 | 0.492543
2025-06-08 15:54:35,814 - INFO - 1285 | BUY  | 25868.80 |  47.6 | -11.87% |  -0.54% |   -0.0024 | $  12741.61 | $      0.08 | 0.492544
2025-06-08 15:54:35,814 - INFO - 1286 | BUY  | 25969.57 |  47.7 | -11.52% |  -0.46% |   -0.0024 | $  12791.24 | $      0.06 | 0.492545
2025-06-08 15:54:35,814 - INFO - 1287 | BUY  | 25812.42 |  46.8 | -12.06% |  -1.13% |   -0.0024 | $  12713.84 | $      0.04 | 0.492546
2025-06-08 15:54:35,814 - INFO - 1288 | BUY  | 25779.98 |  47.4 | -12.17% |  -7.02% |   -0.0021 | $  12697.86 | $      0.03 | 0.492546
2025-06-08 15:54:35,814 - INFO - 1289 | BUY  | 25753.24 |  42.4 | -12.26% |  -5.66% |   -0.0008 | $  12684.69 | $      0.02 | 0.492546
2025-06-08 15:54:35,814 - INFO - 1290 | BUY  | 26240.20 |  50.8 | -10.60% |   1.19% |    0.0002 | $  12924.54 | $      0.02 | 0.492547
2025-06-08 15:54:35,814 - INFO - 1291 | BUY  | 25905.65 |  48.5 | -11.74% |   0.41% |   -0.0001 | $  12759.76 | $      0.01 | 0.492547
2025-06-08 15:54:35,814 - INFO - 1292 | BUY  | 25895.68 |  48.8 | -11.78% |   0.10% |   -0.0002 | $  12754.85 | $      0.01 | 0.492547
2025-06-08 15:54:35,814 - INFO - 1293 | BUY  | 25832.23 |  47.3 | -11.99% |  -0.53% |   -0.0002 | $  12723.59 | $      0.01 | 0.492547
2025-06-08 15:54:35,814 - INFO - 1294 | BUY  | 25162.65 |  41.4 | -14.27% |  -2.52% |   -0.0008 | $  12393.80 | $      0.01 | 0.492547
2025-06-08 15:54:35,814 - INFO - 1295 | BUY  | 25833.34 |  29.2 | -11.99% |   0.21% |   -0.0005 | $  12724.14 | $      0.00 | 0.492547
2025-06-08 15:54:35,814 - INFO - 
Action distribution for Episode 630:
2025-06-08 15:54:35,814 - INFO -   HOLD:  712 ( 54.9%)
2025-06-08 15:54:35,814 - INFO -   BUY:   501 ( 38.7%)
2025-06-08 15:54:35,814 - INFO -   SELL:   83 (  6.4%)
2025-06-08 15:54:35,814 - INFO - ------------------------------------------------------------------------------------------------------------------------
2025-06-08 15:54:36,351 - INFO - Step 817000: Loss = 0.000008, Epsilon = 0.2205
2025-06-08 15:54:37,175 - INFO - Episode 631: Reward = -0.5286, Portfolio = $5505.16, Return = -44.95%, Cash = $872.50, Crypto = 0.179328, Steps = 1296
2025-06-08 15:54:37,418 - INFO - Step 818000: Loss = 0.000008, Epsilon = 0.2195
2025-06-08 15:54:37,418 - INFO - Step 818000: Target network updated
2025-06-08 15:54:38,490 - INFO - Step 819000: Loss = 0.000005, Epsilon = 0.2186
2025-06-08 15:54:38,561 - INFO - Episode 632: Reward = -0.2244, Portfolio = $6313.83, Return = -36.86%, Cash = $1835.03, Crypto = 0.173373, Steps = 1296
2025-06-08 15:54:39,019 - WARNING - Reward clipped: -1.6942 -> -1.0000
2025-06-08 15:54:39,020 - WARNING - Reward clipped: -2.7215 -> -1.0000
2025-06-08 15:54:39,022 - WARNING - Reward clipped: -2.9624 -> -1.0000
2025-06-08 15:54:39,022 - WARNING - Reward clipped: -3.8776 -> -1.0000
2025-06-08 15:54:39,023 - WARNING - Reward clipped: -4.5324 -> -1.0000
2025-06-08 15:54:39,024 - WARNING - Reward clipped: -4.6513 -> -1.0000
2025-06-08 15:54:39,026 - WARNING - Reward clipped: -5.1956 -> -1.0000
2025-06-08 15:54:39,027 - WARNING - Reward clipped: -7.7661 -> -1.0000
2025-06-08 15:54:39,027 - WARNING - Reward clipped: -9.2281 -> -1.0000
2025-06-08 15:54:39,028 - WARNING - Reward clipped: -9.2885 -> -1.0000
2025-06-08 15:54:39,442 - INFO - Step 820000: Loss = 0.000007, Epsilon = 0.2176
2025-06-08 15:54:39,442 - INFO - Step 820000: Target network updated
2025-06-08 15:54:39,808 - INFO - Episode 633: Reward = -16.1344, Portfolio = $6857.67, Return = -31.42%, Cash = $58.43, Crypto = 0.263196, Steps = 1296
2025-06-08 15:54:40,560 - INFO - Step 821000: Loss = 0.000006, Epsilon = 0.2167
2025-06-08 15:54:41,316 - INFO - Episode 634: Reward = -0.3413, Portfolio = $6587.03, Return = -34.13%, Cash = $4.24, Crypto = 0.254818, Steps = 1296
2025-06-08 15:54:41,684 - INFO - Step 822000: Loss = 0.000009, Epsilon = 0.2157
2025-06-08 15:54:41,685 - INFO - Step 822000: Target network updated
2025-06-08 15:54:42,714 - INFO - Episode 635: Reward = -0.3451, Portfolio = $11253.54, Return = 12.54%, Cash = $1332.69, Crypto = 0.384033, Steps = 1296
2025-06-08 15:54:42,760 - INFO - Step 823000: Loss = 0.000011, Epsilon = 0.2148
2025-06-08 15:54:43,920 - INFO - Step 824000: Loss = 0.000007, Epsilon = 0.2138
2025-06-08 15:54:43,920 - INFO - Step 824000: Target network updated
2025-06-08 15:54:44,217 - INFO - Episode 636: Reward = -0.1210, Portfolio = $10264.22, Return = 2.64%, Cash = $8277.38, Crypto = 0.076910, Steps = 1296
2025-06-08 15:54:45,063 - INFO - Step 825000: Loss = 0.000005, Epsilon = 0.2128
2025-06-08 15:54:45,674 - INFO - Episode 637: Reward = -0.0540, Portfolio = $13411.19, Return = 34.11%, Cash = $44.23, Crypto = 0.517431, Steps = 1296
2025-06-08 15:54:46,153 - INFO - Step 826000: Loss = 0.000009, Epsilon = 0.2119
2025-06-08 15:54:46,154 - INFO - Step 826000: Target network updated
2025-06-08 15:54:47,040 - INFO - Episode 638: Reward = -0.0738, Portfolio = $10584.05, Return = 5.84%, Cash = $6615.69, Crypto = 0.153614, Steps = 1296
2025-06-08 15:54:47,189 - INFO - Step 827000: Loss = 0.000136, Epsilon = 0.2109
2025-06-08 15:54:48,166 - INFO - Step 828000: Loss = 0.000007, Epsilon = 0.2100
2025-06-08 15:54:48,166 - INFO - Step 828000: Target network updated
2025-06-08 15:54:48,318 - INFO - Episode 639: Reward = -0.0788, Portfolio = $10782.38, Return = 7.82%, Cash = $4380.68, Crypto = 0.247808, Steps = 1296
2025-06-08 15:54:49,147 - INFO - Step 829000: Loss = 0.000005, Epsilon = 0.2090
2025-06-08 15:54:49,554 - INFO - Episode 640: Reward = 0.0568, Portfolio = $10917.40, Return = 9.17%, Cash = $192.24, Crypto = 0.415167, Steps = 1296
2025-06-08 15:54:49,554 - INFO - Episode 640 Summary: Avg Reward (100 eps) = -0.7514, Avg Portfolio (100 eps) = $6662.27, Epsilon = 0.209
2025-06-08 15:54:49,554 - INFO - 
Detailed steps for Episode 640:
2025-06-08 15:54:49,554 - INFO - Step | Action | Price    | RSI   | PnL    | WkChg  | Reward    | Portfolio   | Cash       | Crypto
2025-06-08 15:54:49,554 - INFO - ------------------------------------------------------------------------------------------------------------------------
2025-06-08 15:54:49,555 - INFO -    0 | HOLD |  9341.71 |  35.4 |  -2.00% |  -7.89% |    0.0000 | $  10000.00 | $  10000.00 | 0.000000
2025-06-08 15:54:49,555 - INFO -    1 | HOLD |  8820.52 |  27.7 |  -2.00% |  -8.44% |    0.0000 | $  10000.00 | $  10000.00 | 0.000000
2025-06-08 15:54:49,555 - INFO -    2 | HOLD |  8784.49 |  28.3 |  -2.00% |  -8.58% |    0.0000 | $  10000.00 | $  10000.00 | 0.000000
2025-06-08 15:54:49,555 - INFO -    3 | HOLD |  8672.46 |  25.2 |  -2.00% | -10.47% |    0.0000 | $  10000.00 | $  10000.00 | 0.000000
2025-06-08 15:54:49,555 - INFO -    4 | HOLD |  8599.51 |  28.2 |  -2.00% | -11.01% |    0.0000 | $  10000.00 | $  10000.00 | 0.000000
2025-06-08 15:54:49,555 - INFO -    5 | HOLD |  8562.45 |  26.8 |  -2.00% | -13.72% |    0.0000 | $  10000.00 | $  10000.00 | 0.000000
2025-06-08 15:54:49,555 - INFO -    6 | HOLD |  8869.67 |  36.4 |  -2.00% |  -8.09% |    0.0000 | $  10000.00 | $  10000.00 | 0.000000
2025-06-08 15:54:49,555 - INFO -    7 | HOLD |  8787.79 |  24.4 |  -2.00% |  -5.93% |    0.0000 | $  10000.00 | $  10000.00 | 0.000000
2025-06-08 15:54:49,555 - INFO -    8 | SELL |  8755.25 |  29.8 |  -2.00% |  -0.74% |   -0.0100 | $  10000.00 | $  10000.00 | 0.000000
2025-06-08 15:54:49,555 - INFO -    9 | HOLD |  9078.76 |  39.3 |  -2.00% |   3.35% |    0.0000 | $  10000.00 | $  10000.00 | 0.000000
2025-06-08 15:54:49,555 - INFO -   10 | HOLD |  9122.55 |  38.4 |  -2.00% |   5.19% |    0.0000 | $  10000.00 | $  10000.00 | 0.000000
2025-06-08 15:54:49,555 - INFO -   11 | HOLD |  8909.95 |  35.7 |  -2.00% |   3.61% |    0.0000 | $  10000.00 | $  10000.00 | 0.000000
2025-06-08 15:54:49,555 - INFO -   12 | HOLD |  8108.12 |  21.3 |  -2.00% |  -5.31% |    0.0000 | $  10000.00 | $  10000.00 | 0.000000
2025-06-08 15:54:49,555 - INFO -   13 | HOLD |  7923.64 |  21.9 |  -2.00% | -10.67% |    0.0000 | $  10000.00 | $  10000.00 | 0.000000
2025-06-08 15:54:49,555 - INFO -   14 | HOLD |  7909.73 |  24.3 |  -2.00% |  -9.99% |    0.0000 | $  10000.00 | $  10000.00 | 0.000000
2025-06-08 15:54:49,555 - INFO -   15 | HOLD |  7911.43 |  29.9 |  -2.00% |  -9.64% |    0.0000 | $  10000.00 | $  10000.00 | 0.000000
2025-06-08 15:54:49,555 - INFO -   16 | HOLD |  4970.79 |  13.1 |  -2.00% | -45.25% |    0.0000 | $  10000.00 | $  10000.00 | 0.000000
2025-06-08 15:54:49,555 - INFO -   17 | HOLD |  5563.71 |  22.5 |  -2.00% | -39.01% |    0.0000 | $  10000.00 | $  10000.00 | 0.000000
2025-06-08 15:54:49,555 - INFO -   18 | BUY  |  5200.37 |  21.4 |  -2.00% | -41.63% |   -0.0049 | $   9950.98 | $   7500.00 | 0.471309
2025-06-08 15:54:49,555 - INFO -   19 | HOLD |  5392.31 |  24.0 |   3.69% | -33.49% |    0.0006 | $  10041.45 | $   7500.00 | 0.471309
2025-06-08 15:54:49,555 - INFO -   ...    ...      ...       ...     ...       ...      ...         ...          ...         ...
2025-06-08 15:54:49,555 - INFO - 1276 | HOLD | 26162.37 |  14.8 |  -7.60% |  -1.88% |   -0.0033 | $  11088.83 | $   4551.67 | 0.249869
2025-06-08 15:54:49,555 - INFO - 1277 | HOLD | 26047.67 |  14.5 |  -8.00% |  -0.01% |   -0.0034 | $  11060.16 | $   4551.67 | 0.249869
2025-06-08 15:54:49,555 - INFO - 1278 | HOLD | 26008.46 |  14.0 |  -8.14% |  -0.34% |   -0.0033 | $  11050.37 | $   4551.67 | 0.249869
2025-06-08 15:54:49,555 - INFO - 1279 | HOLD | 26089.69 |  15.9 |  -7.86% |  -0.38% |   -0.0034 | $  11070.67 | $   4551.67 | 0.249869
2025-06-08 15:54:49,555 - INFO - 1280 | HOLD | 26106.15 |  13.9 |  -7.80% |  -0.07% |   -0.0041 | $  11074.78 | $   4551.67 | 0.249869
2025-06-08 15:54:49,555 - INFO - 1281 | HOLD | 27727.39 |  37.9 |  -2.07% |   6.51% |   -0.0021 | $  11479.87 | $   4551.67 | 0.249869
2025-06-08 15:54:49,555 - INFO - 1282 | HOLD | 27297.27 |  38.1 |  -3.59% |   3.27% |   -0.0023 | $  11372.40 | $   4551.67 | 0.249869
2025-06-08 15:54:49,555 - INFO - 1283 | HOLD | 25931.47 |  43.0 |  -8.41% |  -0.88% |   -0.0030 | $  11031.13 | $   4551.67 | 0.249869
2025-06-08 15:54:49,555 - INFO - 1284 | BUY  | 25800.72 |  47.4 |  -8.88% |  -0.95% |   -0.0032 | $  10976.15 | $   3413.75 | 0.293108
2025-06-08 15:54:49,555 - INFO - 1285 | BUY  | 25868.80 |  47.6 |  -7.42% |  -0.54% |   -0.0031 | $  10979.37 | $   2560.32 | 0.325452
2025-06-08 15:54:49,555 - INFO - 1286 | BUY  | 25969.57 |  47.7 |  -6.37% |  -0.46% |   -0.0031 | $  10999.61 | $   1920.24 | 0.349616
2025-06-08 15:54:49,555 - INFO - 1287 | HOLD | 25812.42 |  46.8 |  -6.53% |  -1.13% |   -0.0031 | $  10944.67 | $   1920.24 | 0.349616
2025-06-08 15:54:49,555 - INFO - 1288 | BUY  | 25779.98 |  47.4 |  -6.64% |  -7.02% |   -0.0028 | $  10923.92 | $   1440.18 | 0.367872
2025-06-08 15:54:49,555 - INFO - 1289 | BUY  | 25753.24 |  42.4 |  -6.43% |  -5.66% |   -0.0017 | $  10907.02 | $   1080.13 | 0.381579
2025-06-08 15:54:49,555 - INFO - 1290 | BUY  | 26240.20 |  50.8 |  -4.44% |   1.19% |    0.0001 | $  11087.54 | $    810.10 | 0.391668
2025-06-08 15:54:49,555 - INFO - 1291 | BUY  | 25905.65 |  48.5 |  -5.55% |   0.41% |   -0.0005 | $  10952.54 | $    607.57 | 0.399332
2025-06-08 15:54:49,555 - INFO - 1292 | BUY  | 25895.68 |  48.8 |  -5.49% |   0.10% |   -0.0006 | $  10945.58 | $    455.68 | 0.405083
2025-06-08 15:54:49,555 - INFO - 1293 | BUY  | 25832.23 |  47.3 |  -5.65% |  -0.53% |   -0.0006 | $  10917.64 | $    341.76 | 0.409406
2025-06-08 15:54:49,555 - INFO - 1294 | BUY  | 25162.65 |  41.4 |  -8.04% |  -2.52% |   -0.0014 | $  10641.84 | $    256.32 | 0.412735
2025-06-08 15:54:49,555 - INFO - 1295 | BUY  | 25833.34 |  29.2 |  -5.53% |   0.21% |   -0.0007 | $  10917.40 | $    192.24 | 0.415167
2025-06-08 15:54:49,556 - INFO - 
Action distribution for Episode 640:
2025-06-08 15:54:49,556 - INFO -   HOLD:  574 ( 44.3%)
2025-06-08 15:54:49,556 - INFO -   BUY:   637 ( 49.2%)
2025-06-08 15:54:49,556 - INFO -   SELL:   85 (  6.6%)
2025-06-08 15:54:49,556 - INFO - ------------------------------------------------------------------------------------------------------------------------
2025-06-08 15:54:50,135 - INFO - Step 830000: Loss = 0.000005, Epsilon = 0.2081
2025-06-08 15:54:50,136 - INFO - Step 830000: Target network updated
2025-06-08 15:54:50,967 - INFO - Episode 641: Reward = -0.3318, Portfolio = $8931.48, Return = -10.69%, Cash = $539.55, Crypto = 0.324849, Steps = 1296
2025-06-08 15:54:51,248 - INFO - Step 831000: Loss = 0.000007, Epsilon = 0.2071
2025-06-08 15:54:52,328 - INFO - Step 832000: Loss = 0.000009, Epsilon = 0.2062
2025-06-08 15:54:52,328 - INFO - Step 832000: Target network updated
2025-06-08 15:54:52,361 - INFO - Episode 642: Reward = -22.2440, Portfolio = $7131.66, Return = -28.68%, Cash = $3046.05, Crypto = 0.158153, Steps = 1296
2025-06-08 15:54:53,340 - INFO - Step 833000: Loss = 0.000010, Epsilon = 0.2052
2025-06-08 15:54:53,671 - INFO - Episode 643: Reward = -0.3627, Portfolio = $9307.21, Return = -6.93%, Cash = $2228.58, Crypto = 0.274011, Steps = 1296
2025-06-08 15:54:54,341 - INFO - Step 834000: Loss = 0.000008, Epsilon = 0.2043
2025-06-08 15:54:54,341 - INFO - Step 834000: Target network updated
2025-06-08 15:54:54,998 - INFO - Episode 644: Reward = -0.4260, Portfolio = $15828.08, Return = 58.28%, Cash = $1.32, Crypto = 0.612649, Steps = 1296
2025-06-08 15:54:55,396 - INFO - Step 835000: Loss = 0.000011, Epsilon = 0.2033
2025-06-08 15:54:56,330 - INFO - Episode 645: Reward = -0.3629, Portfolio = $7054.90, Return = -29.45%, Cash = $6275.46, Crypto = 0.030172, Steps = 1296
2025-06-08 15:54:56,416 - INFO - Step 836000: Loss = 0.000008, Epsilon = 0.2024
2025-06-08 15:54:56,416 - INFO - Step 836000: Target network updated
2025-06-08 15:54:57,451 - INFO - Step 837000: Loss = 0.000241, Epsilon = 0.2014
2025-06-08 15:54:57,665 - INFO - Episode 646: Reward = 0.0664, Portfolio = $13317.91, Return = 33.18%, Cash = $616.71, Crypto = 0.491659, Steps = 1296
2025-06-08 15:54:58,446 - INFO - Step 838000: Loss = 0.000022, Epsilon = 0.2004
2025-06-08 15:54:58,447 - INFO - Step 838000: Target network updated
2025-06-08 15:54:58,954 - INFO - Episode 647: Reward = -0.3863, Portfolio = $7426.39, Return = -25.74%, Cash = $181.25, Crypto = 0.280457, Steps = 1296
2025-06-08 15:54:59,458 - INFO - Step 839000: Loss = 0.000008, Epsilon = 0.1995
2025-06-08 15:55:00,293 - INFO - Episode 648: Reward = -0.4620, Portfolio = $6667.08, Return = -33.33%, Cash = $0.81, Crypto = 0.258049, Steps = 1296
2025-06-08 15:55:00,491 - INFO - Step 840000: Loss = 0.000006, Epsilon = 0.1985
2025-06-08 15:55:00,491 - INFO - Step 840000: Target network updated
2025-06-08 15:55:01,556 - INFO - Step 841000: Loss = 0.002406, Epsilon = 0.1976
2025-06-08 15:55:01,665 - INFO - Episode 649: Reward = -0.5315, Portfolio = $5423.66, Return = -45.76%, Cash = $0.03, Crypto = 0.209947, Steps = 1296
2025-06-08 15:55:02,605 - INFO - Step 842000: Loss = 0.000008, Epsilon = 0.1966
2025-06-08 15:55:02,605 - INFO - Step 842000: Target network updated
2025-06-08 15:55:03,015 - INFO - Episode 650: Reward = -0.0452, Portfolio = $15959.02, Return = 59.59%, Cash = $0.01, Crypto = 0.617768, Steps = 1296
2025-06-08 15:55:03,015 - INFO - Episode 650 Summary: Avg Reward (100 eps) = -0.9297, Avg Portfolio (100 eps) = $7034.79, Epsilon = 0.196
2025-06-08 15:55:03,015 - INFO - 
Detailed steps for Episode 650:
2025-06-08 15:55:03,015 - INFO - Step | Action | Price    | RSI   | PnL    | WkChg  | Reward    | Portfolio   | Cash       | Crypto
2025-06-08 15:55:03,015 - INFO - ------------------------------------------------------------------------------------------------------------------------
2025-06-08 15:55:03,015 - INFO -    0 | HOLD |  9341.71 |  35.4 |  -2.00% |  -7.89% |    0.0000 | $  10000.00 | $  10000.00 | 0.000000
2025-06-08 15:55:03,015 - INFO -    1 | HOLD |  8820.52 |  27.7 |  -2.00% |  -8.44% |    0.0000 | $  10000.00 | $  10000.00 | 0.000000
2025-06-08 15:55:03,015 - INFO -    2 | HOLD |  8784.49 |  28.3 |  -2.00% |  -8.58% |    0.0000 | $  10000.00 | $  10000.00 | 0.000000
2025-06-08 15:55:03,015 - INFO -    3 | BUY  |  8672.46 |  25.2 |  -2.00% | -10.47% |   -0.0049 | $   9950.98 | $   7500.00 | 0.282617
2025-06-08 15:55:03,015 - INFO -    4 | SELL |  8599.51 |  28.2 |  -0.84% | -11.01% |   -0.0051 | $   9899.98 | $   8077.21 | 0.211963
2025-06-08 15:55:03,015 - INFO -    5 | HOLD |  8562.45 |  26.8 |  -1.27% | -13.72% |   -0.0008 | $   9892.13 | $   8077.21 | 0.211963
2025-06-08 15:55:03,015 - INFO -    6 | HOLD |  8869.67 |  36.4 |   2.27% |  -8.09% |    0.0066 | $   9957.25 | $   8077.21 | 0.211963
2025-06-08 15:55:03,015 - INFO -    7 | HOLD |  8787.79 |  24.4 |   1.33% |  -5.93% |   -0.0017 | $   9939.89 | $   8077.21 | 0.211963
2025-06-08 15:55:03,015 - INFO -    8 | HOLD |  8755.25 |  29.8 |   0.95% |  -0.74% |   -0.0007 | $   9933.00 | $   8077.21 | 0.211963
2025-06-08 15:55:03,015 - INFO -    9 | HOLD |  9078.76 |  39.3 |   4.69% |   3.35% |    0.0069 | $  10001.57 | $   8077.21 | 0.211963
2025-06-08 15:55:03,015 - INFO -   10 | HOLD |  9122.55 |  38.4 |   5.19% |   5.19% |    0.0009 | $  10010.85 | $   8077.21 | 0.211963
2025-06-08 15:55:03,015 - INFO -   11 | HOLD |  8909.95 |  35.7 |   2.74% |   3.61% |   -0.0045 | $   9965.79 | $   8077.21 | 0.211963
2025-06-08 15:55:03,015 - INFO -   12 | HOLD |  8108.12 |  21.3 |  -6.51% |  -5.31% |   -0.0171 | $   9795.83 | $   8077.21 | 0.211963
2025-06-08 15:55:03,015 - INFO -   13 | HOLD |  7923.64 |  21.9 |  -8.63% | -10.67% |   -0.0040 | $   9756.73 | $   8077.21 | 0.211963
2025-06-08 15:55:03,015 - INFO -   14 | HOLD |  7909.73 |  24.3 |  -8.79% |  -9.99% |   -0.0003 | $   9753.78 | $   8077.21 | 0.211963
2025-06-08 15:55:03,015 - INFO -   15 | HOLD |  7911.43 |  29.9 |  -8.78% |  -9.64% |    0.0000 | $   9754.14 | $   8077.21 | 0.211963
2025-06-08 15:55:03,015 - INFO -   16 | SELL |  4970.79 |  13.1 | -42.68% | -45.25% |   -0.0653 | $   9117.66 | $   8327.45 | 0.158972
2025-06-08 15:55:03,016 - INFO -   17 | HOLD |  5563.71 |  22.5 | -35.85% | -39.01% |    0.0103 | $   9211.92 | $   8327.45 | 0.158972
2025-06-08 15:55:03,016 - INFO -   18 | HOLD |  5200.37 |  21.4 | -40.04% | -41.63% |   -0.0063 | $   9154.16 | $   8327.45 | 0.158972
2025-06-08 15:55:03,016 - INFO -   19 | HOLD |  5392.31 |  24.0 | -37.82% | -33.49% |   -0.0028 | $   9184.67 | $   8327.45 | 0.158972
2025-06-08 15:55:03,016 - INFO -   ...    ...      ...       ...     ...       ...      ...         ...          ...         ...
2025-06-08 15:55:03,016 - INFO - 1276 | BUY  | 26162.37 |  14.8 |  -9.78% |  -1.88% |   -0.0029 | $  16162.31 | $      0.99 | 0.617731
2025-06-08 15:55:03,016 - INFO - 1277 | BUY  | 26047.67 |  14.5 | -10.18% |  -0.01% |   -0.0030 | $  16091.45 | $      0.74 | 0.617741
2025-06-08 15:55:03,016 - INFO - 1278 | BUY  | 26008.46 |  14.0 | -10.31% |  -0.34% |   -0.0031 | $  16067.22 | $      0.56 | 0.617748
2025-06-08 15:55:03,016 - INFO - 1279 | BUY  | 26089.69 |  15.9 | -10.03% |  -0.38% |   -0.0031 | $  16117.40 | $      0.42 | 0.617753
2025-06-08 15:55:03,016 - INFO - 1280 | BUY  | 26106.15 |  13.9 |  -9.98% |  -0.07% |   -0.0039 | $  16127.57 | $      0.31 | 0.617757
2025-06-08 15:55:03,016 - INFO - 1281 | BUY  | 27727.39 |  37.9 |  -4.39% |   6.51% |   -0.0013 | $  17129.10 | $      0.23 | 0.617760
2025-06-08 15:55:03,016 - INFO - 1282 | BUY  | 27297.27 |  38.1 |  -5.87% |   3.27% |   -0.0016 | $  16863.38 | $      0.18 | 0.617762
2025-06-08 15:55:03,016 - INFO - 1283 | BUY  | 25931.47 |  43.0 | -10.58% |  -0.88% |   -0.0024 | $  16019.65 | $      0.13 | 0.617763
2025-06-08 15:55:03,016 - INFO - 1284 | BUY  | 25800.72 |  47.4 | -11.03% |  -0.95% |   -0.0026 | $  15938.87 | $      0.10 | 0.617765
2025-06-08 15:55:03,016 - INFO - 1285 | BUY  | 25868.80 |  47.6 | -10.80% |  -0.54% |   -0.0024 | $  15980.93 | $      0.07 | 0.617766
2025-06-08 15:55:03,016 - INFO - 1286 | BUY  | 25969.57 |  47.7 | -10.45% |  -0.46% |   -0.0024 | $  16043.18 | $      0.06 | 0.617766
2025-06-08 15:55:03,016 - INFO - 1287 | BUY  | 25812.42 |  46.8 | -10.99% |  -1.13% |   -0.0024 | $  15946.10 | $      0.04 | 0.617767
2025-06-08 15:55:03,016 - INFO - 1288 | BUY  | 25779.98 |  47.4 | -11.10% |  -7.02% |   -0.0021 | $  15926.06 | $      0.03 | 0.617767
2025-06-08 15:55:03,016 - INFO - 1289 | BUY  | 25753.24 |  42.4 | -11.19% |  -5.66% |   -0.0008 | $  15909.54 | $      0.02 | 0.617767
2025-06-08 15:55:03,016 - INFO - 1290 | BUY  | 26240.20 |  50.8 |  -9.51% |   1.19% |    0.0002 | $  16210.36 | $      0.02 | 0.617768
2025-06-08 15:55:03,016 - INFO - 1291 | HOLD | 25905.65 |  48.5 | -10.67% |   0.41% |   -0.0001 | $  16003.69 | $      0.02 | 0.617768
2025-06-08 15:55:03,016 - INFO - 1292 | HOLD | 25895.68 |  48.8 | -10.70% |   0.10% |   -0.0002 | $  15997.53 | $      0.02 | 0.617768
2025-06-08 15:55:03,016 - INFO - 1293 | HOLD | 25832.23 |  47.3 | -10.92% |  -0.53% |   -0.0002 | $  15958.33 | $      0.02 | 0.617768
2025-06-08 15:55:03,016 - INFO - 1294 | BUY  | 25162.65 |  41.4 | -13.23% |  -2.52% |   -0.0008 | $  15544.69 | $      0.01 | 0.617768
2025-06-08 15:55:03,016 - INFO - 1295 | HOLD | 25833.34 |  29.2 | -10.92% |   0.21% |   -0.0005 | $  15959.02 | $      0.01 | 0.617768
2025-06-08 15:55:03,016 - INFO - 
Action distribution for Episode 650:
2025-06-08 15:55:03,016 - INFO -   HOLD:  523 ( 40.4%)
2025-06-08 15:55:03,016 - INFO -   BUY:   688 ( 53.1%)
2025-06-08 15:55:03,016 - INFO -   SELL:   85 (  6.6%)
2025-06-08 15:55:03,016 - INFO - ------------------------------------------------------------------------------------------------------------------------
2025-06-08 15:55:03,610 - INFO - Step 843000: Loss = 0.004167, Epsilon = 0.1957
2025-06-08 15:55:04,349 - INFO - Episode 651: Reward = 0.1870, Portfolio = $14227.62, Return = 42.28%, Cash = $64.86, Crypto = 0.548236, Steps = 1296
2025-06-08 15:55:04,672 - INFO - Step 844000: Loss = 0.000009, Epsilon = 0.1947
2025-06-08 15:55:04,673 - INFO - Step 844000: Target network updated
2025-06-08 15:55:05,709 - INFO - Episode 652: Reward = -0.4177, Portfolio = $7104.48, Return = -28.96%, Cash = $1364.31, Crypto = 0.222200, Steps = 1296
2025-06-08 15:55:05,719 - INFO - Step 845000: Loss = 0.000011, Epsilon = 0.1938
2025-06-08 15:55:06,759 - INFO - Step 846000: Loss = 0.000006, Epsilon = 0.1928
2025-06-08 15:55:06,760 - INFO - Step 846000: Target network updated
2025-06-08 15:55:07,049 - INFO - Episode 653: Reward = -0.0092, Portfolio = $10090.31, Return = 0.90%, Cash = $6136.73, Crypto = 0.153042, Steps = 1296
2025-06-08 15:55:07,789 - INFO - Step 847000: Loss = 0.000007, Epsilon = 0.1919
2025-06-08 15:55:08,377 - INFO - Episode 654: Reward = -0.1329, Portfolio = $6171.70, Return = -38.28%, Cash = $0.03, Crypto = 0.238903, Steps = 1296
2025-06-08 15:55:08,833 - INFO - Step 848000: Loss = 0.000008, Epsilon = 0.1909
2025-06-08 15:55:08,834 - INFO - Step 848000: Target network updated
2025-06-08 15:55:09,723 - INFO - Episode 655: Reward = -0.4734, Portfolio = $10739.98, Return = 7.40%, Cash = $18.26, Crypto = 0.415034, Steps = 1296
2025-06-08 15:55:09,853 - INFO - Step 849000: Loss = 0.000007, Epsilon = 0.1899
2025-06-08 15:55:10,856 - INFO - Step 850000: Loss = 0.000012, Epsilon = 0.1890
2025-06-08 15:55:10,856 - INFO - Step 850000: Target network updated
2025-06-08 15:55:11,081 - INFO - Episode 656: Reward = -0.8504, Portfolio = $6962.55, Return = -30.37%, Cash = $6174.75, Crypto = 0.030495, Steps = 1296
2025-06-08 15:55:11,927 - INFO - Step 851000: Loss = 0.000006, Epsilon = 0.1880
2025-06-08 15:55:12,392 - INFO - Episode 657: Reward = -0.4919, Portfolio = $10389.55, Return = 3.90%, Cash = $0.16, Crypto = 0.402170, Steps = 1296
2025-06-08 15:55:12,923 - INFO - Step 852000: Loss = 0.000015, Epsilon = 0.1871
2025-06-08 15:55:12,923 - INFO - Step 852000: Target network updated
2025-06-08 15:55:13,725 - INFO - Episode 658: Reward = -0.2377, Portfolio = $8421.21, Return = -15.79%, Cash = $5107.94, Crypto = 0.128256, Steps = 1296
2025-06-08 15:55:13,976 - INFO - Step 853000: Loss = 0.000006, Epsilon = 0.1861
2025-06-08 15:55:15,114 - INFO - Step 854000: Loss = 0.000013, Epsilon = 0.1852
2025-06-08 15:55:15,114 - INFO - Step 854000: Target network updated
2025-06-08 15:55:15,185 - INFO - Episode 659: Reward = -0.4391, Portfolio = $4285.87, Return = -57.14%, Cash = $842.99, Crypto = 0.133273, Steps = 1296
2025-06-08 15:55:16,195 - INFO - Step 855000: Loss = 0.000011, Epsilon = 0.1842
2025-06-08 15:55:16,586 - INFO - Episode 660: Reward = -0.4672, Portfolio = $5787.83, Return = -42.12%, Cash = $21.20, Crypto = 0.223224, Steps = 1296
2025-06-08 15:55:16,586 - INFO - Episode 660 Summary: Avg Reward (100 eps) = -0.8907, Avg Portfolio (100 eps) = $7333.89, Epsilon = 0.184
2025-06-08 15:55:16,586 - INFO - 
Detailed steps for Episode 660:
2025-06-08 15:55:16,586 - INFO - Step | Action | Price    | RSI   | PnL    | WkChg  | Reward    | Portfolio   | Cash       | Crypto
2025-06-08 15:55:16,586 - INFO - ------------------------------------------------------------------------------------------------------------------------
2025-06-08 15:55:16,586 - INFO -    0 | BUY  |  9341.71 |  35.4 |  -2.00% |  -7.89% |   -0.0049 | $   9950.98 | $   7500.00 | 0.262370
2025-06-08 15:55:16,586 - INFO -    1 | BUY  |  8820.52 |  27.7 |  -5.58% |  -8.44% |   -0.0174 | $   9777.47 | $   5625.00 | 0.470774
2025-06-08 15:55:16,586 - INFO -    2 | BUY  |  8784.49 |  28.3 |  -3.58% |  -8.58% |   -0.0046 | $   9732.94 | $   4218.75 | 0.627718
2025-06-08 15:55:16,586 - INFO -    3 | BUY  |  8672.46 |  25.2 |  -3.95% | -10.47% |   -0.0094 | $   9641.93 | $   3164.06 | 0.746947
2025-06-08 15:55:16,586 - INFO -    4 | BUY  |  8599.51 |  28.2 |  -4.16% | -11.01% |   -0.0073 | $   9571.93 | $   2373.05 | 0.837127
2025-06-08 15:55:16,587 - INFO -    5 | SELL |  8562.45 |  26.8 |  -4.14% | -13.72% |   -0.0126 | $   9451.31 | $   4075.41 | 0.627846
2025-06-08 15:55:16,587 - INFO -    6 | BUY  |  8869.67 |  36.4 |  -0.70% |  -8.09% |    0.0183 | $   9624.22 | $   3056.56 | 0.740463
2025-06-08 15:55:16,587 - INFO -    7 | SELL |  8787.79 |  24.4 |  -1.51% |  -5.93% |   -0.0148 | $   9482.25 | $   4601.98 | 0.555347
2025-06-08 15:55:16,587 - INFO -    8 | BUY  |  8755.25 |  29.8 |  -1.88% |  -0.74% |   -0.0043 | $   9441.62 | $   3451.49 | 0.684177
2025-06-08 15:55:16,587 - INFO -    9 | BUY  |  9078.76 |  39.3 |   2.11% |   3.35% |    0.0217 | $   9646.04 | $   2588.61 | 0.777356
2025-06-08 15:55:16,587 - INFO -   10 | BUY  |  9122.55 |  38.4 |   2.34% |   5.19% |    0.0022 | $   9667.39 | $   1941.46 | 0.846905
2025-06-08 15:55:16,587 - INFO -   11 | BUY  |  8909.95 |  35.7 |  -0.23% |   3.61% |   -0.0196 | $   9477.83 | $   1456.10 | 0.900311
2025-06-08 15:55:16,587 - INFO -   12 | BUY  |  8108.12 |  21.3 |  -9.20% |  -5.31% |   -0.0769 | $   8748.79 | $   1092.07 | 0.944327
2025-06-08 15:55:16,587 - INFO -   13 | BUY  |  7923.64 |  21.9 | -10.88% | -10.67% |   -0.0205 | $   8569.23 | $    819.05 | 0.978108
2025-06-08 15:55:16,587 - INFO -   14 | BUY  |  7909.73 |  24.3 | -10.70% |  -9.99% |   -0.0021 | $   8551.61 | $    614.29 | 1.003488
2025-06-08 15:55:16,587 - INFO -   15 | SELL |  7911.43 |  29.9 | -10.44% |  -9.64% |   -0.0114 | $   8454.08 | $   2499.81 | 0.752616
2025-06-08 15:55:16,587 - INFO -   16 | BUY  |  4970.79 |  13.1 | -43.73% | -45.25% |   -0.2632 | $   6228.65 | $   1874.86 | 0.875876
2025-06-08 15:55:16,587 - INFO -   17 | BUY  |  5563.71 |  22.5 | -32.89% | -39.01% |    0.0819 | $   6738.78 | $   1406.14 | 0.958469
2025-06-08 15:55:16,587 - INFO -   18 | BUY  |  5200.37 |  21.4 | -35.44% | -41.63% |   -0.0527 | $   6383.64 | $   1054.61 | 1.024741
2025-06-08 15:55:16,587 - INFO -   19 | BUY  |  5392.31 |  24.0 | -31.49% | -33.49% |   -0.0029 | $   6575.17 | $    790.95 | 1.072677
2025-06-08 15:55:16,587 - INFO -   ...    ...      ...       ...     ...       ...      ...         ...          ...         ...
2025-06-08 15:55:16,587 - INFO - 1276 | BUY  | 26162.37 |  14.8 |  -2.54% |  -1.88% |   -0.0035 | $   5863.99 | $    158.84 | 0.218067
2025-06-08 15:55:16,587 - INFO - 1277 | BUY  | 26047.67 |  14.5 |  -2.94% |  -0.01% |   -0.0036 | $   5838.19 | $    119.13 | 0.219562
2025-06-08 15:55:16,587 - INFO - 1278 | BUY  | 26008.46 |  14.0 |  -3.07% |  -0.34% |   -0.0036 | $   5829.00 | $     89.35 | 0.220684
2025-06-08 15:55:16,587 - INFO - 1279 | BUY  | 26089.69 |  15.9 |  -2.75% |  -0.38% |   -0.0036 | $   5846.49 | $     67.01 | 0.221524
2025-06-08 15:55:16,587 - INFO - 1280 | BUY  | 26106.15 |  13.9 |  -2.68% |  -0.07% |   -0.0045 | $   5849.81 | $     50.26 | 0.222153
2025-06-08 15:55:16,587 - INFO - 1281 | HOLD | 27727.39 |  37.9 |   3.37% |   6.51% |   -0.0014 | $   6209.97 | $     50.26 | 0.222153
2025-06-08 15:55:16,587 - INFO - 1282 | BUY  | 27297.27 |  38.1 |   1.77% |   3.27% |   -0.0016 | $   6114.17 | $     37.69 | 0.222604
2025-06-08 15:55:16,587 - INFO - 1283 | BUY  | 25931.47 |  43.0 |  -3.33% |  -0.88% |   -0.0025 | $   5809.95 | $     28.27 | 0.222960
2025-06-08 15:55:16,587 - INFO - 1284 | HOLD | 25800.72 |  47.4 |  -3.81% |  -0.95% |   -0.0027 | $   5780.80 | $     28.27 | 0.222960
2025-06-08 15:55:16,587 - INFO - 1285 | HOLD | 25868.80 |  47.6 |  -3.56% |  -0.54% |   -0.0025 | $   5795.98 | $     28.27 | 0.222960
2025-06-08 15:55:16,587 - INFO - 1286 | HOLD | 25969.57 |  47.7 |  -3.18% |  -0.46% |   -0.0025 | $   5818.45 | $     28.27 | 0.222960
2025-06-08 15:55:16,587 - INFO - 1287 | HOLD | 25812.42 |  46.8 |  -3.77% |  -1.13% |   -0.0025 | $   5783.41 | $     28.27 | 0.222960
2025-06-08 15:55:16,588 - INFO - 1288 | HOLD | 25779.98 |  47.4 |  -3.89% |  -7.02% |   -0.0019 | $   5776.18 | $     28.27 | 0.222960
2025-06-08 15:55:16,588 - INFO - 1289 | HOLD | 25753.24 |  42.4 |  -3.99% |  -5.66% |   -0.0008 | $   5770.21 | $     28.27 | 0.222960
2025-06-08 15:55:16,588 - INFO - 1290 | BUY  | 26240.20 |  50.8 |  -2.17% |   1.19% |    0.0002 | $   5878.65 | $     21.20 | 0.223224
2025-06-08 15:55:16,588 - INFO - 1291 | HOLD | 25905.65 |  48.5 |  -3.42% |   0.41% |   -0.0002 | $   5803.97 | $     21.20 | 0.223224
2025-06-08 15:55:16,588 - INFO - 1292 | HOLD | 25895.68 |  48.8 |  -3.45% |   0.10% |   -0.0003 | $   5801.74 | $     21.20 | 0.223224
2025-06-08 15:55:16,588 - INFO - 1293 | HOLD | 25832.23 |  47.3 |  -3.69% |  -0.53% |   -0.0003 | $   5787.58 | $     21.20 | 0.223224
2025-06-08 15:55:16,588 - INFO - 1294 | HOLD | 25162.65 |  41.4 |  -6.19% |  -2.52% |   -0.0008 | $   5638.12 | $     21.20 | 0.223224
2025-06-08 15:55:16,588 - INFO - 1295 | HOLD | 25833.34 |  29.2 |  -3.69% |   0.21% |   -0.0005 | $   5787.83 | $     21.20 | 0.223224
2025-06-08 15:55:16,588 - INFO - 
Action distribution for Episode 660:
2025-06-08 15:55:16,588 - INFO -   HOLD:  399 ( 30.8%)
2025-06-08 15:55:16,588 - INFO -   BUY:   788 ( 60.8%)
2025-06-08 15:55:16,588 - INFO -   SELL:  109 (  8.4%)
2025-06-08 15:55:16,588 - INFO - ------------------------------------------------------------------------------------------------------------------------
2025-06-08 15:55:17,291 - INFO - Step 856000: Loss = 0.000006, Epsilon = 0.1833
2025-06-08 15:55:17,292 - INFO - Step 856000: Target network updated
2025-06-08 15:55:17,973 - INFO - Episode 661: Reward = -0.0176, Portfolio = $16373.61, Return = 63.74%, Cash = $143.87, Crypto = 0.628248, Steps = 1296
2025-06-08 15:55:18,311 - INFO - Step 857000: Loss = 0.000008, Epsilon = 0.1823
2025-06-08 15:55:19,263 - INFO - Episode 662: Reward = -0.5001, Portfolio = $7035.34, Return = -29.65%, Cash = $0.00, Crypto = 0.272336, Steps = 1296
2025-06-08 15:55:19,315 - INFO - Step 858000: Loss = 0.000013, Epsilon = 0.1814
2025-06-08 15:55:19,315 - INFO - Step 858000: Target network updated
2025-06-08 15:55:20,377 - INFO - Step 859000: Loss = 0.000018, Epsilon = 0.1804
2025-06-08 15:55:20,628 - INFO - Episode 663: Reward = -0.3150, Portfolio = $11772.75, Return = 17.73%, Cash = $673.50, Crypto = 0.429648, Steps = 1296
2025-06-08 15:55:21,448 - INFO - Step 860000: Loss = 0.000009, Epsilon = 0.1795
2025-06-08 15:55:21,448 - INFO - Step 860000: Target network updated
2025-06-08 15:55:22,045 - INFO - Episode 664: Reward = -0.0837, Portfolio = $10221.97, Return = 2.22%, Cash = $4155.91, Crypto = 0.234815, Steps = 1296
2025-06-08 15:55:22,510 - INFO - Step 861000: Loss = 0.000008, Epsilon = 0.1785
2025-06-08 15:55:23,356 - INFO - Episode 665: Reward = 0.1128, Portfolio = $14694.75, Return = 46.95%, Cash = $0.13, Crypto = 0.568824, Steps = 1296
2025-06-08 15:55:23,512 - INFO - Step 862000: Loss = 0.000010, Epsilon = 0.1775
2025-06-08 15:55:23,513 - INFO - Step 862000: Target network updated
2025-06-08 15:55:24,469 - INFO - Step 863000: Loss = 0.000004, Epsilon = 0.1766
2025-06-08 15:55:24,598 - INFO - Episode 666: Reward = -0.2687, Portfolio = $7599.34, Return = -24.01%, Cash = $244.67, Crypto = 0.284697, Steps = 1296
2025-06-08 15:55:25,477 - INFO - Step 864000: Loss = 0.000005, Epsilon = 0.1756
2025-06-08 15:55:25,477 - INFO - Step 864000: Target network updated
2025-06-08 15:55:25,959 - INFO - Episode 667: Reward = -0.2153, Portfolio = $12049.29, Return = 20.49%, Cash = $78.15, Crypto = 0.463399, Steps = 1296
2025-06-08 15:55:26,593 - INFO - Step 865000: Loss = 0.000006, Epsilon = 0.1747
2025-06-08 15:55:27,307 - INFO - Episode 668: Reward = -0.1377, Portfolio = $13811.25, Return = 38.11%, Cash = $110.26, Crypto = 0.530361, Steps = 1296
2025-06-08 15:55:27,577 - INFO - Step 866000: Loss = 0.000006, Epsilon = 0.1737
2025-06-08 15:55:27,578 - INFO - Step 866000: Target network updated
2025-06-08 15:55:28,531 - INFO - Step 867000: Loss = 0.000005, Epsilon = 0.1728
2025-06-08 15:55:28,553 - INFO - Episode 669: Reward = -0.2511, Portfolio = $9256.82, Return = -7.43%, Cash = $5830.31, Crypto = 0.132639, Steps = 1296
2025-06-08 15:55:29,482 - INFO - Step 868000: Loss = 0.000008, Epsilon = 0.1718
2025-06-08 15:55:29,482 - INFO - Step 868000: Target network updated
2025-06-08 15:55:29,800 - INFO - Episode 670: Reward = 0.0241, Portfolio = $15400.05, Return = 54.00%, Cash = $5516.25, Crypto = 0.382599, Steps = 1296
2025-06-08 15:55:29,800 - INFO - Episode 670 Summary: Avg Reward (100 eps) = -0.8244, Avg Portfolio (100 eps) = $7907.31, Epsilon = 0.172
2025-06-08 15:55:29,800 - INFO - 
Detailed steps for Episode 670:
2025-06-08 15:55:29,800 - INFO - Step | Action | Price    | RSI   | PnL    | WkChg  | Reward    | Portfolio   | Cash       | Crypto
2025-06-08 15:55:29,800 - INFO - ------------------------------------------------------------------------------------------------------------------------
2025-06-08 15:55:29,800 - INFO -    0 | HOLD |  9341.71 |  35.4 |  -2.00% |  -7.89% |    0.0000 | $  10000.00 | $  10000.00 | 0.000000
2025-06-08 15:55:29,800 - INFO -    1 | HOLD |  8820.52 |  27.7 |  -2.00% |  -8.44% |    0.0000 | $  10000.00 | $  10000.00 | 0.000000
2025-06-08 15:55:29,800 - INFO -    2 | HOLD |  8784.49 |  28.3 |  -2.00% |  -8.58% |    0.0000 | $  10000.00 | $  10000.00 | 0.000000
2025-06-08 15:55:29,800 - INFO -    3 | HOLD |  8672.46 |  25.2 |  -2.00% | -10.47% |    0.0000 | $  10000.00 | $  10000.00 | 0.000000
2025-06-08 15:55:29,800 - INFO -    4 | BUY  |  8599.51 |  28.2 |  -2.00% | -11.01% |   -0.0049 | $   9950.98 | $   7500.00 | 0.285014
2025-06-08 15:55:29,800 - INFO -    5 | HOLD |  8562.45 |  26.8 |  -0.43% | -13.72% |   -0.0011 | $   9940.42 | $   7500.00 | 0.285014
2025-06-08 15:55:29,800 - INFO -    6 | HOLD |  8869.67 |  36.4 |   3.14% |  -8.09% |    0.0088 | $  10027.98 | $   7500.00 | 0.285014
2025-06-08 15:55:29,800 - INFO -    7 | HOLD |  8787.79 |  24.4 |   2.19% |  -5.93% |   -0.0023 | $  10004.64 | $   7500.00 | 0.285014
2025-06-08 15:55:29,800 - INFO -    8 | HOLD |  8755.25 |  29.8 |   1.81% |  -0.74% |   -0.0009 | $   9995.37 | $   7500.00 | 0.285014
2025-06-08 15:55:29,800 - INFO -    9 | HOLD |  9078.76 |  39.3 |   5.57% |   3.35% |    0.0092 | $  10087.57 | $   7500.00 | 0.285014
2025-06-08 15:55:29,800 - INFO -   10 | HOLD |  9122.55 |  38.4 |   6.08% |   5.19% |    0.0012 | $  10100.05 | $   7500.00 | 0.285014
2025-06-08 15:55:29,800 - INFO -   11 | HOLD |  8909.95 |  35.7 |   3.61% |   3.61% |   -0.0060 | $  10039.46 | $   7500.00 | 0.285014
2025-06-08 15:55:29,801 - INFO -   12 | HOLD |  8108.12 |  21.3 |  -5.71% |  -5.31% |   -0.0228 | $   9810.93 | $   7500.00 | 0.285014
2025-06-08 15:55:29,801 - INFO -   13 | HOLD |  7923.64 |  21.9 |  -7.86% | -10.67% |   -0.0054 | $   9758.35 | $   7500.00 | 0.285014
2025-06-08 15:55:29,801 - INFO -   14 | HOLD |  7909.73 |  24.3 |  -8.02% |  -9.99% |   -0.0004 | $   9754.38 | $   7500.00 | 0.285014
2025-06-08 15:55:29,801 - INFO -   15 | HOLD |  7911.43 |  29.9 |  -8.00% |  -9.64% |    0.0000 | $   9754.87 | $   7500.00 | 0.285014
2025-06-08 15:55:29,801 - INFO -   16 | HOLD |  4970.79 |  13.1 | -42.20% | -45.25% |   -0.0859 | $   8916.74 | $   7500.00 | 0.285014
2025-06-08 15:55:29,801 - INFO -   17 | HOLD |  5563.71 |  22.5 | -35.30% | -39.01% |    0.0190 | $   9085.73 | $   7500.00 | 0.285014
2025-06-08 15:55:29,801 - INFO -   18 | HOLD |  5200.37 |  21.4 | -39.53% | -41.63% |   -0.0114 | $   8982.18 | $   7500.00 | 0.285014
2025-06-08 15:55:29,801 - INFO -   19 | HOLD |  5392.31 |  24.0 | -37.30% | -33.49% |   -0.0024 | $   9036.89 | $   7500.00 | 0.285014
2025-06-08 15:55:29,801 - INFO -   ...    ...      ...       ...     ...       ...      ...         ...          ...         ...
2025-06-08 15:55:29,801 - INFO - 1276 | HOLD | 26162.37 |  14.8 |  -4.56% |  -1.88% |   -0.0041 | $  15915.42 | $   7778.14 | 0.311030
2025-06-08 15:55:29,801 - INFO - 1277 | BUY  | 26047.67 |  14.5 |  -4.98% |  -0.01% |   -0.0043 | $  15841.62 | $   5833.60 | 0.384219
2025-06-08 15:55:29,801 - INFO - 1278 | HOLD | 26008.46 |  14.0 |  -4.22% |  -0.34% |   -0.0044 | $  15826.55 | $   5833.60 | 0.384219
2025-06-08 15:55:29,801 - INFO - 1279 | HOLD | 26089.69 |  15.9 |  -3.92% |  -0.38% |   -0.0040 | $  15857.76 | $   5833.60 | 0.384219
2025-06-08 15:55:29,801 - INFO - 1280 | BUY  | 26106.15 |  13.9 |  -3.86% |  -0.07% |   -0.0046 | $  15835.49 | $   4375.20 | 0.438988
2025-06-08 15:55:29,801 - INFO - 1281 | BUY  | 27727.39 |  37.9 |   2.61% |   6.51% |   -0.0012 | $  16525.75 | $   3281.40 | 0.477663
2025-06-08 15:55:29,801 - INFO - 1282 | SELL | 27297.27 |  38.1 |   0.80% |   3.27% |   -0.0019 | $  16157.31 | $   6378.14 | 0.358247
2025-06-08 15:55:29,801 - INFO - 1283 | BUY  | 25931.47 |  43.0 |  -4.24% |  -0.88% |   -0.0027 | $  15636.75 | $   4783.60 | 0.418532
2025-06-08 15:55:29,801 - INFO - 1284 | HOLD | 25800.72 |  47.4 |  -4.14% |  -0.95% |   -0.0029 | $  15582.03 | $   4783.60 | 0.418532
2025-06-08 15:55:29,801 - INFO - 1285 | SELL | 25868.80 |  47.6 |  -3.88% |  -0.54% |   -0.0029 | $  15475.18 | $   7355.00 | 0.313899
2025-06-08 15:55:29,801 - INFO - 1286 | HOLD | 25969.57 |  47.7 |  -3.51% |  -0.46% |   -0.0029 | $  15506.81 | $   7355.00 | 0.313899
2025-06-08 15:55:29,801 - INFO - 1287 | HOLD | 25812.42 |  46.8 |  -4.09% |  -1.13% |   -0.0029 | $  15457.48 | $   7355.00 | 0.313899
2025-06-08 15:55:29,801 - INFO - 1288 | HOLD | 25779.98 |  47.4 |  -4.21% |  -7.02% |   -0.0027 | $  15447.30 | $   7355.00 | 0.313899
2025-06-08 15:55:29,801 - INFO - 1289 | HOLD | 25753.24 |  42.4 |  -4.31% |  -5.66% |   -0.0018 | $  15438.91 | $   7355.00 | 0.313899
2025-06-08 15:55:29,801 - INFO - 1290 | BUY  | 26240.20 |  50.8 |  -2.50% |   1.19% |   -0.0009 | $  15555.71 | $   5516.25 | 0.382599
2025-06-08 15:55:29,801 - INFO - 1291 | HOLD | 25905.65 |  48.5 |  -3.31% |   0.41% |   -0.0012 | $  15427.71 | $   5516.25 | 0.382599
2025-06-08 15:55:29,801 - INFO - 1292 | HOLD | 25895.68 |  48.8 |  -3.35% |   0.10% |   -0.0012 | $  15423.90 | $   5516.25 | 0.382599
2025-06-08 15:55:29,801 - INFO - 1293 | HOLD | 25832.23 |  47.3 |  -3.59% |  -0.53% |   -0.0012 | $  15399.62 | $   5516.25 | 0.382599
2025-06-08 15:55:29,801 - INFO - 1294 | HOLD | 25162.65 |  41.4 |  -6.09% |  -2.52% |   -0.0017 | $  15143.44 | $   5516.25 | 0.382599
2025-06-08 15:55:29,801 - INFO - 1295 | HOLD | 25833.34 |  29.2 |  -3.58% |   0.21% |   -0.0013 | $  15400.05 | $   5516.25 | 0.382599
2025-06-08 15:55:29,801 - INFO - 
Action distribution for Episode 670:
2025-06-08 15:55:29,801 - INFO -   HOLD:  590 ( 45.5%)
2025-06-08 15:55:29,801 - INFO -   BUY:   634 ( 48.9%)
2025-06-08 15:55:29,801 - INFO -   SELL:   72 (  5.6%)
2025-06-08 15:55:29,801 - INFO - ------------------------------------------------------------------------------------------------------------------------
2025-06-08 15:55:30,481 - INFO - Step 869000: Loss = 0.000008, Epsilon = 0.1709
2025-06-08 15:55:31,147 - INFO - Episode 671: Reward = 0.1463, Portfolio = $7557.30, Return = -24.43%, Cash = $0.27, Crypto = 0.292530, Steps = 1296
2025-06-08 15:55:31,534 - INFO - Step 870000: Loss = 0.000010, Epsilon = 0.1699
2025-06-08 15:55:31,535 - INFO - Step 870000: Target network updated
2025-06-08 15:55:32,419 - INFO - Episode 672: Reward = -0.4068, Portfolio = $5752.45, Return = -42.48%, Cash = $5.40, Crypto = 0.222466, Steps = 1296
2025-06-08 15:55:32,512 - INFO - Step 871000: Loss = 0.000006, Epsilon = 0.1690
2025-06-08 15:55:33,572 - INFO - Step 872000: Loss = 0.000007, Epsilon = 0.1680
2025-06-08 15:55:33,572 - INFO - Step 872000: Target network updated
2025-06-08 15:55:33,782 - INFO - Episode 673: Reward = 0.0507, Portfolio = $14121.88, Return = 41.22%, Cash = $7418.90, Crypto = 0.259470, Steps = 1296
2025-06-08 15:55:34,594 - INFO - Step 873000: Loss = 0.000053, Epsilon = 0.1670
2025-06-08 15:55:35,156 - INFO - Episode 674: Reward = 0.1194, Portfolio = $9600.47, Return = -4.00%, Cash = $5410.23, Crypto = 0.162203, Steps = 1296
2025-06-08 15:55:35,683 - INFO - Step 874000: Loss = 0.000005, Epsilon = 0.1661
2025-06-08 15:55:35,684 - INFO - Step 874000: Target network updated
2025-06-08 15:55:36,479 - INFO - Episode 675: Reward = 0.0263, Portfolio = $8985.17, Return = -10.15%, Cash = $68.98, Crypto = 0.345143, Steps = 1296
2025-06-08 15:55:36,686 - INFO - Step 875000: Loss = 0.000016, Epsilon = 0.1651
2025-06-08 15:55:37,719 - INFO - Step 876000: Loss = 0.000005, Epsilon = 0.1642
2025-06-08 15:55:37,720 - INFO - Step 876000: Target network updated
2025-06-08 15:55:37,818 - INFO - Episode 676: Reward = -0.4944, Portfolio = $7122.54, Return = -28.77%, Cash = $0.00, Crypto = 0.275711, Steps = 1296
2025-06-08 15:55:38,732 - INFO - Step 877000: Loss = 0.000010, Epsilon = 0.1632
2025-06-08 15:55:39,106 - INFO - Episode 677: Reward = -0.1354, Portfolio = $13427.11, Return = 34.27%, Cash = $0.00, Crypto = 0.519759, Steps = 1296
2025-06-08 15:55:39,718 - INFO - Step 878000: Loss = 0.000007, Epsilon = 0.1623
2025-06-08 15:55:39,718 - INFO - Step 878000: Target network updated
2025-06-08 15:55:40,408 - INFO - Episode 678: Reward = -0.2292, Portfolio = $10143.75, Return = 1.44%, Cash = $4326.08, Crypto = 0.225200, Steps = 1296
2025-06-08 15:55:40,723 - INFO - Step 879000: Loss = 0.000010, Epsilon = 0.1613
2025-06-08 15:55:41,751 - INFO - Episode 679: Reward = -0.2007, Portfolio = $9748.22, Return = -2.52%, Cash = $46.38, Crypto = 0.375555, Steps = 1296
2025-06-08 15:55:41,772 - INFO - Step 880000: Loss = 0.000004, Epsilon = 0.1604
2025-06-08 15:55:41,773 - INFO - Step 880000: Target network updated
2025-06-08 15:55:42,849 - INFO - Step 881000: Loss = 0.000006, Epsilon = 0.1594
2025-06-08 15:55:43,150 - INFO - Episode 680: Reward = -0.2271, Portfolio = $12078.48, Return = 20.78%, Cash = $5173.96, Crypto = 0.267271, Steps = 1296
2025-06-08 15:55:43,150 - INFO - Episode 680 Summary: Avg Reward (100 eps) = -0.7705, Avg Portfolio (100 eps) = $8225.55, Epsilon = 0.159
2025-06-08 15:55:43,150 - INFO - 
Detailed steps for Episode 680:
2025-06-08 15:55:43,150 - INFO - Step | Action | Price    | RSI   | PnL    | WkChg  | Reward    | Portfolio   | Cash       | Crypto
2025-06-08 15:55:43,150 - INFO - ------------------------------------------------------------------------------------------------------------------------
2025-06-08 15:55:43,150 - INFO -    0 | BUY  |  9341.71 |  35.4 |  -2.00% |  -7.89% |   -0.0049 | $   9950.98 | $   7500.00 | 0.262370
2025-06-08 15:55:43,150 - INFO -    1 | BUY  |  8820.52 |  27.7 |  -5.58% |  -8.44% |   -0.0174 | $   9777.47 | $   5625.00 | 0.470774
2025-06-08 15:55:43,150 - INFO -    2 | BUY  |  8784.49 |  28.3 |  -3.58% |  -8.58% |   -0.0046 | $   9732.94 | $   4218.75 | 0.627718
2025-06-08 15:55:43,150 - INFO -    3 | BUY  |  8672.46 |  25.2 |  -3.95% | -10.47% |   -0.0094 | $   9641.93 | $   3164.06 | 0.746947
2025-06-08 15:55:43,150 - INFO -    4 | BUY  |  8599.51 |  28.2 |  -4.16% | -11.01% |   -0.0073 | $   9571.93 | $   2373.05 | 0.837127
2025-06-08 15:55:43,150 - INFO -    5 | BUY  |  8562.45 |  26.8 |  -4.14% | -13.72% |   -0.0045 | $   9529.28 | $   1779.79 | 0.905055
2025-06-08 15:55:43,150 - INFO -    6 | BUY  |  8869.67 |  36.4 |  -0.39% |  -8.09% |    0.0283 | $   9798.60 | $   1334.84 | 0.954237
2025-06-08 15:55:43,150 - INFO -    7 | BUY  |  8787.79 |  24.4 |  -1.29% |  -5.93% |   -0.0086 | $   9713.92 | $   1001.13 | 0.991466
2025-06-08 15:55:43,150 - INFO -    8 | BUY  |  8755.25 |  29.8 |  -1.61% |  -0.74% |   -0.0038 | $   9676.75 | $    750.85 | 1.019492
2025-06-08 15:55:43,150 - INFO -    9 | BUY  |  9078.76 |  39.3 |   2.07% |   3.35% |    0.0337 | $  10002.90 | $    563.14 | 1.039763
2025-06-08 15:55:43,150 - INFO -   10 | BUY  |  9122.55 |  38.4 |   2.52% |   5.19% |    0.0043 | $  10045.66 | $    422.35 | 1.054893
2025-06-08 15:55:43,150 - INFO -   11 | BUY  |  8909.95 |  35.7 |   0.10% |   3.61% |   -0.0225 | $   9819.33 | $    316.76 | 1.066511
2025-06-08 15:55:43,150 - INFO -   12 | BUY  |  8108.12 |  21.3 |  -8.91% |  -5.31% |   -0.0872 | $   8962.61 | $    237.57 | 1.076086
2025-06-08 15:55:43,150 - INFO -   13 | HOLD |  7923.64 |  21.9 | -10.91% | -10.67% |   -0.0221 | $   8764.10 | $    237.57 | 1.076086
2025-06-08 15:55:43,150 - INFO -   14 | BUY  |  7909.73 |  24.3 | -11.07% |  -9.99% |   -0.0018 | $   8747.96 | $    178.18 | 1.083448
2025-06-08 15:55:43,150 - INFO -   15 | BUY  |  7911.43 |  29.9 | -10.98% |  -9.64% |    0.0001 | $   8748.93 | $    133.63 | 1.088968
2025-06-08 15:55:43,150 - INFO -   16 | BUY  |  4970.79 |  13.1 | -44.04% | -45.25% |   -0.3661 | $   5546.01 | $    100.23 | 1.095557
2025-06-08 15:55:43,150 - INFO -   17 | BUY  |  5563.71 |  22.5 | -37.20% | -39.01% |    0.1170 | $   6195.09 | $     75.17 | 1.099972
2025-06-08 15:55:43,150 - INFO -   18 | HOLD |  5200.37 |  21.4 | -41.21% | -41.63% |   -0.0645 | $   5795.43 | $     75.17 | 1.099972
2025-06-08 15:55:43,150 - INFO -   19 | BUY  |  5392.31 |  24.0 | -39.04% | -33.49% |   -0.0023 | $   6006.20 | $     56.38 | 1.103389
2025-06-08 15:55:43,150 - INFO -   ...    ...      ...       ...     ...       ...      ...         ...          ...         ...
2025-06-08 15:55:43,150 - INFO - 1276 | HOLD | 26162.37 |  14.8 |  -9.19% |  -1.88% |   -0.0041 | $  12499.57 | $     91.05 | 0.474289
2025-06-08 15:55:43,150 - INFO - 1277 | HOLD | 26047.67 |  14.5 |  -9.59% |  -0.01% |   -0.0039 | $  12445.17 | $     91.05 | 0.474289
2025-06-08 15:55:43,150 - INFO - 1278 | HOLD | 26008.46 |  14.0 |  -9.73% |  -0.34% |   -0.0036 | $  12426.57 | $     91.05 | 0.474289
2025-06-08 15:55:43,150 - INFO - 1279 | HOLD | 26089.69 |  15.9 |  -9.45% |  -0.38% |   -0.0035 | $  12465.10 | $     91.05 | 0.474289
2025-06-08 15:55:43,151 - INFO - 1280 | HOLD | 26106.15 |  13.9 |  -9.39% |  -0.07% |   -0.0039 | $  12472.90 | $     91.05 | 0.474289
2025-06-08 15:55:43,151 - INFO - 1281 | HOLD | 27727.39 |  37.9 |  -3.76% |   6.51% |   -0.0014 | $  13241.84 | $     91.05 | 0.474289
2025-06-08 15:55:43,151 - INFO - 1282 | HOLD | 27297.27 |  38.1 |  -5.25% |   3.27% |   -0.0016 | $  13037.84 | $     91.05 | 0.474289
2025-06-08 15:55:43,151 - INFO - 1283 | BUY  | 25931.47 |  43.0 | -10.00% |  -0.88% |   -0.0024 | $  12389.61 | $     68.29 | 0.475149
2025-06-08 15:55:43,151 - INFO - 1284 | HOLD | 25800.72 |  47.4 | -10.43% |  -0.95% |   -0.0025 | $  12327.49 | $     68.29 | 0.475149
2025-06-08 15:55:43,151 - INFO - 1285 | SELL | 25868.80 |  47.6 | -10.20% |  -0.54% |   -0.0026 | $  12206.19 | $   2987.53 | 0.356362
2025-06-08 15:55:43,151 - INFO - 1286 | HOLD | 25969.57 |  47.7 |  -9.85% |  -0.46% |   -0.0027 | $  12242.10 | $   2987.53 | 0.356362
2025-06-08 15:55:43,151 - INFO - 1287 | HOLD | 25812.42 |  46.8 | -10.39% |  -1.13% |   -0.0026 | $  12186.09 | $   2987.53 | 0.356362
2025-06-08 15:55:43,151 - INFO - 1288 | HOLD | 25779.98 |  47.4 | -10.50% |  -7.02% |   -0.0023 | $  12174.54 | $   2987.53 | 0.356362
2025-06-08 15:55:43,151 - INFO - 1289 | HOLD | 25753.24 |  42.4 | -10.60% |  -5.66% |   -0.0011 | $  12165.00 | $   2987.53 | 0.356362
2025-06-08 15:55:43,151 - INFO - 1290 | HOLD | 26240.20 |  50.8 |  -8.91% |   1.19% |   -0.0002 | $  12338.54 | $   2987.53 | 0.356362
2025-06-08 15:55:43,151 - INFO - 1291 | HOLD | 25905.65 |  48.5 | -10.07% |   0.41% |   -0.0005 | $  12219.32 | $   2987.53 | 0.356362
2025-06-08 15:55:43,151 - INFO - 1292 | HOLD | 25895.68 |  48.8 | -10.10% |   0.10% |   -0.0006 | $  12215.77 | $   2987.53 | 0.356362
2025-06-08 15:55:43,151 - INFO - 1293 | HOLD | 25832.23 |  47.3 | -10.32% |  -0.53% |   -0.0006 | $  12193.15 | $   2987.53 | 0.356362
2025-06-08 15:55:43,151 - INFO - 1294 | HOLD | 25162.65 |  41.4 | -12.65% |  -2.52% |   -0.0010 | $  11954.54 | $   2987.53 | 0.356362
2025-06-08 15:55:43,151 - INFO - 1295 | SELL | 25833.34 |  29.2 | -10.32% |   0.21% |   -0.0011 | $  12078.48 | $   5173.96 | 0.267271
2025-06-08 15:55:43,151 - INFO - 
Action distribution for Episode 680:
2025-06-08 15:55:43,151 - INFO -   HOLD:  326 ( 25.2%)
2025-06-08 15:55:43,151 - INFO -   BUY:   898 ( 69.3%)
2025-06-08 15:55:43,151 - INFO -   SELL:   72 (  5.6%)
2025-06-08 15:55:43,151 - INFO - ------------------------------------------------------------------------------------------------------------------------
2025-06-08 15:55:43,931 - INFO - Step 882000: Loss = 0.000008, Epsilon = 0.1585
2025-06-08 15:55:43,931 - INFO - Step 882000: Target network updated
2025-06-08 15:55:44,535 - INFO - Episode 681: Reward = 0.0467, Portfolio = $9034.83, Return = -9.65%, Cash = $7919.68, Crypto = 0.043167, Steps = 1296
2025-06-08 15:55:44,940 - INFO - Step 883000: Loss = 0.000008, Epsilon = 0.1575
2025-06-08 15:55:45,794 - INFO - Episode 682: Reward = -0.0562, Portfolio = $13638.53, Return = 36.39%, Cash = $1038.18, Crypto = 0.487755, Steps = 1296
2025-06-08 15:55:45,928 - INFO - Step 884000: Loss = 0.000008, Epsilon = 0.1566
2025-06-08 15:55:45,928 - INFO - Step 884000: Target network updated
2025-06-08 15:55:47,000 - INFO - Step 885000: Loss = 0.000004, Epsilon = 0.1556
2025-06-08 15:55:47,200 - INFO - Episode 683: Reward = -0.3153, Portfolio = $9792.59, Return = -2.07%, Cash = $1915.82, Crypto = 0.304907, Steps = 1296
2025-06-08 15:55:48,067 - INFO - Step 886000: Loss = 0.000009, Epsilon = 0.1546
2025-06-08 15:55:48,068 - INFO - Step 886000: Target network updated
2025-06-08 15:55:48,546 - INFO - Episode 684: Reward = 0.1372, Portfolio = $15114.33, Return = 51.14%, Cash = $11831.51, Crypto = 0.127077, Steps = 1296
2025-06-08 15:55:49,095 - INFO - Step 887000: Loss = 0.000032, Epsilon = 0.1537
2025-06-08 15:55:49,868 - INFO - Episode 685: Reward = 0.1521, Portfolio = $14183.49, Return = 41.83%, Cash = $11.06, Crypto = 0.548610, Steps = 1296
2025-06-08 15:55:50,105 - INFO - Step 888000: Loss = 0.000009, Epsilon = 0.1527
2025-06-08 15:55:50,105 - INFO - Step 888000: Target network updated
2025-06-08 15:55:51,123 - INFO - Step 889000: Loss = 0.000008, Epsilon = 0.1518
2025-06-08 15:55:51,177 - INFO - Episode 686: Reward = -0.1894, Portfolio = $9045.78, Return = -9.54%, Cash = $1933.53, Crypto = 0.275313, Steps = 1296
2025-06-08 15:55:52,135 - INFO - Step 890000: Loss = 0.000010, Epsilon = 0.1508
2025-06-08 15:55:52,135 - INFO - Step 890000: Target network updated
2025-06-08 15:55:52,488 - INFO - Episode 687: Reward = -0.1790, Portfolio = $13378.63, Return = 33.79%, Cash = $341.67, Crypto = 0.504656, Steps = 1296
2025-06-08 15:55:53,199 - INFO - Step 891000: Loss = 0.004004, Epsilon = 0.1499
2025-06-08 15:55:53,858 - INFO - Episode 688: Reward = -0.1421, Portfolio = $10373.74, Return = 3.74%, Cash = $215.16, Crypto = 0.393235, Steps = 1296
2025-06-08 15:55:54,219 - INFO - Step 892000: Loss = 0.000008, Epsilon = 0.1489
2025-06-08 15:55:54,220 - INFO - Step 892000: Target network updated
2025-06-08 15:55:55,211 - INFO - Episode 689: Reward = -0.2136, Portfolio = $13858.90, Return = 38.59%, Cash = $0.00, Crypto = 0.536473, Steps = 1296
2025-06-08 15:55:55,269 - INFO - Step 893000: Loss = 0.000014, Epsilon = 0.1480
2025-06-08 15:55:56,330 - INFO - Step 894000: Loss = 0.000004, Epsilon = 0.1470
2025-06-08 15:55:56,330 - INFO - Step 894000: Target network updated
2025-06-08 15:55:56,574 - INFO - Episode 690: Reward = -0.1859, Portfolio = $5853.31, Return = -41.47%, Cash = $1072.72, Crypto = 0.185055, Steps = 1296
2025-06-08 15:55:56,575 - INFO - Episode 690 Summary: Avg Reward (100 eps) = -0.7083, Avg Portfolio (100 eps) = $8764.51, Epsilon = 0.147
2025-06-08 15:55:56,575 - INFO - 
Detailed steps for Episode 690:
2025-06-08 15:55:56,575 - INFO - Step | Action | Price    | RSI   | PnL    | WkChg  | Reward    | Portfolio   | Cash       | Crypto
2025-06-08 15:55:56,575 - INFO - ------------------------------------------------------------------------------------------------------------------------
2025-06-08 15:55:56,575 - INFO -    0 | BUY  |  9341.71 |  35.4 |  -2.00% |  -7.89% |   -0.0049 | $   9950.98 | $   7500.00 | 0.262370
2025-06-08 15:55:56,575 - INFO -    1 | BUY  |  8820.52 |  27.7 |  -5.58% |  -8.44% |   -0.0174 | $   9777.47 | $   5625.00 | 0.470774
2025-06-08 15:55:56,575 - INFO -    2 | BUY  |  8784.49 |  28.3 |  -3.58% |  -8.58% |   -0.0046 | $   9732.94 | $   4218.75 | 0.627718
2025-06-08 15:55:56,575 - INFO -    3 | BUY  |  8672.46 |  25.2 |  -3.95% | -10.47% |   -0.0094 | $   9641.93 | $   3164.06 | 0.746947
2025-06-08 15:55:56,575 - INFO -    4 | BUY  |  8599.51 |  28.2 |  -4.16% | -11.01% |   -0.0073 | $   9571.93 | $   2373.05 | 0.837127
2025-06-08 15:55:56,575 - INFO -    5 | BUY  |  8562.45 |  26.8 |  -4.14% | -13.72% |   -0.0045 | $   9529.28 | $   1779.79 | 0.905055
2025-06-08 15:55:56,575 - INFO -    6 | SELL |  8869.67 |  36.4 |  -0.39% |  -8.09% |    0.0186 | $   9706.98 | $   3686.33 | 0.678792
2025-06-08 15:55:56,575 - INFO -    7 | SELL |  8787.79 |  24.4 |  -1.31% |  -5.93% |   -0.0134 | $   9576.84 | $   5103.03 | 0.509094
2025-06-08 15:55:56,575 - INFO -    8 | BUY  |  8755.25 |  29.8 |  -1.68% |  -0.74% |   -0.0043 | $   9535.26 | $   3827.27 | 0.651950
2025-06-08 15:55:56,575 - INFO -    9 | BUY  |  9078.76 |  39.3 |   2.33% |   3.35% |    0.0202 | $   9727.41 | $   2870.46 | 0.755274
2025-06-08 15:55:56,575 - INFO -   10 | SELL |  9122.55 |  38.4 |   2.50% |   5.19% |   -0.0055 | $   9674.36 | $   4506.84 | 0.566456
2025-06-08 15:55:56,575 - INFO -   11 | BUY  |  8909.95 |  35.7 |   0.11% |   3.61% |   -0.0147 | $   9531.84 | $   3380.13 | 0.690431
2025-06-08 15:55:56,575 - INFO -   12 | BUY  |  8108.12 |  21.3 |  -8.92% |  -5.31% |   -0.0598 | $   8961.66 | $   2535.10 | 0.792608
2025-06-08 15:55:56,575 - INFO -   13 | BUY  |  7923.64 |  21.9 |  -9.95% | -10.67% |   -0.0177 | $   8803.02 | $   1901.32 | 0.871025
2025-06-08 15:55:56,575 - INFO -   14 | BUY  |  7909.73 |  24.3 |  -9.30% |  -9.99% |   -0.0024 | $   8781.57 | $   1425.99 | 0.929941
2025-06-08 15:55:56,575 - INFO -   15 | BUY  |  7911.43 |  29.9 |  -8.74% |  -9.64% |   -0.0006 | $   8776.17 | $   1069.49 | 0.974119
2025-06-08 15:55:56,575 - INFO -   16 | BUY  |  4970.79 |  13.1 | -42.43% | -45.25% |   -0.3270 | $   5906.39 | $    802.12 | 1.026853
2025-06-08 15:55:56,575 - INFO -   17 | BUY  |  5563.71 |  22.5 | -34.13% | -39.01% |    0.1024 | $   6511.30 | $    601.59 | 1.062189
2025-06-08 15:55:56,575 - INFO -   18 | BUY  |  5200.37 |  21.4 | -37.73% | -41.63% |   -0.0597 | $   6122.41 | $    451.19 | 1.090542
2025-06-08 15:55:56,575 - INFO -   19 | BUY  |  5392.31 |  24.0 | -34.79% | -33.49% |   -0.0024 | $   6329.53 | $    338.39 | 1.111050
2025-06-08 15:55:56,575 - INFO -   ...    ...      ...       ...     ...       ...      ...         ...          ...         ...
2025-06-08 15:55:56,575 - INFO - 1276 | HOLD | 26162.37 |  14.8 |  -6.30% |  -1.88% |   -0.0036 | $   5996.84 | $     13.11 | 0.228715
2025-06-08 15:55:56,575 - INFO - 1277 | HOLD | 26047.67 |  14.5 |  -6.72% |  -0.01% |   -0.0034 | $   5970.60 | $     13.11 | 0.228715
2025-06-08 15:55:56,575 - INFO - 1278 | HOLD | 26008.46 |  14.0 |  -6.86% |  -0.34% |   -0.0034 | $   5961.64 | $     13.11 | 0.228715
2025-06-08 15:55:56,575 - INFO - 1279 | SELL | 26089.69 |  15.9 |  -6.56% |  -0.38% |   -0.0037 | $   5905.63 | $   1430.29 | 0.171536
2025-06-08 15:55:56,575 - INFO - 1280 | HOLD | 26106.15 |  13.9 |  -6.51% |  -0.07% |   -0.0043 | $   5908.45 | $   1430.29 | 0.171536
2025-06-08 15:55:56,575 - INFO - 1281 | HOLD | 27727.39 |  37.9 |  -0.70% |   6.51% |   -0.0022 | $   6186.55 | $   1430.29 | 0.171536
2025-06-08 15:55:56,575 - INFO - 1282 | HOLD | 27297.27 |  38.1 |  -2.24% |   3.27% |   -0.0024 | $   6112.77 | $   1430.29 | 0.171536
2025-06-08 15:55:56,575 - INFO - 1283 | BUY  | 25931.47 |  43.0 |  -7.13% |  -0.88% |   -0.0031 | $   5871.47 | $   1072.72 | 0.185055
2025-06-08 15:55:56,575 - INFO - 1284 | HOLD | 25800.72 |  47.4 |  -7.12% |  -0.95% |   -0.0032 | $   5847.28 | $   1072.72 | 0.185055
2025-06-08 15:55:56,575 - INFO - 1285 | HOLD | 25868.80 |  47.6 |  -6.87% |  -0.54% |   -0.0030 | $   5859.88 | $   1072.72 | 0.185055
2025-06-08 15:55:56,575 - INFO - 1286 | HOLD | 25969.57 |  47.7 |  -6.51% |  -0.46% |   -0.0031 | $   5878.52 | $   1072.72 | 0.185055
2025-06-08 15:55:56,575 - INFO - 1287 | HOLD | 25812.42 |  46.8 |  -7.07% |  -1.13% |   -0.0030 | $   5849.44 | $   1072.72 | 0.185055
2025-06-08 15:55:56,575 - INFO - 1288 | HOLD | 25779.98 |  47.4 |  -7.19% |  -7.02% |   -0.0027 | $   5843.44 | $   1072.72 | 0.185055
2025-06-08 15:55:56,575 - INFO - 1289 | HOLD | 25753.24 |  42.4 |  -7.29% |  -5.66% |   -0.0014 | $   5838.49 | $   1072.72 | 0.185055
2025-06-08 15:55:56,575 - INFO - 1290 | HOLD | 26240.20 |  50.8 |  -5.53% |   1.19% |   -0.0002 | $   5928.60 | $   1072.72 | 0.185055
2025-06-08 15:55:56,575 - INFO - 1291 | HOLD | 25905.65 |  48.5 |  -6.74% |   0.41% |   -0.0006 | $   5866.70 | $   1072.72 | 0.185055
2025-06-08 15:55:56,576 - INFO - 1292 | HOLD | 25895.68 |  48.8 |  -6.77% |   0.10% |   -0.0007 | $   5864.85 | $   1072.72 | 0.185055
2025-06-08 15:55:56,576 - INFO - 1293 | HOLD | 25832.23 |  47.3 |  -7.00% |  -0.53% |   -0.0007 | $   5853.11 | $   1072.72 | 0.185055
2025-06-08 15:55:56,576 - INFO - 1294 | HOLD | 25162.65 |  41.4 |  -9.41% |  -2.52% |   -0.0012 | $   5729.20 | $   1072.72 | 0.185055
2025-06-08 15:55:56,576 - INFO - 1295 | HOLD | 25833.34 |  29.2 |  -7.00% |   0.21% |   -0.0010 | $   5853.31 | $   1072.72 | 0.185055
2025-06-08 15:55:56,576 - INFO - 
Action distribution for Episode 690:
2025-06-08 15:55:56,576 - INFO -   HOLD:  310 ( 23.9%)
2025-06-08 15:55:56,576 - INFO -   BUY:   922 ( 71.1%)
2025-06-08 15:55:56,576 - INFO -   SELL:   64 (  4.9%)
2025-06-08 15:55:56,576 - INFO - ------------------------------------------------------------------------------------------------------------------------
2025-06-08 15:55:57,368 - INFO - Step 895000: Loss = 0.000006, Epsilon = 0.1461
2025-06-08 15:55:57,998 - INFO - Episode 691: Reward = 0.1292, Portfolio = $16268.82, Return = 62.69%, Cash = $4283.07, Crypto = 0.463964, Steps = 1296
2025-06-08 15:55:58,513 - INFO - Step 896000: Loss = 0.000005, Epsilon = 0.1451
2025-06-08 15:55:58,514 - INFO - Step 896000: Target network updated
2025-06-08 15:55:59,492 - INFO - Episode 692: Reward = 0.1569, Portfolio = $15130.29, Return = 51.30%, Cash = $160.44, Crypto = 0.579478, Steps = 1296
2025-06-08 15:55:59,675 - INFO - Step 897000: Loss = 0.000006, Epsilon = 0.1441
2025-06-08 15:56:00,802 - INFO - Step 898000: Loss = 0.000012, Epsilon = 0.1432
2025-06-08 15:56:00,802 - INFO - Step 898000: Target network updated
2025-06-08 15:56:00,945 - INFO - Episode 693: Reward = -0.1164, Portfolio = $13646.58, Return = 36.47%, Cash = $3019.40, Crypto = 0.411375, Steps = 1296
2025-06-08 15:56:01,976 - INFO - Step 899000: Loss = 0.000007, Epsilon = 0.1422
2025-06-08 15:56:02,486 - INFO - Episode 694: Reward = -0.2639, Portfolio = $14410.94, Return = 44.11%, Cash = $1114.40, Crypto = 0.514705, Steps = 1296
2025-06-08 15:56:03,212 - INFO - Step 900000: Loss = 0.000008, Epsilon = 0.1413
2025-06-08 15:56:03,212 - INFO - Step 900000: Target network updated
2025-06-08 15:56:04,058 - INFO - Episode 695: Reward = -0.2963, Portfolio = $12531.65, Return = 25.32%, Cash = $3831.82, Crypto = 0.336768, Steps = 1296
2025-06-08 15:56:04,383 - INFO - Step 901000: Loss = 0.000006, Epsilon = 0.1403
2025-06-08 15:56:05,514 - INFO - Step 902000: Loss = 0.000007, Epsilon = 0.1394
2025-06-08 15:56:05,514 - INFO - Step 902000: Target network updated
2025-06-08 15:56:05,531 - INFO - Episode 696: Reward = 0.2012, Portfolio = $13694.15, Return = 36.94%, Cash = $6382.34, Crypto = 0.283038, Steps = 1296
2025-06-08 15:56:06,595 - INFO - Step 903000: Loss = 0.000006, Epsilon = 0.1384
2025-06-08 15:56:06,899 - INFO - Episode 697: Reward = 0.2367, Portfolio = $10170.76, Return = 1.71%, Cash = $1980.06, Crypto = 0.317059, Steps = 1296
2025-06-08 15:56:07,658 - INFO - Step 904000: Loss = 0.000007, Epsilon = 0.1375
2025-06-08 15:56:07,658 - INFO - Step 904000: Target network updated
2025-06-08 15:56:08,427 - INFO - Episode 698: Reward = -0.1703, Portfolio = $11108.09, Return = 11.08%, Cash = $917.66, Crypto = 0.394468, Steps = 1296
2025-06-08 15:56:08,880 - INFO - Step 905000: Loss = 0.000007, Epsilon = 0.1365
2025-06-08 15:56:09,910 - INFO - Episode 699: Reward = -0.1359, Portfolio = $12983.95, Return = 29.84%, Cash = $236.50, Crypto = 0.493450, Steps = 1296
2025-06-08 15:56:10,008 - INFO - Step 906000: Loss = 0.031032, Epsilon = 0.1356
2025-06-08 15:56:10,009 - INFO - Step 906000: Target network updated
2025-06-08 15:56:11,063 - INFO - Step 907000: Loss = 0.000047, Epsilon = 0.1346
2025-06-08 15:56:11,266 - INFO - Episode 700: Reward = -0.1335, Portfolio = $13965.51, Return = 39.66%, Cash = $0.08, Crypto = 0.540597, Steps = 1296
2025-06-08 15:56:11,266 - INFO - Episode 700 Summary: Avg Reward (100 eps) = -0.6562, Avg Portfolio (100 eps) = $9427.47, Epsilon = 0.134
2025-06-08 15:56:11,266 - INFO - 
Detailed steps for Episode 700:
2025-06-08 15:56:11,266 - INFO - Step | Action | Price    | RSI   | PnL    | WkChg  | Reward    | Portfolio   | Cash       | Crypto
2025-06-08 15:56:11,266 - INFO - ------------------------------------------------------------------------------------------------------------------------
2025-06-08 15:56:11,266 - INFO -    0 | HOLD |  9341.71 |  35.4 |  -2.00% |  -7.89% |    0.0000 | $  10000.00 | $  10000.00 | 0.000000
2025-06-08 15:56:11,266 - INFO -    1 | BUY  |  8820.52 |  27.7 |  -2.00% |  -8.44% |   -0.0049 | $   9950.98 | $   7500.00 | 0.277872
2025-06-08 15:56:11,266 - INFO -    2 | BUY  |  8784.49 |  28.3 |  -0.41% |  -8.58% |   -0.0047 | $   9904.20 | $   5625.00 | 0.487132
2025-06-08 15:56:11,266 - INFO -    3 | BUY  |  8672.46 |  25.2 |  -1.51% | -10.47% |   -0.0083 | $   9822.05 | $   4218.75 | 0.646103
2025-06-08 15:56:11,266 - INFO -    4 | HOLD |  8599.51 |  28.2 |  -1.97% | -11.01% |   -0.0048 | $   9774.92 | $   4218.75 | 0.646103
2025-06-08 15:56:11,266 - INFO -    5 | BUY  |  8562.45 |  26.8 |  -2.39% | -13.72% |   -0.0046 | $   9730.30 | $   3164.06 | 0.766864
2025-06-08 15:56:11,266 - INFO -    6 | BUY  |  8869.67 |  36.4 |   1.49% |  -8.09% |    0.0226 | $   9950.38 | $   2373.05 | 0.854297
2025-06-08 15:56:11,266 - INFO -    7 | BUY  |  8787.79 |  24.4 |   0.40% |  -5.93% |   -0.0082 | $   9868.80 | $   1779.79 | 0.920484
2025-06-08 15:56:11,266 - INFO -    8 | BUY  |  8755.25 |  29.8 |   0.00% |  -0.74% |   -0.0039 | $   9830.12 | $   1334.84 | 0.970308
2025-06-08 15:56:11,266 - INFO -    9 | BUY  |  9078.76 |  39.3 |   3.70% |   3.35% |    0.0313 | $  10137.49 | $   1001.13 | 1.006344
2025-06-08 15:56:11,267 - INFO -   10 | BUY  |  9122.55 |  38.4 |   4.06% |   5.19% |    0.0039 | $  10176.64 | $    750.85 | 1.033242
2025-06-08 15:56:11,267 - INFO -   11 | BUY  |  8909.95 |  35.7 |   1.53% |   3.61% |   -0.0219 | $   9953.30 | $    563.14 | 1.053896
2025-06-08 15:56:11,267 - INFO -   12 | BUY  |  8108.12 |  21.3 |  -7.64% |  -5.31% |   -0.0852 | $   9105.49 | $    422.35 | 1.070919
2025-06-08 15:56:11,267 - INFO -   13 | BUY  |  7923.64 |  21.9 |  -9.63% | -10.67% |   -0.0219 | $   8905.86 | $    316.76 | 1.083983
2025-06-08 15:56:11,267 - INFO -   14 | BUY  |  7909.73 |  24.3 |  -9.68% |  -9.99% |   -0.0019 | $   8889.23 | $    237.57 | 1.093799
2025-06-08 15:56:11,267 - INFO -   15 | BUY  |  7911.43 |  29.9 |  -9.59% |  -9.64% |    0.0001 | $   8889.92 | $    178.18 | 1.101159
2025-06-08 15:56:11,267 - INFO -   16 | BUY  |  4970.79 |  13.1 | -43.16% | -45.25% |   -0.3643 | $   5650.93 | $    133.63 | 1.109945
2025-06-08 15:56:11,267 - INFO -   17 | BUY  |  5563.71 |  22.5 | -36.16% | -39.01% |    0.1163 | $   6308.39 | $    100.23 | 1.115832
2025-06-08 15:56:11,267 - INFO -   18 | BUY  |  5200.37 |  21.4 | -40.21% | -41.63% |   -0.0643 | $   5902.47 | $     75.17 | 1.120555
2025-06-08 15:56:11,267 - INFO -   19 | BUY  |  5392.31 |  24.0 | -37.90% | -33.49% |   -0.0022 | $   6117.19 | $     56.38 | 1.123972
2025-06-08 15:56:11,267 - INFO -   ...    ...      ...       ...     ...       ...      ...         ...          ...         ...
2025-06-08 15:56:11,267 - INFO - 1276 | BUY  | 26162.37 |  14.8 |  -1.06% |  -1.88% |   -0.0031 | $  14143.67 | $     13.33 | 0.540102
2025-06-08 15:56:11,267 - INFO - 1277 | BUY  | 26047.67 |  14.5 |  -1.49% |  -0.01% |   -0.0032 | $  14081.65 | $     10.00 | 0.540227
2025-06-08 15:56:11,267 - INFO - 1278 | BUY  | 26008.46 |  14.0 |  -1.64% |  -0.34% |   -0.0032 | $  14060.43 | $      7.50 | 0.540321
2025-06-08 15:56:11,267 - INFO - 1279 | BUY  | 26089.69 |  15.9 |  -1.33% |  -0.38% |   -0.0032 | $  14104.28 | $      5.62 | 0.540392
2025-06-08 15:56:11,267 - INFO - 1280 | BUY  | 26106.15 |  13.9 |  -1.27% |  -0.07% |   -0.0039 | $  14113.14 | $      4.22 | 0.540445
2025-06-08 15:56:11,267 - INFO - 1281 | BUY  | 27727.39 |  37.9 |   4.86% |   6.51% |   -0.0013 | $  14989.32 | $      3.16 | 0.540482
2025-06-08 15:56:11,267 - INFO - 1282 | BUY  | 27297.27 |  38.1 |   3.23% |   3.27% |   -0.0016 | $  14756.82 | $      2.37 | 0.540510
2025-06-08 15:56:11,267 - INFO - 1283 | BUY  | 25931.47 |  43.0 |  -1.93% |  -0.88% |   -0.0024 | $  14018.59 | $      1.78 | 0.540533
2025-06-08 15:56:11,267 - INFO - 1284 | BUY  | 25800.72 |  47.4 |  -2.43% |  -0.95% |   -0.0026 | $  13947.91 | $      1.33 | 0.540550
2025-06-08 15:56:11,267 - INFO - 1285 | BUY  | 25868.80 |  47.6 |  -2.17% |  -0.54% |   -0.0024 | $  13984.70 | $      1.00 | 0.540562
2025-06-08 15:56:11,267 - INFO - 1286 | BUY  | 25969.57 |  47.7 |  -1.79% |  -0.46% |   -0.0024 | $  14039.16 | $      0.75 | 0.540572
2025-06-08 15:56:11,267 - INFO - 1287 | BUY  | 25812.42 |  46.8 |  -2.38% |  -1.13% |   -0.0024 | $  13954.21 | $      0.56 | 0.540579
2025-06-08 15:56:11,267 - INFO - 1288 | BUY  | 25779.98 |  47.4 |  -2.51% |  -7.02% |   -0.0021 | $  13936.67 | $      0.42 | 0.540584
2025-06-08 15:56:11,267 - INFO - 1289 | BUY  | 25753.24 |  42.4 |  -2.61% |  -5.66% |   -0.0008 | $  13922.21 | $      0.32 | 0.540588
2025-06-08 15:56:11,267 - INFO - 1290 | HOLD | 26240.20 |  50.8 |  -0.76% |   1.19% |    0.0002 | $  14185.46 | $      0.32 | 0.540588
2025-06-08 15:56:11,267 - INFO - 1291 | BUY  | 25905.65 |  48.5 |  -2.03% |   0.41% |   -0.0001 | $  14004.61 | $      0.24 | 0.540591
2025-06-08 15:56:11,267 - INFO - 1292 | BUY  | 25895.68 |  48.8 |  -2.07% |   0.10% |   -0.0002 | $  13999.21 | $      0.18 | 0.540593
2025-06-08 15:56:11,267 - INFO - 1293 | BUY  | 25832.23 |  47.3 |  -2.31% |  -0.53% |   -0.0002 | $  13964.91 | $      0.13 | 0.540595
2025-06-08 15:56:11,267 - INFO - 1294 | BUY  | 25162.65 |  41.4 |  -4.84% |  -2.52% |   -0.0008 | $  13602.94 | $      0.10 | 0.540596
2025-06-08 15:56:11,267 - INFO - 1295 | BUY  | 25833.34 |  29.2 |  -2.30% |   0.21% |   -0.0005 | $  13965.51 | $      0.08 | 0.540597
2025-06-08 15:56:11,267 - INFO - 
Action distribution for Episode 700:
2025-06-08 15:56:11,267 - INFO -   HOLD:  250 ( 19.3%)
2025-06-08 15:56:11,267 - INFO -   BUY:   993 ( 76.6%)
2025-06-08 15:56:11,267 - INFO -   SELL:   53 (  4.1%)
2025-06-08 15:56:11,267 - INFO - ------------------------------------------------------------------------------------------------------------------------
2025-06-08 15:56:12,128 - INFO - Step 908000: Loss = 0.000011, Epsilon = 0.1337
2025-06-08 15:56:12,128 - INFO - Step 908000: Target network updated
2025-06-08 15:56:12,649 - INFO - Episode 701: Reward = -0.1850, Portfolio = $8195.23, Return = -18.05%, Cash = $351.74, Crypto = 0.303619, Steps = 1296
2025-06-08 15:56:13,180 - INFO - Step 909000: Loss = 0.000007, Epsilon = 0.1327
2025-06-08 15:56:14,032 - INFO - Episode 702: Reward = -0.0671, Portfolio = $12500.67, Return = 25.01%, Cash = $2.47, Crypto = 0.483801, Steps = 1296
2025-06-08 15:56:14,239 - INFO - Step 910000: Loss = 0.000009, Epsilon = 0.1317
2025-06-08 15:56:14,239 - INFO - Step 910000: Target network updated
2025-06-08 15:56:15,290 - INFO - Step 911000: Loss = 0.000142, Epsilon = 0.1308
2025-06-08 15:56:15,380 - INFO - Episode 703: Reward = -0.2804, Portfolio = $9707.85, Return = -2.92%, Cash = $3162.71, Crypto = 0.253360, Steps = 1296
2025-06-08 15:56:16,298 - INFO - Step 912000: Loss = 0.000007, Epsilon = 0.1298
2025-06-08 15:56:16,298 - INFO - Step 912000: Target network updated
2025-06-08 15:56:16,665 - INFO - Episode 704: Reward = 0.2337, Portfolio = $18417.27, Return = 84.17%, Cash = $19.07, Crypto = 0.712188, Steps = 1296
2025-06-08 15:56:17,322 - INFO - Step 913000: Loss = 0.000020, Epsilon = 0.1289
2025-06-08 15:56:18,061 - INFO - Episode 705: Reward = -0.2509, Portfolio = $11681.02, Return = 16.81%, Cash = $10333.05, Crypto = 0.052180, Steps = 1296
2025-06-08 15:56:18,390 - INFO - Step 914000: Loss = 0.000005, Epsilon = 0.1279
2025-06-08 15:56:18,390 - INFO - Step 914000: Target network updated
2025-06-08 15:56:19,396 - INFO - Episode 706: Reward = 0.0836, Portfolio = $12227.37, Return = 22.27%, Cash = $4917.64, Crypto = 0.282957, Steps = 1296
2025-06-08 15:56:19,423 - INFO - Step 915000: Loss = 0.000007, Epsilon = 0.1270
2025-06-08 15:56:20,473 - INFO - Step 916000: Loss = 0.000018, Epsilon = 0.1260
2025-06-08 15:56:20,474 - INFO - Step 916000: Target network updated
2025-06-08 15:56:20,782 - INFO - Episode 707: Reward = -0.1094, Portfolio = $10820.06, Return = 8.20%, Cash = $83.06, Crypto = 0.415625, Steps = 1296
2025-06-08 15:56:21,536 - INFO - Step 917000: Loss = 0.000005, Epsilon = 0.1251
2025-06-08 15:56:22,143 - INFO - Episode 708: Reward = -0.1085, Portfolio = $11732.29, Return = 17.32%, Cash = $1.35, Crypto = 0.454101, Steps = 1296
2025-06-08 15:56:22,615 - INFO - Step 918000: Loss = 0.000004, Epsilon = 0.1241
2025-06-08 15:56:22,615 - INFO - Step 918000: Target network updated
2025-06-08 15:56:23,578 - INFO - Episode 709: Reward = -0.1620, Portfolio = $14564.01, Return = 45.64%, Cash = $0.13, Crypto = 0.563763, Steps = 1296
2025-06-08 15:56:23,738 - INFO - Step 919000: Loss = 0.000200, Epsilon = 0.1232
2025-06-08 15:56:24,831 - INFO - Step 920000: Loss = 0.000006, Epsilon = 0.1222
2025-06-08 15:56:24,831 - INFO - Step 920000: Target network updated
2025-06-08 15:56:24,997 - INFO - Episode 710: Reward = -0.1749, Portfolio = $12747.08, Return = 27.47%, Cash = $0.00, Crypto = 0.493435, Steps = 1296
2025-06-08 15:56:24,997 - INFO - Episode 710 Summary: Avg Reward (100 eps) = -0.6239, Avg Portfolio (100 eps) = $9980.07, Epsilon = 0.122
2025-06-08 15:56:24,997 - INFO - 
Detailed steps for Episode 710:
2025-06-08 15:56:24,997 - INFO - Step | Action | Price    | RSI   | PnL    | WkChg  | Reward    | Portfolio   | Cash       | Crypto
2025-06-08 15:56:24,997 - INFO - ------------------------------------------------------------------------------------------------------------------------
2025-06-08 15:56:24,997 - INFO -    0 | BUY  |  9341.71 |  35.4 |  -2.00% |  -7.89% |   -0.0049 | $   9950.98 | $   7500.00 | 0.262370
2025-06-08 15:56:24,997 - INFO -    1 | BUY  |  8820.52 |  27.7 |  -5.58% |  -8.44% |   -0.0174 | $   9777.47 | $   5625.00 | 0.470774
2025-06-08 15:56:24,997 - INFO -    2 | BUY  |  8784.49 |  28.3 |  -3.58% |  -8.58% |   -0.0046 | $   9732.94 | $   4218.75 | 0.627718
2025-06-08 15:56:24,997 - INFO -    3 | SELL |  8672.46 |  25.2 |  -3.95% | -10.47% |   -0.0142 | $   9594.56 | $   5511.67 | 0.470789
2025-06-08 15:56:24,997 - INFO -    4 | HOLD |  8599.51 |  28.2 |  -4.76% | -11.01% |   -0.0036 | $   9560.22 | $   5511.67 | 0.470789
2025-06-08 15:56:24,997 - INFO -    5 | BUY  |  8562.45 |  26.8 |  -5.17% | -13.72% |   -0.0047 | $   9515.76 | $   4133.75 | 0.628559
2025-06-08 15:56:24,997 - INFO -    6 | BUY  |  8869.67 |  36.4 |  -0.48% |  -8.09% |    0.0182 | $   9688.60 | $   3100.31 | 0.742788
2025-06-08 15:56:24,997 - INFO -    7 | BUY  |  8787.79 |  24.4 |  -1.32% |  -5.93% |   -0.0078 | $   9612.58 | $   2325.23 | 0.829258
2025-06-08 15:56:24,997 - INFO -    8 | BUY  |  8755.25 |  29.8 |  -1.55% |  -0.74% |   -0.0040 | $   9574.19 | $   1743.93 | 0.894352
2025-06-08 15:56:24,997 - INFO -    9 | BUY  |  9078.76 |  39.3 |   2.20% |   3.35% |    0.0293 | $   9854.98 | $   1307.94 | 0.941432
2025-06-08 15:56:24,997 - INFO -   10 | BUY  |  9122.55 |  38.4 |   2.58% |   5.19% |    0.0035 | $   9889.79 | $    980.96 | 0.976573
2025-06-08 15:56:24,997 - INFO -   11 | BUY  |  8909.95 |  35.7 |   0.10% |   3.61% |   -0.0215 | $   9677.37 | $    735.72 | 1.003557
2025-06-08 15:56:24,997 - INFO -   12 | BUY  |  8108.12 |  21.3 |  -8.91% |  -5.31% |   -0.0835 | $   8869.07 | $    551.79 | 1.025797
2025-06-08 15:56:24,997 - INFO -   13 | BUY  |  7923.64 |  21.9 | -10.81% | -10.67% |   -0.0216 | $   8677.14 | $    413.84 | 1.042866
2025-06-08 15:56:24,997 - INFO -   14 | BUY  |  7909.73 |  24.3 | -10.81% |  -9.99% |   -0.0019 | $   8660.60 | $    310.38 | 1.055689
2025-06-08 15:56:24,997 - INFO -   15 | BUY  |  7911.43 |  29.9 | -10.68% |  -9.64% |    0.0000 | $   8660.87 | $    232.79 | 1.065305
2025-06-08 15:56:24,997 - INFO -   16 | BUY  |  4970.79 |  13.1 | -43.82% | -45.25% |   -0.3618 | $   5527.05 | $    174.59 | 1.076783
2025-06-08 15:56:24,997 - INFO -   17 | BUY  |  5563.71 |  22.5 | -36.83% | -39.01% |    0.1154 | $   6164.64 | $    130.94 | 1.084474
2025-06-08 15:56:24,997 - INFO -   18 | BUY  |  5200.37 |  21.4 | -40.80% | -41.63% |   -0.0640 | $   5769.96 | $     98.21 | 1.090646
2025-06-08 15:56:24,997 - INFO -   19 | BUY  |  5392.31 |  24.0 | -38.47% | -33.49% |   -0.0024 | $   5978.83 | $     73.65 | 1.095109
2025-06-08 15:56:24,997 - INFO -   ...    ...      ...       ...     ...       ...      ...         ...          ...         ...
2025-06-08 15:56:24,997 - INFO - 1276 | BUY  | 26162.37 |  14.8 |  -0.77% |  -1.88% |   -0.0029 | $  12909.43 | $      0.00 | 0.493435
2025-06-08 15:56:24,997 - INFO - 1277 | BUY  | 26047.67 |  14.5 |  -1.20% |  -0.01% |   -0.0030 | $  12852.83 | $      0.00 | 0.493435
2025-06-08 15:56:24,997 - INFO - 1278 | HOLD | 26008.46 |  14.0 |  -1.35% |  -0.34% |   -0.0031 | $  12833.49 | $      0.00 | 0.493435
2025-06-08 15:56:24,997 - INFO - 1279 | BUY  | 26089.69 |  15.9 |  -1.04% |  -0.38% |   -0.0031 | $  12873.57 | $      0.00 | 0.493435
2025-06-08 15:56:24,997 - INFO - 1280 | BUY  | 26106.15 |  13.9 |  -0.98% |  -0.07% |   -0.0039 | $  12881.69 | $      0.00 | 0.493435
2025-06-08 15:56:24,997 - INFO - 1281 | BUY  | 27727.39 |  37.9 |   5.17% |   6.51% |   -0.0013 | $  13681.67 | $      0.00 | 0.493435
2025-06-08 15:56:24,997 - INFO - 1282 | BUY  | 27297.27 |  38.1 |   3.54% |   3.27% |   -0.0016 | $  13469.43 | $      0.00 | 0.493435
2025-06-08 15:56:24,998 - INFO - 1283 | BUY  | 25931.47 |  43.0 |  -1.64% |  -0.88% |   -0.0024 | $  12795.50 | $      0.00 | 0.493435
2025-06-08 15:56:24,998 - INFO - 1284 | BUY  | 25800.72 |  47.4 |  -2.14% |  -0.95% |   -0.0026 | $  12730.98 | $      0.00 | 0.493435
2025-06-08 15:56:24,998 - INFO - 1285 | BUY  | 25868.80 |  47.6 |  -1.88% |  -0.54% |   -0.0024 | $  12764.57 | $      0.00 | 0.493435
2025-06-08 15:56:24,998 - INFO - 1286 | BUY  | 25969.57 |  47.7 |  -1.50% |  -0.46% |   -0.0024 | $  12814.29 | $      0.00 | 0.493435
2025-06-08 15:56:24,998 - INFO - 1287 | BUY  | 25812.42 |  46.8 |  -2.09% |  -1.13% |   -0.0024 | $  12736.75 | $      0.00 | 0.493435
2025-06-08 15:56:24,998 - INFO - 1288 | BUY  | 25779.98 |  47.4 |  -2.22% |  -7.02% |   -0.0021 | $  12720.75 | $      0.00 | 0.493435
2025-06-08 15:56:24,998 - INFO - 1289 | BUY  | 25753.24 |  42.4 |  -2.32% |  -5.66% |   -0.0008 | $  12707.55 | $      0.00 | 0.493435
2025-06-08 15:56:24,998 - INFO - 1290 | HOLD | 26240.20 |  50.8 |  -0.47% |   1.19% |    0.0002 | $  12947.83 | $      0.00 | 0.493435
2025-06-08 15:56:24,998 - INFO - 1291 | BUY  | 25905.65 |  48.5 |  -1.74% |   0.41% |   -0.0001 | $  12782.76 | $      0.00 | 0.493435
2025-06-08 15:56:24,998 - INFO - 1292 | HOLD | 25895.68 |  48.8 |  -1.78% |   0.10% |   -0.0002 | $  12777.83 | $      0.00 | 0.493435
2025-06-08 15:56:24,998 - INFO - 1293 | BUY  | 25832.23 |  47.3 |  -2.02% |  -0.53% |   -0.0002 | $  12746.52 | $      0.00 | 0.493435
2025-06-08 15:56:24,998 - INFO - 1294 | BUY  | 25162.65 |  41.4 |  -4.56% |  -2.52% |   -0.0008 | $  12416.13 | $      0.00 | 0.493435
2025-06-08 15:56:24,998 - INFO - 1295 | BUY  | 25833.34 |  29.2 |  -2.01% |   0.21% |   -0.0005 | $  12747.08 | $      0.00 | 0.493435
2025-06-08 15:56:24,998 - INFO - 
Action distribution for Episode 710:
2025-06-08 15:56:24,998 - INFO -   HOLD:  252 ( 19.4%)
2025-06-08 15:56:24,998 - INFO -   BUY:   989 ( 76.3%)
2025-06-08 15:56:24,998 - INFO -   SELL:   55 (  4.2%)
2025-06-08 15:56:24,998 - INFO - ------------------------------------------------------------------------------------------------------------------------
2025-06-08 15:56:25,904 - INFO - Step 921000: Loss = 0.000006, Epsilon = 0.1213
2025-06-08 15:56:26,356 - INFO - Episode 711: Reward = -0.0564, Portfolio = $10007.02, Return = 0.07%, Cash = $136.11, Crypto = 0.382099, Steps = 1296
2025-06-08 15:56:26,883 - INFO - Step 922000: Loss = 0.000012, Epsilon = 0.1203
2025-06-08 15:56:26,883 - INFO - Step 922000: Target network updated
2025-06-08 15:56:27,638 - INFO - Episode 712: Reward = -0.1122, Portfolio = $16872.88, Return = 68.73%, Cash = $2315.46, Crypto = 0.563512, Steps = 1296
2025-06-08 15:56:27,880 - INFO - Step 923000: Loss = 0.000008, Epsilon = 0.1193
2025-06-08 15:56:28,938 - INFO - Step 924000: Loss = 0.000004, Epsilon = 0.1184
2025-06-08 15:56:28,938 - INFO - Step 924000: Target network updated
2025-06-08 15:56:28,984 - INFO - Episode 713: Reward = -0.3277, Portfolio = $16296.79, Return = 62.97%, Cash = $161.23, Crypto = 0.624602, Steps = 1296
2025-06-08 15:56:30,010 - INFO - Step 925000: Loss = 0.000004, Epsilon = 0.1174
2025-06-08 15:56:30,397 - INFO - Episode 714: Reward = -0.1142, Portfolio = $16717.29, Return = 67.17%, Cash = $1278.03, Crypto = 0.597649, Steps = 1296
2025-06-08 15:56:31,090 - INFO - Step 926000: Loss = 0.000005, Epsilon = 0.1165
2025-06-08 15:56:31,090 - INFO - Step 926000: Target network updated
2025-06-08 15:56:31,748 - INFO - Episode 715: Reward = -0.6468, Portfolio = $18381.50, Return = 83.81%, Cash = $8000.17, Crypto = 0.401858, Steps = 1296
2025-06-08 15:56:32,114 - INFO - Step 927000: Loss = 0.000005, Epsilon = 0.1155
2025-06-08 15:56:33,043 - INFO - Episode 716: Reward = -0.3842, Portfolio = $5390.25, Return = -46.10%, Cash = $23.55, Crypto = 0.207743, Steps = 1296
2025-06-08 15:56:33,107 - INFO - Step 928000: Loss = 0.000008, Epsilon = 0.1146
2025-06-08 15:56:33,108 - INFO - Step 928000: Target network updated
2025-06-08 15:56:34,246 - INFO - Step 929000: Loss = 0.000007, Epsilon = 0.1136
2025-06-08 15:56:34,518 - INFO - Episode 717: Reward = -0.2485, Portfolio = $14087.73, Return = 40.88%, Cash = $2738.31, Crypto = 0.439332, Steps = 1296
2025-06-08 15:56:35,453 - INFO - Step 930000: Loss = 0.000008, Epsilon = 0.1127
2025-06-08 15:56:35,454 - INFO - Step 930000: Target network updated
2025-06-08 15:56:36,065 - INFO - Episode 718: Reward = 0.1536, Portfolio = $16806.56, Return = 68.07%, Cash = $0.31, Crypto = 0.650564, Steps = 1296
2025-06-08 15:56:36,605 - INFO - Step 931000: Loss = 0.000006, Epsilon = 0.1117
2025-06-08 15:56:37,529 - INFO - Episode 719: Reward = 0.0347, Portfolio = $16931.90, Return = 69.32%, Cash = $4713.51, Crypto = 0.472970, Steps = 1296
2025-06-08 15:56:37,715 - INFO - Step 932000: Loss = 0.000006, Epsilon = 0.1108
2025-06-08 15:56:37,716 - INFO - Step 932000: Target network updated
2025-06-08 15:56:38,893 - INFO - Step 933000: Loss = 0.002417, Epsilon = 0.1098
2025-06-08 15:56:39,025 - INFO - Episode 720: Reward = 0.2464, Portfolio = $23224.68, Return = 132.25%, Cash = $1497.96, Crypto = 0.841034, Steps = 1296
2025-06-08 15:56:39,025 - INFO - Episode 720 Summary: Avg Reward (100 eps) = -0.5815, Avg Portfolio (100 eps) = $10876.95, Epsilon = 0.110
2025-06-08 15:56:39,025 - INFO - 
Detailed steps for Episode 720:
2025-06-08 15:56:39,025 - INFO - Step | Action | Price    | RSI   | PnL    | WkChg  | Reward    | Portfolio   | Cash       | Crypto
2025-06-08 15:56:39,025 - INFO - ------------------------------------------------------------------------------------------------------------------------
2025-06-08 15:56:39,025 - INFO -    0 | HOLD |  9341.71 |  35.4 |  -2.00% |  -7.89% |    0.0000 | $  10000.00 | $  10000.00 | 0.000000
2025-06-08 15:56:39,025 - INFO -    1 | HOLD |  8820.52 |  27.7 |  -2.00% |  -8.44% |    0.0000 | $  10000.00 | $  10000.00 | 0.000000
2025-06-08 15:56:39,025 - INFO -    2 | HOLD |  8784.49 |  28.3 |  -2.00% |  -8.58% |    0.0000 | $  10000.00 | $  10000.00 | 0.000000
2025-06-08 15:56:39,026 - INFO -    3 | HOLD |  8672.46 |  25.2 |  -2.00% | -10.47% |    0.0000 | $  10000.00 | $  10000.00 | 0.000000
2025-06-08 15:56:39,026 - INFO -    4 | HOLD |  8599.51 |  28.2 |  -2.00% | -11.01% |    0.0000 | $  10000.00 | $  10000.00 | 0.000000
2025-06-08 15:56:39,026 - INFO -    5 | SELL |  8562.45 |  26.8 |  -2.00% | -13.72% |   -0.0100 | $  10000.00 | $  10000.00 | 0.000000
2025-06-08 15:56:39,026 - INFO -    6 | HOLD |  8869.67 |  36.4 |  -2.00% |  -8.09% |    0.0000 | $  10000.00 | $  10000.00 | 0.000000
2025-06-08 15:56:39,026 - INFO -    7 | HOLD |  8787.79 |  24.4 |  -2.00% |  -5.93% |    0.0000 | $  10000.00 | $  10000.00 | 0.000000
2025-06-08 15:56:39,026 - INFO -    8 | HOLD |  8755.25 |  29.8 |  -2.00% |  -0.74% |    0.0000 | $  10000.00 | $  10000.00 | 0.000000
2025-06-08 15:56:39,026 - INFO -    9 | HOLD |  9078.76 |  39.3 |  -2.00% |   3.35% |    0.0000 | $  10000.00 | $  10000.00 | 0.000000
2025-06-08 15:56:39,026 - INFO -   10 | HOLD |  9122.55 |  38.4 |  -2.00% |   5.19% |    0.0000 | $  10000.00 | $  10000.00 | 0.000000
2025-06-08 15:56:39,026 - INFO -   11 | HOLD |  8909.95 |  35.7 |  -2.00% |   3.61% |    0.0000 | $  10000.00 | $  10000.00 | 0.000000
2025-06-08 15:56:39,026 - INFO -   12 | HOLD |  8108.12 |  21.3 |  -2.00% |  -5.31% |    0.0000 | $  10000.00 | $  10000.00 | 0.000000
2025-06-08 15:56:39,026 - INFO -   13 | HOLD |  7923.64 |  21.9 |  -2.00% | -10.67% |    0.0000 | $  10000.00 | $  10000.00 | 0.000000
2025-06-08 15:56:39,026 - INFO -   14 | HOLD |  7909.73 |  24.3 |  -2.00% |  -9.99% |    0.0000 | $  10000.00 | $  10000.00 | 0.000000
2025-06-08 15:56:39,026 - INFO -   15 | HOLD |  7911.43 |  29.9 |  -2.00% |  -9.64% |    0.0000 | $  10000.00 | $  10000.00 | 0.000000
2025-06-08 15:56:39,026 - INFO -   16 | HOLD |  4970.79 |  13.1 |  -2.00% | -45.25% |    0.0000 | $  10000.00 | $  10000.00 | 0.000000
2025-06-08 15:56:39,026 - INFO -   17 | HOLD |  5563.71 |  22.5 |  -2.00% | -39.01% |    0.0000 | $  10000.00 | $  10000.00 | 0.000000
2025-06-08 15:56:39,026 - INFO -   18 | HOLD |  5200.37 |  21.4 |  -2.00% | -41.63% |    0.0000 | $  10000.00 | $  10000.00 | 0.000000
2025-06-08 15:56:39,026 - INFO -   19 | HOLD |  5392.31 |  24.0 |  -2.00% | -33.49% |   -0.0000 | $  10000.00 | $  10000.00 | 0.000000
2025-06-08 15:56:39,026 - INFO -   ...    ...      ...       ...     ...       ...      ...         ...          ...         ...
2025-06-08 15:56:39,026 - INFO - 1276 | HOLD | 26162.37 |  14.8 |  -0.58% |  -1.88% |   -0.0035 | $  24246.18 | $  15013.55 | 0.352897
2025-06-08 15:56:39,026 - INFO - 1277 | HOLD | 26047.67 |  14.5 |  -1.02% |  -0.01% |   -0.0035 | $  24205.70 | $  15013.55 | 0.352897
2025-06-08 15:56:39,026 - INFO - 1278 | HOLD | 26008.46 |  14.0 |  -1.16% |  -0.34% |   -0.0035 | $  24191.86 | $  15013.55 | 0.352897
2025-06-08 15:56:39,026 - INFO - 1279 | HOLD | 26089.69 |  15.9 |  -0.86% |  -0.38% |   -0.0037 | $  24220.53 | $  15013.55 | 0.352897
2025-06-08 15:56:39,026 - INFO - 1280 | BUY  | 26106.15 |  13.9 |  -0.79% |  -0.07% |   -0.0050 | $  24152.74 | $  11260.16 | 0.493852
2025-06-08 15:56:39,026 - INFO - 1281 | BUY  | 27727.39 |  37.9 |   5.61% |   6.51% |   -0.0019 | $  24898.20 | $   8445.12 | 0.593387
2025-06-08 15:56:39,026 - INFO - 1282 | BUY  | 27297.27 |  38.1 |   3.00% |   3.27% |   -0.0023 | $  24601.57 | $   6333.84 | 0.669215
2025-06-08 15:56:39,026 - INFO - 1283 | BUY  | 25931.47 |  43.0 |  -2.49% |  -0.88% |   -0.0033 | $  23656.51 | $   4750.38 | 0.729080
2025-06-08 15:56:39,026 - INFO - 1284 | BUY  | 25800.72 |  47.4 |  -2.78% |  -0.95% |   -0.0035 | $  23537.90 | $   3562.79 | 0.774207
2025-06-08 15:56:39,026 - INFO - 1285 | BUY  | 25868.80 |  47.6 |  -2.36% |  -0.54% |   -0.0033 | $  23573.14 | $   2672.09 | 0.807964
2025-06-08 15:56:39,026 - INFO - 1286 | BUY  | 25969.57 |  47.7 |  -1.89% |  -0.46% |   -0.0033 | $  23641.46 | $   2004.07 | 0.833183
2025-06-08 15:56:39,026 - INFO - 1287 | BUY  | 25812.42 |  46.8 |  -2.42% |  -1.13% |   -0.0033 | $  23500.70 | $   1503.05 | 0.852212
2025-06-08 15:56:39,026 - INFO - 1288 | BUY  | 25779.98 |  47.4 |  -2.49% |  -7.02% |   -0.0031 | $  23465.69 | $   1127.29 | 0.866502
2025-06-08 15:56:39,026 - INFO - 1289 | BUY  | 25753.24 |  42.4 |  -2.56% |  -5.66% |   -0.0021 | $  23436.99 | $    845.47 | 0.877230
2025-06-08 15:56:39,026 - INFO - 1290 | SELL | 26240.20 |  50.8 |  -0.68% |   1.19% |   -0.0014 | $  23576.43 | $   6312.41 | 0.657923
2025-06-08 15:56:39,026 - INFO - 1291 | BUY  | 25905.65 |  48.5 |  -1.95% |   0.41% |   -0.0016 | $  23325.38 | $   4734.30 | 0.717646
2025-06-08 15:56:39,026 - INFO - 1292 | BUY  | 25895.68 |  48.8 |  -1.83% |   0.10% |   -0.0017 | $  23295.02 | $   3550.73 | 0.762455
2025-06-08 15:56:39,026 - INFO - 1293 | BUY  | 25832.23 |  47.3 |  -1.96% |  -0.53% |   -0.0018 | $  23229.23 | $   2663.05 | 0.796145
2025-06-08 15:56:39,026 - INFO - 1294 | BUY  | 25162.65 |  41.4 |  -4.42% |  -2.52% |   -0.0025 | $  22683.10 | $   1997.28 | 0.822084
2025-06-08 15:56:39,026 - INFO - 1295 | BUY  | 25833.34 |  29.2 |  -1.74% |   0.21% |   -0.0017 | $  23224.68 | $   1497.96 | 0.841034
2025-06-08 15:56:39,026 - INFO - 
Action distribution for Episode 720:
2025-06-08 15:56:39,026 - INFO -   HOLD:  694 ( 53.5%)
2025-06-08 15:56:39,026 - INFO -   BUY:   547 ( 42.2%)
2025-06-08 15:56:39,027 - INFO -   SELL:   55 (  4.2%)
2025-06-08 15:56:39,027 - INFO - ------------------------------------------------------------------------------------------------------------------------
2025-06-08 15:56:39,991 - INFO - Step 934000: Loss = 0.000007, Epsilon = 0.1088
2025-06-08 15:56:39,991 - INFO - Step 934000: Target network updated
2025-06-08 15:56:40,440 - INFO - Episode 721: Reward = -0.2229, Portfolio = $11723.23, Return = 17.23%, Cash = $0.00, Crypto = 0.453802, Steps = 1296
2025-06-08 15:56:41,045 - INFO - Step 935000: Loss = 0.000354, Epsilon = 0.1079
2025-06-08 15:56:41,762 - INFO - Episode 722: Reward = 0.3521, Portfolio = $15732.12, Return = 57.32%, Cash = $10876.16, Crypto = 0.187973, Steps = 1296
2025-06-08 15:56:42,093 - INFO - Step 936000: Loss = 0.001881, Epsilon = 0.1069
2025-06-08 15:56:42,093 - INFO - Step 936000: Target network updated
2025-06-08 15:56:43,156 - INFO - Step 937000: Loss = 0.000012, Epsilon = 0.1060
2025-06-08 15:56:43,164 - INFO - Episode 723: Reward = -46.8024, Portfolio = $18242.60, Return = 82.43%, Cash = $0.67, Crypto = 0.706139, Steps = 1296
2025-06-08 15:56:44,278 - INFO - Step 938000: Loss = 0.000006, Epsilon = 0.1050
2025-06-08 15:56:44,278 - INFO - Step 938000: Target network updated
2025-06-08 15:56:44,594 - INFO - Episode 724: Reward = -0.0783, Portfolio = $11703.92, Return = 17.04%, Cash = $1606.23, Crypto = 0.390878, Steps = 1296
2025-06-08 15:56:45,265 - INFO - Step 939000: Loss = 0.001009, Epsilon = 0.1041
2025-06-08 15:56:45,856 - INFO - Episode 725: Reward = -0.0126, Portfolio = $14804.49, Return = 48.04%, Cash = $0.00, Crypto = 0.573077, Steps = 1296
2025-06-08 15:56:46,250 - INFO - Step 940000: Loss = 0.000015, Epsilon = 0.1031
2025-06-08 15:56:46,250 - INFO - Step 940000: Target network updated
2025-06-08 15:56:47,210 - INFO - Episode 726: Reward = -0.0503, Portfolio = $12065.00, Return = 20.65%, Cash = $11530.10, Crypto = 0.020706, Steps = 1296
2025-06-08 15:56:47,317 - INFO - Step 941000: Loss = 0.000006, Epsilon = 0.1022
2025-06-08 15:56:48,369 - INFO - Step 942000: Loss = 0.000006, Epsilon = 0.1012
2025-06-08 15:56:48,369 - INFO - Step 942000: Target network updated
2025-06-08 15:56:48,579 - INFO - Episode 727: Reward = -0.0999, Portfolio = $12960.94, Return = 29.61%, Cash = $0.39, Crypto = 0.501699, Steps = 1296
2025-06-08 15:56:49,460 - INFO - Step 943000: Loss = 0.000105, Epsilon = 0.1003
2025-06-08 15:56:49,989 - INFO - Episode 728: Reward = -0.1054, Portfolio = $10172.00, Return = 1.72%, Cash = $2442.61, Crypto = 0.299202, Steps = 1296
2025-06-08 15:56:50,560 - INFO - Step 944000: Loss = 0.000012, Epsilon = 0.0993
2025-06-08 15:56:50,560 - INFO - Step 944000: Target network updated
2025-06-08 15:56:51,356 - INFO - Episode 729: Reward = -0.0168, Portfolio = $12604.22, Return = 26.04%, Cash = $2419.99, Crypto = 0.394228, Steps = 1296
2025-06-08 15:56:51,587 - INFO - Step 945000: Loss = 0.000019, Epsilon = 0.0984
2025-06-08 15:56:52,678 - INFO - Step 946000: Loss = 0.000005, Epsilon = 0.0974
2025-06-08 15:56:52,678 - INFO - Step 946000: Target network updated
2025-06-08 15:56:52,760 - INFO - Episode 730: Reward = -0.0801, Portfolio = $10699.94, Return = 7.00%, Cash = $423.75, Crypto = 0.397788, Steps = 1296
2025-06-08 15:56:52,760 - INFO - Episode 730 Summary: Avg Reward (100 eps) = -1.0020, Avg Portfolio (100 eps) = $11466.60, Epsilon = 0.097
2025-06-08 15:56:52,760 - INFO - 
Detailed steps for Episode 730:
2025-06-08 15:56:52,760 - INFO - Step | Action | Price    | RSI   | PnL    | WkChg  | Reward    | Portfolio   | Cash       | Crypto
2025-06-08 15:56:52,760 - INFO - ------------------------------------------------------------------------------------------------------------------------
2025-06-08 15:56:52,761 - INFO -    0 | BUY  |  9341.71 |  35.4 |  -2.00% |  -7.89% |   -0.0049 | $   9950.98 | $   7500.00 | 0.262370
2025-06-08 15:56:52,761 - INFO -    1 | BUY  |  8820.52 |  27.7 |  -5.58% |  -8.44% |   -0.0174 | $   9777.47 | $   5625.00 | 0.470774
2025-06-08 15:56:52,761 - INFO -    2 | BUY  |  8784.49 |  28.3 |  -3.58% |  -8.58% |   -0.0046 | $   9732.94 | $   4218.75 | 0.627718
2025-06-08 15:56:52,761 - INFO -    3 | BUY  |  8672.46 |  25.2 |  -3.95% | -10.47% |   -0.0094 | $   9641.93 | $   3164.06 | 0.746947
2025-06-08 15:56:52,761 - INFO -    4 | BUY  |  8599.51 |  28.2 |  -4.16% | -11.01% |   -0.0073 | $   9571.93 | $   2373.05 | 0.837127
2025-06-08 15:56:52,761 - INFO -    5 | BUY  |  8562.45 |  26.8 |  -4.14% | -13.72% |   -0.0045 | $   9529.28 | $   1779.79 | 0.905055
2025-06-08 15:56:52,761 - INFO -    6 | BUY  |  8869.67 |  36.4 |  -0.39% |  -8.09% |    0.0283 | $   9798.60 | $   1334.84 | 0.954237
2025-06-08 15:56:52,761 - INFO -    7 | BUY  |  8787.79 |  24.4 |  -1.29% |  -5.93% |   -0.0086 | $   9713.92 | $   1001.13 | 0.991466
2025-06-08 15:56:52,761 - INFO -    8 | BUY  |  8755.25 |  29.8 |  -1.61% |  -0.74% |   -0.0038 | $   9676.75 | $    750.85 | 1.019492
2025-06-08 15:56:52,761 - INFO -    9 | BUY  |  9078.76 |  39.3 |   2.07% |   3.35% |    0.0337 | $  10002.90 | $    563.14 | 1.039763
2025-06-08 15:56:52,761 - INFO -   10 | BUY  |  9122.55 |  38.4 |   2.52% |   5.19% |    0.0043 | $  10045.66 | $    422.35 | 1.054893
2025-06-08 15:56:52,761 - INFO -   11 | BUY  |  8909.95 |  35.7 |   0.10% |   3.61% |   -0.0225 | $   9819.33 | $    316.76 | 1.066511
2025-06-08 15:56:52,761 - INFO -   12 | BUY  |  8108.12 |  21.3 |  -8.91% |  -5.31% |   -0.0872 | $   8962.61 | $    237.57 | 1.076086
2025-06-08 15:56:52,761 - INFO -   13 | BUY  |  7923.64 |  21.9 | -10.91% | -10.67% |   -0.0223 | $   8762.93 | $    178.18 | 1.083435
2025-06-08 15:56:52,761 - INFO -   14 | BUY  |  7909.73 |  24.3 | -11.00% |  -9.99% |   -0.0018 | $   8746.98 | $    133.63 | 1.088956
2025-06-08 15:56:52,761 - INFO -   15 | BUY  |  7911.43 |  29.9 | -10.93% |  -9.64% |    0.0001 | $   8748.18 | $    100.23 | 1.093096
2025-06-08 15:56:52,761 - INFO -   16 | BUY  |  4970.79 |  13.1 | -44.02% | -45.25% |   -0.3675 | $   5533.28 | $     75.17 | 1.098038
2025-06-08 15:56:52,761 - INFO -   17 | BUY  |  5563.71 |  22.5 | -37.21% | -39.01% |    0.1176 | $   6183.96 | $     56.38 | 1.101350
2025-06-08 15:56:52,761 - INFO -   18 | BUY  |  5200.37 |  21.4 | -41.25% | -41.63% |   -0.0648 | $   5783.52 | $     42.28 | 1.104007
2025-06-08 15:56:52,761 - INFO -   19 | BUY  |  5392.31 |  24.0 | -39.02% | -33.49% |   -0.0023 | $   5995.23 | $     31.71 | 1.105929
2025-06-08 15:56:52,761 - INFO -   ...    ...      ...       ...     ...       ...      ...         ...          ...         ...
2025-06-08 15:56:52,761 - INFO - 1276 | HOLD | 26162.37 |  14.8 |   0.68% |  -1.88% |   -0.0031 | $  10993.84 | $   3823.59 | 0.274067
2025-06-08 15:56:52,761 - INFO - 1277 | HOLD | 26047.67 |  14.5 |   0.24% |  -0.01% |   -0.0032 | $  10962.40 | $   3823.59 | 0.274067
2025-06-08 15:56:52,761 - INFO - 1278 | HOLD | 26008.46 |  14.0 |   0.09% |  -0.34% |   -0.0033 | $  10951.66 | $   3823.59 | 0.274067
2025-06-08 15:56:52,761 - INFO - 1279 | HOLD | 26089.69 |  15.9 |   0.40% |  -0.38% |   -0.0033 | $  10973.92 | $   3823.59 | 0.274067
2025-06-08 15:56:52,761 - INFO - 1280 | HOLD | 26106.15 |  13.9 |   0.46% |  -0.07% |   -0.0039 | $  10978.43 | $   3823.59 | 0.274067
2025-06-08 15:56:52,761 - INFO - 1281 | HOLD | 27727.39 |  37.9 |   6.70% |   6.51% |   -0.0015 | $  11422.76 | $   3823.59 | 0.274067
2025-06-08 15:56:52,761 - INFO - 1282 | HOLD | 27297.27 |  38.1 |   5.05% |   3.27% |   -0.0017 | $  11304.88 | $   3823.59 | 0.274067
2025-06-08 15:56:52,761 - INFO - 1283 | HOLD | 25931.47 |  43.0 |  -0.21% |  -0.88% |   -0.0025 | $  10930.56 | $   3823.59 | 0.274067
2025-06-08 15:56:52,761 - INFO - 1284 | BUY  | 25800.72 |  47.4 |  -0.71% |  -0.95% |   -0.0027 | $  10875.98 | $   2867.69 | 0.310390
2025-06-08 15:56:52,761 - INFO - 1285 | BUY  | 25868.80 |  47.6 |  -0.37% |  -0.54% |   -0.0026 | $  10883.05 | $   2150.77 | 0.337560
2025-06-08 15:56:52,761 - INFO - 1286 | SELL | 25969.57 |  47.7 |   0.05% |  -0.46% |   -0.0029 | $  10807.49 | $   4232.77 | 0.253170
2025-06-08 15:56:52,761 - INFO - 1287 | BUY  | 25812.42 |  46.8 |  -0.56% |  -1.13% |   -0.0029 | $  10746.95 | $   3174.57 | 0.293362
2025-06-08 15:56:52,761 - INFO - 1288 | BUY  | 25779.98 |  47.4 |  -0.60% |  -7.02% |   -0.0026 | $  10721.88 | $   2380.93 | 0.323544
2025-06-08 15:56:52,761 - INFO - 1289 | BUY  | 25753.24 |  42.4 |  -0.65% |  -5.66% |   -0.0015 | $  10701.55 | $   1785.70 | 0.346203
2025-06-08 15:56:52,761 - INFO - 1290 | BUY  | 26240.20 |  50.8 |   1.27% |   1.19% |   -0.0004 | $  10861.39 | $   1339.27 | 0.362883
2025-06-08 15:56:52,761 - INFO - 1291 | HOLD | 25905.65 |  48.5 |  -0.08% |   0.41% |   -0.0008 | $  10739.99 | $   1339.27 | 0.362883
2025-06-08 15:56:52,761 - INFO - 1292 | BUY  | 25895.68 |  48.8 |  -0.12% |   0.10% |   -0.0009 | $  10729.80 | $   1004.46 | 0.375559
2025-06-08 15:56:52,761 - INFO - 1293 | BUY  | 25832.23 |  47.3 |  -0.36% |  -0.53% |   -0.0010 | $  10701.05 | $    753.34 | 0.385089
2025-06-08 15:56:52,761 - INFO - 1294 | BUY  | 25162.65 |  41.4 |  -2.93% |  -2.52% |   -0.0017 | $  10439.51 | $    565.01 | 0.392427
2025-06-08 15:56:52,761 - INFO - 1295 | BUY  | 25833.34 |  29.2 |  -0.29% |   0.21% |   -0.0011 | $  10699.94 | $    423.75 | 0.397788
2025-06-08 15:56:52,762 - INFO - 
Action distribution for Episode 730:
2025-06-08 15:56:52,762 - INFO -   HOLD:  425 ( 32.8%)
2025-06-08 15:56:52,762 - INFO -   BUY:   828 ( 63.9%)
2025-06-08 15:56:52,762 - INFO -   SELL:   43 (  3.3%)
2025-06-08 15:56:52,762 - INFO - ------------------------------------------------------------------------------------------------------------------------
2025-06-08 15:56:53,770 - INFO - Step 947000: Loss = 0.000006, Epsilon = 0.0964
2025-06-08 15:56:54,232 - INFO - Episode 731: Reward = -0.1202, Portfolio = $12962.12, Return = 29.62%, Cash = $1797.91, Crypto = 0.432163, Steps = 1296
2025-06-08 15:56:54,922 - INFO - Step 948000: Loss = 0.000008, Epsilon = 0.0955
2025-06-08 15:56:54,922 - INFO - Step 948000: Target network updated
2025-06-08 15:56:55,612 - INFO - Episode 732: Reward = -0.0871, Portfolio = $15773.24, Return = 57.73%, Cash = $3.01, Crypto = 0.610460, Steps = 1296
2025-06-08 15:56:55,933 - INFO - Step 949000: Loss = 0.000004, Epsilon = 0.0945
2025-06-08 15:56:56,929 - INFO - Episode 733: Reward = 0.0271, Portfolio = $15245.89, Return = 52.46%, Cash = $0.00, Crypto = 0.590163, Steps = 1296
2025-06-08 15:56:56,968 - INFO - Step 950000: Loss = 0.000027, Epsilon = 0.0936
2025-06-08 15:56:56,969 - INFO - Step 950000: Target network updated
2025-06-08 15:56:57,961 - INFO - Step 951000: Loss = 0.003411, Epsilon = 0.0926
2025-06-08 15:56:58,213 - INFO - Episode 734: Reward = -0.1168, Portfolio = $10543.20, Return = 5.43%, Cash = $107.64, Crypto = 0.403957, Steps = 1296
2025-06-08 15:56:58,993 - INFO - Step 952000: Loss = 0.000018, Epsilon = 0.0917
2025-06-08 15:56:58,993 - INFO - Step 952000: Target network updated
2025-06-08 15:56:59,592 - INFO - Episode 735: Reward = -0.0329, Portfolio = $17237.64, Return = 72.38%, Cash = $9934.75, Crypto = 0.282692, Steps = 1296
2025-06-08 15:57:00,049 - INFO - Step 953000: Loss = 0.030888, Epsilon = 0.0907
2025-06-08 15:57:00,961 - INFO - Episode 736: Reward = 0.4489, Portfolio = $23061.57, Return = 130.62%, Cash = $0.00, Crypto = 0.892705, Steps = 1296
2025-06-08 15:57:01,108 - INFO - Step 954000: Loss = 0.000004, Epsilon = 0.0898
2025-06-08 15:57:01,108 - INFO - Step 954000: Target network updated
2025-06-08 15:57:02,127 - INFO - Step 955000: Loss = 0.000014, Epsilon = 0.0888
2025-06-08 15:57:02,276 - INFO - Episode 737: Reward = -0.0179, Portfolio = $11973.21, Return = 19.73%, Cash = $0.00, Crypto = 0.463479, Steps = 1296
2025-06-08 15:57:03,139 - INFO - Step 956000: Loss = 0.000009, Epsilon = 0.0879
2025-06-08 15:57:03,139 - INFO - Step 956000: Target network updated
2025-06-08 15:57:03,596 - INFO - Episode 738: Reward = 0.2737, Portfolio = $11033.14, Return = 10.33%, Cash = $2685.16, Crypto = 0.323147, Steps = 1296
2025-06-08 15:57:04,187 - INFO - Step 957000: Loss = 0.000013, Epsilon = 0.0869
2025-06-08 15:57:04,971 - INFO - Episode 739: Reward = 0.1926, Portfolio = $8854.90, Return = -11.45%, Cash = $747.68, Crypto = 0.313828, Steps = 1296
2025-06-08 15:57:05,249 - INFO - Step 958000: Loss = 0.000232, Epsilon = 0.0859
2025-06-08 15:57:05,250 - INFO - Step 958000: Target network updated
2025-06-08 15:57:06,297 - INFO - Step 959000: Loss = 0.000014, Epsilon = 0.0850
2025-06-08 15:57:06,338 - INFO - Episode 740: Reward = 0.4273, Portfolio = $26298.12, Return = 162.98%, Cash = $3466.86, Crypto = 0.883790, Steps = 1296
2025-06-08 15:57:06,338 - INFO - Episode 740 Summary: Avg Reward (100 eps) = -0.8136, Avg Portfolio (100 eps) = $12071.67, Epsilon = 0.085
2025-06-08 15:57:06,338 - INFO - 
Detailed steps for Episode 740:
2025-06-08 15:57:06,338 - INFO - Step | Action | Price    | RSI   | PnL    | WkChg  | Reward    | Portfolio   | Cash       | Crypto
2025-06-08 15:57:06,338 - INFO - ------------------------------------------------------------------------------------------------------------------------
2025-06-08 15:57:06,338 - INFO -    0 | HOLD |  9341.71 |  35.4 |  -2.00% |  -7.89% |    0.0000 | $  10000.00 | $  10000.00 | 0.000000
2025-06-08 15:57:06,338 - INFO -    1 | HOLD |  8820.52 |  27.7 |  -2.00% |  -8.44% |    0.0000 | $  10000.00 | $  10000.00 | 0.000000
2025-06-08 15:57:06,338 - INFO -    2 | HOLD |  8784.49 |  28.3 |  -2.00% |  -8.58% |    0.0000 | $  10000.00 | $  10000.00 | 0.000000
2025-06-08 15:57:06,338 - INFO -    3 | HOLD |  8672.46 |  25.2 |  -2.00% | -10.47% |    0.0000 | $  10000.00 | $  10000.00 | 0.000000
2025-06-08 15:57:06,338 - INFO -    4 | HOLD |  8599.51 |  28.2 |  -2.00% | -11.01% |    0.0000 | $  10000.00 | $  10000.00 | 0.000000
2025-06-08 15:57:06,339 - INFO -    5 | HOLD |  8562.45 |  26.8 |  -2.00% | -13.72% |    0.0000 | $  10000.00 | $  10000.00 | 0.000000
2025-06-08 15:57:06,339 - INFO -    6 | HOLD |  8869.67 |  36.4 |  -2.00% |  -8.09% |    0.0000 | $  10000.00 | $  10000.00 | 0.000000
2025-06-08 15:57:06,339 - INFO -    7 | HOLD |  8787.79 |  24.4 |  -2.00% |  -5.93% |    0.0000 | $  10000.00 | $  10000.00 | 0.000000
2025-06-08 15:57:06,339 - INFO -    8 | HOLD |  8755.25 |  29.8 |  -2.00% |  -0.74% |    0.0000 | $  10000.00 | $  10000.00 | 0.000000
2025-06-08 15:57:06,339 - INFO -    9 | HOLD |  9078.76 |  39.3 |  -2.00% |   3.35% |    0.0000 | $  10000.00 | $  10000.00 | 0.000000
2025-06-08 15:57:06,339 - INFO -   10 | HOLD |  9122.55 |  38.4 |  -2.00% |   5.19% |    0.0000 | $  10000.00 | $  10000.00 | 0.000000
2025-06-08 15:57:06,339 - INFO -   11 | HOLD |  8909.95 |  35.7 |  -2.00% |   3.61% |    0.0000 | $  10000.00 | $  10000.00 | 0.000000
2025-06-08 15:57:06,339 - INFO -   12 | HOLD |  8108.12 |  21.3 |  -2.00% |  -5.31% |    0.0000 | $  10000.00 | $  10000.00 | 0.000000
2025-06-08 15:57:06,339 - INFO -   13 | HOLD |  7923.64 |  21.9 |  -2.00% | -10.67% |    0.0000 | $  10000.00 | $  10000.00 | 0.000000
2025-06-08 15:57:06,339 - INFO -   14 | HOLD |  7909.73 |  24.3 |  -2.00% |  -9.99% |    0.0000 | $  10000.00 | $  10000.00 | 0.000000
2025-06-08 15:57:06,339 - INFO -   15 | HOLD |  7911.43 |  29.9 |  -2.00% |  -9.64% |    0.0000 | $  10000.00 | $  10000.00 | 0.000000
2025-06-08 15:57:06,339 - INFO -   16 | HOLD |  4970.79 |  13.1 |  -2.00% | -45.25% |    0.0000 | $  10000.00 | $  10000.00 | 0.000000
2025-06-08 15:57:06,339 - INFO -   17 | HOLD |  5563.71 |  22.5 |  -2.00% | -39.01% |    0.0000 | $  10000.00 | $  10000.00 | 0.000000
2025-06-08 15:57:06,339 - INFO -   18 | HOLD |  5200.37 |  21.4 |  -2.00% | -41.63% |    0.0000 | $  10000.00 | $  10000.00 | 0.000000
2025-06-08 15:57:06,339 - INFO -   19 | HOLD |  5392.31 |  24.0 |  -2.00% | -33.49% |   -0.0000 | $  10000.00 | $  10000.00 | 0.000000
2025-06-08 15:57:06,339 - INFO -   ...    ...      ...       ...     ...       ...      ...         ...          ...         ...
2025-06-08 15:57:06,339 - INFO - 1276 | HOLD | 26162.37 |  14.8 |   4.96% |  -1.88% |   -0.0031 | $  26896.39 | $  10957.00 | 0.609249
2025-06-08 15:57:06,339 - INFO - 1277 | HOLD | 26047.67 |  14.5 |   4.50% |  -0.01% |   -0.0031 | $  26826.51 | $  10957.00 | 0.609249
2025-06-08 15:57:06,339 - INFO - 1278 | HOLD | 26008.46 |  14.0 |   4.34% |  -0.34% |   -0.0032 | $  26802.62 | $  10957.00 | 0.609249
2025-06-08 15:57:06,339 - INFO - 1279 | HOLD | 26089.69 |  15.9 |   4.67% |  -0.38% |   -0.0033 | $  26852.11 | $  10957.00 | 0.609249
2025-06-08 15:57:06,339 - INFO - 1280 | BUY  | 26106.15 |  13.9 |   4.73% |  -0.07% |   -0.0045 | $  26808.43 | $   8217.75 | 0.712119
2025-06-08 15:57:06,339 - INFO - 1281 | BUY  | 27727.39 |  37.9 |  10.48% |   6.51% |   -0.0013 | $  27922.66 | $   6163.31 | 0.784760
2025-06-08 15:57:06,339 - INFO - 1282 | BUY  | 27297.27 |  38.1 |   7.72% |   3.27% |   -0.0016 | $  27554.91 | $   4622.48 | 0.840100
2025-06-08 15:57:06,339 - INFO - 1283 | BUY  | 25931.47 |  43.0 |   1.81% |  -0.88% |   -0.0026 | $  26384.84 | $   3466.86 | 0.883790
2025-06-08 15:57:06,339 - INFO - 1284 | HOLD | 25800.72 |  47.4 |   1.21% |  -0.95% |   -0.0028 | $  26269.29 | $   3466.86 | 0.883790
2025-06-08 15:57:06,339 - INFO - 1285 | HOLD | 25868.80 |  47.6 |   1.48% |  -0.54% |   -0.0026 | $  26329.45 | $   3466.86 | 0.883790
2025-06-08 15:57:06,339 - INFO - 1286 | HOLD | 25969.57 |  47.7 |   1.87% |  -0.46% |   -0.0026 | $  26418.51 | $   3466.86 | 0.883790
2025-06-08 15:57:06,339 - INFO - 1287 | HOLD | 25812.42 |  46.8 |   1.26% |  -1.13% |   -0.0026 | $  26279.62 | $   3466.86 | 0.883790
2025-06-08 15:57:06,339 - INFO - 1288 | HOLD | 25779.98 |  47.4 |   1.13% |  -7.02% |   -0.0023 | $  26250.96 | $   3466.86 | 0.883790
2025-06-08 15:57:06,339 - INFO - 1289 | HOLD | 25753.24 |  42.4 |   1.02% |  -5.66% |   -0.0013 | $  26227.32 | $   3466.86 | 0.883790
2025-06-08 15:57:06,339 - INFO - 1290 | HOLD | 26240.20 |  50.8 |   2.93% |   1.19% |   -0.0002 | $  26657.69 | $   3466.86 | 0.883790
2025-06-08 15:57:06,339 - INFO - 1291 | HOLD | 25905.65 |  48.5 |   1.62% |   0.41% |   -0.0006 | $  26362.03 | $   3466.86 | 0.883790
2025-06-08 15:57:06,339 - INFO - 1292 | HOLD | 25895.68 |  48.8 |   1.58% |   0.10% |   -0.0007 | $  26353.21 | $   3466.86 | 0.883790
2025-06-08 15:57:06,339 - INFO - 1293 | HOLD | 25832.23 |  47.3 |   1.33% |  -0.53% |   -0.0007 | $  26297.13 | $   3466.86 | 0.883790
2025-06-08 15:57:06,339 - INFO - 1294 | HOLD | 25162.65 |  41.4 |  -1.29% |  -2.52% |   -0.0013 | $  25705.37 | $   3466.86 | 0.883790
2025-06-08 15:57:06,339 - INFO - 1295 | HOLD | 25833.34 |  29.2 |   1.34% |   0.21% |   -0.0009 | $  26298.12 | $   3466.86 | 0.883790
2025-06-08 15:57:06,339 - INFO - 
Action distribution for Episode 740:
2025-06-08 15:57:06,339 - INFO -   HOLD:  405 ( 31.2%)
2025-06-08 15:57:06,339 - INFO -   BUY:   858 ( 66.2%)
2025-06-08 15:57:06,339 - INFO -   SELL:   33 (  2.5%)
2025-06-08 15:57:06,339 - INFO - ------------------------------------------------------------------------------------------------------------------------
2025-06-08 15:57:07,365 - INFO - Step 960000: Loss = 0.000006, Epsilon = 0.0840
2025-06-08 15:57:07,365 - INFO - Step 960000: Target network updated
2025-06-08 15:57:07,757 - INFO - Episode 741: Reward = 0.3039, Portfolio = $13883.70, Return = 38.84%, Cash = $0.00, Crypto = 0.537433, Steps = 1296
2025-06-08 15:57:08,477 - INFO - Step 961000: Loss = 0.000011, Epsilon = 0.0831
2025-06-08 15:57:09,206 - INFO - Episode 742: Reward = 0.0275, Portfolio = $26070.94, Return = 160.71%, Cash = $0.07, Crypto = 1.009195, Steps = 1296
2025-06-08 15:57:09,631 - INFO - Step 962000: Loss = 0.000007, Epsilon = 0.0821
2025-06-08 15:57:09,632 - INFO - Step 962000: Target network updated
2025-06-08 15:57:10,622 - INFO - Episode 743: Reward = 0.3097, Portfolio = $14035.52, Return = 40.36%, Cash = $404.54, Crypto = 0.527651, Steps = 1296
2025-06-08 15:57:10,698 - INFO - Step 963000: Loss = 0.000007, Epsilon = 0.0812
2025-06-08 15:57:11,763 - INFO - Step 964000: Loss = 0.000009, Epsilon = 0.0802
2025-06-08 15:57:11,763 - INFO - Step 964000: Target network updated
2025-06-08 15:57:12,004 - INFO - Episode 744: Reward = 0.4547, Portfolio = $16899.95, Return = 69.00%, Cash = $2318.14, Crypto = 0.564457, Steps = 1296
2025-06-08 15:57:12,818 - INFO - Step 965000: Loss = 0.000007, Epsilon = 0.0793
2025-06-08 15:57:13,359 - INFO - Episode 745: Reward = 0.4204, Portfolio = $19211.65, Return = 92.12%, Cash = $0.00, Crypto = 0.743676, Steps = 1296
2025-06-08 15:57:13,848 - INFO - Step 966000: Loss = 0.000006, Epsilon = 0.0783
2025-06-08 15:57:13,848 - INFO - Step 966000: Target network updated
2025-06-08 15:57:14,751 - INFO - Episode 746: Reward = 0.0534, Portfolio = $20051.90, Return = 100.52%, Cash = $4822.61, Crypto = 0.589520, Steps = 1296
2025-06-08 15:57:14,947 - INFO - Step 967000: Loss = 0.000438, Epsilon = 0.0774
2025-06-08 15:57:16,078 - INFO - Step 968000: Loss = 0.000013, Epsilon = 0.0764
2025-06-08 15:57:16,079 - INFO - Step 968000: Target network updated
2025-06-08 15:57:16,206 - INFO - Episode 747: Reward = -0.0267, Portfolio = $18326.67, Return = 83.27%, Cash = $186.88, Crypto = 0.702185, Steps = 1296
2025-06-08 15:57:17,202 - INFO - Step 969000: Loss = 0.000031, Epsilon = 0.0755
2025-06-08 15:57:17,669 - INFO - Episode 748: Reward = 0.0676, Portfolio = $18076.84, Return = 80.77%, Cash = $1076.62, Crypto = 0.658073, Steps = 1296
2025-06-08 15:57:18,283 - INFO - Step 970000: Loss = 0.000010, Epsilon = 0.0745
2025-06-08 15:57:18,284 - INFO - Step 970000: Target network updated
2025-06-08 15:57:19,024 - INFO - Episode 749: Reward = 0.0611, Portfolio = $29842.86, Return = 198.43%, Cash = $721.23, Crypto = 1.127289, Steps = 1296
2025-06-08 15:57:19,331 - INFO - Step 971000: Loss = 0.000005, Epsilon = 0.0735
2025-06-08 15:57:20,380 - INFO - Step 972000: Loss = 0.000005, Epsilon = 0.0726
2025-06-08 15:57:20,381 - INFO - Step 972000: Target network updated
2025-06-08 15:57:20,381 - INFO - Episode 750: Reward = 0.0609, Portfolio = $16079.56, Return = 60.80%, Cash = $0.44, Crypto = 0.622417, Steps = 1296
2025-06-08 15:57:20,381 - INFO - Episode 750 Summary: Avg Reward (100 eps) = -0.5454, Avg Portfolio (100 eps) = $13025.99, Epsilon = 0.073
2025-06-08 15:57:20,381 - INFO - 
Detailed steps for Episode 750:
2025-06-08 15:57:20,381 - INFO - Step | Action | Price    | RSI   | PnL    | WkChg  | Reward    | Portfolio   | Cash       | Crypto
2025-06-08 15:57:20,381 - INFO - ------------------------------------------------------------------------------------------------------------------------
2025-06-08 15:57:20,381 - INFO -    0 | BUY  |  9341.71 |  35.4 |  -2.00% |  -7.89% |   -0.0049 | $   9950.98 | $   7500.00 | 0.262370
2025-06-08 15:57:20,381 - INFO -    1 | BUY  |  8820.52 |  27.7 |  -5.58% |  -8.44% |   -0.0174 | $   9777.47 | $   5625.00 | 0.470774
2025-06-08 15:57:20,381 - INFO -    2 | BUY  |  8784.49 |  28.3 |  -3.58% |  -8.58% |   -0.0046 | $   9732.94 | $   4218.75 | 0.627718
2025-06-08 15:57:20,381 - INFO -    3 | BUY  |  8672.46 |  25.2 |  -3.95% | -10.47% |   -0.0094 | $   9641.93 | $   3164.06 | 0.746947
2025-06-08 15:57:20,381 - INFO -    4 | BUY  |  8599.51 |  28.2 |  -4.16% | -11.01% |   -0.0073 | $   9571.93 | $   2373.05 | 0.837127
2025-06-08 15:57:20,381 - INFO -    5 | BUY  |  8562.45 |  26.8 |  -4.14% | -13.72% |   -0.0045 | $   9529.28 | $   1779.79 | 0.905055
2025-06-08 15:57:20,381 - INFO -    6 | BUY  |  8869.67 |  36.4 |  -0.39% |  -8.09% |    0.0283 | $   9798.60 | $   1334.84 | 0.954237
2025-06-08 15:57:20,381 - INFO -    7 | BUY  |  8787.79 |  24.4 |  -1.29% |  -5.93% |   -0.0086 | $   9713.92 | $   1001.13 | 0.991466
2025-06-08 15:57:20,381 - INFO -    8 | BUY  |  8755.25 |  29.8 |  -1.61% |  -0.74% |   -0.0038 | $   9676.75 | $    750.85 | 1.019492
2025-06-08 15:57:20,381 - INFO -    9 | BUY  |  9078.76 |  39.3 |   2.07% |   3.35% |    0.0337 | $  10002.90 | $    563.14 | 1.039763
2025-06-08 15:57:20,381 - INFO -   10 | BUY  |  9122.55 |  38.4 |   2.52% |   5.19% |    0.0043 | $  10045.66 | $    422.35 | 1.054893
2025-06-08 15:57:20,381 - INFO -   11 | BUY  |  8909.95 |  35.7 |   0.10% |   3.61% |   -0.0225 | $   9819.33 | $    316.76 | 1.066511
2025-06-08 15:57:20,381 - INFO -   12 | BUY  |  8108.12 |  21.3 |  -8.91% |  -5.31% |   -0.0872 | $   8962.61 | $    237.57 | 1.076086
2025-06-08 15:57:20,381 - INFO -   13 | BUY  |  7923.64 |  21.9 | -10.91% | -10.67% |   -0.0223 | $   8762.93 | $    178.18 | 1.083435
2025-06-08 15:57:20,381 - INFO -   14 | BUY  |  7909.73 |  24.3 | -11.00% |  -9.99% |   -0.0018 | $   8746.98 | $    133.63 | 1.088956
2025-06-08 15:57:20,381 - INFO -   15 | BUY  |  7911.43 |  29.9 | -10.93% |  -9.64% |    0.0001 | $   8748.18 | $    100.23 | 1.093096
2025-06-08 15:57:20,381 - INFO -   16 | BUY  |  4970.79 |  13.1 | -44.02% | -45.25% |   -0.3675 | $   5533.28 | $     75.17 | 1.098038
2025-06-08 15:57:20,381 - INFO -   17 | BUY  |  5563.71 |  22.5 | -37.21% | -39.01% |    0.1176 | $   6183.96 | $     56.38 | 1.101350
2025-06-08 15:57:20,381 - INFO -   18 | BUY  |  5200.37 |  21.4 | -41.25% | -41.63% |   -0.0648 | $   5783.52 | $     42.28 | 1.104007
2025-06-08 15:57:20,381 - INFO -   19 | BUY  |  5392.31 |  24.0 | -39.02% | -33.49% |   -0.0023 | $   5995.23 | $     31.71 | 1.105929
2025-06-08 15:57:20,381 - INFO -   ...    ...      ...       ...     ...       ...      ...         ...          ...         ...
2025-06-08 15:57:20,381 - INFO - 1276 | BUY  | 26162.37 |  14.8 | -21.86% |  -1.88% |   -0.0034 | $  16286.61 | $    104.27 | 0.618535
2025-06-08 15:57:20,381 - INFO - 1277 | BUY  | 26047.67 |  14.5 | -22.17% |  -0.01% |   -0.0035 | $  16215.15 | $     78.20 | 0.619516
2025-06-08 15:57:20,381 - INFO - 1278 | BUY  | 26008.46 |  14.0 | -22.26% |  -0.34% |   -0.0035 | $  16190.48 | $     58.65 | 0.620253
2025-06-08 15:57:20,381 - INFO - 1279 | BUY  | 26089.69 |  15.9 | -22.00% |  -0.38% |   -0.0036 | $  16240.57 | $     43.99 | 0.620804
2025-06-08 15:57:20,381 - INFO - 1280 | BUY  | 26106.15 |  13.9 | -21.93% |  -0.07% |   -0.0044 | $  16250.57 | $     32.99 | 0.621217
2025-06-08 15:57:20,381 - INFO - 1281 | BUY  | 27727.39 |  37.9 | -17.07% |   6.51% |   -0.0016 | $  17257.56 | $     24.74 | 0.621509
2025-06-08 15:57:20,381 - INFO - 1282 | BUY  | 27297.27 |  38.1 | -18.35% |   3.27% |   -0.0019 | $  16990.11 | $     18.56 | 0.621731
2025-06-08 15:57:20,382 - INFO - 1283 | BUY  | 25931.47 |  43.0 | -22.43% |  -0.88% |   -0.0024 | $  16140.86 | $     13.92 | 0.621906
2025-06-08 15:57:20,382 - INFO - 1284 | BUY  | 25800.72 |  47.4 | -22.82% |  -0.95% |   -0.0025 | $  16059.48 | $     10.44 | 0.622038
2025-06-08 15:57:20,382 - INFO - 1285 | BUY  | 25868.80 |  47.6 | -22.61% |  -0.54% |   -0.0024 | $  16101.77 | $      7.83 | 0.622137
2025-06-08 15:57:20,382 - INFO - 1286 | BUY  | 25969.57 |  47.7 | -22.31% |  -0.46% |   -0.0024 | $  16164.42 | $      5.87 | 0.622211
2025-06-08 15:57:20,382 - INFO - 1287 | BUY  | 25812.42 |  46.8 | -22.77% |  -1.13% |   -0.0023 | $  16066.62 | $      4.40 | 0.622267
2025-06-08 15:57:20,382 - INFO - 1288 | BUY  | 25779.98 |  47.4 | -22.87% |  -7.02% |   -0.0020 | $  16046.41 | $      3.30 | 0.622309
2025-06-08 15:57:20,382 - INFO - 1289 | BUY  | 25753.24 |  42.4 | -22.95% |  -5.66% |   -0.0008 | $  16029.75 | $      2.48 | 0.622340
2025-06-08 15:57:20,382 - INFO - 1290 | BUY  | 26240.20 |  50.8 | -21.49% |   1.19% |    0.0002 | $  16332.79 | $      1.86 | 0.622363
2025-06-08 15:57:20,382 - INFO - 1291 | BUY  | 25905.65 |  48.5 | -22.49% |   0.41% |   -0.0001 | $  16124.58 | $      1.39 | 0.622381
2025-06-08 15:57:20,382 - INFO - 1292 | BUY  | 25895.68 |  48.8 | -22.52% |   0.10% |   -0.0002 | $  16118.36 | $      1.05 | 0.622394
2025-06-08 15:57:20,382 - INFO - 1293 | BUY  | 25832.23 |  47.3 | -22.71% |  -0.53% |   -0.0002 | $  16078.87 | $      0.78 | 0.622404
2025-06-08 15:57:20,382 - INFO - 1294 | BUY  | 25162.65 |  41.4 | -24.71% |  -2.52% |   -0.0008 | $  15662.12 | $      0.59 | 0.622412
2025-06-08 15:57:20,382 - INFO - 1295 | BUY  | 25833.34 |  29.2 | -22.71% |   0.21% |   -0.0005 | $  16079.56 | $      0.44 | 0.622417
2025-06-08 15:57:20,382 - INFO - 
Action distribution for Episode 750:
2025-06-08 15:57:20,382 - INFO -   HOLD:  278 ( 21.5%)
2025-06-08 15:57:20,382 - INFO -   BUY:   991 ( 76.5%)
2025-06-08 15:57:20,382 - INFO -   SELL:   27 (  2.1%)
2025-06-08 15:57:20,382 - INFO - ------------------------------------------------------------------------------------------------------------------------
2025-06-08 15:57:21,493 - INFO - Step 973000: Loss = 0.000022, Epsilon = 0.0716
2025-06-08 15:57:21,828 - INFO - Episode 751: Reward = 0.0442, Portfolio = $16222.79, Return = 62.23%, Cash = $53.16, Crypto = 0.625921, Steps = 1296
2025-06-08 15:57:22,577 - INFO - Step 974000: Loss = 0.000007, Epsilon = 0.0707
2025-06-08 15:57:22,577 - INFO - Step 974000: Target network updated
2025-06-08 15:57:23,206 - INFO - Episode 752: Reward = 0.0657, Portfolio = $18564.01, Return = 85.64%, Cash = $7952.28, Crypto = 0.410777, Steps = 1296
2025-06-08 15:57:23,644 - INFO - Step 975000: Loss = 0.000005, Epsilon = 0.0697
2025-06-08 15:57:24,579 - INFO - Episode 753: Reward = 0.2952, Portfolio = $13602.76, Return = 36.03%, Cash = $0.00, Crypto = 0.526558, Steps = 1296
2025-06-08 15:57:24,718 - INFO - Step 976000: Loss = 0.000005, Epsilon = 0.0688
2025-06-08 15:57:24,718 - INFO - Step 976000: Target network updated
2025-06-08 15:57:25,742 - INFO - Step 977000: Loss = 0.000020, Epsilon = 0.0678
2025-06-08 15:57:25,922 - INFO - Episode 754: Reward = 0.0603, Portfolio = $23259.10, Return = 132.59%, Cash = $37.08, Crypto = 0.898917, Steps = 1296
2025-06-08 15:57:26,752 - INFO - Step 978000: Loss = 0.000128, Epsilon = 0.0669
2025-06-08 15:57:26,753 - INFO - Step 978000: Target network updated
2025-06-08 15:57:27,264 - INFO - Episode 755: Reward = 0.0340, Portfolio = $13222.84, Return = 32.23%, Cash = $0.00, Crypto = 0.511852, Steps = 1296
2025-06-08 15:57:27,819 - INFO - Step 979000: Loss = 0.000013, Epsilon = 0.0659
2025-06-08 15:57:28,605 - INFO - Episode 756: Reward = 0.0077, Portfolio = $28207.54, Return = 182.08%, Cash = $0.01, Crypto = 1.091904, Steps = 1296
2025-06-08 15:57:28,848 - INFO - Step 980000: Loss = 0.000030, Epsilon = 0.0650
2025-06-08 15:57:28,848 - INFO - Step 980000: Target network updated
2025-06-08 15:57:29,918 - INFO - Step 981000: Loss = 0.000023, Epsilon = 0.0640
2025-06-08 15:57:29,992 - INFO - Episode 757: Reward = 0.4899, Portfolio = $25776.26, Return = 157.76%, Cash = $20.17, Crypto = 0.997010, Steps = 1296
2025-06-08 15:57:30,944 - INFO - Step 982000: Loss = 0.000007, Epsilon = 0.0630
2025-06-08 15:57:30,944 - INFO - Step 982000: Target network updated
2025-06-08 15:57:31,330 - INFO - Episode 758: Reward = 0.0398, Portfolio = $14447.47, Return = 44.47%, Cash = $36.67, Crypto = 0.557837, Steps = 1296
2025-06-08 15:57:31,984 - INFO - Step 983000: Loss = 0.000009, Epsilon = 0.0621
2025-06-08 15:57:32,680 - INFO - Episode 759: Reward = 0.3148, Portfolio = $22669.20, Return = 126.69%, Cash = $371.34, Crypto = 0.863142, Steps = 1296
2025-06-08 15:57:33,057 - INFO - Step 984000: Loss = 0.000010, Epsilon = 0.0611
2025-06-08 15:57:33,057 - INFO - Step 984000: Target network updated
2025-06-08 15:57:34,111 - INFO - Episode 760: Reward = 0.1480, Portfolio = $16114.19, Return = 61.14%, Cash = $540.76, Crypto = 0.602842, Steps = 1296
2025-06-08 15:57:34,111 - INFO - Episode 760 Summary: Avg Reward (100 eps) = -0.4971, Avg Portfolio (100 eps) = $14105.04, Epsilon = 0.060
2025-06-08 15:57:34,111 - INFO - 
Detailed steps for Episode 760:
2025-06-08 15:57:34,111 - INFO - Step | Action | Price    | RSI   | PnL    | WkChg  | Reward    | Portfolio   | Cash       | Crypto
2025-06-08 15:57:34,111 - INFO - ------------------------------------------------------------------------------------------------------------------------
2025-06-08 15:57:34,111 - INFO -    0 | BUY  |  9341.71 |  35.4 |  -2.00% |  -7.89% |   -0.0049 | $   9950.98 | $   7500.00 | 0.262370
2025-06-08 15:57:34,111 - INFO -    1 | BUY  |  8820.52 |  27.7 |  -5.58% |  -8.44% |   -0.0174 | $   9777.47 | $   5625.00 | 0.470774
2025-06-08 15:57:34,111 - INFO -    2 | BUY  |  8784.49 |  28.3 |  -3.58% |  -8.58% |   -0.0046 | $   9732.94 | $   4218.75 | 0.627718
2025-06-08 15:57:34,111 - INFO -    3 | HOLD |  8672.46 |  25.2 |  -3.95% | -10.47% |   -0.0072 | $   9662.61 | $   4218.75 | 0.627718
2025-06-08 15:57:34,111 - INFO -    4 | BUY  |  8599.51 |  28.2 |  -4.76% | -11.01% |   -0.0069 | $   9596.14 | $   3164.06 | 0.747959
2025-06-08 15:57:34,111 - INFO -    5 | HOLD |  8562.45 |  26.8 |  -4.44% | -13.72% |   -0.0029 | $   9568.42 | $   3164.06 | 0.747959
2025-06-08 15:57:34,111 - INFO -    6 | BUY  |  8869.67 |  36.4 |  -1.01% |  -8.09% |    0.0224 | $   9782.70 | $   2373.05 | 0.835392
2025-06-08 15:57:34,111 - INFO -    7 | SELL |  8787.79 |  24.4 |  -1.82% |  -5.93% |   -0.0164 | $   9622.53 | $   4116.59 | 0.626544
2025-06-08 15:57:34,111 - INFO -    8 | BUY  |  8755.25 |  29.8 |  -2.18% |  -0.74% |   -0.0042 | $   9581.96 | $   3087.44 | 0.741786
2025-06-08 15:57:34,111 - INFO -    9 | BUY  |  9078.76 |  39.3 |   1.78% |   3.35% |    0.0235 | $   9806.81 | $   2315.58 | 0.825137
2025-06-08 15:57:34,111 - INFO -   10 | BUY  |  9122.55 |  38.4 |   2.08% |   5.19% |    0.0025 | $   9831.58 | $   1736.69 | 0.887350
2025-06-08 15:57:34,111 - INFO -   11 | BUY  |  8909.95 |  35.7 |  -0.44% |   3.61% |   -0.0201 | $   9634.43 | $   1302.52 | 0.935124
2025-06-08 15:57:34,111 - INFO -   12 | BUY  |  8108.12 |  21.3 |  -9.38% |  -5.31% |   -0.0785 | $   8878.22 | $    976.89 | 0.974497
2025-06-08 15:57:34,111 - INFO -   13 | BUY  |  7923.64 |  21.9 | -11.11% | -10.67% |   -0.0208 | $   8693.67 | $    732.67 | 1.004715
2025-06-08 15:57:34,111 - INFO -   14 | BUY  |  7909.73 |  24.3 | -10.96% |  -9.99% |   -0.0020 | $   8676.10 | $    549.50 | 1.027418
2025-06-08 15:57:34,111 - INFO -   15 | SELL |  7911.43 |  29.9 | -10.73% |  -9.64% |   -0.0115 | $   8576.24 | $   2479.98 | 0.770563
2025-06-08 15:57:34,111 - INFO -   16 | BUY  |  4970.79 |  13.1 | -43.91% | -45.25% |   -0.2656 | $   6298.13 | $   1859.99 | 0.892845
2025-06-08 15:57:34,111 - INFO -   17 | BUY  |  5563.71 |  22.5 | -33.20% | -39.01% |    0.0826 | $   6818.40 | $   1394.99 | 0.974783
2025-06-08 15:57:34,111 - INFO -   18 | BUY  |  5200.37 |  21.4 | -35.77% | -41.63% |   -0.0529 | $   6457.38 | $   1046.24 | 1.040531
2025-06-08 15:57:34,111 - INFO -   19 | SELL |  5392.31 |  24.0 | -31.86% | -33.49% |   -0.0028 | $   6586.97 | $   2378.82 | 0.780398
2025-06-08 15:57:34,111 - INFO -   ...    ...      ...       ...     ...       ...      ...         ...          ...         ...
2025-06-08 15:57:34,111 - INFO - 1276 | HOLD | 26162.37 |  14.8 |  -3.75% |  -1.88% |   -0.0033 | $  16505.47 | $   9602.66 | 0.263845
2025-06-08 15:57:34,111 - INFO - 1277 | HOLD | 26047.67 |  14.5 |  -4.17% |  -0.01% |   -0.0033 | $  16475.20 | $   9602.66 | 0.263845
2025-06-08 15:57:34,111 - INFO - 1278 | HOLD | 26008.46 |  14.0 |  -4.32% |  -0.34% |   -0.0034 | $  16464.86 | $   9602.66 | 0.263845
2025-06-08 15:57:34,111 - INFO - 1279 | HOLD | 26089.69 |  15.9 |  -4.02% |  -0.38% |   -0.0035 | $  16486.29 | $   9602.66 | 0.263845
2025-06-08 15:57:34,111 - INFO - 1280 | HOLD | 26106.15 |  13.9 |  -3.96% |  -0.07% |   -0.0046 | $  16490.63 | $   9602.66 | 0.263845
2025-06-08 15:57:34,111 - INFO - 1281 | HOLD | 27727.39 |  37.9 |   2.00% |   6.51% |   -0.0019 | $  16918.39 | $   9602.66 | 0.263845
2025-06-08 15:57:34,111 - INFO - 1282 | BUY  | 27297.27 |  38.1 |   0.42% |   3.27% |   -0.0022 | $  16757.83 | $   7202.00 | 0.350066
2025-06-08 15:57:34,111 - INFO - 1283 | HOLD | 25931.47 |  43.0 |  -4.70% |  -0.88% |   -0.0032 | $  16279.71 | $   7202.00 | 0.350066
2025-06-08 15:57:34,111 - INFO - 1284 | HOLD | 25800.72 |  47.4 |  -5.18% |  -0.95% |   -0.0033 | $  16233.94 | $   7202.00 | 0.350066
2025-06-08 15:57:34,111 - INFO - 1285 | HOLD | 25868.80 |  47.6 |  -4.93% |  -0.54% |   -0.0031 | $  16257.77 | $   7202.00 | 0.350066
2025-06-08 15:57:34,112 - INFO - 1286 | HOLD | 25969.57 |  47.7 |  -4.56% |  -0.46% |   -0.0028 | $  16293.05 | $   7202.00 | 0.350066
2025-06-08 15:57:34,112 - INFO - 1287 | BUY  | 25812.42 |  46.8 |  -5.14% |  -1.13% |   -0.0029 | $  16202.73 | $   5401.50 | 0.418451
2025-06-08 15:57:34,112 - INFO - 1288 | BUY  | 25779.98 |  47.4 |  -4.46% |  -7.02% |   -0.0027 | $  16162.68 | $   4051.12 | 0.469805
2025-06-08 15:57:34,112 - INFO - 1289 | BUY  | 25753.24 |  42.4 |  -4.09% |  -5.66% |   -0.0017 | $  16130.26 | $   3038.34 | 0.508360
2025-06-08 15:57:34,112 - INFO - 1290 | BUY  | 26240.20 |  50.8 |  -1.97% |   1.19% |   -0.0004 | $  16362.91 | $   2278.76 | 0.536740
2025-06-08 15:57:34,112 - INFO - 1291 | BUY  | 25905.65 |  48.5 |  -3.12% |   0.41% |   -0.0010 | $  16172.18 | $   1709.07 | 0.558300
2025-06-08 15:57:34,112 - INFO - 1292 | BUY  | 25895.68 |  48.8 |  -3.04% |   0.10% |   -0.0011 | $  16158.23 | $   1281.80 | 0.574476
2025-06-08 15:57:34,112 - INFO - 1293 | BUY  | 25832.23 |  47.3 |  -3.19% |  -0.53% |   -0.0012 | $  16115.50 | $    961.35 | 0.586637
2025-06-08 15:57:34,112 - INFO - 1294 | BUY  | 25162.65 |  41.4 |  -5.64% |  -2.52% |   -0.0021 | $  15717.99 | $    721.01 | 0.596001
2025-06-08 15:57:34,112 - INFO - 1295 | BUY  | 25833.34 |  29.2 |  -3.04% |   0.21% |   -0.0011 | $  16114.19 | $    540.76 | 0.602842
2025-06-08 15:57:34,112 - INFO - 
Action distribution for Episode 760:
2025-06-08 15:57:34,112 - INFO -   HOLD:  461 ( 35.6%)
2025-06-08 15:57:34,112 - INFO -   BUY:   806 ( 62.2%)
2025-06-08 15:57:34,112 - INFO -   SELL:   29 (  2.2%)
2025-06-08 15:57:34,112 - INFO - ------------------------------------------------------------------------------------------------------------------------
2025-06-08 15:57:34,154 - INFO - Step 985000: Loss = 0.000250, Epsilon = 0.0602
2025-06-08 15:57:35,212 - INFO - Step 986000: Loss = 0.000008, Epsilon = 0.0592
2025-06-08 15:57:35,213 - INFO - Step 986000: Target network updated
