2025-06-08 15:30:46,701 - INFO - ============================================================
2025-06-08 15:30:46,701 - INFO - STARTING DQN TRADING EXPERIMENT
2025-06-08 15:30:46,701 - INFO - Log file: ../data/logs/dqn/training_20250608_153046.log
2025-06-08 15:30:46,701 - INFO - ============================================================
2025-06-08 15:30:46,730 - INFO - Loaded data from: ../data/04_feature/analytical_base_table_01.parquet
2025-06-08 15:30:46,730 - INFO - Data split: 1304 training rows, 559 validation rows
2025-06-08 15:30:46,731 - INFO - Training period: 2020-02-18 00:00:00 to 2023-09-13 00:00:00
2025-06-08 15:30:46,731 - INFO - Validation period: 2023-09-14 00:00:00 to 2025-03-25 00:00:00
2025-06-08 15:30:46,731 - INFO - ============================================================
2025-06-08 15:30:46,731 - INFO - STARTING DQN TRAINING
2025-06-08 15:30:46,732 - INFO - ============================================================
2025-06-08 15:30:46,732 - INFO - Device: cuda
2025-06-08 15:30:46,732 - INFO - Episodes: 1000
2025-06-08 15:30:46,732 - INFO - Batch size: 32
2025-06-08 15:30:46,732 - INFO - Learning rate: 0.0001
2025-06-08 15:30:46,732 - INFO - Gamma: 0.99
2025-06-08 15:30:46,732 - INFO - Hidden sizes: [512, 256, 128]
2025-06-08 15:30:46,732 - INFO - Initial epsilon: 1.0
2025-06-08 15:30:46,732 - INFO - Final epsilon: 0.01
2025-06-08 15:30:46,732 - INFO - Target update frequency: 2000
2025-06-08 15:30:46,732 - INFO - ============================================================
2025-06-08 15:30:47,859 - INFO - Episode 1: Reward = -2.4668, Portfolio = $468.67, Return = -95.31%, Cash = $151.30, Crypto = 0.012285, Steps = 1282
2025-06-08 15:30:48,177 - INFO - Step 2000: Target network updated
2025-06-08 15:30:48,426 - INFO - Episode 2: Reward = -2.3556, Portfolio = $557.80, Return = -94.42%, Cash = $336.84, Crypto = 0.008553, Steps = 1282
2025-06-08 15:30:49,070 - INFO - Episode 3: Reward = -2.3181, Portfolio = $503.49, Return = -94.97%, Cash = $187.56, Crypto = 0.012230, Steps = 1282
2025-06-08 15:30:49,144 - INFO - Step 4000: Target network updated
2025-06-08 15:30:49,665 - INFO - Episode 4: Reward = -2.0304, Portfolio = $944.28, Return = -90.56%, Cash = $448.15, Crypto = 0.019205, Steps = 1282
2025-06-08 15:30:50,085 - INFO - Step 6000: Target network updated
2025-06-08 15:30:50,283 - INFO - Episode 5: Reward = -2.3813, Portfolio = $411.79, Return = -95.88%, Cash = $325.88, Crypto = 0.003325, Steps = 1282
2025-06-08 15:30:50,872 - INFO - Episode 6: Reward = -2.2275, Portfolio = $525.66, Return = -94.74%, Cash = $179.59, Crypto = 0.013396, Steps = 1282
2025-06-08 15:30:51,021 - INFO - Step 8000: Target network updated
2025-06-08 15:30:51,480 - INFO - Episode 7: Reward = -2.2438, Portfolio = $587.02, Return = -94.13%, Cash = $551.20, Crypto = 0.001387, Steps = 1282
2025-06-08 15:30:52,081 - INFO - Step 10000: Loss = 604.342896, Epsilon = 0.9904
2025-06-08 15:30:52,081 - INFO - Step 10000: Target network updated
2025-06-08 15:30:52,303 - INFO - Episode 8: Reward = -2.1691, Portfolio = $551.40, Return = -94.49%, Cash = $271.11, Crypto = 0.010850, Steps = 1282
2025-06-08 15:30:52,933 - INFO - Step 11000: Loss = 15.090034, Epsilon = 0.9894
2025-06-08 15:30:53,354 - INFO - Episode 9: Reward = -2.1539, Portfolio = $456.95, Return = -95.43%, Cash = $158.76, Crypto = 0.011543, Steps = 1282
2025-06-08 15:30:53,768 - INFO - Step 12000: Loss = 17.862869, Epsilon = 0.9884
2025-06-08 15:30:53,768 - INFO - Step 12000: Target network updated
2025-06-08 15:30:54,515 - INFO - Episode 10: Reward = -2.2580, Portfolio = $509.46, Return = -94.91%, Cash = $326.55, Crypto = 0.007080, Steps = 1282
2025-06-08 15:30:54,515 - INFO - Episode 10 Summary: Avg Reward (100 eps) = -2.2605, Avg Portfolio (100 eps) = $551.65, Epsilon = 0.988
2025-06-08 15:30:54,515 - INFO - 
Detailed steps for Episode 10:
2025-06-08 15:30:54,515 - INFO - Step | Action | Price    | RSI   | PnL    | Reward    | Portfolio   | Cash       | Crypto
2025-06-08 15:30:54,515 - INFO - --------------------------------------------------------------------------------------------------------------
2025-06-08 15:30:54,515 - INFO -    0 | HOLD |  7909.73 |  21.9 |  -2.00% |    0.0000 | $  10000.00 | $  10000.00 | 0.000000
2025-06-08 15:30:54,515 - INFO -    1 | BUY  |  7911.43 |  24.3 |  -2.00% |   -0.0049 | $   9950.98 | $   7500.00 | 0.309802
2025-06-08 15:30:54,515 - INFO -    2 | BUY  |  4970.79 |  29.9 |   0.00% |   -0.0952 | $   9003.20 | $   5625.00 | 0.679610
2025-06-08 15:30:54,515 - INFO -    3 | BUY  |  5563.71 |  13.1 | -21.24% |    0.0417 | $   9378.58 | $   4218.75 | 0.927408
2025-06-08 15:30:54,515 - INFO -    4 | BUY  |  5200.37 |  22.5 |  -8.96% |   -0.0381 | $   9020.93 | $   3164.06 | 1.126242
2025-06-08 15:30:54,515 - INFO -    5 | HOLD |  5392.31 |  21.4 | -12.61% |    0.0240 | $   9237.11 | $   3164.06 | 1.126242
2025-06-08 15:30:54,515 - INFO -    6 | BUY  |  5014.48 |  24.0 |  -9.38% |   -0.0477 | $   8796.07 | $   2373.05 | 1.280895
2025-06-08 15:30:54,515 - INFO -    7 | HOLD |  5225.63 |  18.7 | -14.10% |    0.0307 | $   9066.53 | $   2373.05 | 1.280895
2025-06-08 15:30:54,515 - INFO -    8 | SELL |  5238.44 |  21.7 | -10.48% |   -0.0074 | $   8999.06 | $   3966.65 | 0.960671
2025-06-08 15:30:54,515 - INFO -    9 | BUY  |  6191.19 |  22.0 | -10.26% |    0.0995 | $   9894.90 | $   2974.98 | 1.117704
2025-06-08 15:30:54,515 - INFO -   10 | HOLD |  6198.78 |  29.1 |   5.16% |    0.0009 | $   9903.38 | $   2974.98 | 1.117704
2025-06-08 15:30:54,515 - INFO -   11 | HOLD |  6185.07 |  28.7 |   5.29% |   -0.0015 | $   9888.05 | $   2974.98 | 1.117704
2025-06-08 15:30:54,515 - INFO -   12 | HOLD |  5830.25 |  29.6 |   5.06% |   -0.0401 | $   9491.48 | $   2974.98 | 1.117704
2025-06-08 15:30:54,515 - INFO -   13 | SELL |  6416.31 |  31.7 |  -0.97% |    0.0596 | $  10056.88 | $   4678.22 | 0.838278
2025-06-08 15:30:54,515 - INFO -   14 | HOLD |  6734.80 |  38.6 |   8.99% |    0.0265 | $  10323.86 | $   4678.22 | 0.838278
2025-06-08 15:30:54,515 - INFO -   15 | BUY  |  6681.06 |  41.5 |  14.40% |   -0.0066 | $  10255.88 | $   3508.67 | 1.009901
2025-06-08 15:30:54,515 - INFO -   16 | HOLD |  6716.44 |  41.2 |  10.94% |    0.0035 | $  10291.61 | $   3508.67 | 1.009901
2025-06-08 15:30:54,515 - INFO -   17 | HOLD |  6469.80 |  71.4 |  11.53% |   -0.0242 | $  10042.52 | $   3508.67 | 1.009901
2025-06-08 15:30:54,515 - INFO -   18 | BUY  |  6242.19 |  62.2 |   7.43% |   -0.0246 | $   9795.46 | $   2631.50 | 1.147668
2025-06-08 15:30:54,515 - INFO -   19 | SELL |  5922.04 |  64.5 |   3.20% |   -0.0006 | $   9343.08 | $   4245.68 | 0.860751
2025-06-08 15:30:54,515 - INFO -   ...    ...      ...       ...     ...       ...         ...          ...         ...
2025-06-08 15:30:54,515 - INFO - 1262 | SELL | 26162.37 |  15.2 |  -4.53% |   -0.0071 | $    531.85 | $    388.81 | 0.005467
2025-06-08 15:30:54,515 - INFO - 1263 | HOLD | 26047.67 |  14.8 |  -5.51% |   -0.0070 | $    531.22 | $    388.81 | 0.005467
2025-06-08 15:30:54,515 - INFO - 1264 | SELL | 26008.46 |  14.5 |  -5.92% |   -0.0067 | $    529.23 | $    422.58 | 0.004101
2025-06-08 15:30:54,515 - INFO - 1265 | BUY  | 26089.69 |  14.0 |  -6.06% |   -0.0073 | $    527.49 | $    316.93 | 0.008070
2025-06-08 15:30:54,515 - INFO - 1266 | HOLD | 26106.15 |  15.9 |  -3.02% |   -0.0080 | $    527.62 | $    316.93 | 0.008070
2025-06-08 15:30:54,515 - INFO - 1267 | HOLD | 27727.39 |  13.9 |  -2.96% |   -0.0040 | $    540.71 | $    316.93 | 0.008070
2025-06-08 15:30:54,515 - INFO - 1268 | SELL | 27297.27 |  37.9 |   3.07% |   -0.0043 | $    534.48 | $    369.25 | 0.006053
2025-06-08 15:30:54,515 - INFO - 1269 | BUY  | 25931.47 |  38.1 |   1.47% |   -0.0046 | $    524.40 | $    276.94 | 0.009543
2025-06-08 15:30:54,516 - INFO - 1270 | HOLD | 25800.72 |  43.0 |  -2.32% |   -0.0045 | $    523.16 | $    276.94 | 0.009543
2025-06-08 15:30:54,516 - INFO - 1271 | SELL | 25868.80 |  47.4 |  -2.81% |   -0.0045 | $    520.72 | $    335.57 | 0.007157
2025-06-08 15:30:54,516 - INFO - 1272 | SELL | 25969.57 |  47.6 |  -2.55% |   -0.0048 | $    519.12 | $    379.72 | 0.005368
2025-06-08 15:30:54,516 - INFO - 1273 | BUY  | 25812.42 |  47.7 |  -2.17% |   -0.0048 | $    516.41 | $    284.79 | 0.008973
2025-06-08 15:30:54,516 - INFO - 1274 | SELL | 25779.98 |  46.8 |  -1.67% |   -0.0045 | $    513.23 | $    339.73 | 0.006730
2025-06-08 15:30:54,516 - INFO - 1275 | HOLD | 25753.24 |  47.4 |  -1.80% |   -0.0038 | $    513.05 | $    339.73 | 0.006730
2025-06-08 15:30:54,516 - INFO - 1276 | HOLD | 26240.20 |  42.4 |  -1.90% |   -0.0029 | $    516.33 | $    339.73 | 0.006730
2025-06-08 15:30:54,516 - INFO - 1277 | SELL | 25905.65 |  50.8 |  -0.04% |   -0.0034 | $    511.90 | $    381.14 | 0.005048
2025-06-08 15:30:54,516 - INFO - 1278 | SELL | 25895.68 |  48.5 |  -1.32% |   -0.0037 | $    510.21 | $    412.18 | 0.003786
2025-06-08 15:30:54,516 - INFO - 1279 | SELL | 25832.23 |  48.8 |  -1.36% |   -0.0037 | $    508.75 | $    435.41 | 0.002839
2025-06-08 15:30:54,516 - INFO - 1280 | BUY  | 25162.65 |  47.3 |  -1.60% |   -0.0039 | $    504.71 | $    326.55 | 0.007080
2025-06-08 15:30:54,516 - INFO - 1281 | HOLD | 25833.34 |  41.4 |  -1.71% |   -0.0030 | $    509.46 | $    326.55 | 0.007080
2025-06-08 15:30:54,516 - INFO - 
Action distribution for Episode 10:
2025-06-08 15:30:54,516 - INFO -   HOLD:  439 ( 34.2%)
2025-06-08 15:30:54,516 - INFO -   BUY:   418 ( 32.6%)
2025-06-08 15:30:54,516 - INFO -   SELL:  425 ( 33.2%)
2025-06-08 15:30:54,516 - INFO - --------------------------------------------------------------------------------------------------------------
2025-06-08 15:30:54,681 - INFO - Step 13000: Loss = 3.371634, Epsilon = 0.9875
2025-06-08 15:30:55,569 - INFO - Step 14000: Loss = 4.820475, Epsilon = 0.9865
2025-06-08 15:30:55,570 - INFO - Step 14000: Target network updated
2025-06-08 15:30:55,657 - INFO - Episode 11: Reward = -2.4116, Portfolio = $550.63, Return = -94.49%, Cash = $378.66, Crypto = 0.006657, Steps = 1282
2025-06-08 15:30:56,493 - INFO - Step 15000: Loss = 2.414179, Epsilon = 0.9855
2025-06-08 15:30:56,855 - INFO - Episode 12: Reward = -2.3434, Portfolio = $657.10, Return = -93.43%, Cash = $535.71, Crypto = 0.004699, Steps = 1282
2025-06-08 15:30:57,378 - INFO - Step 16000: Loss = 3.573812, Epsilon = 0.9846
2025-06-08 15:30:57,378 - INFO - Step 16000: Target network updated
2025-06-08 15:30:57,986 - INFO - Episode 13: Reward = -2.3634, Portfolio = $584.41, Return = -94.16%, Cash = $513.24, Crypto = 0.002755, Steps = 1282
2025-06-08 15:30:58,275 - INFO - Step 17000: Loss = 4.126541, Epsilon = 0.9836
2025-06-08 15:30:59,090 - INFO - Episode 14: Reward = -2.3124, Portfolio = $485.93, Return = -95.14%, Cash = $369.04, Crypto = 0.004525, Steps = 1282
2025-06-08 15:30:59,133 - INFO - Step 18000: Loss = 3.020076, Epsilon = 0.9826
2025-06-08 15:30:59,133 - INFO - Step 18000: Target network updated
2025-06-08 15:30:59,923 - INFO - Step 19000: Loss = 3.870275, Epsilon = 0.9817
2025-06-08 15:31:00,105 - INFO - Episode 15: Reward = -2.3109, Portfolio = $547.06, Return = -94.53%, Cash = $300.48, Crypto = 0.009545, Steps = 1282
2025-06-08 15:31:00,749 - INFO - Step 20000: Loss = 1.276239, Epsilon = 0.9807
2025-06-08 15:31:00,749 - INFO - Step 20000: Target network updated
2025-06-08 15:31:01,183 - INFO - Episode 16: Reward = -2.1995, Portfolio = $486.91, Return = -95.13%, Cash = $200.31, Crypto = 0.011094, Steps = 1282
2025-06-08 15:31:01,576 - INFO - Step 21000: Loss = 2.102353, Epsilon = 0.9797
2025-06-08 15:31:02,209 - INFO - Episode 17: Reward = -2.6284, Portfolio = $572.80, Return = -94.27%, Cash = $287.96, Crypto = 0.011026, Steps = 1282
2025-06-08 15:31:02,374 - INFO - Step 22000: Loss = 2.066564, Epsilon = 0.9788
2025-06-08 15:31:02,374 - INFO - Step 22000: Target network updated
2025-06-08 15:31:03,161 - INFO - Step 23000: Loss = 2.794069, Epsilon = 0.9778
2025-06-08 15:31:03,220 - INFO - Episode 18: Reward = -2.1409, Portfolio = $572.62, Return = -94.27%, Cash = $184.03, Crypto = 0.015042, Steps = 1282
2025-06-08 15:31:03,952 - INFO - Step 24000: Loss = 1.138450, Epsilon = 0.9769
2025-06-08 15:31:03,952 - INFO - Step 24000: Target network updated
2025-06-08 15:31:04,237 - INFO - Episode 19: Reward = -2.1240, Portfolio = $577.71, Return = -94.22%, Cash = $482.38, Crypto = 0.003690, Steps = 1282
2025-06-08 15:31:04,759 - INFO - Step 25000: Loss = 2.212764, Epsilon = 0.9759
2025-06-08 15:31:05,294 - INFO - Episode 20: Reward = -2.3425, Portfolio = $471.55, Return = -95.28%, Cash = $190.86, Crypto = 0.010865, Steps = 1282
2025-06-08 15:31:05,294 - INFO - Episode 20 Summary: Avg Reward (100 eps) = -2.2891, Avg Portfolio (100 eps) = $551.16, Epsilon = 0.975
2025-06-08 15:31:05,294 - INFO - 
Detailed steps for Episode 20:
2025-06-08 15:31:05,294 - INFO - Step | Action | Price    | RSI   | PnL    | Reward    | Portfolio   | Cash       | Crypto
2025-06-08 15:31:05,294 - INFO - --------------------------------------------------------------------------------------------------------------
2025-06-08 15:31:05,294 - INFO -    0 | HOLD |  7909.73 |  21.9 |  -2.00% |    0.0000 | $  10000.00 | $  10000.00 | 0.000000
2025-06-08 15:31:05,294 - INFO -    1 | BUY  |  7911.43 |  24.3 |  -2.00% |   -0.0049 | $   9950.98 | $   7500.00 | 0.309802
2025-06-08 15:31:05,294 - INFO -    2 | SELL |  4970.79 |  29.9 |   0.00% |   -0.0935 | $   9020.71 | $   7865.74 | 0.232352
2025-06-08 15:31:05,294 - INFO -    3 | SELL |  5563.71 |  13.1 | -37.17% |    0.0135 | $   9142.32 | $   8172.77 | 0.174264
2025-06-08 15:31:05,294 - INFO -    4 | BUY  |  5200.37 |  22.5 | -29.68% |   -0.0113 | $   9038.94 | $   6129.57 | 0.559454
2025-06-08 15:31:05,294 - INFO -    5 | BUY  |  5392.31 |  21.4 | -13.97% |    0.0086 | $   9116.28 | $   4597.18 | 0.838063
2025-06-08 15:31:05,294 - INFO -    6 | HOLD |  5014.48 |  24.0 |  -7.47% |   -0.0347 | $   8799.63 | $   4597.18 | 0.838063
2025-06-08 15:31:05,294 - INFO -    7 | BUY  |  5225.63 |  18.7 | -13.96% |    0.0175 | $   8954.05 | $   3447.89 | 1.053685
2025-06-08 15:31:05,294 - INFO -    8 | SELL |  5238.44 |  21.7 |  -8.40% |   -0.0062 | $   8898.55 | $   4758.81 | 0.790263
2025-06-08 15:31:05,294 - INFO -    9 | SELL |  6191.19 |  22.0 |  -8.17% |    0.0777 | $   9590.32 | $   5920.82 | 0.592698
2025-06-08 15:31:05,294 - INFO -   10 | HOLD |  6198.78 |  29.1 |   8.53% |    0.0005 | $   9594.82 | $   5920.82 | 0.592698
2025-06-08 15:31:05,294 - INFO -   11 | BUY  |  6185.07 |  28.7 |   8.66% |   -0.0039 | $   9557.67 | $   4440.61 | 0.827324
2025-06-08 15:31:05,294 - INFO -   12 | SELL |  5830.25 |  29.6 |   5.89% |   -0.0370 | $   9203.83 | $   5586.20 | 0.620493
2025-06-08 15:31:05,294 - INFO -   13 | BUY  |  6416.31 |  31.7 |  -0.18% |    0.0365 | $   9540.09 | $   4189.65 | 0.833881
2025-06-08 15:31:05,294 - INFO -   14 | HOLD |  6734.80 |  38.6 |   7.15% |    0.0278 | $   9805.67 | $   4189.65 | 0.833881
2025-06-08 15:31:05,294 - INFO -   15 | HOLD |  6681.06 |  41.5 |  12.47% |   -0.0046 | $   9760.86 | $   4189.65 | 0.833881
2025-06-08 15:31:05,294 - INFO -   16 | BUY  |  6716.44 |  41.2 |  11.57% |    0.0009 | $   9769.82 | $   3142.23 | 0.986771
2025-06-08 15:31:05,294 - INFO -   17 | SELL |  6469.80 |  71.4 |  10.09% |   -0.0331 | $   9446.64 | $   4658.48 | 0.740078
2025-06-08 15:31:05,294 - INFO -   18 | HOLD |  6242.19 |  62.2 |   6.05% |   -0.0178 | $   9278.20 | $   4658.48 | 0.740078
2025-06-08 15:31:05,294 - INFO -   19 | HOLD |  5922.04 |  64.5 |   2.31% |   -0.0014 | $   9041.26 | $   4658.48 | 0.740078
2025-06-08 15:31:05,294 - INFO -   ...    ...      ...       ...     ...       ...         ...          ...         ...
2025-06-08 15:31:05,294 - INFO - 1262 | HOLD | 26162.37 |  15.2 |  -9.48% |   -0.0059 | $    501.26 | $    313.10 | 0.007192
2025-06-08 15:31:05,294 - INFO - 1263 | HOLD | 26047.67 |  14.8 | -10.40% |   -0.0058 | $    500.43 | $    313.10 | 0.007192
2025-06-08 15:31:05,294 - INFO - 1264 | BUY  | 26008.46 |  14.5 | -10.79% |   -0.0056 | $    498.62 | $    234.83 | 0.010142
2025-06-08 15:31:05,294 - INFO - 1265 | SELL | 26089.69 |  14.0 |  -8.00% |   -0.0056 | $    496.13 | $    297.67 | 0.007607
2025-06-08 15:31:05,294 - INFO - 1266 | BUY  | 26106.15 |  15.9 |  -7.72% |   -0.0061 | $    494.80 | $    223.25 | 0.010402
2025-06-08 15:31:05,294 - INFO - 1267 | HOLD | 27727.39 |  13.9 |  -5.72% |   -0.0037 | $    511.66 | $    223.25 | 0.010402
2025-06-08 15:31:05,295 - INFO - 1268 | SELL | 27297.27 |  37.9 |   0.14% |   -0.0038 | $    503.64 | $    290.69 | 0.007801
2025-06-08 15:31:05,295 - INFO - 1269 | SELL | 25931.47 |  38.1 |  -1.42% |   -0.0044 | $    490.46 | $    338.73 | 0.005851
2025-06-08 15:31:05,295 - INFO - 1270 | SELL | 25800.72 |  43.0 |  -6.35% |   -0.0046 | $    487.80 | $    374.59 | 0.004388
2025-06-08 15:31:05,295 - INFO - 1271 | BUY  | 25868.80 |  47.4 |  -6.82% |   -0.0045 | $    486.27 | $    280.94 | 0.007937
2025-06-08 15:31:05,295 - INFO - 1272 | HOLD | 25969.57 |  47.6 |  -3.74% |   -0.0046 | $    487.07 | $    280.94 | 0.007937
2025-06-08 15:31:05,295 - INFO - 1273 | SELL | 25812.42 |  47.7 |  -3.37% |   -0.0046 | $    483.26 | $    329.60 | 0.005953
2025-06-08 15:31:05,295 - INFO - 1274 | BUY  | 25779.98 |  46.8 |  -3.95% |   -0.0043 | $    481.45 | $    247.20 | 0.009087
2025-06-08 15:31:05,295 - INFO - 1275 | BUY  | 25753.24 |  47.4 |  -2.71% |   -0.0038 | $    479.99 | $    185.40 | 0.011439
2025-06-08 15:31:05,295 - INFO - 1276 | BUY  | 26240.20 |  42.4 |  -2.24% |   -0.0025 | $    484.66 | $    139.05 | 0.013171
2025-06-08 15:31:05,295 - INFO - 1277 | HOLD | 25905.65 |  50.8 |  -0.34% |   -0.0025 | $    480.25 | $    139.05 | 0.013171
2025-06-08 15:31:05,295 - INFO - 1278 | BUY  | 25895.68 |  48.5 |  -1.61% |   -0.0023 | $    479.44 | $    104.29 | 0.014487
2025-06-08 15:31:05,295 - INFO - 1279 | HOLD | 25832.23 |  48.8 |  -1.50% |   -0.0024 | $    478.52 | $    104.29 | 0.014487
2025-06-08 15:31:05,295 - INFO - 1280 | SELL | 25162.65 |  47.3 |  -1.75% |   -0.0032 | $    464.26 | $    190.86 | 0.010865
2025-06-08 15:31:05,295 - INFO - 1281 | HOLD | 25833.34 |  41.4 |  -4.29% |   -0.0025 | $    471.55 | $    190.86 | 0.010865
2025-06-08 15:31:05,295 - INFO - 
Action distribution for Episode 20:
2025-06-08 15:31:05,295 - INFO -   HOLD:  414 ( 32.3%)
2025-06-08 15:31:05,295 - INFO -   BUY:   445 ( 34.7%)
2025-06-08 15:31:05,295 - INFO -   SELL:  423 ( 33.0%)
2025-06-08 15:31:05,295 - INFO - --------------------------------------------------------------------------------------------------------------
2025-06-08 15:31:05,675 - INFO - Step 26000: Loss = 0.967249, Epsilon = 0.9749
2025-06-08 15:31:05,675 - INFO - Step 26000: Target network updated
2025-06-08 15:31:06,440 - INFO - Episode 21: Reward = -1.9237, Portfolio = $638.21, Return = -93.62%, Cash = $291.24, Crypto = 0.013431, Steps = 1282
2025-06-08 15:31:06,503 - INFO - Step 27000: Loss = 2.169762, Epsilon = 0.9740
2025-06-08 15:31:07,313 - INFO - Step 28000: Loss = 0.866704, Epsilon = 0.9730
2025-06-08 15:31:07,314 - INFO - Step 28000: Target network updated
2025-06-08 15:31:07,474 - INFO - Episode 22: Reward = -2.1120, Portfolio = $473.01, Return = -95.27%, Cash = $274.38, Crypto = 0.007689, Steps = 1282
2025-06-08 15:31:08,106 - INFO - Step 29000: Loss = 1.284912, Epsilon = 0.9720
2025-06-08 15:31:08,487 - INFO - Episode 23: Reward = -2.0836, Portfolio = $685.35, Return = -93.15%, Cash = $299.85, Crypto = 0.014923, Steps = 1282
2025-06-08 15:31:08,925 - INFO - Step 30000: Loss = 2.596731, Epsilon = 0.9711
2025-06-08 15:31:08,926 - INFO - Step 30000: Target network updated
2025-06-08 15:31:09,548 - INFO - Episode 24: Reward = -2.5016, Portfolio = $462.63, Return = -95.37%, Cash = $126.99, Crypto = 0.012993, Steps = 1282
2025-06-08 15:31:09,739 - INFO - Step 31000: Loss = 1.134892, Epsilon = 0.9701
2025-06-08 15:31:10,570 - INFO - Step 32000: Loss = 0.710120, Epsilon = 0.9691
2025-06-08 15:31:10,570 - INFO - Step 32000: Target network updated
2025-06-08 15:31:10,612 - INFO - Episode 25: Reward = -2.2787, Portfolio = $667.71, Return = -93.32%, Cash = $276.35, Crypto = 0.015150, Steps = 1282
2025-06-08 15:31:11,405 - INFO - Step 33000: Loss = 6.463970, Epsilon = 0.9682
2025-06-08 15:31:11,693 - INFO - Episode 26: Reward = -2.0504, Portfolio = $571.23, Return = -94.29%, Cash = $374.88, Crypto = 0.007601, Steps = 1282
2025-06-08 15:31:12,251 - INFO - Step 34000: Loss = 2.022323, Epsilon = 0.9672
2025-06-08 15:31:12,251 - INFO - Step 34000: Target network updated
2025-06-08 15:31:12,754 - INFO - Episode 27: Reward = -2.0921, Portfolio = $567.92, Return = -94.32%, Cash = $399.61, Crypto = 0.006515, Steps = 1282
2025-06-08 15:31:13,072 - INFO - Step 35000: Loss = 1.680086, Epsilon = 0.9662
2025-06-08 15:31:13,928 - INFO - Episode 28: Reward = -2.2913, Portfolio = $699.08, Return = -93.01%, Cash = $408.44, Crypto = 0.011251, Steps = 1282
2025-06-08 15:31:14,043 - INFO - Step 36000: Loss = 0.972382, Epsilon = 0.9653
2025-06-08 15:31:14,043 - INFO - Step 36000: Target network updated
2025-06-08 15:31:14,984 - INFO - Step 37000: Loss = 1.972911, Epsilon = 0.9643
2025-06-08 15:31:15,126 - INFO - Episode 29: Reward = -2.1677, Portfolio = $553.96, Return = -94.46%, Cash = $367.06, Crypto = 0.007235, Steps = 1282
2025-06-08 15:31:15,813 - INFO - Step 38000: Loss = 0.868385, Epsilon = 0.9633
2025-06-08 15:31:15,813 - INFO - Step 38000: Target network updated
2025-06-08 15:31:16,219 - INFO - Episode 30: Reward = -2.5552, Portfolio = $391.16, Return = -96.09%, Cash = $197.26, Crypto = 0.007506, Steps = 1282
2025-06-08 15:31:16,219 - INFO - Episode 30 Summary: Avg Reward (100 eps) = -2.2613, Avg Portfolio (100 eps) = $557.78, Epsilon = 0.963
2025-06-08 15:31:16,219 - INFO - 
Detailed steps for Episode 30:
2025-06-08 15:31:16,219 - INFO - Step | Action | Price    | RSI   | PnL    | Reward    | Portfolio   | Cash       | Crypto
2025-06-08 15:31:16,219 - INFO - --------------------------------------------------------------------------------------------------------------
2025-06-08 15:31:16,219 - INFO -    0 | SELL |  7909.73 |  21.9 |  -2.00% |   -0.0100 | $  10000.00 | $  10000.00 | 0.000000
2025-06-08 15:31:16,219 - INFO -    1 | SELL |  7911.43 |  24.3 |  -2.00% |   -0.0100 | $  10000.00 | $  10000.00 | 0.000000
2025-06-08 15:31:16,219 - INFO -    2 | BUY  |  4970.79 |  29.9 |  -2.00% |   -0.0049 | $   9950.98 | $   7500.00 | 0.493077
2025-06-08 15:31:16,219 - INFO -    3 | SELL |  5563.71 |  13.1 |   0.00% |    0.0259 | $  10209.04 | $   8151.54 | 0.369808
2025-06-08 15:31:16,219 - INFO -    4 | BUY  |  5200.37 |  22.5 |  11.93% |   -0.0171 | $  10034.72 | $   6113.66 | 0.753997
2025-06-08 15:31:16,219 - INFO -    5 | BUY  |  5392.31 |  21.4 |   2.21% |    0.0114 | $  10149.48 | $   4585.24 | 1.031883
2025-06-08 15:31:16,220 - INFO -    6 | SELL |  5014.48 |  24.0 |   4.30% |   -0.0448 | $   9694.92 | $   5814.15 | 0.773912
2025-06-08 15:31:16,220 - INFO -    7 | BUY  |  5225.63 |  18.7 |  -3.00% |    0.0139 | $   9829.83 | $   4360.61 | 1.046614
2025-06-08 15:31:16,220 - INFO -    8 | SELL |  5238.44 |  21.7 |   0.80% |   -0.0056 | $   9774.70 | $   5662.74 | 0.784960
2025-06-08 15:31:16,220 - INFO -    9 | HOLD |  6191.19 |  22.0 |   1.04% |    0.0765 | $  10522.58 | $   5662.74 | 0.784960
2025-06-08 15:31:16,220 - INFO -   10 | HOLD |  6198.78 |  29.1 |  19.42% |    0.0006 | $  10528.53 | $   5662.74 | 0.784960
2025-06-08 15:31:16,220 - INFO -   11 | HOLD |  6185.07 |  28.7 |  19.57% |   -0.0010 | $  10517.77 | $   5662.74 | 0.784960
2025-06-08 15:31:16,220 - INFO -   12 | SELL |  5830.25 |  29.6 |  19.30% |   -0.0319 | $  10182.05 | $   6749.66 | 0.588720
2025-06-08 15:31:16,220 - INFO -   13 | HOLD |  6416.31 |  31.7 |  12.46% |    0.0339 | $  10527.07 | $   6749.66 | 0.588720
2025-06-08 15:31:16,220 - INFO -   14 | HOLD |  6734.80 |  38.6 |  23.76% |    0.0178 | $  10714.57 | $   6749.66 | 0.588720
2025-06-08 15:31:16,220 - INFO -   15 | HOLD |  6681.06 |  41.5 |  29.91% |   -0.0030 | $  10682.94 | $   6749.66 | 0.588720
2025-06-08 15:31:16,220 - INFO -   16 | HOLD |  6716.44 |  41.2 |  28.87% |    0.0019 | $  10703.76 | $   6749.66 | 0.588720
2025-06-08 15:31:16,220 - INFO -   17 | BUY  |  6469.80 |  71.4 |  29.55% |   -0.0167 | $  10525.47 | $   5062.24 | 0.844420
2025-06-08 15:31:16,220 - INFO -   18 | BUY  |  6242.19 |  62.2 |  16.08% |   -0.0206 | $  10308.46 | $   3796.68 | 1.043188
2025-06-08 15:31:16,220 - INFO -   19 | BUY  |  5922.04 |  64.5 |   9.49% |    0.0000 | $   9955.88 | $   2847.51 | 1.200323
2025-06-08 15:31:16,220 - INFO -   ...    ...      ...       ...     ...       ...         ...          ...         ...
2025-06-08 15:31:16,220 - INFO - 1262 | HOLD | 26162.37 |  15.2 |  -7.88% |   -0.0062 | $    415.76 | $    266.65 | 0.005699
2025-06-08 15:31:16,220 - INFO - 1263 | BUY  | 26047.67 |  14.8 |  -8.82% |   -0.0065 | $    413.80 | $    199.99 | 0.008208
2025-06-08 15:31:16,220 - INFO - 1264 | BUY  | 26008.46 |  14.5 |  -6.59% |   -0.0066 | $    412.50 | $    149.99 | 0.010093
2025-06-08 15:31:16,220 - INFO - 1265 | BUY  | 26089.69 |  14.0 |  -5.54% |   -0.0067 | $    412.58 | $    112.49 | 0.011502
2025-06-08 15:31:16,220 - INFO - 1266 | SELL | 26106.15 |  15.9 |  -4.63% |   -0.0077 | $    409.02 | $    183.81 | 0.008627
2025-06-08 15:31:16,220 - INFO - 1267 | HOLD | 27727.39 |  13.9 |  -4.57% |   -0.0039 | $    423.00 | $    183.81 | 0.008627
2025-06-08 15:31:16,220 - INFO - 1268 | BUY  | 27297.27 |  37.9 |   1.35% |   -0.0039 | $    418.39 | $    137.86 | 0.010277
2025-06-08 15:31:16,220 - INFO - 1269 | SELL | 25931.47 |  38.1 |  -0.18% |   -0.0047 | $    401.02 | $    201.15 | 0.007708
2025-06-08 15:31:16,220 - INFO - 1270 | HOLD | 25800.72 |  43.0 |  -5.18% |   -0.0047 | $    400.02 | $    201.15 | 0.007708
2025-06-08 15:31:16,220 - INFO - 1271 | HOLD | 25868.80 |  47.4 |  -5.66% |   -0.0043 | $    400.54 | $    201.15 | 0.007708
2025-06-08 15:31:16,220 - INFO - 1272 | HOLD | 25969.57 |  47.6 |  -5.41% |   -0.0042 | $    401.32 | $    201.15 | 0.007708
2025-06-08 15:31:16,220 - INFO - 1273 | BUY  | 25812.42 |  47.7 |  -5.04% |   -0.0041 | $    399.12 | $    150.86 | 0.009618
2025-06-08 15:31:16,220 - INFO - 1274 | BUY  | 25779.98 |  46.8 |  -4.55% |   -0.0036 | $    398.07 | $    113.15 | 0.011052
2025-06-08 15:31:16,220 - INFO - 1275 | HOLD | 25753.24 |  47.4 |  -4.09% |   -0.0027 | $    397.77 | $    113.15 | 0.011052
2025-06-08 15:31:16,220 - INFO - 1276 | HOLD | 26240.20 |  42.4 |  -4.19% |   -0.0016 | $    403.15 | $    113.15 | 0.011052
2025-06-08 15:31:16,220 - INFO - 1277 | SELL | 25905.65 |  50.8 |  -2.38% |   -0.0020 | $    395.88 | $    181.15 | 0.008289
2025-06-08 15:31:16,220 - INFO - 1278 | HOLD | 25895.68 |  48.5 |  -3.62% |   -0.0021 | $    395.80 | $    181.15 | 0.008289
2025-06-08 15:31:16,220 - INFO - 1279 | BUY  | 25832.23 |  48.8 |  -3.66% |   -0.0022 | $    394.38 | $    135.86 | 0.010008
2025-06-08 15:31:16,220 - INFO - 1280 | HOLD | 25162.65 |  47.3 |  -3.25% |   -0.0025 | $    387.68 | $    135.86 | 0.010008
2025-06-08 15:31:16,220 - INFO - 1281 | SELL | 25833.34 |  41.4 |  -5.75% |   -0.0023 | $    391.16 | $    197.26 | 0.007506
2025-06-08 15:31:16,220 - INFO - 
Action distribution for Episode 30:
2025-06-08 15:31:16,220 - INFO -   HOLD:  416 ( 32.4%)
2025-06-08 15:31:16,220 - INFO -   BUY:   407 ( 31.7%)
2025-06-08 15:31:16,220 - INFO -   SELL:  459 ( 35.8%)
2025-06-08 15:31:16,220 - INFO - --------------------------------------------------------------------------------------------------------------
2025-06-08 15:31:16,656 - INFO - Step 39000: Loss = 0.585240, Epsilon = 0.9624
2025-06-08 15:31:17,251 - INFO - Episode 31: Reward = -2.2892, Portfolio = $541.67, Return = -94.58%, Cash = $162.19, Crypto = 0.014689, Steps = 1282
2025-06-08 15:31:17,468 - INFO - Step 40000: Loss = 0.647111, Epsilon = 0.9614
2025-06-08 15:31:17,468 - INFO - Step 40000: Target network updated
2025-06-08 15:31:18,276 - INFO - Step 41000: Loss = 5.928671, Epsilon = 0.9605
2025-06-08 15:31:18,295 - INFO - Episode 32: Reward = -2.4214, Portfolio = $545.53, Return = -94.54%, Cash = $325.14, Crypto = 0.008531, Steps = 1282
2025-06-08 15:31:19,098 - INFO - Step 42000: Loss = 4.556898, Epsilon = 0.9595
2025-06-08 15:31:19,098 - INFO - Step 42000: Target network updated
2025-06-08 15:31:19,352 - INFO - Episode 33: Reward = -2.1440, Portfolio = $655.26, Return = -93.45%, Cash = $467.19, Crypto = 0.007280, Steps = 1282
2025-06-08 15:31:19,952 - INFO - Step 43000: Loss = 1.234143, Epsilon = 0.9585
2025-06-08 15:31:20,424 - INFO - Episode 34: Reward = -2.2212, Portfolio = $574.19, Return = -94.26%, Cash = $476.24, Crypto = 0.003792, Steps = 1282
2025-06-08 15:31:20,758 - INFO - Step 44000: Loss = 1.371893, Epsilon = 0.9576
2025-06-08 15:31:20,759 - INFO - Step 44000: Target network updated
2025-06-08 15:31:21,540 - INFO - Episode 35: Reward = -2.0998, Portfolio = $660.50, Return = -93.39%, Cash = $136.86, Crypto = 0.020270, Steps = 1282
2025-06-08 15:31:21,652 - INFO - Step 45000: Loss = 3.326462, Epsilon = 0.9566
2025-06-08 15:31:22,491 - INFO - Step 46000: Loss = 2.228706, Epsilon = 0.9556
2025-06-08 15:31:22,492 - INFO - Step 46000: Target network updated
2025-06-08 15:31:22,617 - INFO - Episode 36: Reward = -2.0090, Portfolio = $783.50, Return = -92.17%, Cash = $306.12, Crypto = 0.018479, Steps = 1282
2025-06-08 15:31:23,324 - INFO - Step 47000: Loss = 12.936895, Epsilon = 0.9547
2025-06-08 15:31:23,690 - INFO - Episode 37: Reward = -2.1097, Portfolio = $469.03, Return = -95.31%, Cash = $229.05, Crypto = 0.009289, Steps = 1282
2025-06-08 15:31:24,225 - INFO - Step 48000: Loss = 1.504554, Epsilon = 0.9537
2025-06-08 15:31:24,225 - INFO - Step 48000: Target network updated
2025-06-08 15:31:24,817 - INFO - Episode 38: Reward = -2.0288, Portfolio = $600.56, Return = -93.99%, Cash = $311.83, Crypto = 0.011177, Steps = 1282
2025-06-08 15:31:25,055 - INFO - Step 49000: Loss = 14.428308, Epsilon = 0.9527
2025-06-08 15:31:25,934 - INFO - Episode 39: Reward = -2.0282, Portfolio = $760.85, Return = -92.39%, Cash = $260.07, Crypto = 0.019385, Steps = 1282
2025-06-08 15:31:25,939 - INFO - Step 50000: Loss = 3.625390, Epsilon = 0.9518
2025-06-08 15:31:25,939 - INFO - Step 50000: Target network updated
2025-06-08 15:31:26,813 - INFO - Step 51000: Loss = 2.608617, Epsilon = 0.9508
2025-06-08 15:31:27,054 - INFO - Episode 40: Reward = -2.1682, Portfolio = $500.51, Return = -94.99%, Cash = $262.02, Crypto = 0.009232, Steps = 1282
2025-06-08 15:31:27,055 - INFO - Episode 40 Summary: Avg Reward (100 eps) = -2.2339, Avg Portfolio (100 eps) = $570.63, Epsilon = 0.951
2025-06-08 15:31:27,055 - INFO - 
Detailed steps for Episode 40:
2025-06-08 15:31:27,055 - INFO - Step | Action | Price    | RSI   | PnL    | Reward    | Portfolio   | Cash       | Crypto
2025-06-08 15:31:27,055 - INFO - --------------------------------------------------------------------------------------------------------------
2025-06-08 15:31:27,055 - INFO -    0 | HOLD |  7909.73 |  21.9 |  -2.00% |    0.0000 | $  10000.00 | $  10000.00 | 0.000000
2025-06-08 15:31:27,055 - INFO -    1 | BUY  |  7911.43 |  24.3 |  -2.00% |   -0.0049 | $   9950.98 | $   7500.00 | 0.309802
2025-06-08 15:31:27,055 - INFO -    2 | HOLD |  4970.79 |  29.9 |   0.00% |   -0.0916 | $   9039.96 | $   7500.00 | 0.309802
2025-06-08 15:31:27,055 - INFO -    3 | SELL |  5563.71 |  13.1 | -37.17% |    0.0179 | $   9202.10 | $   7909.37 | 0.232352
2025-06-08 15:31:27,055 - INFO -    4 | HOLD |  5200.37 |  22.5 | -29.68% |   -0.0092 | $   9117.68 | $   7909.37 | 0.232352
2025-06-08 15:31:27,055 - INFO -    5 | HOLD |  5392.31 |  21.4 | -34.27% |    0.0049 | $   9162.28 | $   7909.37 | 0.232352
2025-06-08 15:31:27,055 - INFO -    6 | BUY  |  5014.48 |  24.0 | -31.84% |   -0.0138 | $   9035.72 | $   5932.03 | 0.618946
2025-06-08 15:31:27,055 - INFO -    7 | SELL |  5225.63 |  18.7 | -17.82% |    0.0100 | $   9125.98 | $   6700.19 | 0.464210
2025-06-08 15:31:27,055 - INFO -    8 | HOLD |  5238.44 |  21.7 | -14.36% |    0.0007 | $   9131.93 | $   6700.19 | 0.464210
2025-06-08 15:31:27,055 - INFO -    9 | BUY  |  6191.19 |  22.0 | -14.15% |    0.0448 | $   9541.36 | $   5025.14 | 0.729458
2025-06-08 15:31:27,055 - INFO -   10 | HOLD |  6198.78 |  29.1 |   0.93% |    0.0006 | $   9546.89 | $   5025.14 | 0.729458
2025-06-08 15:31:27,055 - INFO -   11 | BUY  |  6185.07 |  28.7 |   1.05% |   -0.0036 | $   9512.26 | $   3768.86 | 0.928591
2025-06-08 15:31:27,055 - INFO -   12 | HOLD |  5830.25 |  29.6 |   0.65% |   -0.0346 | $   9182.78 | $   3768.86 | 0.928591
2025-06-08 15:31:27,055 - INFO -   13 | SELL |  6416.31 |  31.7 |  -5.13% |    0.0512 | $   9652.52 | $   5183.91 | 0.696444
2025-06-08 15:31:27,055 - INFO -   14 | SELL |  6734.80 |  38.6 |   4.41% |    0.0169 | $   9815.70 | $   6297.89 | 0.522333
2025-06-08 15:31:27,055 - INFO -   15 | HOLD |  6681.06 |  41.5 |   9.59% |   -0.0029 | $   9787.62 | $   6297.89 | 0.522333
2025-06-08 15:31:27,055 - INFO -   16 | HOLD |  6716.44 |  41.2 |   8.72% |    0.0019 | $   9806.10 | $   6297.89 | 0.522333
2025-06-08 15:31:27,055 - INFO -   17 | SELL |  6469.80 |  71.4 |   9.29% |   -0.0174 | $   9635.03 | $   7100.49 | 0.391750
2025-06-08 15:31:27,055 - INFO -   18 | HOLD |  6242.19 |  62.2 |   5.28% |   -0.0093 | $   9545.87 | $   7100.49 | 0.391750
2025-06-08 15:31:27,055 - INFO -   19 | BUY  |  5922.04 |  64.5 |   1.58% |   -0.0010 | $   9385.64 | $   5325.37 | 0.685620
2025-06-08 15:31:27,055 - INFO -   ...    ...      ...       ...     ...       ...         ...          ...         ...
2025-06-08 15:31:27,055 - INFO - 1262 | SELL | 26162.37 |  15.2 |  -7.76% |   -0.0045 | $    526.03 | $    349.17 | 0.006760
2025-06-08 15:31:27,055 - INFO - 1263 | BUY  | 26047.67 |  14.8 |  -8.70% |   -0.0046 | $    523.54 | $    261.88 | 0.010046
2025-06-08 15:31:27,055 - INFO - 1264 | HOLD | 26008.46 |  14.5 |  -6.31% |   -0.0047 | $    523.15 | $    261.88 | 0.010046
2025-06-08 15:31:27,055 - INFO - 1265 | HOLD | 26089.69 |  14.0 |  -6.46% |   -0.0044 | $    523.96 | $    261.88 | 0.010046
2025-06-08 15:31:27,055 - INFO - 1266 | HOLD | 26106.15 |  15.9 |  -6.16% |   -0.0050 | $    524.13 | $    261.88 | 0.010046
2025-06-08 15:31:27,055 - INFO - 1267 | SELL | 27727.39 |  13.9 |  -6.10% |   -0.0036 | $    536.93 | $    328.03 | 0.007534
2025-06-08 15:31:27,055 - INFO - 1268 | HOLD | 27297.27 |  37.9 |  -0.27% |   -0.0034 | $    533.69 | $    328.03 | 0.007534
2025-06-08 15:31:27,055 - INFO - 1269 | SELL | 25931.47 |  38.1 |  -1.82% |   -0.0040 | $    520.96 | $    374.43 | 0.005651
2025-06-08 15:31:27,055 - INFO - 1270 | HOLD | 25800.72 |  43.0 |  -6.73% |   -0.0040 | $    520.22 | $    374.43 | 0.005651
2025-06-08 15:31:27,055 - INFO - 1271 | BUY  | 25868.80 |  47.4 |  -7.20% |   -0.0040 | $    518.77 | $    280.82 | 0.009198
2025-06-08 15:31:27,055 - INFO - 1272 | SELL | 25969.57 |  47.6 |  -4.39% |   -0.0042 | $    516.71 | $    337.56 | 0.006899
2025-06-08 15:31:27,055 - INFO - 1273 | BUY  | 25812.42 |  47.7 |  -4.02% |   -0.0042 | $    513.97 | $    253.17 | 0.010104
2025-06-08 15:31:27,055 - INFO - 1274 | HOLD | 25779.98 |  46.8 |  -3.19% |   -0.0038 | $    513.65 | $    253.17 | 0.010104
2025-06-08 15:31:27,055 - INFO - 1275 | SELL | 25753.24 |  47.4 |  -3.31% |   -0.0037 | $    510.12 | $    314.97 | 0.007578
2025-06-08 15:31:27,055 - INFO - 1276 | BUY  | 26240.20 |  42.4 |  -3.41% |   -0.0027 | $    512.27 | $    236.23 | 0.010520
2025-06-08 15:31:27,055 - INFO - 1277 | SELL | 25905.65 |  50.8 |  -1.15% |   -0.0034 | $    505.34 | $    300.95 | 0.007890
2025-06-08 15:31:27,055 - INFO - 1278 | HOLD | 25895.68 |  48.5 |  -2.41% |   -0.0036 | $    505.27 | $    300.95 | 0.007890
2025-06-08 15:31:27,055 - INFO - 1279 | SELL | 25832.23 |  48.8 |  -2.44% |   -0.0034 | $    502.22 | $    349.36 | 0.005917
2025-06-08 15:31:27,056 - INFO - 1280 | HOLD | 25162.65 |  47.3 |  -2.68% |   -0.0036 | $    498.25 | $    349.36 | 0.005917
2025-06-08 15:31:27,056 - INFO - 1281 | BUY  | 25833.34 |  41.4 |  -5.20% |   -0.0034 | $    500.51 | $    262.02 | 0.009232
2025-06-08 15:31:27,056 - INFO - 
Action distribution for Episode 40:
2025-06-08 15:31:27,056 - INFO -   HOLD:  450 ( 35.1%)
2025-06-08 15:31:27,056 - INFO -   BUY:   434 ( 33.9%)
2025-06-08 15:31:27,056 - INFO -   SELL:  398 ( 31.0%)
2025-06-08 15:31:27,056 - INFO - --------------------------------------------------------------------------------------------------------------
2025-06-08 15:31:27,671 - INFO - Step 52000: Loss = 5.036811, Epsilon = 0.9498
2025-06-08 15:31:27,671 - INFO - Step 52000: Target network updated
2025-06-08 15:31:28,131 - INFO - Episode 41: Reward = -2.3392, Portfolio = $670.48, Return = -93.30%, Cash = $422.90, Crypto = 0.009584, Steps = 1282
2025-06-08 15:31:28,497 - INFO - Step 53000: Loss = 1.291981, Epsilon = 0.9489
2025-06-08 15:31:29,255 - INFO - Episode 42: Reward = -2.1028, Portfolio = $556.25, Return = -94.44%, Cash = $159.12, Crypto = 0.015373, Steps = 1282
2025-06-08 15:31:29,387 - INFO - Step 54000: Loss = 2.347762, Epsilon = 0.9479
2025-06-08 15:31:29,387 - INFO - Step 54000: Target network updated
2025-06-08 15:31:30,248 - INFO - Step 55000: Loss = 3.067066, Epsilon = 0.9470
2025-06-08 15:31:30,352 - INFO - Episode 43: Reward = -2.4809, Portfolio = $387.69, Return = -96.12%, Cash = $171.37, Crypto = 0.008374, Steps = 1282
2025-06-08 15:31:31,104 - INFO - Step 56000: Loss = 0.981564, Epsilon = 0.9460
2025-06-08 15:31:31,104 - INFO - Step 56000: Target network updated
2025-06-08 15:31:31,464 - INFO - Episode 44: Reward = -2.2239, Portfolio = $657.60, Return = -93.42%, Cash = $363.86, Crypto = 0.011370, Steps = 1282
2025-06-08 15:31:31,983 - INFO - Step 57000: Loss = 1.785507, Epsilon = 0.9450
2025-06-08 15:31:32,565 - INFO - Episode 45: Reward = -2.2041, Portfolio = $423.07, Return = -95.77%, Cash = $107.08, Crypto = 0.012232, Steps = 1282
2025-06-08 15:31:32,817 - INFO - Step 58000: Loss = 1.394503, Epsilon = 0.9441
2025-06-08 15:31:32,817 - INFO - Step 58000: Target network updated
2025-06-08 15:31:33,622 - INFO - Episode 46: Reward = -2.0635, Portfolio = $553.07, Return = -94.47%, Cash = $102.36, Crypto = 0.017447, Steps = 1282
2025-06-08 15:31:33,645 - INFO - Step 59000: Loss = 2.200312, Epsilon = 0.9431
2025-06-08 15:31:34,514 - INFO - Step 60000: Loss = 0.669309, Epsilon = 0.9421
2025-06-08 15:31:34,515 - INFO - Step 60000: Target network updated
2025-06-08 15:31:34,730 - INFO - Episode 47: Reward = -2.4187, Portfolio = $391.83, Return = -96.08%, Cash = $152.60, Crypto = 0.009261, Steps = 1282
2025-06-08 15:31:35,377 - INFO - Step 61000: Loss = 3.158833, Epsilon = 0.9412
2025-06-08 15:31:35,860 - INFO - Episode 48: Reward = -2.0773, Portfolio = $560.16, Return = -94.40%, Cash = $388.33, Crypto = 0.006651, Steps = 1282
2025-06-08 15:31:36,303 - INFO - Step 62000: Loss = 1.654601, Epsilon = 0.9402
2025-06-08 15:31:36,303 - INFO - Step 62000: Target network updated
2025-06-08 15:31:37,050 - INFO - Episode 49: Reward = -2.5923, Portfolio = $411.95, Return = -95.88%, Cash = $298.45, Crypto = 0.004394, Steps = 1282
2025-06-08 15:31:37,207 - INFO - Step 63000: Loss = 2.861000, Epsilon = 0.9392
2025-06-08 15:31:38,037 - INFO - Step 64000: Loss = 1.212451, Epsilon = 0.9383
2025-06-08 15:31:38,037 - INFO - Step 64000: Target network updated
2025-06-08 15:31:38,119 - INFO - Episode 50: Reward = -2.1872, Portfolio = $579.92, Return = -94.20%, Cash = $155.27, Crypto = 0.016438, Steps = 1282
2025-06-08 15:31:38,119 - INFO - Episode 50 Summary: Avg Reward (100 eps) = -2.2409, Avg Portfolio (100 eps) = $560.34, Epsilon = 0.938
2025-06-08 15:31:38,119 - INFO - 
Detailed steps for Episode 50:
2025-06-08 15:31:38,119 - INFO - Step | Action | Price    | RSI   | PnL    | Reward    | Portfolio   | Cash       | Crypto
2025-06-08 15:31:38,119 - INFO - --------------------------------------------------------------------------------------------------------------
2025-06-08 15:31:38,119 - INFO -    0 | HOLD |  7909.73 |  21.9 |  -2.00% |    0.0000 | $  10000.00 | $  10000.00 | 0.000000
2025-06-08 15:31:38,119 - INFO -    1 | BUY  |  7911.43 |  24.3 |  -2.00% |   -0.0049 | $   9950.98 | $   7500.00 | 0.309802
2025-06-08 15:31:38,119 - INFO -    2 | BUY  |  4970.79 |  29.9 |   0.00% |   -0.0952 | $   9003.20 | $   5625.00 | 0.679610
2025-06-08 15:31:38,119 - INFO -    3 | HOLD |  5563.71 |  13.1 | -21.24% |    0.0448 | $   9406.15 | $   5625.00 | 0.679610
2025-06-08 15:31:38,119 - INFO -    4 | HOLD |  5200.37 |  22.5 | -11.85% |   -0.0263 | $   9159.22 | $   5625.00 | 0.679610
2025-06-08 15:31:38,119 - INFO -    5 | HOLD |  5392.31 |  21.4 | -17.60% |    0.0142 | $   9289.67 | $   5625.00 | 0.679610
2025-06-08 15:31:38,119 - INFO -    6 | SELL |  5014.48 |  24.0 | -14.56% |   -0.0322 | $   8990.29 | $   6434.37 | 0.509708
2025-06-08 15:31:38,119 - INFO -    7 | HOLD |  5225.63 |  18.7 | -20.55% |    0.0120 | $   9097.92 | $   6434.37 | 0.509708
2025-06-08 15:31:38,119 - INFO -    8 | HOLD |  5238.44 |  21.7 | -17.20% |    0.0007 | $   9104.45 | $   6434.37 | 0.509708
2025-06-08 15:31:38,119 - INFO -    9 | BUY  |  6191.19 |  22.0 | -17.00% |    0.0499 | $   9558.53 | $   4825.78 | 0.764433
2025-06-08 15:31:38,119 - INFO -   10 | BUY  |  6198.78 |  29.1 |  -1.28% |   -0.0019 | $   9540.67 | $   3619.34 | 0.955243
2025-06-08 15:31:38,119 - INFO -   11 | HOLD |  6185.07 |  28.7 |  -0.93% |   -0.0014 | $   9527.58 | $   3619.34 | 0.955243
2025-06-08 15:31:38,119 - INFO -   12 | BUY  |  5830.25 |  29.6 |  -1.15% |   -0.0374 | $   9170.90 | $   2714.50 | 1.107396
2025-06-08 15:31:38,119 - INFO -   13 | SELL |  6416.31 |  31.7 |  -5.94% |    0.0611 | $   9731.09 | $   4402.03 | 0.830547
2025-06-08 15:31:38,120 - INFO -   14 | SELL |  6734.80 |  38.6 |   3.52% |    0.0200 | $   9925.69 | $   5730.51 | 0.622910
2025-06-08 15:31:38,120 - INFO -   15 | HOLD |  6681.06 |  41.5 |   8.66% |   -0.0034 | $   9892.21 | $   5730.51 | 0.622910
2025-06-08 15:31:38,120 - INFO -   16 | HOLD |  6716.44 |  41.2 |   7.79% |    0.0022 | $   9914.25 | $   5730.51 | 0.622910
2025-06-08 15:31:38,120 - INFO -   17 | HOLD |  6469.80 |  71.4 |   8.36% |   -0.0155 | $   9760.61 | $   5730.51 | 0.622910
2025-06-08 15:31:38,120 - INFO -   18 | HOLD |  6242.19 |  62.2 |   4.38% |   -0.0145 | $   9618.83 | $   5730.51 | 0.622910
2025-06-08 15:31:38,120 - INFO -   19 | SELL |  5922.04 |  64.5 |   0.71% |   -0.0008 | $   9373.30 | $   6606.62 | 0.467183
2025-06-08 15:31:38,120 - INFO -   ...    ...      ...       ...     ...       ...         ...          ...         ...
2025-06-08 15:31:38,120 - INFO - 1262 | SELL | 26162.37 |  15.2 |  -8.20% |   -0.0058 | $    616.88 | $    380.50 | 0.009035
2025-06-08 15:31:38,120 - INFO - 1263 | HOLD | 26047.67 |  14.8 |  -9.14% |   -0.0059 | $    615.84 | $    380.50 | 0.009035
2025-06-08 15:31:38,120 - INFO - 1264 | SELL | 26008.46 |  14.5 |  -9.54% |   -0.0060 | $    612.55 | $    436.31 | 0.006776
2025-06-08 15:31:38,120 - INFO - 1265 | SELL | 26089.69 |  14.0 |  -9.67% |   -0.0060 | $    610.89 | $    478.30 | 0.005082
2025-06-08 15:31:38,120 - INFO - 1266 | HOLD | 26106.15 |  15.9 |  -9.39% |   -0.0062 | $    610.97 | $    478.30 | 0.005082
2025-06-08 15:31:38,120 - INFO - 1267 | BUY  | 27727.39 |  13.9 |  -9.34% |   -0.0054 | $    616.87 | $    358.72 | 0.009310
2025-06-08 15:31:38,120 - INFO - 1268 | SELL | 27297.27 |  37.9 |  -2.06% |   -0.0058 | $    609.69 | $    419.08 | 0.006983
2025-06-08 15:31:38,120 - INFO - 1269 | SELL | 25931.47 |  38.1 |  -3.58% |   -0.0063 | $    597.89 | $    462.09 | 0.005237
2025-06-08 15:31:38,120 - INFO - 1270 | BUY  | 25800.72 |  43.0 |  -8.40% |   -0.0064 | $    594.94 | $    346.57 | 0.009627
2025-06-08 15:31:38,120 - INFO - 1271 | BUY  | 25868.80 |  47.4 |  -5.02% |   -0.0063 | $    593.89 | $    259.92 | 0.012910
2025-06-08 15:31:38,120 - INFO - 1272 | SELL | 25969.57 |  47.6 |  -3.60% |   -0.0062 | $    591.00 | $    339.55 | 0.009683
2025-06-08 15:31:38,120 - INFO - 1273 | HOLD | 25812.42 |  47.7 |  -3.23% |   -0.0060 | $    589.48 | $    339.55 | 0.009683
2025-06-08 15:31:38,120 - INFO - 1274 | SELL | 25779.98 |  46.8 |  -3.81% |   -0.0058 | $    586.05 | $    398.84 | 0.007262
2025-06-08 15:31:38,120 - INFO - 1275 | BUY  | 25753.24 |  47.4 |  -3.93% |   -0.0070 | $    583.90 | $    299.13 | 0.011058
2025-06-08 15:31:38,120 - INFO - 1276 | SELL | 26240.20 |  42.4 |  -2.69% |   -0.0060 | $    585.66 | $    368.04 | 0.008293
2025-06-08 15:31:38,120 - INFO - 1277 | HOLD | 25905.65 |  50.8 |  -0.85% |   -0.0066 | $    582.88 | $    368.04 | 0.008293
2025-06-08 15:31:38,120 - INFO - 1278 | HOLD | 25895.68 |  48.5 |  -2.11% |   -0.0068 | $    582.80 | $    368.04 | 0.008293
2025-06-08 15:31:38,120 - INFO - 1279 | BUY  | 25832.23 |  48.8 |  -2.15% |   -0.0069 | $    580.47 | $    276.03 | 0.011785
2025-06-08 15:31:38,120 - INFO - 1280 | BUY  | 25162.65 |  47.3 |  -1.69% |   -0.0069 | $    571.23 | $    207.02 | 0.014474
2025-06-08 15:31:38,120 - INFO - 1281 | BUY  | 25833.34 |  41.4 |  -3.48% |   -0.0049 | $    579.92 | $    155.27 | 0.016438
2025-06-08 15:31:38,120 - INFO - 
Action distribution for Episode 50:
2025-06-08 15:31:38,120 - INFO -   HOLD:  443 ( 34.6%)
2025-06-08 15:31:38,120 - INFO -   BUY:   419 ( 32.7%)
2025-06-08 15:31:38,120 - INFO -   SELL:  420 ( 32.8%)
2025-06-08 15:31:38,120 - INFO - --------------------------------------------------------------------------------------------------------------
2025-06-08 15:31:38,861 - INFO - Step 65000: Loss = 1.809904, Epsilon = 0.9373
2025-06-08 15:31:39,174 - INFO - Episode 51: Reward = -2.4361, Portfolio = $446.41, Return = -95.54%, Cash = $212.87, Crypto = 0.009040, Steps = 1282
2025-06-08 15:31:39,698 - INFO - Step 66000: Loss = 0.557985, Epsilon = 0.9363
2025-06-08 15:31:39,698 - INFO - Step 66000: Target network updated
2025-06-08 15:31:40,269 - INFO - Episode 52: Reward = -2.1871, Portfolio = $846.51, Return = -91.53%, Cash = $354.19, Crypto = 0.019057, Steps = 1282
2025-06-08 15:31:40,574 - INFO - Step 67000: Loss = 1.642355, Epsilon = 0.9354
2025-06-08 15:31:41,379 - INFO - Episode 53: Reward = -2.4145, Portfolio = $326.03, Return = -96.74%, Cash = $141.30, Crypto = 0.007151, Steps = 1282
2025-06-08 15:31:41,425 - INFO - Step 68000: Loss = 0.793110, Epsilon = 0.9344
2025-06-08 15:31:41,425 - INFO - Step 68000: Target network updated
2025-06-08 15:31:42,289 - INFO - Step 69000: Loss = 0.675995, Epsilon = 0.9334
2025-06-08 15:31:42,533 - INFO - Episode 54: Reward = -2.4092, Portfolio = $427.57, Return = -95.72%, Cash = $183.58, Crypto = 0.009445, Steps = 1282
2025-06-08 15:31:43,225 - INFO - Step 70000: Loss = 0.949420, Epsilon = 0.9325
2025-06-08 15:31:43,226 - INFO - Step 70000: Target network updated
2025-06-08 15:31:43,698 - INFO - Episode 55: Reward = -2.1255, Portfolio = $680.87, Return = -93.19%, Cash = $385.36, Crypto = 0.011439, Steps = 1282
2025-06-08 15:31:44,145 - INFO - Step 71000: Loss = 1.866398, Epsilon = 0.9315
2025-06-08 15:31:44,854 - INFO - Episode 56: Reward = -2.2777, Portfolio = $579.28, Return = -94.21%, Cash = $387.49, Crypto = 0.007424, Steps = 1282
2025-06-08 15:31:45,051 - INFO - Step 72000: Loss = 0.718092, Epsilon = 0.9306
2025-06-08 15:31:45,051 - INFO - Step 72000: Target network updated
2025-06-08 15:31:45,970 - INFO - Step 73000: Loss = 2.351489, Epsilon = 0.9296
2025-06-08 15:31:46,035 - INFO - Episode 57: Reward = -1.9417, Portfolio = $1099.74, Return = -89.00%, Cash = $408.49, Crypto = 0.026758, Steps = 1282
2025-06-08 15:31:46,846 - INFO - Step 74000: Loss = 0.665097, Epsilon = 0.9286
2025-06-08 15:31:46,846 - INFO - Step 74000: Target network updated
2025-06-08 15:31:47,147 - INFO - Episode 58: Reward = -2.0989, Portfolio = $559.05, Return = -94.41%, Cash = $203.43, Crypto = 0.013766, Steps = 1282
2025-06-08 15:31:47,687 - INFO - Step 75000: Loss = 1.250732, Epsilon = 0.9277
2025-06-08 15:31:48,227 - INFO - Episode 59: Reward = -2.0159, Portfolio = $662.17, Return = -93.38%, Cash = $423.33, Crypto = 0.009246, Steps = 1282
2025-06-08 15:31:48,534 - INFO - Step 76000: Loss = 0.459862, Epsilon = 0.9267
2025-06-08 15:31:48,535 - INFO - Step 76000: Target network updated
2025-06-08 15:31:49,346 - INFO - Episode 60: Reward = -2.2717, Portfolio = $540.16, Return = -94.60%, Cash = $171.68, Crypto = 0.014263, Steps = 1282
2025-06-08 15:31:49,346 - INFO - Episode 60 Summary: Avg Reward (100 eps) = -2.2371, Avg Portfolio (100 eps) = $569.75, Epsilon = 0.926
2025-06-08 15:31:49,346 - INFO - 
Detailed steps for Episode 60:
2025-06-08 15:31:49,346 - INFO - Step | Action | Price    | RSI   | PnL    | Reward    | Portfolio   | Cash       | Crypto
2025-06-08 15:31:49,346 - INFO - --------------------------------------------------------------------------------------------------------------
2025-06-08 15:31:49,346 - INFO -    0 | BUY  |  7909.73 |  21.9 |  -2.00% |   -0.0049 | $   9950.98 | $   7500.00 | 0.309869
2025-06-08 15:31:49,346 - INFO -    1 | SELL |  7911.43 |  24.3 |   0.00% |   -0.0030 | $   9920.86 | $   8082.23 | 0.232402
2025-06-08 15:31:49,346 - INFO -    2 | HOLD |  4970.79 |  29.9 |   0.02% |   -0.0689 | $   9237.45 | $   8082.23 | 0.232402
2025-06-08 15:31:49,346 - INFO -    3 | BUY  |  5563.71 |  13.1 | -37.16% |    0.0106 | $   9335.63 | $   6061.67 | 0.588448
2025-06-08 15:31:49,346 - INFO -    4 | HOLD |  5200.37 |  22.5 | -14.28% |   -0.0229 | $   9121.82 | $   6061.67 | 0.588448
2025-06-08 15:31:49,346 - INFO -    5 | SELL |  5392.31 |  21.4 | -19.87% |    0.0080 | $   9195.11 | $   6815.29 | 0.441336
2025-06-08 15:31:49,346 - INFO -    6 | BUY  |  5014.48 |  24.0 | -16.92% |   -0.0218 | $   8994.95 | $   5111.46 | 0.774454
2025-06-08 15:31:49,346 - INFO -    7 | BUY  |  5225.63 |  18.7 | -14.36% |    0.0154 | $   9133.42 | $   3833.60 | 1.014198
2025-06-08 15:31:49,346 - INFO -    8 | SELL |  5238.44 |  21.7 |  -8.43% |   -0.0058 | $   9080.00 | $   5095.39 | 0.760648
2025-06-08 15:31:49,346 - INFO -    9 | HOLD |  6191.19 |  22.0 |  -8.20% |    0.0798 | $   9804.71 | $   5095.39 | 0.760648
2025-06-08 15:31:49,346 - INFO -   10 | HOLD |  6198.78 |  29.1 |   8.49% |    0.0006 | $   9810.48 | $   5095.39 | 0.760648
2025-06-08 15:31:49,347 - INFO -   11 | SELL |  6185.07 |  28.7 |   8.63% |   -0.0071 | $   9741.24 | $   6212.75 | 0.570486
2025-06-08 15:31:49,347 - INFO -   12 | BUY  |  5830.25 |  29.6 |   8.38% |   -0.0239 | $   9508.37 | $   4659.56 | 0.831664
2025-06-08 15:31:49,347 - INFO -   13 | SELL |  6416.31 |  31.7 |   1.48% |    0.0442 | $   9929.08 | $   5926.91 | 0.623748
2025-06-08 15:31:49,347 - INFO -   14 | HOLD |  6734.80 |  38.6 |  11.68% |    0.0200 | $  10127.73 | $   5926.91 | 0.623748
2025-06-08 15:31:49,347 - INFO -   15 | SELL |  6681.06 |  41.5 |  17.22% |   -0.0085 | $  10042.12 | $   6916.65 | 0.467811
2025-06-08 15:31:49,347 - INFO -   16 | HOLD |  6716.44 |  41.2 |  16.28% |    0.0016 | $  10058.67 | $   6916.65 | 0.467811
2025-06-08 15:31:49,347 - INFO -   17 | HOLD |  6469.80 |  71.4 |  16.90% |   -0.0115 | $   9943.29 | $   6916.65 | 0.467811
2025-06-08 15:31:49,347 - INFO -   18 | SELL |  6242.19 |  62.2 |  12.61% |   -0.0144 | $   9800.31 | $   7610.19 | 0.350858
2025-06-08 15:31:49,347 - INFO -   19 | BUY  |  5922.04 |  64.5 |   8.65% |   -0.0005 | $   9650.68 | $   5707.64 | 0.665824
2025-06-08 15:31:49,347 - INFO -   ...    ...      ...       ...     ...       ...         ...          ...         ...
2025-06-08 15:31:49,347 - INFO - 1262 | BUY  | 26162.37 |  15.2 |  -1.09% |   -0.0072 | $    581.90 | $    133.97 | 0.017121
2025-06-08 15:31:49,347 - INFO - 1263 | BUY  | 26047.67 |  14.8 |  -1.90% |   -0.0073 | $    579.28 | $    100.48 | 0.018382
2025-06-08 15:31:49,347 - INFO - 1264 | BUY  | 26008.46 |  14.5 |  -2.17% |   -0.0075 | $    578.06 | $     75.36 | 0.019328
2025-06-08 15:31:49,347 - INFO - 1265 | SELL | 26089.69 |  14.0 |  -2.21% |   -0.0078 | $    573.33 | $    195.12 | 0.014496
2025-06-08 15:31:49,347 - INFO - 1266 | SELL | 26106.15 |  15.9 |  -1.90% |   -0.0099 | $    568.84 | $    285.00 | 0.010872
2025-06-08 15:31:49,347 - INFO - 1267 | BUY  | 27727.39 |  13.9 |  -1.84% |   -0.0046 | $    585.07 | $    213.75 | 0.013392
2025-06-08 15:31:49,347 - INFO - 1268 | SELL | 27297.27 |  37.9 |   3.43% |   -0.0050 | $    574.74 | $    300.57 | 0.010044
2025-06-08 15:31:49,347 - INFO - 1269 | BUY  | 25931.47 |  38.1 |   1.82% |   -0.0056 | $    559.55 | $    225.43 | 0.012885
2025-06-08 15:31:49,347 - INFO - 1270 | HOLD | 25800.72 |  43.0 |  -2.57% |   -0.0057 | $    557.86 | $    225.43 | 0.012885
2025-06-08 15:31:49,347 - INFO - 1271 | BUY  | 25868.80 |  47.4 |  -3.06% |   -0.0055 | $    557.63 | $    169.07 | 0.015021
2025-06-08 15:31:49,347 - INFO - 1272 | BUY  | 25969.57 |  47.6 |  -2.42% |   -0.0052 | $    558.32 | $    126.80 | 0.016616
2025-06-08 15:31:49,347 - INFO - 1273 | SELL | 25812.42 |  47.7 |  -1.84% |   -0.0053 | $    550.35 | $    228.67 | 0.012462
2025-06-08 15:31:49,347 - INFO - 1274 | HOLD | 25779.98 |  46.8 |  -2.44% |   -0.0048 | $    549.94 | $    228.67 | 0.012462
2025-06-08 15:31:49,347 - INFO - 1275 | HOLD | 25753.24 |  47.4 |  -2.56% |   -0.0040 | $    549.61 | $    228.67 | 0.012462
2025-06-08 15:31:49,347 - INFO - 1276 | SELL | 26240.20 |  42.4 |  -2.66% |   -0.0034 | $    551.59 | $    306.33 | 0.009347
2025-06-08 15:31:49,347 - INFO - 1277 | SELL | 25905.65 |  50.8 |  -0.82% |   -0.0037 | $    545.44 | $    363.84 | 0.007010
2025-06-08 15:31:49,347 - INFO - 1278 | SELL | 25895.68 |  48.5 |  -2.09% |   -0.0038 | $    543.10 | $    406.95 | 0.005257
2025-06-08 15:31:49,347 - INFO - 1279 | BUY  | 25832.23 |  48.8 |  -2.12% |   -0.0038 | $    540.77 | $    305.21 | 0.009119
2025-06-08 15:31:49,347 - INFO - 1280 | BUY  | 25162.65 |  47.3 |  -1.38% |   -0.0042 | $    533.17 | $    228.91 | 0.012092
2025-06-08 15:31:49,347 - INFO - 1281 | BUY  | 25833.34 |  41.4 |  -2.99% |   -0.0037 | $    540.16 | $    171.68 | 0.014263
2025-06-08 15:31:49,347 - INFO - 
Action distribution for Episode 60:
2025-06-08 15:31:49,347 - INFO -   HOLD:  409 ( 31.9%)
2025-06-08 15:31:49,347 - INFO -   BUY:   434 ( 33.9%)
2025-06-08 15:31:49,347 - INFO -   SELL:  439 ( 34.2%)
2025-06-08 15:31:49,347 - INFO - --------------------------------------------------------------------------------------------------------------
2025-06-08 15:31:49,415 - INFO - Step 77000: Loss = 1.061756, Epsilon = 0.9257
2025-06-08 15:31:50,265 - INFO - Step 78000: Loss = 0.724022, Epsilon = 0.9248
2025-06-08 15:31:50,265 - INFO - Step 78000: Target network updated
2025-06-08 15:31:50,432 - INFO - Episode 61: Reward = -2.0681, Portfolio = $865.73, Return = -91.34%, Cash = $750.69, Crypto = 0.004453, Steps = 1282
2025-06-08 15:31:51,144 - INFO - Step 79000: Loss = 1.061063, Epsilon = 0.9238
2025-06-08 15:31:51,554 - INFO - Episode 62: Reward = -2.0302, Portfolio = $827.11, Return = -91.73%, Cash = $562.28, Crypto = 0.010251, Steps = 1282
2025-06-08 15:31:52,048 - INFO - Step 80000: Loss = 0.836698, Epsilon = 0.9228
2025-06-08 15:31:52,048 - INFO - Step 80000: Target network updated
2025-06-08 15:31:52,730 - INFO - Episode 63: Reward = -2.1136, Portfolio = $882.07, Return = -91.18%, Cash = $425.19, Crypto = 0.017685, Steps = 1282
2025-06-08 15:31:52,953 - INFO - Step 81000: Loss = 2.767557, Epsilon = 0.9219
2025-06-08 15:31:53,962 - INFO - Step 82000: Loss = 0.772650, Epsilon = 0.9209
2025-06-08 15:31:53,962 - INFO - Step 82000: Target network updated
2025-06-08 15:31:54,013 - INFO - Episode 64: Reward = -2.4169, Portfolio = $374.96, Return = -96.25%, Cash = $283.68, Crypto = 0.003533, Steps = 1282
2025-06-08 15:31:54,930 - INFO - Step 83000: Loss = 1.429350, Epsilon = 0.9199
2025-06-08 15:31:55,212 - INFO - Episode 65: Reward = -2.3070, Portfolio = $560.40, Return = -94.40%, Cash = $263.42, Crypto = 0.011496, Steps = 1282
2025-06-08 15:31:55,782 - INFO - Step 84000: Loss = 0.717384, Epsilon = 0.9190
2025-06-08 15:31:55,783 - INFO - Step 84000: Target network updated
2025-06-08 15:31:56,299 - INFO - Episode 66: Reward = -2.1388, Portfolio = $515.22, Return = -94.85%, Cash = $248.55, Crypto = 0.010323, Steps = 1282
2025-06-08 15:31:56,630 - INFO - Step 85000: Loss = 0.853640, Epsilon = 0.9180
2025-06-08 15:31:57,391 - INFO - Episode 67: Reward = -2.1357, Portfolio = $658.81, Return = -93.41%, Cash = $497.78, Crypto = 0.006234, Steps = 1282
2025-06-08 15:31:57,482 - INFO - Step 86000: Loss = 0.611230, Epsilon = 0.9170
2025-06-08 15:31:57,482 - INFO - Step 86000: Target network updated
2025-06-08 15:31:58,410 - INFO - Step 87000: Loss = 1.182843, Epsilon = 0.9161
2025-06-08 15:31:58,566 - INFO - Episode 68: Reward = -2.4088, Portfolio = $292.72, Return = -97.07%, Cash = $98.03, Crypto = 0.007536, Steps = 1282
2025-06-08 15:31:59,272 - INFO - Step 88000: Loss = 0.474895, Epsilon = 0.9151
2025-06-08 15:31:59,273 - INFO - Step 88000: Target network updated
2025-06-08 15:31:59,697 - INFO - Episode 69: Reward = -2.0971, Portfolio = $674.73, Return = -93.25%, Cash = $378.09, Crypto = 0.011483, Steps = 1282
2025-06-08 15:32:00,167 - INFO - Step 89000: Loss = 1.794461, Epsilon = 0.9142
2025-06-08 15:32:00,871 - INFO - Episode 70: Reward = -2.4375, Portfolio = $519.85, Return = -94.80%, Cash = $345.84, Crypto = 0.006736, Steps = 1282
2025-06-08 15:32:00,871 - INFO - Episode 70 Summary: Avg Reward (100 eps) = -2.2340, Avg Portfolio (100 eps) = $576.52, Epsilon = 0.913
2025-06-08 15:32:00,871 - INFO - 
Detailed steps for Episode 70:
2025-06-08 15:32:00,871 - INFO - Step | Action | Price    | RSI   | PnL    | Reward    | Portfolio   | Cash       | Crypto
2025-06-08 15:32:00,871 - INFO - --------------------------------------------------------------------------------------------------------------
2025-06-08 15:32:00,871 - INFO -    0 | SELL |  7909.73 |  21.9 |  -2.00% |   -0.0100 | $  10000.00 | $  10000.00 | 0.000000
2025-06-08 15:32:00,871 - INFO -    1 | HOLD |  7911.43 |  24.3 |  -2.00% |    0.0000 | $  10000.00 | $  10000.00 | 0.000000
2025-06-08 15:32:00,871 - INFO -    2 | HOLD |  4970.79 |  29.9 |  -2.00% |    0.0000 | $  10000.00 | $  10000.00 | 0.000000
2025-06-08 15:32:00,871 - INFO -    3 | HOLD |  5563.71 |  13.1 |  -2.00% |    0.0000 | $  10000.00 | $  10000.00 | 0.000000
2025-06-08 15:32:00,871 - INFO -    4 | SELL |  5200.37 |  22.5 |  -2.00% |   -0.0100 | $  10000.00 | $  10000.00 | 0.000000
2025-06-08 15:32:00,871 - INFO -    5 | SELL |  5392.31 |  21.4 |  -2.00% |   -0.0100 | $  10000.00 | $  10000.00 | 0.000000
2025-06-08 15:32:00,871 - INFO -    6 | HOLD |  5014.48 |  24.0 |  -2.00% |    0.0000 | $  10000.00 | $  10000.00 | 0.000000
2025-06-08 15:32:00,871 - INFO -    7 | BUY  |  5225.63 |  18.7 |  -2.00% |   -0.0049 | $   9950.98 | $   7500.00 | 0.469031
2025-06-08 15:32:00,871 - INFO -    8 | SELL |  5238.44 |  21.7 |   0.00% |   -0.0025 | $   9926.28 | $   8083.53 | 0.351773
2025-06-08 15:32:00,871 - INFO -    9 | SELL |  6191.19 |  22.0 |   0.25% |    0.0310 | $  10234.21 | $   8600.78 | 0.263830
2025-06-08 15:32:00,871 - INFO -   10 | SELL |  6198.78 |  29.1 |  18.48% |   -0.0018 | $  10215.76 | $   8989.20 | 0.197872
2025-06-08 15:32:00,871 - INFO -   11 | BUY  |  6185.07 |  28.7 |  18.62% |   -0.0046 | $  10168.99 | $   6741.90 | 0.554091
2025-06-08 15:32:00,871 - INFO -   12 | HOLD |  5830.25 |  29.6 |   5.86% |   -0.0193 | $   9972.39 | $   6741.90 | 0.554091
2025-06-08 15:32:00,871 - INFO -   13 | SELL |  6416.31 |  31.7 |  -0.21% |    0.0281 | $  10252.68 | $   7586.26 | 0.415568
2025-06-08 15:32:00,871 - INFO -   14 | BUY  |  6734.80 |  38.6 |   9.82% |    0.0093 | $  10347.84 | $   5689.70 | 0.691653
2025-06-08 15:32:00,871 - INFO -   15 | SELL |  6681.06 |  41.5 |   8.65% |   -0.0092 | $  10252.91 | $   6787.18 | 0.518740
2025-06-08 15:32:00,871 - INFO -   16 | HOLD |  6716.44 |  41.2 |   7.78% |    0.0018 | $  10271.26 | $   6787.18 | 0.518740
2025-06-08 15:32:00,871 - INFO -   17 | BUY  |  6469.80 |  71.4 |   8.35% |   -0.0157 | $  10110.05 | $   5090.38 | 0.775861
2025-06-08 15:32:00,871 - INFO -   18 | HOLD |  6242.19 |  62.2 |   2.88% |   -0.0175 | $   9933.46 | $   5090.38 | 0.775861
2025-06-08 15:32:00,871 - INFO -   19 | HOLD |  5922.04 |  64.5 |  -0.74% |   -0.0012 | $   9685.07 | $   5090.38 | 0.775861
2025-06-08 15:32:00,871 - INFO -   ...    ...      ...       ...     ...       ...         ...          ...         ...
2025-06-08 15:32:00,871 - INFO - 1262 | SELL | 26162.37 |  15.2 |  -1.69% |   -0.0065 | $    536.26 | $    384.65 | 0.005795
2025-06-08 15:32:00,871 - INFO - 1263 | HOLD | 26047.67 |  14.8 |  -2.69% |   -0.0066 | $    535.60 | $    384.65 | 0.005795
2025-06-08 15:32:00,871 - INFO - 1264 | SELL | 26008.46 |  14.5 |  -3.12% |   -0.0067 | $    533.49 | $    420.45 | 0.004346
2025-06-08 15:32:00,871 - INFO - 1265 | SELL | 26089.69 |  14.0 |  -3.26% |   -0.0073 | $    532.42 | $    447.38 | 0.003260
2025-06-08 15:32:00,871 - INFO - 1266 | BUY  | 26106.15 |  15.9 |  -2.96% |   -0.0083 | $    530.28 | $    335.53 | 0.007460
2025-06-08 15:32:00,871 - INFO - 1267 | HOLD | 27727.39 |  13.9 |  -1.29% |   -0.0045 | $    542.38 | $    335.53 | 0.007460
2025-06-08 15:32:00,871 - INFO - 1268 | HOLD | 27297.27 |  37.9 |   4.84% |   -0.0045 | $    539.17 | $    335.53 | 0.007460
2025-06-08 15:32:00,871 - INFO - 1269 | HOLD | 25931.47 |  38.1 |   3.22% |   -0.0051 | $    528.98 | $    335.53 | 0.007460
2025-06-08 15:32:00,871 - INFO - 1270 | SELL | 25800.72 |  43.0 |  -1.95% |   -0.0055 | $    525.60 | $    381.25 | 0.005595
2025-06-08 15:32:00,871 - INFO - 1271 | SELL | 25868.80 |  47.4 |  -2.44% |   -0.0051 | $    524.17 | $    415.62 | 0.004196
2025-06-08 15:32:00,871 - INFO - 1272 | HOLD | 25969.57 |  47.6 |  -2.19% |   -0.0052 | $    524.59 | $    415.62 | 0.004196
2025-06-08 15:32:00,871 - INFO - 1273 | HOLD | 25812.42 |  47.7 |  -1.80% |   -0.0048 | $    523.93 | $    415.62 | 0.004196
2025-06-08 15:32:00,871 - INFO - 1274 | HOLD | 25779.98 |  46.8 |  -2.40% |   -0.0044 | $    523.80 | $    415.62 | 0.004196
2025-06-08 15:32:00,872 - INFO - 1275 | HOLD | 25753.24 |  47.4 |  -2.52% |   -0.0037 | $    523.69 | $    415.62 | 0.004196
2025-06-08 15:32:00,872 - INFO - 1276 | SELL | 26240.20 |  42.4 |  -2.62% |   -0.0030 | $    524.35 | $    441.77 | 0.003147
2025-06-08 15:32:00,872 - INFO - 1277 | HOLD | 25905.65 |  50.8 |  -0.78% |   -0.0030 | $    523.30 | $    441.77 | 0.003147
2025-06-08 15:32:00,872 - INFO - 1278 | SELL | 25895.68 |  48.5 |  -2.05% |   -0.0030 | $    522.25 | $    461.13 | 0.002360
2025-06-08 15:32:00,872 - INFO - 1279 | BUY  | 25832.23 |  48.8 |  -2.08% |   -0.0030 | $    519.84 | $    345.84 | 0.006736
2025-06-08 15:32:00,872 - INFO - 1280 | HOLD | 25162.65 |  47.3 |  -0.83% |   -0.0033 | $    515.33 | $    345.84 | 0.006736
2025-06-08 15:32:00,872 - INFO - 1281 | HOLD | 25833.34 |  41.4 |  -3.40% |   -0.0026 | $    519.85 | $    345.84 | 0.006736
2025-06-08 15:32:00,872 - INFO - 
Action distribution for Episode 70:
2025-06-08 15:32:00,872 - INFO -   HOLD:  434 ( 33.9%)
2025-06-08 15:32:00,872 - INFO -   BUY:   390 ( 30.4%)
2025-06-08 15:32:00,872 - INFO -   SELL:  458 ( 35.7%)
2025-06-08 15:32:00,872 - INFO - --------------------------------------------------------------------------------------------------------------
2025-06-08 15:32:01,102 - INFO - Step 90000: Loss = 0.739669, Epsilon = 0.9132
2025-06-08 15:32:01,103 - INFO - Step 90000: Target network updated
2025-06-08 15:32:02,001 - INFO - Step 91000: Loss = 0.777784, Epsilon = 0.9122
2025-06-08 15:32:02,018 - INFO - Episode 71: Reward = -2.2821, Portfolio = $544.55, Return = -94.55%, Cash = $243.07, Crypto = 0.011670, Steps = 1282
2025-06-08 15:32:02,908 - INFO - Step 92000: Loss = 0.516746, Epsilon = 0.9113
2025-06-08 15:32:02,908 - INFO - Step 92000: Target network updated
2025-06-08 15:32:03,185 - INFO - Episode 72: Reward = -2.3018, Portfolio = $571.18, Return = -94.29%, Cash = $150.90, Crypto = 0.016269, Steps = 1282
2025-06-08 15:32:03,845 - INFO - Step 93000: Loss = 1.508555, Epsilon = 0.9103
2025-06-08 15:32:04,424 - INFO - Episode 73: Reward = -2.4339, Portfolio = $377.33, Return = -96.23%, Cash = $231.45, Crypto = 0.005647, Steps = 1282
2025-06-08 15:32:04,822 - INFO - Step 94000: Loss = 0.509249, Epsilon = 0.9093
2025-06-08 15:32:04,823 - INFO - Step 94000: Target network updated
2025-06-08 15:32:05,647 - INFO - Episode 74: Reward = -2.0597, Portfolio = $647.46, Return = -93.53%, Cash = $588.98, Crypto = 0.002264, Steps = 1282
2025-06-08 15:32:05,761 - INFO - Step 95000: Loss = 0.893382, Epsilon = 0.9084
2025-06-08 15:32:06,633 - INFO - Step 96000: Loss = 0.401332, Epsilon = 0.9074
2025-06-08 15:32:06,633 - INFO - Step 96000: Target network updated
2025-06-08 15:32:06,762 - INFO - Episode 75: Reward = -2.2027, Portfolio = $449.79, Return = -95.50%, Cash = $50.42, Crypto = 0.015459, Steps = 1282
2025-06-08 15:32:07,661 - INFO - Step 97000: Loss = 0.947580, Epsilon = 0.9064
2025-06-08 15:32:08,067 - INFO - Episode 76: Reward = -2.2700, Portfolio = $651.36, Return = -93.49%, Cash = $552.07, Crypto = 0.003843, Steps = 1282
2025-06-08 15:32:08,602 - INFO - Step 98000: Loss = 0.337862, Epsilon = 0.9055
2025-06-08 15:32:08,603 - INFO - Step 98000: Target network updated
2025-06-08 15:32:09,292 - INFO - Episode 77: Reward = -1.9617, Portfolio = $651.02, Return = -93.49%, Cash = $294.10, Crypto = 0.013816, Steps = 1282
2025-06-08 15:32:09,556 - INFO - Step 99000: Loss = 0.927006, Epsilon = 0.9045
2025-06-08 15:32:10,465 - INFO - Episode 78: Reward = -2.2669, Portfolio = $416.91, Return = -95.83%, Cash = $240.44, Crypto = 0.006831, Steps = 1282
2025-06-08 15:32:10,470 - INFO - Step 100000: Loss = 0.369357, Epsilon = 0.9035
2025-06-08 15:32:10,470 - INFO - Step 100000: Target network updated
2025-06-08 15:32:11,442 - INFO - Step 101000: Loss = 0.663983, Epsilon = 0.9026
2025-06-08 15:32:11,702 - INFO - Episode 79: Reward = -2.1825, Portfolio = $563.24, Return = -94.37%, Cash = $217.01, Crypto = 0.013402, Steps = 1282
2025-06-08 15:32:12,348 - INFO - Step 102000: Loss = 1.201845, Epsilon = 0.9016
2025-06-08 15:32:12,348 - INFO - Step 102000: Target network updated
2025-06-08 15:32:12,837 - INFO - Episode 80: Reward = -2.3116, Portfolio = $567.57, Return = -94.32%, Cash = $309.39, Crypto = 0.009994, Steps = 1282
2025-06-08 15:32:12,837 - INFO - Episode 80 Summary: Avg Reward (100 eps) = -2.2331, Avg Portfolio (100 eps) = $572.46, Epsilon = 0.901
2025-06-08 15:32:12,837 - INFO - 
Detailed steps for Episode 80:
2025-06-08 15:32:12,837 - INFO - Step | Action | Price    | RSI   | PnL    | Reward    | Portfolio   | Cash       | Crypto
2025-06-08 15:32:12,837 - INFO - --------------------------------------------------------------------------------------------------------------
2025-06-08 15:32:12,837 - INFO -    0 | BUY  |  7909.73 |  21.9 |  -2.00% |   -0.0049 | $   9950.98 | $   7500.00 | 0.309869
2025-06-08 15:32:12,837 - INFO -    1 | HOLD |  7911.43 |  24.3 |   0.00% |    0.0001 | $   9951.51 | $   7500.00 | 0.309869
2025-06-08 15:32:12,837 - INFO -    2 | HOLD |  4970.79 |  29.9 |   0.02% |   -0.0916 | $   9040.29 | $   7500.00 | 0.309869
2025-06-08 15:32:12,837 - INFO -    3 | SELL |  5563.71 |  13.1 | -37.16% |    0.0179 | $   9202.47 | $   7909.45 | 0.232402
2025-06-08 15:32:12,837 - INFO -    4 | BUY  |  5200.37 |  22.5 | -29.66% |   -0.0134 | $   9079.26 | $   5932.09 | 0.605182
2025-06-08 15:32:12,837 - INFO -    5 | HOLD |  5392.31 |  21.4 | -16.67% |    0.0128 | $   9195.42 | $   5932.09 | 0.605182
2025-06-08 15:32:12,837 - INFO -    6 | BUY  |  5014.48 |  24.0 | -13.60% |   -0.0280 | $   8937.68 | $   4449.07 | 0.895131
2025-06-08 15:32:12,837 - INFO -    7 | HOLD |  5225.63 |  18.7 | -14.19% |    0.0211 | $   9126.69 | $   4449.07 | 0.895131
2025-06-08 15:32:12,837 - INFO -    8 | BUY  |  5238.44 |  21.7 | -10.57% |   -0.0011 | $   9116.35 | $   3336.80 | 1.103295
2025-06-08 15:32:12,837 - INFO -    9 | BUY  |  6191.19 |  22.0 |  -8.57% |    0.1135 | $  10151.16 | $   2502.60 | 1.235393
2025-06-08 15:32:12,837 - INFO -   10 | SELL |  6198.78 |  29.1 |   7.14% |   -0.0085 | $  10064.81 | $   4321.36 | 0.926545
2025-06-08 15:32:12,837 - INFO -   11 | BUY  |  6185.07 |  28.7 |   7.27% |   -0.0034 | $  10030.92 | $   3241.02 | 1.097789
2025-06-08 15:32:12,837 - INFO -   12 | HOLD |  5830.25 |  29.6 |   5.87% |   -0.0388 | $   9641.41 | $   3241.02 | 1.097789
2025-06-08 15:32:12,837 - INFO -   13 | SELL |  6416.31 |  31.7 |  -0.20% |    0.0576 | $  10196.73 | $   4913.91 | 0.823342
2025-06-08 15:32:12,837 - INFO -   14 | SELL |  6734.80 |  38.6 |   9.83% |    0.0189 | $  10389.65 | $   6230.86 | 0.617506
2025-06-08 15:32:12,837 - INFO -   15 | HOLD |  6681.06 |  41.5 |  15.28% |   -0.0032 | $  10356.46 | $   6230.86 | 0.617506
2025-06-08 15:32:12,837 - INFO -   16 | BUY  |  6716.44 |  41.2 |  14.36% |   -0.0008 | $  10347.76 | $   4673.15 | 0.844885
2025-06-08 15:32:12,837 - INFO -   17 | HOLD |  6469.80 |  71.4 |  10.51% |   -0.0201 | $  10139.38 | $   4673.15 | 0.844885
2025-06-08 15:32:12,837 - INFO -   18 | SELL |  6242.19 |  62.2 |   6.46% |   -0.0255 | $   9881.15 | $   5925.70 | 0.633663
2025-06-08 15:32:12,837 - INFO -   19 | HOLD |  5922.04 |  64.5 |   2.71% |   -0.0003 | $   9678.29 | $   5925.70 | 0.633663
2025-06-08 15:32:12,837 - INFO -   ...    ...      ...       ...     ...       ...         ...          ...         ...
2025-06-08 15:32:12,837 - INFO - 1262 | SELL | 26162.37 |  15.2 |  -2.41% |   -0.0074 | $    594.40 | $    339.14 | 0.009757
2025-06-08 15:32:12,837 - INFO - 1263 | HOLD | 26047.67 |  14.8 |  -3.41% |   -0.0073 | $    593.28 | $    339.14 | 0.009757
2025-06-08 15:32:12,837 - INFO - 1264 | SELL | 26008.46 |  14.5 |  -3.83% |   -0.0078 | $    589.73 | $    399.41 | 0.007317
2025-06-08 15:32:12,837 - INFO - 1265 | HOLD | 26089.69 |  14.0 |  -3.97% |   -0.0080 | $    590.32 | $    399.41 | 0.007317
2025-06-08 15:32:12,837 - INFO - 1266 | BUY  | 26106.15 |  15.9 |  -3.67% |   -0.0090 | $    588.48 | $    299.56 | 0.011067
2025-06-08 15:32:12,837 - INFO - 1267 | HOLD | 27727.39 |  13.9 |  -2.42% |   -0.0038 | $    606.43 | $    299.56 | 0.011067
2025-06-08 15:32:12,838 - INFO - 1268 | HOLD | 27297.27 |  37.9 |   3.64% |   -0.0040 | $    601.67 | $    299.56 | 0.011067
2025-06-08 15:32:12,838 - INFO - 1269 | SELL | 25931.47 |  38.1 |   2.03% |   -0.0047 | $    582.96 | $    367.72 | 0.008301
2025-06-08 15:32:12,838 - INFO - 1270 | SELL | 25800.72 |  43.0 |  -3.07% |   -0.0050 | $    579.20 | $    418.58 | 0.006225
2025-06-08 15:32:12,838 - INFO - 1271 | SELL | 25868.80 |  47.4 |  -3.56% |   -0.0049 | $    577.61 | $    456.83 | 0.004669
2025-06-08 15:32:12,838 - INFO - 1272 | HOLD | 25969.57 |  47.6 |  -3.31% |   -0.0046 | $    578.08 | $    456.83 | 0.004669
2025-06-08 15:32:12,838 - INFO - 1273 | HOLD | 25812.42 |  47.7 |  -2.93% |   -0.0042 | $    577.35 | $    456.83 | 0.004669
2025-06-08 15:32:12,838 - INFO - 1274 | SELL | 25779.98 |  46.8 |  -3.52% |   -0.0038 | $    575.69 | $    485.42 | 0.003502
2025-06-08 15:32:12,838 - INFO - 1275 | HOLD | 25753.24 |  47.4 |  -3.64% |   -0.0030 | $    575.60 | $    485.42 | 0.003502
2025-06-08 15:32:12,838 - INFO - 1276 | HOLD | 26240.20 |  42.4 |  -3.74% |   -0.0025 | $    577.31 | $    485.42 | 0.003502
2025-06-08 15:32:12,838 - INFO - 1277 | HOLD | 25905.65 |  50.8 |  -1.92% |   -0.0025 | $    576.13 | $    485.42 | 0.003502
2025-06-08 15:32:12,838 - INFO - 1278 | HOLD | 25895.68 |  48.5 |  -3.17% |   -0.0024 | $    576.10 | $    485.42 | 0.003502
2025-06-08 15:32:12,838 - INFO - 1279 | BUY  | 25832.23 |  48.8 |  -3.21% |   -0.0025 | $    573.50 | $    364.06 | 0.008107
2025-06-08 15:32:12,838 - INFO - 1280 | SELL | 25162.65 |  47.3 |  -1.52% |   -0.0029 | $    565.52 | $    412.51 | 0.006081
2025-06-08 15:32:12,838 - INFO - 1281 | BUY  | 25833.34 |  41.4 |  -4.07% |   -0.0028 | $    567.57 | $    309.39 | 0.009994
2025-06-08 15:32:12,838 - INFO - 
Action distribution for Episode 80:
2025-06-08 15:32:12,838 - INFO -   HOLD:  430 ( 33.5%)
2025-06-08 15:32:12,838 - INFO -   BUY:   407 ( 31.7%)
2025-06-08 15:32:12,838 - INFO -   SELL:  445 ( 34.7%)
2025-06-08 15:32:12,838 - INFO - --------------------------------------------------------------------------------------------------------------
2025-06-08 15:32:13,201 - INFO - Step 103000: Loss = 1.212580, Epsilon = 0.9007
2025-06-08 15:32:13,952 - INFO - Episode 81: Reward = -1.9943, Portfolio = $593.79, Return = -94.06%, Cash = $445.37, Crypto = 0.005745, Steps = 1282
2025-06-08 15:32:14,120 - INFO - Step 104000: Loss = 0.379836, Epsilon = 0.8997
2025-06-08 15:32:14,120 - INFO - Step 104000: Target network updated
2025-06-08 15:32:15,027 - INFO - Step 105000: Loss = 0.750621, Epsilon = 0.8987
2025-06-08 15:32:15,131 - INFO - Episode 82: Reward = -2.3878, Portfolio = $653.65, Return = -93.46%, Cash = $493.30, Crypto = 0.006207, Steps = 1282
2025-06-08 15:32:16,088 - INFO - Step 106000: Loss = 0.529141, Epsilon = 0.8978
2025-06-08 15:32:16,089 - INFO - Step 106000: Target network updated
2025-06-08 15:32:16,489 - INFO - Episode 83: Reward = -2.1249, Portfolio = $923.19, Return = -90.77%, Cash = $368.69, Crypto = 0.021465, Steps = 1282
2025-06-08 15:32:17,000 - INFO - Step 107000: Loss = 0.296211, Epsilon = 0.8968
2025-06-08 15:32:17,575 - INFO - Episode 84: Reward = -2.4102, Portfolio = $442.63, Return = -95.57%, Cash = $222.89, Crypto = 0.008506, Steps = 1282
2025-06-08 15:32:17,838 - INFO - Step 108000: Loss = 1.162276, Epsilon = 0.8958
2025-06-08 15:32:17,838 - INFO - Step 108000: Target network updated
2025-06-08 15:32:18,645 - INFO - Episode 85: Reward = -2.3945, Portfolio = $690.63, Return = -93.09%, Cash = $216.94, Crypto = 0.018336, Steps = 1282
2025-06-08 15:32:18,672 - INFO - Step 109000: Loss = 0.908364, Epsilon = 0.8949
2025-06-08 15:32:19,501 - INFO - Step 110000: Loss = 0.628346, Epsilon = 0.8939
2025-06-08 15:32:19,501 - INFO - Step 110000: Target network updated
2025-06-08 15:32:19,711 - INFO - Episode 86: Reward = -2.6285, Portfolio = $400.72, Return = -95.99%, Cash = $271.68, Crypto = 0.004995, Steps = 1282
2025-06-08 15:32:20,344 - INFO - Step 111000: Loss = 0.822655, Epsilon = 0.8929
2025-06-08 15:32:20,786 - INFO - Episode 87: Reward = -2.1338, Portfolio = $726.80, Return = -92.73%, Cash = $472.21, Crypto = 0.009855, Steps = 1282
2025-06-08 15:32:21,254 - INFO - Step 112000: Loss = 0.335305, Epsilon = 0.8920
2025-06-08 15:32:21,254 - INFO - Step 112000: Target network updated
2025-06-08 15:32:21,950 - INFO - Episode 88: Reward = -2.0475, Portfolio = $999.87, Return = -90.00%, Cash = $442.74, Crypto = 0.021566, Steps = 1282
2025-06-08 15:32:22,120 - INFO - Step 113000: Loss = 0.635567, Epsilon = 0.8910
2025-06-08 15:32:23,004 - INFO - Step 114000: Loss = 0.414789, Epsilon = 0.8900
2025-06-08 15:32:23,004 - INFO - Step 114000: Target network updated
2025-06-08 15:32:23,084 - INFO - Episode 89: Reward = -1.8880, Portfolio = $795.52, Return = -92.04%, Cash = $530.34, Crypto = 0.010265, Steps = 1282
2025-06-08 15:32:23,874 - INFO - Step 115000: Loss = 1.341458, Epsilon = 0.8891
2025-06-08 15:32:24,211 - INFO - Episode 90: Reward = -2.0597, Portfolio = $781.18, Return = -92.19%, Cash = $733.52, Crypto = 0.001845, Steps = 1282
2025-06-08 15:32:24,211 - INFO - Episode 90 Summary: Avg Reward (100 eps) = -2.2302, Avg Portfolio (100 eps) = $586.72, Epsilon = 0.889
2025-06-08 15:32:24,211 - INFO - 
Detailed steps for Episode 90:
2025-06-08 15:32:24,211 - INFO - Step | Action | Price    | RSI   | PnL    | Reward    | Portfolio   | Cash       | Crypto
2025-06-08 15:32:24,211 - INFO - --------------------------------------------------------------------------------------------------------------
2025-06-08 15:32:24,211 - INFO -    0 | SELL |  7909.73 |  21.9 |  -2.00% |   -0.0100 | $  10000.00 | $  10000.00 | 0.000000
2025-06-08 15:32:24,211 - INFO -    1 | HOLD |  7911.43 |  24.3 |  -2.00% |    0.0000 | $  10000.00 | $  10000.00 | 0.000000
2025-06-08 15:32:24,211 - INFO -    2 | HOLD |  4970.79 |  29.9 |  -2.00% |    0.0000 | $  10000.00 | $  10000.00 | 0.000000
2025-06-08 15:32:24,211 - INFO -    3 | SELL |  5563.71 |  13.1 |  -2.00% |   -0.0100 | $  10000.00 | $  10000.00 | 0.000000
2025-06-08 15:32:24,211 - INFO -    4 | SELL |  5200.37 |  22.5 |  -2.00% |   -0.0100 | $  10000.00 | $  10000.00 | 0.000000
2025-06-08 15:32:24,211 - INFO -    5 | HOLD |  5392.31 |  21.4 |  -2.00% |    0.0000 | $  10000.00 | $  10000.00 | 0.000000
2025-06-08 15:32:24,211 - INFO -    6 | SELL |  5014.48 |  24.0 |  -2.00% |   -0.0100 | $  10000.00 | $  10000.00 | 0.000000
2025-06-08 15:32:24,211 - INFO -    7 | HOLD |  5225.63 |  18.7 |  -2.00% |    0.0000 | $  10000.00 | $  10000.00 | 0.000000
2025-06-08 15:32:24,211 - INFO -    8 | HOLD |  5238.44 |  21.7 |  -2.00% |    0.0000 | $  10000.00 | $  10000.00 | 0.000000
2025-06-08 15:32:24,211 - INFO -    9 | HOLD |  6191.19 |  22.0 |  -2.00% |    0.0000 | $  10000.00 | $  10000.00 | 0.000000
2025-06-08 15:32:24,211 - INFO -   10 | BUY  |  6198.78 |  29.1 |  -2.00% |   -0.0049 | $   9950.98 | $   7500.00 | 0.395397
2025-06-08 15:32:24,211 - INFO -   11 | SELL |  6185.07 |  28.7 |   0.00% |   -0.0036 | $   9914.99 | $   8080.82 | 0.296548
2025-06-08 15:32:24,211 - INFO -   12 | BUY  |  5830.25 |  29.6 |  -0.22% |   -0.0146 | $   9770.16 | $   6060.62 | 0.636258
2025-06-08 15:32:24,211 - INFO -   13 | BUY  |  6416.31 |  31.7 |  -2.86% |    0.0351 | $  10113.33 | $   4545.46 | 0.867768
2025-06-08 15:32:24,211 - INFO -   14 | SELL |  6734.80 |  38.6 |   4.97% |    0.0201 | $  10316.66 | $   5933.47 | 0.650826
2025-06-08 15:32:24,211 - INFO -   15 | SELL |  6681.06 |  41.5 |  10.18% |   -0.0087 | $  10227.33 | $   6966.17 | 0.488120
2025-06-08 15:32:24,211 - INFO -   16 | HOLD |  6716.44 |  41.2 |   9.30% |    0.0017 | $  10244.60 | $   6966.17 | 0.488120
2025-06-08 15:32:24,211 - INFO -   17 | HOLD |  6469.80 |  71.4 |   9.88% |   -0.0118 | $  10124.21 | $   6966.17 | 0.488120
2025-06-08 15:32:24,211 - INFO -   18 | SELL |  6242.19 |  62.2 |   5.84% |   -0.0147 | $   9975.02 | $   7689.82 | 0.366090
2025-06-08 15:32:24,212 - INFO -   19 | HOLD |  5922.04 |  64.5 |   2.12% |   -0.0007 | $   9857.82 | $   7689.82 | 0.366090
2025-06-08 15:32:24,212 - INFO -   ...    ...      ...       ...     ...       ...         ...          ...         ...
2025-06-08 15:32:24,212 - INFO - 1262 | BUY  | 26162.37 |  15.2 |  -4.35% |   -0.0057 | $    827.41 | $     97.33 | 0.027906
2025-06-08 15:32:24,212 - INFO - 1263 | SELL | 26047.67 |  14.8 |  -5.11% |   -0.0063 | $    815.12 | $    269.97 | 0.020929
2025-06-08 15:32:24,212 - INFO - 1264 | SELL | 26008.46 |  14.5 |  -5.52% |   -0.0069 | $    807.50 | $    399.25 | 0.015697
2025-06-08 15:32:24,212 - INFO - 1265 | SELL | 26089.69 |  14.0 |  -5.66% |   -0.0076 | $    803.65 | $    496.51 | 0.011773
2025-06-08 15:32:24,212 - INFO - 1266 | HOLD | 26106.15 |  15.9 |  -5.37% |   -0.0082 | $    803.85 | $    496.51 | 0.011773
2025-06-08 15:32:24,212 - INFO - 1267 | HOLD | 27727.39 |  13.9 |  -5.31% |   -0.0049 | $    822.93 | $    496.51 | 0.011773
2025-06-08 15:32:24,212 - INFO - 1268 | SELL | 27297.27 |  37.9 |   0.57% |   -0.0049 | $    813.85 | $    572.83 | 0.008830
2025-06-08 15:32:24,212 - INFO - 1269 | SELL | 25931.47 |  38.1 |  -0.99% |   -0.0053 | $    798.93 | $    627.21 | 0.006622
2025-06-08 15:32:24,212 - INFO - 1270 | SELL | 25800.72 |  43.0 |  -5.94% |   -0.0053 | $    795.93 | $    667.79 | 0.004967
2025-06-08 15:32:24,212 - INFO - 1271 | SELL | 25868.80 |  47.4 |  -6.42% |   -0.0053 | $    794.66 | $    698.30 | 0.003725
2025-06-08 15:32:24,212 - INFO - 1272 | HOLD | 25969.57 |  47.6 |  -6.17% |   -0.0053 | $    795.04 | $    698.30 | 0.003725
2025-06-08 15:32:24,212 - INFO - 1273 | HOLD | 25812.42 |  47.7 |  -5.81% |   -0.0047 | $    794.45 | $    698.30 | 0.003725
2025-06-08 15:32:24,212 - INFO - 1274 | BUY  | 25779.98 |  46.8 |  -6.38% |   -0.0044 | $    790.91 | $    523.73 | 0.010364
2025-06-08 15:32:24,212 - INFO - 1275 | SELL | 25753.24 |  47.4 |  -2.44% |   -0.0038 | $    787.30 | $    587.12 | 0.007773
2025-06-08 15:32:24,212 - INFO - 1276 | SELL | 26240.20 |  42.4 |  -2.54% |   -0.0031 | $    788.53 | $    635.56 | 0.005830
2025-06-08 15:32:24,212 - INFO - 1277 | SELL | 25905.65 |  50.8 |  -0.69% |   -0.0033 | $    784.69 | $    671.43 | 0.004372
2025-06-08 15:32:24,212 - INFO - 1278 | SELL | 25895.68 |  48.5 |  -1.96% |   -0.0035 | $    783.23 | $    698.32 | 0.003279
2025-06-08 15:32:24,212 - INFO - 1279 | SELL | 25832.23 |  48.8 |  -2.00% |   -0.0034 | $    781.97 | $    718.43 | 0.002459
2025-06-08 15:32:24,212 - INFO - 1280 | HOLD | 25162.65 |  47.3 |  -2.24% |   -0.0033 | $    780.32 | $    718.43 | 0.002459
2025-06-08 15:32:24,212 - INFO - 1281 | SELL | 25833.34 |  41.4 |  -4.77% |   -0.0042 | $    781.18 | $    733.52 | 0.001845
2025-06-08 15:32:24,212 - INFO - 
Action distribution for Episode 90:
2025-06-08 15:32:24,212 - INFO -   HOLD:  434 ( 33.9%)
2025-06-08 15:32:24,212 - INFO -   BUY:   419 ( 32.7%)
2025-06-08 15:32:24,212 - INFO -   SELL:  429 ( 33.5%)
2025-06-08 15:32:24,212 - INFO - --------------------------------------------------------------------------------------------------------------
2025-06-08 15:32:24,753 - INFO - Step 116000: Loss = 0.308745, Epsilon = 0.8881
2025-06-08 15:32:24,754 - INFO - Step 116000: Target network updated
2025-06-08 15:32:25,320 - INFO - Episode 91: Reward = -2.7096, Portfolio = $436.83, Return = -95.63%, Cash = $109.60, Crypto = 0.012667, Steps = 1282
2025-06-08 15:32:25,604 - INFO - Step 117000: Loss = 0.819902, Epsilon = 0.8871
2025-06-08 15:32:26,448 - INFO - Episode 92: Reward = -2.3764, Portfolio = $450.09, Return = -95.50%, Cash = $266.42, Crypto = 0.007110, Steps = 1282
2025-06-08 15:32:26,497 - INFO - Step 118000: Loss = 0.395849, Epsilon = 0.8862
2025-06-08 15:32:26,497 - INFO - Step 118000: Target network updated
2025-06-08 15:32:27,401 - INFO - Step 119000: Loss = 0.637221, Epsilon = 0.8852
2025-06-08 15:32:27,602 - INFO - Episode 93: Reward = -2.1534, Portfolio = $621.75, Return = -93.78%, Cash = $382.03, Crypto = 0.009279, Steps = 1282
2025-06-08 15:32:28,332 - INFO - Step 120000: Loss = 0.399748, Epsilon = 0.8843
2025-06-08 15:32:28,332 - INFO - Step 120000: Target network updated
2025-06-08 15:32:28,795 - INFO - Episode 94: Reward = -2.2060, Portfolio = $578.14, Return = -94.22%, Cash = $499.51, Crypto = 0.003044, Steps = 1282
2025-06-08 15:32:29,224 - INFO - Step 121000: Loss = 1.019060, Epsilon = 0.8833
2025-06-08 15:32:29,893 - INFO - Episode 95: Reward = -2.5517, Portfolio = $535.08, Return = -94.65%, Cash = $105.11, Crypto = 0.016644, Steps = 1282
2025-06-08 15:32:30,072 - INFO - Step 122000: Loss = 0.453789, Epsilon = 0.8823
2025-06-08 15:32:30,072 - INFO - Step 122000: Target network updated
2025-06-08 15:32:30,913 - INFO - Step 123000: Loss = 0.946661, Epsilon = 0.8814
2025-06-08 15:32:30,973 - INFO - Episode 96: Reward = -2.2290, Portfolio = $415.67, Return = -95.84%, Cash = $173.46, Crypto = 0.009376, Steps = 1282
2025-06-08 15:32:31,758 - INFO - Step 124000: Loss = 0.333148, Epsilon = 0.8804
2025-06-08 15:32:31,758 - INFO - Step 124000: Target network updated
2025-06-08 15:32:32,057 - INFO - Episode 97: Reward = -2.1461, Portfolio = $709.35, Return = -92.91%, Cash = $369.22, Crypto = 0.013167, Steps = 1282
2025-06-08 15:32:32,599 - INFO - Step 125000: Loss = 0.745481, Epsilon = 0.8794
2025-06-08 15:32:33,136 - INFO - Episode 98: Reward = -2.3033, Portfolio = $530.29, Return = -94.70%, Cash = $161.73, Crypto = 0.014267, Steps = 1282
2025-06-08 15:32:33,440 - INFO - Step 126000: Loss = 0.193923, Epsilon = 0.8785
2025-06-08 15:32:33,441 - INFO - Step 126000: Target network updated
2025-06-08 15:32:34,219 - INFO - Episode 99: Reward = -1.9226, Portfolio = $725.79, Return = -92.74%, Cash = $84.93, Crypto = 0.024807, Steps = 1282
2025-06-08 15:32:34,288 - INFO - Step 127000: Loss = 0.843192, Epsilon = 0.8775
2025-06-08 15:32:35,128 - INFO - Step 128000: Loss = 0.286632, Epsilon = 0.8765
2025-06-08 15:32:35,128 - INFO - Step 128000: Target network updated
2025-06-08 15:32:35,301 - INFO - Episode 100: Reward = -2.3727, Portfolio = $558.65, Return = -94.41%, Cash = $438.39, Crypto = 0.004655, Steps = 1282
2025-06-08 15:32:35,301 - INFO - Episode 100 Summary: Avg Reward (100 eps) = -2.2369, Avg Portfolio (100 eps) = $583.67, Epsilon = 0.876
2025-06-08 15:32:35,301 - INFO - 
Detailed steps for Episode 100:
2025-06-08 15:32:35,301 - INFO - Step | Action | Price    | RSI   | PnL    | Reward    | Portfolio   | Cash       | Crypto
2025-06-08 15:32:35,301 - INFO - --------------------------------------------------------------------------------------------------------------
2025-06-08 15:32:35,301 - INFO -    0 | BUY  |  7909.73 |  21.9 |  -2.00% |   -0.0049 | $   9950.98 | $   7500.00 | 0.309869
2025-06-08 15:32:35,301 - INFO -    1 | BUY  |  7911.43 |  24.3 |   0.00% |   -0.0036 | $   9914.74 | $   5625.00 | 0.542221
2025-06-08 15:32:35,301 - INFO -    2 | HOLD |  4970.79 |  29.9 |   0.01% |   -0.1608 | $   8320.27 | $   5625.00 | 0.542221
2025-06-08 15:32:35,301 - INFO -    3 | BUY  |  5563.71 |  13.1 | -37.16% |    0.0353 | $   8614.18 | $   4218.75 | 0.790019
2025-06-08 15:32:35,301 - INFO -    4 | HOLD |  5200.37 |  22.5 | -22.45% |   -0.0333 | $   8327.14 | $   4218.75 | 0.790019
2025-06-08 15:32:35,301 - INFO -    5 | SELL |  5392.31 |  21.4 | -27.51% |    0.0118 | $   8425.53 | $   5230.51 | 0.592514
2025-06-08 15:32:35,301 - INFO -    6 | SELL |  5014.48 |  24.0 | -24.84% |   -0.0310 | $   8164.52 | $   5936.16 | 0.444386
2025-06-08 15:32:35,301 - INFO -    7 | HOLD |  5225.63 |  18.7 | -30.11% |    0.0115 | $   8258.35 | $   5936.16 | 0.444386
2025-06-08 15:32:35,301 - INFO -    8 | SELL |  5238.44 |  21.7 | -27.16% |   -0.0028 | $   8234.94 | $   6489.03 | 0.333289
2025-06-08 15:32:35,301 - INFO -    9 | BUY  |  6191.19 |  22.0 | -26.98% |    0.0347 | $   8520.68 | $   4866.77 | 0.590178
2025-06-08 15:32:35,301 - INFO -   10 | SELL |  6198.78 |  29.1 |  -8.23% |   -0.0048 | $   8479.43 | $   5735.64 | 0.442634
2025-06-08 15:32:35,301 - INFO -   11 | SELL |  6185.07 |  28.7 |  -8.12% |   -0.0048 | $   8439.13 | $   6385.85 | 0.331975
2025-06-08 15:32:35,301 - INFO -   12 | HOLD |  5830.25 |  29.6 |  -8.32% |   -0.0140 | $   8321.35 | $   6385.85 | 0.331975
2025-06-08 15:32:35,301 - INFO -   13 | HOLD |  6416.31 |  31.7 | -13.58% |    0.0234 | $   8515.90 | $   6385.85 | 0.331975
2025-06-08 15:32:35,301 - INFO -   14 | HOLD |  6734.80 |  38.6 |  -4.89% |    0.0124 | $   8621.63 | $   6385.85 | 0.331975
2025-06-08 15:32:35,301 - INFO -   15 | HOLD |  6681.06 |  41.5 |  -0.17% |   -0.0021 | $   8603.79 | $   6385.85 | 0.331975
2025-06-08 15:32:35,301 - INFO -   16 | BUY  |  6716.44 |  41.2 |  -0.97% |   -0.0023 | $   8584.23 | $   4789.38 | 0.565009
2025-06-08 15:32:35,302 - INFO -   17 | HOLD |  6469.80 |  71.4 |  -0.26% |   -0.0162 | $   8444.88 | $   4789.38 | 0.565009
2025-06-08 15:32:35,302 - INFO -   18 | SELL |  6242.19 |  62.2 |  -3.92% |   -0.0204 | $   8272.19 | $   5627.02 | 0.423757
2025-06-08 15:32:35,302 - INFO -   19 | HOLD |  5922.04 |  64.5 |  -7.30% |   -0.0024 | $   8136.53 | $   5627.02 | 0.423757
2025-06-08 15:32:35,302 - INFO -   ...    ...      ...       ...     ...       ...         ...          ...         ...
2025-06-08 15:32:35,302 - INFO - 1262 | HOLD | 26162.37 |  15.2 |  -4.11% |   -0.0052 | $    574.59 | $    357.18 | 0.008310
2025-06-08 15:32:35,302 - INFO - 1263 | HOLD | 26047.67 |  14.8 |  -5.08% |   -0.0053 | $    573.63 | $    357.18 | 0.008310
2025-06-08 15:32:35,302 - INFO - 1264 | SELL | 26008.46 |  14.5 |  -5.50% |   -0.0054 | $    570.60 | $    408.51 | 0.006232
2025-06-08 15:32:35,302 - INFO - 1265 | HOLD | 26089.69 |  14.0 |  -5.64% |   -0.0056 | $    571.11 | $    408.51 | 0.006232
2025-06-08 15:32:35,302 - INFO - 1266 | BUY  | 26106.15 |  15.9 |  -5.35% |   -0.0076 | $    569.21 | $    306.38 | 0.010068
2025-06-08 15:32:35,302 - INFO - 1267 | SELL | 27727.39 |  13.9 |  -3.34% |   -0.0038 | $    582.04 | $    372.68 | 0.007551
2025-06-08 15:32:35,302 - INFO - 1268 | HOLD | 27297.27 |  37.9 |   2.66% |   -0.0037 | $    578.80 | $    372.68 | 0.007551
2025-06-08 15:32:35,302 - INFO - 1269 | SELL | 25931.47 |  38.1 |   1.07% |   -0.0045 | $    566.04 | $    419.18 | 0.005663
2025-06-08 15:32:35,302 - INFO - 1270 | HOLD | 25800.72 |  43.0 |  -3.99% |   -0.0044 | $    565.30 | $    419.18 | 0.005663
2025-06-08 15:32:35,302 - INFO - 1271 | SELL | 25868.80 |  47.4 |  -4.47% |   -0.0042 | $    563.85 | $    453.98 | 0.004247
2025-06-08 15:32:35,302 - INFO - 1272 | SELL | 25969.57 |  47.6 |  -4.22% |   -0.0043 | $    562.90 | $    480.17 | 0.003186
2025-06-08 15:32:35,302 - INFO - 1273 | SELL | 25812.42 |  47.7 |  -3.85% |   -0.0039 | $    561.37 | $    499.70 | 0.002389
2025-06-08 15:32:35,302 - INFO - 1274 | SELL | 25779.98 |  46.8 |  -4.43% |   -0.0034 | $    560.52 | $    514.33 | 0.001792
2025-06-08 15:32:35,302 - INFO - 1275 | HOLD | 25753.24 |  47.4 |  -4.55% |   -0.0024 | $    560.48 | $    514.33 | 0.001792
2025-06-08 15:32:35,302 - INFO - 1276 | SELL | 26240.20 |  42.4 |  -4.65% |   -0.0020 | $    560.76 | $    525.50 | 0.001344
2025-06-08 15:32:35,302 - INFO - 1277 | HOLD | 25905.65 |  50.8 |  -2.85% |   -0.0021 | $    560.31 | $    525.50 | 0.001344
2025-06-08 15:32:35,302 - INFO - 1278 | HOLD | 25895.68 |  48.5 |  -4.08% |   -0.0020 | $    560.30 | $    525.50 | 0.001344
2025-06-08 15:32:35,302 - INFO - 1279 | SELL | 25832.23 |  48.8 |  -4.12% |   -0.0020 | $    559.78 | $    533.74 | 0.001008
2025-06-08 15:32:35,302 - INFO - 1280 | BUY  | 25162.65 |  47.3 |  -4.36% |   -0.0021 | $    556.49 | $    400.31 | 0.006207
2025-06-08 15:32:35,302 - INFO - 1281 | SELL | 25833.34 |  41.4 |  -1.18% |   -0.0022 | $    558.65 | $    438.39 | 0.004655
2025-06-08 15:32:35,302 - INFO - 
Action distribution for Episode 100:
2025-06-08 15:32:35,302 - INFO -   HOLD:  442 ( 34.5%)
2025-06-08 15:32:35,302 - INFO -   BUY:   392 ( 30.6%)
2025-06-08 15:32:35,302 - INFO -   SELL:  448 ( 34.9%)
2025-06-08 15:32:35,302 - INFO - --------------------------------------------------------------------------------------------------------------
2025-06-08 15:32:35,976 - INFO - Step 129000: Loss = 1.344912, Epsilon = 0.8756
2025-06-08 15:32:36,396 - INFO - Episode 101: Reward = -2.3898, Portfolio = $704.42, Return = -92.96%, Cash = $491.01, Crypto = 0.008261, Steps = 1282
2025-06-08 15:32:36,835 - INFO - Step 130000: Loss = 0.212589, Epsilon = 0.8746
2025-06-08 15:32:36,836 - INFO - Step 130000: Target network updated
2025-06-08 15:32:37,494 - INFO - Episode 102: Reward = -2.2289, Portfolio = $649.26, Return = -93.51%, Cash = $229.15, Crypto = 0.016262, Steps = 1282
2025-06-08 15:32:37,691 - INFO - Step 131000: Loss = 0.733463, Epsilon = 0.8736
2025-06-08 15:32:38,610 - INFO - Step 132000: Loss = 0.609280, Epsilon = 0.8727
2025-06-08 15:32:38,610 - INFO - Step 132000: Target network updated
2025-06-08 15:32:38,651 - INFO - Episode 103: Reward = -2.3193, Portfolio = $643.96, Return = -93.56%, Cash = $219.73, Crypto = 0.016422, Steps = 1282
2025-06-08 15:32:39,458 - INFO - Step 133000: Loss = 0.910451, Epsilon = 0.8717
2025-06-08 15:32:39,734 - INFO - Episode 104: Reward = -1.9570, Portfolio = $1080.17, Return = -89.20%, Cash = $592.03, Crypto = 0.018896, Steps = 1282
2025-06-08 15:32:40,310 - INFO - Step 134000: Loss = 0.344768, Epsilon = 0.8708
2025-06-08 15:32:40,311 - INFO - Step 134000: Target network updated
2025-06-08 15:32:40,827 - INFO - Episode 105: Reward = -2.4415, Portfolio = $432.36, Return = -95.68%, Cash = $171.43, Crypto = 0.010101, Steps = 1282
2025-06-08 15:32:41,166 - INFO - Step 135000: Loss = 1.481713, Epsilon = 0.8698
2025-06-08 15:32:41,958 - INFO - Episode 106: Reward = -2.0541, Portfolio = $752.62, Return = -92.47%, Cash = $523.03, Crypto = 0.008887, Steps = 1282
2025-06-08 15:32:42,052 - INFO - Step 136000: Loss = 0.328678, Epsilon = 0.8688
2025-06-08 15:32:42,052 - INFO - Step 136000: Target network updated
2025-06-08 15:32:42,911 - INFO - Step 137000: Loss = 1.116841, Epsilon = 0.8679
2025-06-08 15:32:43,056 - INFO - Episode 107: Reward = -2.1237, Portfolio = $764.65, Return = -92.35%, Cash = $397.59, Crypto = 0.014209, Steps = 1282
2025-06-08 15:32:43,754 - INFO - Step 138000: Loss = 0.524573, Epsilon = 0.8669
2025-06-08 15:32:43,754 - INFO - Step 138000: Target network updated
2025-06-08 15:32:44,139 - INFO - Episode 108: Reward = -2.1376, Portfolio = $697.90, Return = -93.02%, Cash = $224.68, Crypto = 0.018318, Steps = 1282
2025-06-08 15:32:44,611 - INFO - Step 139000: Loss = 0.601408, Epsilon = 0.8659
2025-06-08 15:32:45,236 - INFO - Episode 109: Reward = -2.6316, Portfolio = $468.53, Return = -95.31%, Cash = $123.17, Crypto = 0.013369, Steps = 1282
2025-06-08 15:32:45,458 - INFO - Step 140000: Loss = 0.213833, Epsilon = 0.8650
2025-06-08 15:32:45,458 - INFO - Step 140000: Target network updated
2025-06-08 15:32:46,314 - INFO - Step 141000: Loss = 0.387956, Epsilon = 0.8640
2025-06-08 15:32:46,331 - INFO - Episode 110: Reward = -2.4074, Portfolio = $512.14, Return = -94.88%, Cash = $90.87, Crypto = 0.016307, Steps = 1282
2025-06-08 15:32:46,331 - INFO - Episode 110 Summary: Avg Reward (100 eps) = -2.2378, Avg Portfolio (100 eps) = $595.56, Epsilon = 0.864
2025-06-08 15:32:46,331 - INFO - 
Detailed steps for Episode 110:
2025-06-08 15:32:46,331 - INFO - Step | Action | Price    | RSI   | PnL    | Reward    | Portfolio   | Cash       | Crypto
2025-06-08 15:32:46,331 - INFO - --------------------------------------------------------------------------------------------------------------
2025-06-08 15:32:46,331 - INFO -    0 | SELL |  7909.73 |  21.9 |  -2.00% |   -0.0100 | $  10000.00 | $  10000.00 | 0.000000
2025-06-08 15:32:46,331 - INFO -    1 | HOLD |  7911.43 |  24.3 |  -2.00% |    0.0000 | $  10000.00 | $  10000.00 | 0.000000
2025-06-08 15:32:46,331 - INFO -    2 | BUY  |  4970.79 |  29.9 |  -2.00% |   -0.0049 | $   9950.98 | $   7500.00 | 0.493077
2025-06-08 15:32:46,331 - INFO -    3 | BUY  |  5563.71 |  13.1 |   0.00% |    0.0257 | $  10206.57 | $   5625.00 | 0.823474
2025-06-08 15:32:46,331 - INFO -    4 | HOLD |  5200.37 |  22.5 |   6.82% |   -0.0293 | $   9907.37 | $   5625.00 | 0.823474
2025-06-08 15:32:46,331 - INFO -    5 | BUY  |  5392.31 |  21.4 |  -0.16% |    0.0132 | $  10037.86 | $   4218.75 | 1.079149
2025-06-08 15:32:46,331 - INFO -    6 | SELL |  5014.48 |  24.0 |   2.67% |   -0.0474 | $   9562.48 | $   5503.95 | 0.809362
2025-06-08 15:32:46,331 - INFO -    7 | SELL |  5225.63 |  18.7 |  -4.53% |    0.0123 | $   9680.51 | $   6508.44 | 0.607021
2025-06-08 15:32:46,331 - INFO -    8 | SELL |  5238.44 |  21.7 |  -0.51% |   -0.0033 | $   9648.53 | $   7263.65 | 0.455266
2025-06-08 15:32:46,331 - INFO -    9 | BUY  |  6191.19 |  22.0 |  -0.26% |    0.0413 | $  10046.68 | $   5447.74 | 0.742821
2025-06-08 15:32:46,331 - INFO -   10 | SELL |  6198.78 |  29.1 |  10.25% |   -0.0052 | $   9994.76 | $   6541.33 | 0.557115
2025-06-08 15:32:46,331 - INFO -   11 | SELL |  6185.07 |  28.7 |  10.38% |   -0.0051 | $   9944.05 | $   7359.70 | 0.417837
2025-06-08 15:32:46,331 - INFO -   12 | BUY  |  5830.25 |  29.6 |  10.14% |   -0.0185 | $   9759.72 | $   5519.78 | 0.727231
2025-06-08 15:32:46,331 - INFO -   13 | BUY  |  6416.31 |  31.7 |   2.16% |    0.0409 | $  10158.86 | $   4139.83 | 0.938082
2025-06-08 15:32:46,331 - INFO -   14 | HOLD |  6734.80 |  38.6 |   9.37% |    0.0294 | $  10457.63 | $   4139.83 | 0.938082
2025-06-08 15:32:46,331 - INFO -   15 | BUY  |  6681.06 |  41.5 |  14.80% |   -0.0068 | $  10386.92 | $   3104.87 | 1.089954
2025-06-08 15:32:46,331 - INFO -   16 | BUY  |  6716.44 |  41.2 |  11.72% |    0.0022 | $  10410.26 | $   2328.66 | 1.203258
2025-06-08 15:32:46,331 - INFO -   17 | HOLD |  6469.80 |  71.4 |  11.03% |   -0.0285 | $  10113.49 | $   2328.66 | 1.203258
2025-06-08 15:32:46,331 - INFO -   18 | SELL |  6242.19 |  62.2 |   6.95% |   -0.0364 | $   9745.74 | $   4112.51 | 0.902443
2025-06-08 15:32:46,331 - INFO -   19 | SELL |  5922.04 |  64.5 |   3.19% |   -0.0012 | $   9390.01 | $   5381.78 | 0.676832
2025-06-08 15:32:46,331 - INFO -   ...    ...      ...       ...     ...       ...         ...          ...         ...
2025-06-08 15:32:46,331 - INFO - 1262 | BUY  | 26162.37 |  15.2 |  -5.14% |   -0.0060 | $    538.00 | $    178.24 | 0.013751
2025-06-08 15:32:46,331 - INFO - 1263 | HOLD | 26047.67 |  14.8 |  -5.17% |   -0.0060 | $    536.42 | $    178.24 | 0.013751
2025-06-08 15:32:46,331 - INFO - 1264 | SELL | 26008.46 |  14.5 |  -5.58% |   -0.0062 | $    531.41 | $    263.18 | 0.010313
2025-06-08 15:32:46,331 - INFO - 1265 | SELL | 26089.69 |  14.0 |  -5.72% |   -0.0067 | $    528.89 | $    327.08 | 0.007735
2025-06-08 15:32:46,331 - INFO - 1266 | SELL | 26106.15 |  15.9 |  -5.43% |   -0.0078 | $    526.49 | $    375.04 | 0.005801
2025-06-08 15:32:46,331 - INFO - 1267 | HOLD | 27727.39 |  13.9 |  -5.37% |   -0.0054 | $    535.89 | $    375.04 | 0.005801
2025-06-08 15:32:46,331 - INFO - 1268 | HOLD | 27297.27 |  37.9 |   0.51% |   -0.0053 | $    533.40 | $    375.04 | 0.005801
2025-06-08 15:32:46,331 - INFO - 1269 | BUY  | 25931.47 |  38.1 |  -1.05% |   -0.0058 | $    523.64 | $    281.28 | 0.009346
2025-06-08 15:32:46,332 - INFO - 1270 | BUY  | 25800.72 |  43.0 |  -3.81% |   -0.0061 | $    521.04 | $    210.96 | 0.012018
2025-06-08 15:32:46,332 - INFO - 1271 | BUY  | 25868.80 |  47.4 |  -3.37% |   -0.0060 | $    520.82 | $    158.22 | 0.014017
2025-06-08 15:32:46,332 - INFO - 1272 | HOLD | 25969.57 |  47.6 |  -2.69% |   -0.0059 | $    522.23 | $    158.22 | 0.014017
2025-06-08 15:32:46,332 - INFO - 1273 | BUY  | 25812.42 |  47.7 |  -2.31% |   -0.0057 | $    519.25 | $    118.67 | 0.015519
2025-06-08 15:32:46,332 - INFO - 1274 | BUY  | 25779.98 |  46.8 |  -2.63% |   -0.0054 | $    518.17 | $     89.00 | 0.016647
2025-06-08 15:32:46,332 - INFO - 1275 | BUY  | 25753.24 |  47.4 |  -2.57% |   -0.0053 | $    517.29 | $     66.75 | 0.017494
2025-06-08 15:32:46,332 - INFO - 1276 | HOLD | 26240.20 |  42.4 |  -2.54% |   -0.0028 | $    525.81 | $     66.75 | 0.017494
2025-06-08 15:32:46,332 - INFO - 1277 | BUY  | 25905.65 |  50.8 |  -0.70% |   -0.0031 | $    519.63 | $     50.06 | 0.018126
2025-06-08 15:32:46,332 - INFO - 1278 | SELL | 25895.68 |  48.5 |  -1.90% |   -0.0038 | $    513.58 | $    161.54 | 0.013594
2025-06-08 15:32:46,332 - INFO - 1279 | BUY  | 25832.23 |  48.8 |  -1.94% |   -0.0038 | $    511.92 | $    121.16 | 0.015127
2025-06-08 15:32:46,332 - INFO - 1280 | BUY  | 25162.65 |  47.3 |  -1.96% |   -0.0041 | $    501.20 | $     90.87 | 0.016307
2025-06-08 15:32:46,332 - INFO - 1281 | HOLD | 25833.34 |  41.4 |  -4.19% |   -0.0027 | $    512.14 | $     90.87 | 0.016307
2025-06-08 15:32:46,332 - INFO - 
Action distribution for Episode 110:
2025-06-08 15:32:46,332 - INFO -   HOLD:  420 ( 32.8%)
2025-06-08 15:32:46,332 - INFO -   BUY:   418 ( 32.6%)
2025-06-08 15:32:46,332 - INFO -   SELL:  444 ( 34.6%)
2025-06-08 15:32:46,332 - INFO - --------------------------------------------------------------------------------------------------------------
2025-06-08 15:32:47,173 - INFO - Step 142000: Loss = 0.114163, Epsilon = 0.8630
2025-06-08 15:32:47,173 - INFO - Step 142000: Target network updated
2025-06-08 15:32:47,429 - INFO - Episode 111: Reward = -2.3105, Portfolio = $527.09, Return = -94.73%, Cash = $267.92, Crypto = 0.010033, Steps = 1282
2025-06-08 15:32:48,024 - INFO - Step 143000: Loss = 0.314849, Epsilon = 0.8621
2025-06-08 15:32:48,567 - INFO - Episode 112: Reward = -2.1605, Portfolio = $539.23, Return = -94.61%, Cash = $263.84, Crypto = 0.010660, Steps = 1282
2025-06-08 15:32:48,975 - INFO - Step 144000: Loss = 0.168825, Epsilon = 0.8611
2025-06-08 15:32:48,975 - INFO - Step 144000: Target network updated
2025-06-08 15:32:49,795 - INFO - Episode 113: Reward = -2.2584, Portfolio = $531.35, Return = -94.69%, Cash = $284.81, Crypto = 0.009543, Steps = 1282
2025-06-08 15:32:49,926 - INFO - Step 145000: Loss = 0.662329, Epsilon = 0.8601
2025-06-08 15:32:50,783 - INFO - Step 146000: Loss = 0.181182, Epsilon = 0.8592
2025-06-08 15:32:50,783 - INFO - Step 146000: Target network updated
2025-06-08 15:32:50,908 - INFO - Episode 114: Reward = -1.9586, Portfolio = $595.26, Return = -94.05%, Cash = $452.76, Crypto = 0.005516, Steps = 1282
2025-06-08 15:32:51,639 - INFO - Step 147000: Loss = 0.607983, Epsilon = 0.8582
2025-06-08 15:32:52,007 - INFO - Episode 115: Reward = -2.1864, Portfolio = $779.74, Return = -92.20%, Cash = $484.43, Crypto = 0.011431, Steps = 1282
2025-06-08 15:32:52,495 - INFO - Step 148000: Loss = 0.361401, Epsilon = 0.8572
2025-06-08 15:32:52,495 - INFO - Step 148000: Target network updated
2025-06-08 15:32:53,098 - INFO - Episode 116: Reward = -2.2524, Portfolio = $711.87, Return = -92.88%, Cash = $429.00, Crypto = 0.010950, Steps = 1282
2025-06-08 15:32:53,350 - INFO - Step 149000: Loss = 0.982096, Epsilon = 0.8563
2025-06-08 15:32:54,233 - INFO - Episode 117: Reward = -2.0571, Portfolio = $504.79, Return = -94.95%, Cash = $169.24, Crypto = 0.012989, Steps = 1282
2025-06-08 15:32:54,241 - INFO - Step 150000: Loss = 0.493973, Epsilon = 0.8553
2025-06-08 15:32:54,241 - INFO - Step 150000: Target network updated
2025-06-08 15:32:55,162 - INFO - Step 151000: Loss = 3.094501, Epsilon = 0.8544
2025-06-08 15:32:55,425 - INFO - Episode 118: Reward = -2.2615, Portfolio = $601.32, Return = -93.99%, Cash = $79.47, Crypto = 0.020200, Steps = 1282
2025-06-08 15:32:56,067 - INFO - Step 152000: Loss = 0.540369, Epsilon = 0.8534
2025-06-08 15:32:56,067 - INFO - Step 152000: Target network updated
2025-06-08 15:32:56,592 - INFO - Episode 119: Reward = -1.9361, Portfolio = $631.64, Return = -93.68%, Cash = $149.34, Crypto = 0.018670, Steps = 1282
2025-06-08 15:32:56,978 - INFO - Step 153000: Loss = 1.608187, Epsilon = 0.8524
2025-06-08 15:32:57,757 - INFO - Episode 120: Reward = -2.2803, Portfolio = $462.03, Return = -95.38%, Cash = $138.79, Crypto = 0.012512, Steps = 1282
2025-06-08 15:32:57,757 - INFO - Episode 120 Summary: Avg Reward (100 eps) = -2.2226, Avg Portfolio (100 eps) = $599.34, Epsilon = 0.852
2025-06-08 15:32:57,757 - INFO - 
Detailed steps for Episode 120:
2025-06-08 15:32:57,757 - INFO - Step | Action | Price    | RSI   | PnL    | Reward    | Portfolio   | Cash       | Crypto
2025-06-08 15:32:57,757 - INFO - --------------------------------------------------------------------------------------------------------------
2025-06-08 15:32:57,757 - INFO -    0 | SELL |  7909.73 |  21.9 |  -2.00% |   -0.0100 | $  10000.00 | $  10000.00 | 0.000000
2025-06-08 15:32:57,757 - INFO -    1 | BUY  |  7911.43 |  24.3 |  -2.00% |   -0.0049 | $   9950.98 | $   7500.00 | 0.309802
2025-06-08 15:32:57,757 - INFO -    2 | SELL |  4970.79 |  29.9 |   0.00% |   -0.0935 | $   9020.71 | $   7865.74 | 0.232352
2025-06-08 15:32:57,757 - INFO -    3 | BUY  |  5563.71 |  13.1 | -37.17% |    0.0110 | $   9119.92 | $   5899.31 | 0.578861
2025-06-08 15:32:57,757 - INFO -    4 | BUY  |  5200.37 |  22.5 | -14.48% |   -0.0262 | $   8880.68 | $   4424.48 | 0.856901
2025-06-08 15:32:57,757 - INFO -    5 | BUY  |  5392.31 |  21.4 | -14.50% |    0.0161 | $   9023.47 | $   3318.36 | 1.058008
2025-06-08 15:32:57,757 - INFO -    6 | BUY  |  5014.48 |  24.0 |  -9.39% |   -0.0461 | $   8607.45 | $   2488.77 | 1.220203
2025-06-08 15:32:57,758 - INFO -    7 | BUY  |  5225.63 |  18.7 | -13.94% |    0.0285 | $   8852.90 | $   1866.58 | 1.336934
2025-06-08 15:32:57,758 - INFO -    8 | SELL |  5238.44 |  21.7 |  -9.50% |   -0.0080 | $   8782.48 | $   3529.90 | 1.002700
2025-06-08 15:32:57,758 - INFO -    9 | BUY  |  6191.19 |  22.0 |  -9.28% |    0.1068 | $   9720.50 | $   2647.42 | 1.142442
2025-06-08 15:32:57,758 - INFO -   10 | SELL |  6198.78 |  29.1 |   6.28% |   -0.0082 | $   9640.65 | $   4329.34 | 0.856832
2025-06-08 15:32:57,758 - INFO -   11 | SELL |  6185.07 |  28.7 |   6.41% |   -0.0081 | $   9562.65 | $   5587.98 | 0.642624
2025-06-08 15:32:57,758 - INFO -   12 | SELL |  5830.25 |  29.6 |   6.18% |   -0.0287 | $   9287.81 | $   6477.81 | 0.481968
2025-06-08 15:32:57,758 - INFO -   13 | HOLD |  6416.31 |  31.7 |   0.09% |    0.0304 | $   9570.27 | $   6477.81 | 0.481968
2025-06-08 15:32:57,758 - INFO -   14 | SELL |  6734.80 |  38.6 |  10.15% |    0.0118 | $   9683.20 | $   7248.73 | 0.361476
2025-06-08 15:32:57,758 - INFO -   15 | SELL |  6681.06 |  41.5 |  15.61% |   -0.0051 | $   9633.59 | $   7822.30 | 0.271107
2025-06-08 15:32:57,758 - INFO -   16 | SELL |  6716.44 |  41.2 |  14.69% |   -0.0014 | $   9620.42 | $   8254.76 | 0.203330
2025-06-08 15:32:57,758 - INFO -   17 | HOLD |  6469.80 |  71.4 |  15.30% |   -0.0052 | $   9570.27 | $   8254.76 | 0.203330
2025-06-08 15:32:57,758 - INFO -   18 | BUY  |  6242.19 |  62.2 |  11.07% |   -0.0091 | $   9483.52 | $   6191.07 | 0.527451
2025-06-08 15:32:57,758 - INFO -   19 | BUY  |  5922.04 |  64.5 |   2.64% |   -0.0009 | $   9284.31 | $   4643.30 | 0.783684
2025-06-08 15:32:57,758 - INFO -   ...    ...      ...       ...     ...       ...         ...          ...         ...
2025-06-08 15:32:57,758 - INFO - 1262 | HOLD | 26162.37 |  15.2 |  -4.93% |   -0.0060 | $    481.28 | $    265.62 | 0.008243
2025-06-08 15:32:57,758 - INFO - 1263 | HOLD | 26047.67 |  14.8 |  -5.90% |   -0.0057 | $    480.33 | $    265.62 | 0.008243
2025-06-08 15:32:57,758 - INFO - 1264 | BUY  | 26008.46 |  14.5 |  -6.31% |   -0.0057 | $    478.71 | $    199.21 | 0.010746
2025-06-08 15:32:57,758 - INFO - 1265 | HOLD | 26089.69 |  14.0 |  -5.03% |   -0.0058 | $    479.58 | $    199.21 | 0.010746
2025-06-08 15:32:57,758 - INFO - 1266 | HOLD | 26106.15 |  15.9 |  -4.73% |   -0.0067 | $    479.76 | $    199.21 | 0.010746
2025-06-08 15:32:57,758 - INFO - 1267 | SELL | 27727.39 |  13.9 |  -4.67% |   -0.0038 | $    493.46 | $    269.98 | 0.008060
2025-06-08 15:32:57,758 - INFO - 1268 | HOLD | 27297.27 |  37.9 |   1.25% |   -0.0038 | $    489.99 | $    269.98 | 0.008060
2025-06-08 15:32:57,758 - INFO - 1269 | SELL | 25931.47 |  38.1 |  -0.32% |   -0.0044 | $    476.37 | $    319.62 | 0.006045
2025-06-08 15:32:57,758 - INFO - 1270 | HOLD | 25800.72 |  43.0 |  -5.31% |   -0.0045 | $    475.58 | $    319.62 | 0.006045
2025-06-08 15:32:57,758 - INFO - 1271 | SELL | 25868.80 |  47.4 |  -5.78% |   -0.0045 | $    474.04 | $    356.76 | 0.004534
2025-06-08 15:32:57,758 - INFO - 1272 | SELL | 25969.57 |  47.6 |  -5.54% |   -0.0046 | $    473.02 | $    384.72 | 0.003400
2025-06-08 15:32:57,758 - INFO - 1273 | SELL | 25812.42 |  47.7 |  -5.17% |   -0.0045 | $    471.39 | $    405.56 | 0.002550
2025-06-08 15:32:57,758 - INFO - 1274 | BUY  | 25779.98 |  46.8 |  -5.74% |   -0.0040 | $    469.32 | $    304.17 | 0.006406
2025-06-08 15:32:57,758 - INFO - 1275 | BUY  | 25753.24 |  47.4 |  -2.42% |   -0.0033 | $    467.66 | $    228.13 | 0.009301
2025-06-08 15:32:57,758 - INFO - 1276 | SELL | 26240.20 |  42.4 |  -1.75% |   -0.0022 | $    469.13 | $    286.09 | 0.006976
2025-06-08 15:32:57,758 - INFO - 1277 | HOLD | 25905.65 |  50.8 |   0.11% |   -0.0024 | $    466.80 | $    286.09 | 0.006976
2025-06-08 15:32:57,758 - INFO - 1278 | SELL | 25895.68 |  48.5 |  -1.17% |   -0.0028 | $    464.47 | $    328.99 | 0.005232
2025-06-08 15:32:57,758 - INFO - 1279 | BUY  | 25832.23 |  48.8 |  -1.21% |   -0.0026 | $    462.53 | $    246.75 | 0.008353
2025-06-08 15:32:57,758 - INFO - 1280 | BUY  | 25162.65 |  47.3 |  -0.91% |   -0.0030 | $    455.73 | $    185.06 | 0.010757
2025-06-08 15:32:57,758 - INFO - 1281 | BUY  | 25833.34 |  41.4 |  -2.72% |   -0.0022 | $    462.03 | $    138.79 | 0.012512
2025-06-08 15:32:57,758 - INFO - 
Action distribution for Episode 120:
2025-06-08 15:32:57,758 - INFO -   HOLD:  407 ( 31.7%)
2025-06-08 15:32:57,758 - INFO -   BUY:   444 ( 34.6%)
2025-06-08 15:32:57,758 - INFO -   SELL:  431 ( 33.6%)
2025-06-08 15:32:57,758 - INFO - --------------------------------------------------------------------------------------------------------------
2025-06-08 15:32:57,910 - INFO - Step 154000: Loss = 0.299756, Epsilon = 0.8515
2025-06-08 15:32:57,911 - INFO - Step 154000: Target network updated
2025-06-08 15:32:58,826 - INFO - Step 155000: Loss = 0.386619, Epsilon = 0.8505
2025-06-08 15:32:58,936 - INFO - Episode 121: Reward = -2.0365, Portfolio = $874.39, Return = -91.26%, Cash = $420.34, Crypto = 0.017576, Steps = 1282
2025-06-08 15:32:59,712 - INFO - Step 156000: Loss = 0.332661, Epsilon = 0.8495
2025-06-08 15:32:59,713 - INFO - Step 156000: Target network updated
2025-06-08 15:33:00,056 - INFO - Episode 122: Reward = -2.1297, Portfolio = $446.42, Return = -95.54%, Cash = $249.94, Crypto = 0.007606, Steps = 1282
2025-06-08 15:33:00,566 - INFO - Step 157000: Loss = 0.267480, Epsilon = 0.8486
2025-06-08 15:33:01,204 - INFO - Episode 123: Reward = -2.3103, Portfolio = $403.30, Return = -95.97%, Cash = $237.57, Crypto = 0.006415, Steps = 1282
2025-06-08 15:33:01,499 - INFO - Step 158000: Loss = 0.336272, Epsilon = 0.8476
2025-06-08 15:33:01,500 - INFO - Step 158000: Target network updated
2025-06-08 15:33:02,352 - INFO - Episode 124: Reward = -2.2525, Portfolio = $564.21, Return = -94.36%, Cash = $484.06, Crypto = 0.003103, Steps = 1282
2025-06-08 15:33:02,379 - INFO - Step 159000: Loss = 1.474847, Epsilon = 0.8466
2025-06-08 15:33:03,262 - INFO - Step 160000: Loss = 0.557332, Epsilon = 0.8457
2025-06-08 15:33:03,262 - INFO - Step 160000: Target network updated
2025-06-08 15:33:03,472 - INFO - Episode 125: Reward = -2.0332, Portfolio = $512.21, Return = -94.88%, Cash = $133.06, Crypto = 0.014677, Steps = 1282
2025-06-08 15:33:04,115 - INFO - Step 161000: Loss = 0.650675, Epsilon = 0.8447
2025-06-08 15:33:04,573 - INFO - Episode 126: Reward = -2.3431, Portfolio = $742.46, Return = -92.58%, Cash = $526.82, Crypto = 0.008347, Steps = 1282
2025-06-08 15:33:04,977 - INFO - Step 162000: Loss = 0.234400, Epsilon = 0.8437
2025-06-08 15:33:04,977 - INFO - Step 162000: Target network updated
2025-06-08 15:33:05,697 - INFO - Episode 127: Reward = -2.1653, Portfolio = $717.29, Return = -92.83%, Cash = $161.17, Crypto = 0.021527, Steps = 1282
2025-06-08 15:33:05,857 - INFO - Step 163000: Loss = 0.516076, Epsilon = 0.8428
2025-06-08 15:33:06,736 - INFO - Step 164000: Loss = 0.312631, Epsilon = 0.8418
2025-06-08 15:33:06,737 - INFO - Step 164000: Target network updated
2025-06-08 15:33:06,819 - INFO - Episode 128: Reward = -2.0234, Portfolio = $780.67, Return = -92.19%, Cash = $352.04, Crypto = 0.016592, Steps = 1282
2025-06-08 15:33:07,603 - INFO - Step 165000: Loss = 0.221907, Epsilon = 0.8409
2025-06-08 15:33:07,976 - INFO - Episode 129: Reward = -2.4568, Portfolio = $393.01, Return = -96.07%, Cash = $80.15, Crypto = 0.012111, Steps = 1282
2025-06-08 15:33:08,529 - INFO - Step 166000: Loss = 0.320239, Epsilon = 0.8399
2025-06-08 15:33:08,529 - INFO - Step 166000: Target network updated
2025-06-08 15:33:09,120 - INFO - Episode 130: Reward = -2.0329, Portfolio = $690.73, Return = -93.09%, Cash = $287.75, Crypto = 0.015599, Steps = 1282
2025-06-08 15:33:09,121 - INFO - Episode 130 Summary: Avg Reward (100 eps) = -2.2199, Avg Portfolio (100 eps) = $603.48, Epsilon = 0.839
2025-06-08 15:33:09,121 - INFO - 
Detailed steps for Episode 130:
2025-06-08 15:33:09,121 - INFO - Step | Action | Price    | RSI   | PnL    | Reward    | Portfolio   | Cash       | Crypto
2025-06-08 15:33:09,121 - INFO - --------------------------------------------------------------------------------------------------------------
2025-06-08 15:33:09,121 - INFO -    0 | BUY  |  7909.73 |  21.9 |  -2.00% |   -0.0049 | $   9950.98 | $   7500.00 | 0.309869
2025-06-08 15:33:09,121 - INFO -    1 | BUY  |  7911.43 |  24.3 |   0.00% |   -0.0036 | $   9914.74 | $   5625.00 | 0.542221
2025-06-08 15:33:09,121 - INFO -    2 | BUY  |  4970.79 |  29.9 |   0.01% |   -0.1636 | $   8292.69 | $   4218.75 | 0.819577
2025-06-08 15:33:09,121 - INFO -    3 | HOLD |  5563.71 |  13.1 | -28.12% |    0.0586 | $   8778.63 | $   4218.75 | 0.819577
2025-06-08 15:33:09,121 - INFO -    4 | BUY  |  5200.37 |  22.5 | -19.55% |   -0.0363 | $   8460.17 | $   3164.06 | 1.018410
2025-06-08 15:33:09,121 - INFO -    5 | BUY  |  5392.31 |  21.4 | -20.98% |    0.0213 | $   8640.14 | $   2373.05 | 1.162227
2025-06-08 15:33:09,121 - INFO -    6 | BUY  |  5014.48 |  24.0 | -16.19% |   -0.0522 | $   8189.38 | $   1779.79 | 1.278217
2025-06-08 15:33:09,121 - INFO -    7 | HOLD |  5225.63 |  18.7 | -20.47% |    0.0330 | $   8459.27 | $   1779.79 | 1.278217
2025-06-08 15:33:09,121 - INFO -    8 | HOLD |  5238.44 |  21.7 | -17.12% |    0.0019 | $   8475.65 | $   1779.79 | 1.278217
2025-06-08 15:33:09,121 - INFO -    9 | SELL |  6191.19 |  22.0 | -16.91% |    0.1320 | $   9594.55 | $   3659.29 | 0.958663
2025-06-08 15:33:09,121 - INFO -   10 | SELL |  6198.78 |  29.1 |  -1.80% |   -0.0070 | $   9527.54 | $   5070.64 | 0.718997
2025-06-08 15:33:09,121 - INFO -   11 | BUY  |  6185.07 |  28.7 |  -1.68% |   -0.0036 | $   9492.83 | $   3802.98 | 0.919933
2025-06-08 15:33:09,121 - INFO -   12 | BUY  |  5830.25 |  29.6 |  -1.49% |   -0.0363 | $   9147.78 | $   2852.23 | 1.079807
2025-06-08 15:33:09,121 - INFO -   13 | HOLD |  6416.31 |  31.7 |  -6.15% |    0.0692 | $   9780.61 | $   2852.23 | 1.079807
2025-06-08 15:33:09,121 - INFO -   14 | HOLD |  6734.80 |  38.6 |   3.28% |    0.0352 | $  10124.52 | $   2852.23 | 1.079807
2025-06-08 15:33:09,121 - INFO -   15 | HOLD |  6681.06 |  41.5 |   8.41% |   -0.0057 | $  10066.49 | $   2852.23 | 1.079807
2025-06-08 15:33:09,121 - INFO -   16 | BUY  |  6716.44 |  41.2 |   7.55% |    0.0024 | $  10090.71 | $   2139.18 | 1.183891
2025-06-08 15:33:09,121 - INFO -   17 | SELL |  6469.80 |  71.4 |   7.35% |   -0.0384 | $   9702.97 | $   3958.32 | 0.887918
2025-06-08 15:33:09,121 - INFO -   18 | BUY  |  6242.19 |  62.2 |   3.41% |   -0.0228 | $   9481.47 | $   2968.74 | 1.043340
2025-06-08 15:33:09,121 - INFO -   19 | SELL |  5922.04 |  64.5 |  -0.20% |   -0.0006 | $   9070.21 | $   4436.18 | 0.782505
2025-06-08 15:33:09,121 - INFO -   ...    ...      ...       ...     ...       ...         ...          ...         ...
2025-06-08 15:33:09,121 - INFO - 1262 | BUY  | 26162.37 |  15.2 |  -8.55% |   -0.0058 | $    737.65 | $    375.39 | 0.013846
2025-06-08 15:33:09,121 - INFO - 1263 | SELL | 26047.67 |  14.8 |  -6.48% |   -0.0061 | $    731.55 | $    461.05 | 0.010385
2025-06-08 15:33:09,121 - INFO - 1264 | BUY  | 26008.46 |  14.5 |  -6.89% |   -0.0062 | $    728.88 | $    345.79 | 0.014730
2025-06-08 15:33:09,121 - INFO - 1265 | BUY  | 26089.69 |  14.0 |  -5.06% |   -0.0064 | $    728.38 | $    259.34 | 0.017978
2025-06-08 15:33:09,121 - INFO - 1266 | BUY  | 26106.15 |  15.9 |  -3.94% |   -0.0069 | $    727.41 | $    194.51 | 0.020413
2025-06-08 15:33:09,121 - INFO - 1267 | SELL | 27727.39 |  13.9 |  -3.43% |   -0.0038 | $    753.43 | $    328.93 | 0.015310
2025-06-08 15:33:09,121 - INFO - 1268 | BUY  | 27297.27 |  37.9 |   2.57% |   -0.0040 | $    745.23 | $    246.70 | 0.018263
2025-06-08 15:33:09,121 - INFO - 1269 | HOLD | 25931.47 |  38.1 |   0.82% |   -0.0047 | $    720.29 | $    246.70 | 0.018263
2025-06-08 15:33:09,121 - INFO - 1270 | SELL | 25800.72 |  43.0 |  -4.23% |   -0.0051 | $    712.01 | $    358.61 | 0.013697
2025-06-08 15:33:09,121 - INFO - 1271 | SELL | 25868.80 |  47.4 |  -4.71% |   -0.0049 | $    708.51 | $    442.76 | 0.010273
2025-06-08 15:33:09,121 - INFO - 1272 | SELL | 25969.57 |  47.6 |  -4.46% |   -0.0048 | $    706.21 | $    506.12 | 0.007705
2025-06-08 15:33:09,121 - INFO - 1273 | BUY  | 25812.42 |  47.7 |  -4.09% |   -0.0048 | $    702.52 | $    379.59 | 0.012511
2025-06-08 15:33:09,121 - INFO - 1274 | BUY  | 25779.98 |  46.8 |  -2.93% |   -0.0045 | $    700.25 | $    284.69 | 0.016119
2025-06-08 15:33:09,121 - INFO - 1275 | HOLD | 25753.24 |  47.4 |  -2.38% |   -0.0038 | $    699.82 | $    284.69 | 0.016119
2025-06-08 15:33:09,121 - INFO - 1276 | BUY  | 26240.20 |  42.4 |  -2.48% |   -0.0027 | $    706.28 | $    213.52 | 0.018779
2025-06-08 15:33:09,121 - INFO - 1277 | BUY  | 25905.65 |  50.8 |  -0.55% |   -0.0032 | $    698.95 | $    160.14 | 0.020799
2025-06-08 15:33:09,121 - INFO - 1278 | HOLD | 25895.68 |  48.5 |  -1.64% |   -0.0033 | $    698.74 | $    160.14 | 0.020799
2025-06-08 15:33:09,121 - INFO - 1279 | HOLD | 25832.23 |  48.8 |  -1.68% |   -0.0029 | $    697.42 | $    160.14 | 0.020799
2025-06-08 15:33:09,121 - INFO - 1280 | HOLD | 25162.65 |  47.3 |  -1.92% |   -0.0033 | $    683.50 | $    160.14 | 0.020799
2025-06-08 15:33:09,121 - INFO - 1281 | SELL | 25833.34 |  41.4 |  -4.47% |   -0.0028 | $    690.73 | $    287.75 | 0.015599
2025-06-08 15:33:09,122 - INFO - 
Action distribution for Episode 130:
2025-06-08 15:33:09,122 - INFO -   HOLD:  418 ( 32.6%)
2025-06-08 15:33:09,122 - INFO -   BUY:   472 ( 36.8%)
2025-06-08 15:33:09,122 - INFO -   SELL:  392 ( 30.6%)
2025-06-08 15:33:09,122 - INFO - --------------------------------------------------------------------------------------------------------------
2025-06-08 15:33:09,435 - INFO - Step 167000: Loss = 0.894438, Epsilon = 0.8389
2025-06-08 15:33:10,291 - INFO - Episode 131: Reward = -2.3665, Portfolio = $573.99, Return = -94.26%, Cash = $271.24, Crypto = 0.011720, Steps = 1282
2025-06-08 15:33:10,344 - INFO - Step 168000: Loss = 0.128740, Epsilon = 0.8380
2025-06-08 15:33:10,344 - INFO - Step 168000: Target network updated
2025-06-08 15:33:11,228 - INFO - Step 169000: Loss = 0.752634, Epsilon = 0.8370
2025-06-08 15:33:11,423 - INFO - Episode 132: Reward = -2.1049, Portfolio = $592.95, Return = -94.07%, Cash = $269.94, Crypto = 0.012503, Steps = 1282
2025-06-08 15:33:12,100 - INFO - Step 170000: Loss = 0.562828, Epsilon = 0.8360
2025-06-08 15:33:12,101 - INFO - Step 170000: Target network updated
2025-06-08 15:33:12,530 - INFO - Episode 133: Reward = -2.3443, Portfolio = $450.81, Return = -95.49%, Cash = $114.67, Crypto = 0.013012, Steps = 1282
2025-06-08 15:33:12,974 - INFO - Step 171000: Loss = 0.687426, Epsilon = 0.8351
2025-06-08 15:33:13,683 - INFO - Episode 134: Reward = -2.4728, Portfolio = $473.20, Return = -95.27%, Cash = $335.85, Crypto = 0.005317, Steps = 1282
2025-06-08 15:33:13,878 - INFO - Step 172000: Loss = 0.161906, Epsilon = 0.8341
2025-06-08 15:33:13,878 - INFO - Step 172000: Target network updated
2025-06-08 15:33:14,749 - INFO - Step 173000: Loss = 1.000912, Epsilon = 0.8331
2025-06-08 15:33:14,808 - INFO - Episode 135: Reward = -2.4086, Portfolio = $454.46, Return = -95.46%, Cash = $96.20, Crypto = 0.013868, Steps = 1282
2025-06-08 15:33:15,612 - INFO - Step 174000: Loss = 0.239999, Epsilon = 0.8322
2025-06-08 15:33:15,612 - INFO - Step 174000: Target network updated
2025-06-08 15:33:15,908 - INFO - Episode 136: Reward = -2.2829, Portfolio = $608.51, Return = -93.91%, Cash = $360.36, Crypto = 0.009606, Steps = 1282
2025-06-08 15:33:16,456 - INFO - Step 175000: Loss = 0.607344, Epsilon = 0.8312
2025-06-08 15:33:16,998 - INFO - Episode 137: Reward = -2.2594, Portfolio = $736.84, Return = -92.63%, Cash = $417.90, Crypto = 0.012346, Steps = 1282
2025-06-08 15:33:17,344 - INFO - Step 176000: Loss = 0.232472, Epsilon = 0.8302
2025-06-08 15:33:17,344 - INFO - Step 176000: Target network updated
2025-06-08 15:33:18,258 - INFO - Episode 138: Reward = -2.3518, Portfolio = $488.28, Return = -95.12%, Cash = $371.46, Crypto = 0.004522, Steps = 1282
2025-06-08 15:33:18,333 - INFO - Step 177000: Loss = 1.401908, Epsilon = 0.8293
2025-06-08 15:33:19,226 - INFO - Step 178000: Loss = 0.210873, Epsilon = 0.8283
2025-06-08 15:33:19,227 - INFO - Step 178000: Target network updated
2025-06-08 15:33:19,398 - INFO - Episode 139: Reward = -2.2393, Portfolio = $371.03, Return = -96.29%, Cash = $195.42, Crypto = 0.006798, Steps = 1282
2025-06-08 15:33:20,128 - INFO - Step 179000: Loss = 0.455061, Epsilon = 0.8273
2025-06-08 15:33:20,563 - INFO - Episode 140: Reward = -2.2237, Portfolio = $573.10, Return = -94.27%, Cash = $287.96, Crypto = 0.011038, Steps = 1282
2025-06-08 15:33:20,563 - INFO - Episode 140 Summary: Avg Reward (100 eps) = -2.2352, Avg Portfolio (100 eps) = $595.80, Epsilon = 0.827
2025-06-08 15:33:20,563 - INFO - 
Detailed steps for Episode 140:
2025-06-08 15:33:20,563 - INFO - Step | Action | Price    | RSI   | PnL    | Reward    | Portfolio   | Cash       | Crypto
2025-06-08 15:33:20,563 - INFO - --------------------------------------------------------------------------------------------------------------
2025-06-08 15:33:20,563 - INFO -    0 | BUY  |  7909.73 |  21.9 |  -2.00% |   -0.0049 | $   9950.98 | $   7500.00 | 0.309869
2025-06-08 15:33:20,563 - INFO -    1 | SELL |  7911.43 |  24.3 |   0.00% |   -0.0030 | $   9920.86 | $   8082.23 | 0.232402
2025-06-08 15:33:20,563 - INFO -    2 | BUY  |  4970.79 |  29.9 |   0.02% |   -0.0729 | $   9197.83 | $   6061.67 | 0.630918
2025-06-08 15:33:20,563 - INFO -    3 | HOLD |  5563.71 |  13.1 | -17.88% |    0.0407 | $   9571.92 | $   6061.67 | 0.630918
2025-06-08 15:33:20,563 - INFO -    4 | SELL |  5200.37 |  22.5 |  -8.09% |   -0.0282 | $   9301.67 | $   6840.91 | 0.473188
2025-06-08 15:33:20,563 - INFO -    5 | HOLD |  5392.31 |  21.4 | -14.09% |    0.0098 | $   9392.49 | $   6840.91 | 0.473188
2025-06-08 15:33:20,563 - INFO -    6 | BUY  |  5014.48 |  24.0 | -10.92% |   -0.0226 | $   9180.17 | $   5130.68 | 0.807559
2025-06-08 15:33:20,563 - INFO -    7 | SELL |  5225.63 |  18.7 | -10.83% |    0.0128 | $   9297.94 | $   6132.94 | 0.605669
2025-06-08 15:33:20,563 - INFO -    8 | SELL |  5238.44 |  21.7 |  -7.07% |   -0.0034 | $   9266.04 | $   6886.47 | 0.454252
2025-06-08 15:33:20,563 - INFO -    9 | HOLD |  6191.19 |  22.0 |  -6.84% |    0.0467 | $   9698.83 | $   6886.47 | 0.454252
2025-06-08 15:33:20,563 - INFO -   10 | BUY  |  6198.78 |  29.1 |  10.10% |   -0.0031 | $   9668.52 | $   5164.85 | 0.726541
2025-06-08 15:33:20,563 - INFO -   11 | HOLD |  6185.07 |  28.7 |   6.16% |   -0.0010 | $   9658.55 | $   5164.85 | 0.726541
2025-06-08 15:33:20,563 - INFO -   12 | HOLD |  5830.25 |  29.6 |   5.93% |   -0.0267 | $   9400.77 | $   5164.85 | 0.726541
2025-06-08 15:33:20,563 - INFO -   13 | SELL |  6416.31 |  31.7 |  -0.15% |    0.0391 | $   9768.29 | $   6272.01 | 0.544906
2025-06-08 15:33:20,563 - INFO -   14 | HOLD |  6734.80 |  38.6 |   9.89% |    0.0178 | $   9941.84 | $   6272.01 | 0.544906
2025-06-08 15:33:20,563 - INFO -   15 | SELL |  6681.06 |  41.5 |  15.34% |   -0.0075 | $   9867.05 | $   7136.64 | 0.408679
2025-06-08 15:33:20,563 - INFO -   16 | HOLD |  6716.44 |  41.2 |  14.42% |    0.0015 | $   9881.51 | $   7136.64 | 0.408679
2025-06-08 15:33:20,564 - INFO -   17 | HOLD |  6469.80 |  71.4 |  15.03% |   -0.0102 | $   9780.71 | $   7136.64 | 0.408679
2025-06-08 15:33:20,564 - INFO -   18 | HOLD |  6242.19 |  62.2 |  10.80% |   -0.0095 | $   9687.69 | $   7136.64 | 0.408679
2025-06-08 15:33:20,564 - INFO -   19 | SELL |  5922.04 |  64.5 |   6.91% |   -0.0008 | $   9526.60 | $   7711.44 | 0.306509
2025-06-08 15:33:20,564 - INFO -   ...    ...      ...       ...     ...       ...         ...          ...         ...
2025-06-08 15:33:20,564 - INFO - 1262 | BUY  | 26162.37 |  15.2 |  -6.62% |   -0.0042 | $    605.23 | $    280.61 | 0.012408
2025-06-08 15:33:20,564 - INFO - 1263 | BUY  | 26047.67 |  14.8 |  -5.55% |   -0.0043 | $    602.43 | $    210.46 | 0.015048
2025-06-08 15:33:20,564 - INFO - 1264 | BUY  | 26008.46 |  14.5 |  -4.97% |   -0.0044 | $    600.81 | $    157.85 | 0.017031
2025-06-08 15:33:20,564 - INFO - 1265 | BUY  | 26089.69 |  14.0 |  -4.54% |   -0.0045 | $    601.42 | $    118.38 | 0.018514
2025-06-08 15:33:20,564 - INFO - 1266 | HOLD | 26106.15 |  15.9 |  -3.92% |   -0.0053 | $    601.72 | $    118.38 | 0.018514
2025-06-08 15:33:20,564 - INFO - 1267 | SELL | 27727.39 |  13.9 |  -3.86% |   -0.0030 | $    625.32 | $    240.31 | 0.013886
2025-06-08 15:33:20,564 - INFO - 1268 | BUY  | 27297.27 |  37.9 |   2.11% |   -0.0032 | $    618.17 | $    180.23 | 0.016043
2025-06-08 15:33:20,564 - INFO - 1269 | HOLD | 25931.47 |  38.1 |   0.46% |   -0.0040 | $    596.26 | $    180.23 | 0.016043
2025-06-08 15:33:20,564 - INFO - 1270 | BUY  | 25800.72 |  43.0 |  -4.57% |   -0.0038 | $    593.28 | $    135.17 | 0.017755
2025-06-08 15:33:20,564 - INFO - 1271 | SELL | 25868.80 |  47.4 |  -4.59% |   -0.0039 | $    588.74 | $    244.26 | 0.013317
2025-06-08 15:33:20,564 - INFO - 1272 | HOLD | 25969.57 |  47.6 |  -4.33% |   -0.0039 | $    590.09 | $    244.26 | 0.013317
2025-06-08 15:33:20,564 - INFO - 1273 | BUY  | 25812.42 |  47.7 |  -3.96% |   -0.0039 | $    586.80 | $    183.19 | 0.015636
2025-06-08 15:33:20,564 - INFO - 1274 | HOLD | 25779.98 |  46.8 |  -3.89% |   -0.0036 | $    586.29 | $    183.19 | 0.015636
2025-06-08 15:33:20,564 - INFO - 1275 | HOLD | 25753.24 |  47.4 |  -4.02% |   -0.0027 | $    585.87 | $    183.19 | 0.015636
2025-06-08 15:33:20,564 - INFO - 1276 | BUY  | 26240.20 |  42.4 |  -4.12% |   -0.0017 | $    592.59 | $    137.40 | 0.017347
2025-06-08 15:33:20,564 - INFO - 1277 | BUY  | 25905.65 |  50.8 |  -2.08% |   -0.0021 | $    586.11 | $    103.05 | 0.018647
2025-06-08 15:33:20,564 - INFO - 1278 | BUY  | 25895.68 |  48.5 |  -3.10% |   -0.0019 | $    585.42 | $     77.28 | 0.019622
2025-06-08 15:33:20,564 - INFO - 1279 | SELL | 25832.23 |  48.8 |  -2.99% |   -0.0021 | $    577.84 | $    197.67 | 0.014717
2025-06-08 15:33:20,564 - INFO - 1280 | HOLD | 25162.65 |  47.3 |  -3.23% |   -0.0026 | $    567.98 | $    197.67 | 0.014717
2025-06-08 15:33:20,564 - INFO - 1281 | SELL | 25833.34 |  41.4 |  -5.74% |   -0.0022 | $    573.10 | $    287.96 | 0.011038
2025-06-08 15:33:20,564 - INFO - 
Action distribution for Episode 140:
2025-06-08 15:33:20,564 - INFO -   HOLD:  475 ( 37.1%)
2025-06-08 15:33:20,564 - INFO -   BUY:   396 ( 30.9%)
2025-06-08 15:33:20,564 - INFO -   SELL:  411 ( 32.1%)
2025-06-08 15:33:20,564 - INFO - --------------------------------------------------------------------------------------------------------------
2025-06-08 15:33:21,053 - INFO - Step 180000: Loss = 0.316138, Epsilon = 0.8264
2025-06-08 15:33:21,053 - INFO - Step 180000: Target network updated
2025-06-08 15:33:21,789 - INFO - Episode 141: Reward = -2.2476, Portfolio = $739.09, Return = -92.61%, Cash = $349.14, Crypto = 0.015095, Steps = 1282
2025-06-08 15:33:22,014 - INFO - Step 181000: Loss = 0.420193, Epsilon = 0.8254
2025-06-08 15:33:22,950 - INFO - Step 182000: Loss = 0.319260, Epsilon = 0.8245
2025-06-08 15:33:22,951 - INFO - Step 182000: Target network updated
2025-06-08 15:33:22,989 - INFO - Episode 142: Reward = -2.0482, Portfolio = $700.42, Return = -93.00%, Cash = $583.32, Crypto = 0.004533, Steps = 1282
2025-06-08 15:33:23,833 - INFO - Step 183000: Loss = 0.364229, Epsilon = 0.8235
2025-06-08 15:33:24,119 - INFO - Episode 143: Reward = -2.4453, Portfolio = $713.90, Return = -92.86%, Cash = $432.17, Crypto = 0.010906, Steps = 1282
2025-06-08 15:33:24,725 - INFO - Step 184000: Loss = 0.178687, Epsilon = 0.8225
2025-06-08 15:33:24,726 - INFO - Step 184000: Target network updated
2025-06-08 15:33:25,293 - INFO - Episode 144: Reward = -2.4114, Portfolio = $620.88, Return = -93.79%, Cash = $371.43, Crypto = 0.009656, Steps = 1282
2025-06-08 15:33:25,652 - INFO - Step 185000: Loss = 0.344059, Epsilon = 0.8216
2025-06-08 15:33:26,453 - INFO - Episode 145: Reward = -2.0651, Portfolio = $611.77, Return = -93.88%, Cash = $263.10, Crypto = 0.013497, Steps = 1282
2025-06-08 15:33:26,556 - INFO - Step 186000: Loss = 0.223417, Epsilon = 0.8206
2025-06-08 15:33:26,556 - INFO - Step 186000: Target network updated
2025-06-08 15:33:27,453 - INFO - Step 187000: Loss = 0.431782, Epsilon = 0.8196
2025-06-08 15:33:27,597 - INFO - Episode 146: Reward = -2.2465, Portfolio = $484.89, Return = -95.15%, Cash = $117.92, Crypto = 0.014205, Steps = 1282
2025-06-08 15:33:28,299 - INFO - Step 188000: Loss = 0.370479, Epsilon = 0.8187
2025-06-08 15:33:28,299 - INFO - Step 188000: Target network updated
2025-06-08 15:33:28,692 - INFO - Episode 147: Reward = -2.1243, Portfolio = $823.33, Return = -91.77%, Cash = $549.14, Crypto = 0.010614, Steps = 1282
2025-06-08 15:33:29,164 - INFO - Step 189000: Loss = 0.628904, Epsilon = 0.8177
2025-06-08 15:33:29,798 - INFO - Episode 148: Reward = -2.6000, Portfolio = $458.28, Return = -95.42%, Cash = $346.13, Crypto = 0.004341, Steps = 1282
2025-06-08 15:33:30,025 - INFO - Step 190000: Loss = 0.306696, Epsilon = 0.8167
2025-06-08 15:33:30,025 - INFO - Step 190000: Target network updated
2025-06-08 15:33:30,887 - INFO - Step 191000: Loss = 0.914614, Epsilon = 0.8158
2025-06-08 15:33:30,901 - INFO - Episode 149: Reward = -2.5231, Portfolio = $590.91, Return = -94.09%, Cash = $436.24, Crypto = 0.005987, Steps = 1282
2025-06-08 15:33:31,747 - INFO - Step 192000: Loss = 0.273354, Epsilon = 0.8148
2025-06-08 15:33:31,747 - INFO - Step 192000: Target network updated
2025-06-08 15:33:32,008 - INFO - Episode 150: Reward = -2.3847, Portfolio = $683.46, Return = -93.17%, Cash = $420.92, Crypto = 0.010163, Steps = 1282
2025-06-08 15:33:32,008 - INFO - Episode 150 Summary: Avg Reward (100 eps) = -2.2393, Avg Portfolio (100 eps) = $608.15, Epsilon = 0.815
2025-06-08 15:33:32,008 - INFO - 
Detailed steps for Episode 150:
2025-06-08 15:33:32,008 - INFO - Step | Action | Price    | RSI   | PnL    | Reward    | Portfolio   | Cash       | Crypto
2025-06-08 15:33:32,008 - INFO - --------------------------------------------------------------------------------------------------------------
2025-06-08 15:33:32,008 - INFO -    0 | BUY  |  7909.73 |  21.9 |  -2.00% |   -0.0049 | $   9950.98 | $   7500.00 | 0.309869
2025-06-08 15:33:32,008 - INFO -    1 | BUY  |  7911.43 |  24.3 |   0.00% |   -0.0036 | $   9914.74 | $   5625.00 | 0.542221
2025-06-08 15:33:32,008 - INFO -    2 | SELL |  4970.79 |  29.9 |   0.01% |   -0.1642 | $   8286.57 | $   6265.13 | 0.406666
2025-06-08 15:33:32,008 - INFO -    3 | HOLD |  5563.71 |  13.1 | -37.16% |    0.0291 | $   8527.69 | $   6265.13 | 0.406666
2025-06-08 15:33:32,008 - INFO -    4 | HOLD |  5200.37 |  22.5 | -29.67% |   -0.0173 | $   8379.94 | $   6265.13 | 0.406666
2025-06-08 15:33:32,008 - INFO -    5 | SELL |  5392.31 |  21.4 | -34.26% |    0.0060 | $   8430.58 | $   6785.93 | 0.304999
2025-06-08 15:33:32,008 - INFO -    6 | HOLD |  5014.48 |  24.0 | -31.83% |   -0.0137 | $   8315.34 | $   6785.93 | 0.304999
2025-06-08 15:33:32,009 - INFO -    7 | BUY  |  5225.63 |  18.7 | -36.61% |    0.0037 | $   8346.48 | $   5089.45 | 0.623280
2025-06-08 15:33:32,009 - INFO -    8 | SELL |  5238.44 |  21.7 | -20.09% |   -0.0039 | $   8313.65 | $   5864.89 | 0.467460
2025-06-08 15:33:32,009 - INFO -    9 | BUY  |  6191.19 |  22.0 | -19.89% |    0.0501 | $   8730.28 | $   4398.67 | 0.699641
2025-06-08 15:33:32,009 - INFO -   10 | SELL |  6198.78 |  29.1 |  -3.62% |   -0.0056 | $   8681.37 | $   5428.69 | 0.524730
2025-06-08 15:33:32,009 - INFO -   11 | BUY  |  6185.07 |  28.7 |  -3.50% |   -0.0039 | $   8647.57 | $   4071.51 | 0.739855
2025-06-08 15:33:32,009 - INFO -   12 | SELL |  5830.25 |  29.6 |  -2.67% |   -0.0366 | $   8331.14 | $   5095.98 | 0.554891
2025-06-08 15:33:32,009 - INFO -   13 | BUY  |  6416.31 |  31.7 |  -8.25% |    0.0360 | $   8631.36 | $   3821.99 | 0.749554
2025-06-08 15:33:32,009 - INFO -   14 | HOLD |  6734.80 |  38.6 |   0.72% |    0.0277 | $   8870.08 | $   3821.99 | 0.749554
2025-06-08 15:33:32,009 - INFO -   15 | SELL |  6681.06 |  41.5 |   5.72% |   -0.0116 | $   8767.20 | $   5011.34 | 0.562165
2025-06-08 15:33:32,009 - INFO -   16 | SELL |  6716.44 |  41.2 |   4.87% |   -0.0031 | $   8739.89 | $   5908.08 | 0.421624
2025-06-08 15:33:32,009 - INFO -   17 | SELL |  6469.80 |  71.4 |   5.43% |   -0.0158 | $   8601.81 | $   6555.94 | 0.316218
2025-06-08 15:33:32,009 - INFO -   18 | HOLD |  6242.19 |  62.2 |   1.56% |   -0.0084 | $   8529.83 | $   6555.94 | 0.316218
2025-06-08 15:33:32,009 - INFO -   19 | SELL |  5922.04 |  64.5 |  -2.01% |   -0.0019 | $   8405.19 | $   7000.70 | 0.237163
2025-06-08 15:33:32,009 - INFO -   ...    ...      ...       ...     ...       ...         ...          ...         ...
2025-06-08 15:33:32,009 - INFO - 1262 | SELL | 26162.37 |  15.2 |  -3.01% |   -0.0063 | $    732.40 | $    432.11 | 0.011478
2025-06-08 15:33:32,009 - INFO - 1263 | BUY  | 26047.67 |  14.8 |  -4.00% |   -0.0066 | $    728.96 | $    324.08 | 0.015544
2025-06-08 15:33:32,009 - INFO - 1264 | HOLD | 26008.46 |  14.5 |  -3.30% |   -0.0065 | $    728.35 | $    324.08 | 0.015544
2025-06-08 15:33:32,009 - INFO - 1265 | SELL | 26089.69 |  14.0 |  -3.45% |   -0.0066 | $    724.55 | $    420.40 | 0.011658
2025-06-08 15:33:32,009 - INFO - 1266 | BUY  | 26106.15 |  15.9 |  -3.14% |   -0.0077 | $    722.68 | $    315.30 | 0.015605
2025-06-08 15:33:32,009 - INFO - 1267 | HOLD | 27727.39 |  13.9 |  -2.32% |   -0.0034 | $    747.98 | $    315.30 | 0.015605
2025-06-08 15:33:32,009 - INFO - 1268 | HOLD | 27297.27 |  37.9 |   3.74% |   -0.0035 | $    741.26 | $    315.30 | 0.015605
2025-06-08 15:33:32,009 - INFO - 1269 | BUY  | 25931.47 |  38.1 |   2.14% |   -0.0043 | $    718.41 | $    236.47 | 0.018585
2025-06-08 15:33:32,009 - INFO - 1270 | SELL | 25800.72 |  43.0 |  -2.51% |   -0.0046 | $    709.98 | $    350.35 | 0.013939
2025-06-08 15:33:32,009 - INFO - 1271 | SELL | 25868.80 |  47.4 |  -3.00% |   -0.0048 | $    706.42 | $    435.99 | 0.010454
2025-06-08 15:33:32,009 - INFO - 1272 | SELL | 25969.57 |  47.6 |  -2.75% |   -0.0048 | $    704.08 | $    500.47 | 0.007840
2025-06-08 15:33:32,009 - INFO - 1273 | SELL | 25812.42 |  47.7 |  -2.37% |   -0.0047 | $    700.32 | $    548.53 | 0.005880
2025-06-08 15:33:32,009 - INFO - 1274 | SELL | 25779.98 |  46.8 |  -2.96% |   -0.0045 | $    698.24 | $    584.54 | 0.004410
2025-06-08 15:33:32,009 - INFO - 1275 | BUY  | 25753.24 |  47.4 |  -3.08% |   -0.0039 | $    695.25 | $    438.40 | 0.009973
2025-06-08 15:33:32,009 - INFO - 1276 | SELL | 26240.20 |  42.4 |  -1.43% |   -0.0031 | $    696.84 | $    500.56 | 0.007480
2025-06-08 15:33:32,009 - INFO - 1277 | HOLD | 25905.65 |  50.8 |   0.43% |   -0.0031 | $    694.34 | $    500.56 | 0.007480
2025-06-08 15:33:32,009 - INFO - 1278 | BUY  | 25895.68 |  48.5 |  -0.85% |   -0.0034 | $    691.81 | $    375.42 | 0.012218
2025-06-08 15:33:32,009 - INFO - 1279 | SELL | 25832.23 |  48.8 |  -0.54% |   -0.0035 | $    687.09 | $    450.38 | 0.009163
2025-06-08 15:33:32,009 - INFO - 1280 | BUY  | 25162.65 |  47.3 |  -0.79% |   -0.0038 | $    678.74 | $    337.78 | 0.013550
2025-06-08 15:33:32,009 - INFO - 1281 | SELL | 25833.34 |  41.4 |  -2.30% |   -0.0035 | $    683.46 | $    420.92 | 0.010163
2025-06-08 15:33:32,009 - INFO - 
Action distribution for Episode 150:
2025-06-08 15:33:32,009 - INFO -   HOLD:  447 ( 34.9%)
2025-06-08 15:33:32,009 - INFO -   BUY:   382 ( 29.8%)
2025-06-08 15:33:32,009 - INFO -   SELL:  453 ( 35.3%)
2025-06-08 15:33:32,009 - INFO - --------------------------------------------------------------------------------------------------------------
2025-06-08 15:33:32,613 - INFO - Step 193000: Loss = 1.166632, Epsilon = 0.8138
2025-06-08 15:33:33,120 - INFO - Episode 151: Reward = -2.0465, Portfolio = $884.04, Return = -91.16%, Cash = $595.80, Crypto = 0.011158, Steps = 1282
2025-06-08 15:33:33,506 - INFO - Step 194000: Loss = 0.172566, Epsilon = 0.8129
2025-06-08 15:33:33,507 - INFO - Step 194000: Target network updated
2025-06-08 15:33:34,261 - INFO - Episode 152: Reward = -2.3526, Portfolio = $406.19, Return = -95.94%, Cash = $123.42, Crypto = 0.010946, Steps = 1282
2025-06-08 15:33:34,384 - INFO - Step 195000: Loss = 1.291662, Epsilon = 0.8119
2025-06-08 15:33:35,284 - INFO - Step 196000: Loss = 0.135752, Epsilon = 0.8110
2025-06-08 15:33:35,284 - INFO - Step 196000: Target network updated
2025-06-08 15:33:35,413 - INFO - Episode 153: Reward = -2.2264, Portfolio = $651.51, Return = -93.48%, Cash = $213.41, Crypto = 0.016959, Steps = 1282
2025-06-08 15:33:36,166 - INFO - Step 197000: Loss = 0.277003, Epsilon = 0.8100
2025-06-08 15:33:36,556 - INFO - Episode 154: Reward = -2.0307, Portfolio = $560.07, Return = -94.40%, Cash = $180.31, Crypto = 0.014700, Steps = 1282
2025-06-08 15:33:37,090 - INFO - Step 198000: Loss = 0.075747, Epsilon = 0.8090
2025-06-08 15:33:37,090 - INFO - Step 198000: Target network updated
2025-06-08 15:33:37,798 - INFO - Episode 155: Reward = -2.2479, Portfolio = $990.59, Return = -90.09%, Cash = $522.52, Crypto = 0.018119, Steps = 1282
2025-06-08 15:33:38,056 - INFO - Step 199000: Loss = 0.329333, Epsilon = 0.8081
2025-06-08 15:33:38,953 - INFO - Episode 156: Reward = -2.0719, Portfolio = $737.39, Return = -92.63%, Cash = $284.37, Crypto = 0.017536, Steps = 1282
2025-06-08 15:33:38,960 - INFO - Step 200000: Loss = 0.149024, Epsilon = 0.8071
2025-06-08 15:33:38,961 - INFO - Step 200000: Target network updated
2025-06-08 15:33:39,830 - INFO - Step 201000: Loss = 0.999529, Epsilon = 0.8061
2025-06-08 15:33:40,073 - INFO - Episode 157: Reward = -2.2239, Portfolio = $650.73, Return = -93.49%, Cash = $98.80, Crypto = 0.021365, Steps = 1282
2025-06-08 15:33:40,694 - INFO - Step 202000: Loss = 0.207457, Epsilon = 0.8052
2025-06-08 15:33:40,694 - INFO - Step 202000: Target network updated
2025-06-08 15:33:41,170 - INFO - Episode 158: Reward = -1.8773, Portfolio = $1095.88, Return = -89.04%, Cash = $455.01, Crypto = 0.024808, Steps = 1282
2025-06-08 15:33:41,553 - INFO - Step 203000: Loss = 0.957502, Epsilon = 0.8042
2025-06-08 15:33:42,264 - INFO - Episode 159: Reward = -2.2699, Portfolio = $465.89, Return = -95.34%, Cash = $334.19, Crypto = 0.005098, Steps = 1282
2025-06-08 15:33:42,404 - INFO - Step 204000: Loss = 0.196615, Epsilon = 0.8032
2025-06-08 15:33:42,404 - INFO - Step 204000: Target network updated
2025-06-08 15:33:43,259 - INFO - Step 205000: Loss = 1.202672, Epsilon = 0.8023
2025-06-08 15:33:43,361 - INFO - Episode 160: Reward = -2.2133, Portfolio = $539.01, Return = -94.61%, Cash = $502.22, Crypto = 0.001424, Steps = 1282
2025-06-08 15:33:43,361 - INFO - Episode 160 Summary: Avg Reward (100 eps) = -2.2331, Avg Portfolio (100 eps) = $616.28, Epsilon = 0.802
2025-06-08 15:33:43,361 - INFO - 
Detailed steps for Episode 160:
2025-06-08 15:33:43,361 - INFO - Step | Action | Price    | RSI   | PnL    | Reward    | Portfolio   | Cash       | Crypto
2025-06-08 15:33:43,361 - INFO - --------------------------------------------------------------------------------------------------------------
2025-06-08 15:33:43,361 - INFO -    0 | HOLD |  7909.73 |  21.9 |  -2.00% |    0.0000 | $  10000.00 | $  10000.00 | 0.000000
2025-06-08 15:33:43,361 - INFO -    1 | HOLD |  7911.43 |  24.3 |  -2.00% |    0.0000 | $  10000.00 | $  10000.00 | 0.000000
2025-06-08 15:33:43,361 - INFO -    2 | SELL |  4970.79 |  29.9 |  -2.00% |   -0.0100 | $  10000.00 | $  10000.00 | 0.000000
2025-06-08 15:33:43,361 - INFO -    3 | SELL |  5563.71 |  13.1 |  -2.00% |   -0.0100 | $  10000.00 | $  10000.00 | 0.000000
2025-06-08 15:33:43,361 - INFO -    4 | BUY  |  5200.37 |  22.5 |  -2.00% |   -0.0049 | $   9950.98 | $   7500.00 | 0.471309
2025-06-08 15:33:43,361 - INFO -    5 | BUY  |  5392.31 |  21.4 |   0.00% |    0.0054 | $  10004.68 | $   5625.00 | 0.812208
2025-06-08 15:33:43,361 - INFO -    6 | SELL |  5014.48 |  24.0 |   2.11% |   -0.0358 | $   9646.89 | $   6592.29 | 0.609156
2025-06-08 15:33:43,361 - INFO -    7 | BUY  |  5225.63 |  18.7 |  -5.05% |    0.0100 | $   9743.20 | $   4944.22 | 0.918355
2025-06-08 15:33:43,361 - INFO -    8 | BUY  |  5238.44 |  21.7 |  -0.70% |   -0.0013 | $   9730.73 | $   3708.16 | 1.149687
2025-06-08 15:33:43,361 - INFO -    9 | BUY  |  6191.19 |  22.0 |  -0.36% |    0.1107 | $  10807.92 | $   2781.12 | 1.296486
2025-06-08 15:33:43,361 - INFO -   10 | BUY  |  6198.78 |  29.1 |  15.44% |   -0.0004 | $  10804.12 | $   2085.84 | 1.406451
2025-06-08 15:33:43,362 - INFO -   11 | HOLD |  6185.07 |  28.7 |  14.19% |   -0.0018 | $  10784.84 | $   2085.84 | 1.406451
2025-06-08 15:33:43,362 - INFO -   12 | HOLD |  5830.25 |  29.6 |  13.94% |   -0.0463 | $  10285.81 | $   2085.84 | 1.406451
2025-06-08 15:33:43,362 - INFO -   13 | BUY  |  6416.31 |  31.7 |   7.40% |    0.0791 | $  11099.85 | $   1564.38 | 1.486129
2025-06-08 15:33:43,362 - INFO -   14 | HOLD |  6734.80 |  38.6 |  17.05% |    0.0426 | $  11573.17 | $   1564.38 | 1.486129
2025-06-08 15:33:43,362 - INFO -   15 | SELL |  6681.06 |  41.5 |  22.86% |   -0.0176 | $  11369.19 | $   3922.50 | 1.114596
2025-06-08 15:33:43,362 - INFO -   16 | SELL |  6716.44 |  41.2 |  21.88% |   -0.0048 | $  11315.04 | $   5700.45 | 0.835947
2025-06-08 15:33:43,362 - INFO -   17 | HOLD |  6469.80 |  71.4 |  22.53% |   -0.0182 | $  11108.86 | $   5700.45 | 0.835947
2025-06-08 15:33:43,362 - INFO -   18 | SELL |  6242.19 |  62.2 |  18.03% |   -0.0230 | $  10853.37 | $   6939.76 | 0.626960
2025-06-08 15:33:43,362 - INFO -   19 | SELL |  5922.04 |  64.5 |  13.88% |    0.0010 | $  10606.24 | $   7821.57 | 0.470220
2025-06-08 15:33:43,362 - INFO -   ...    ...      ...       ...     ...       ...         ...          ...         ...
2025-06-08 15:33:43,362 - INFO - 1262 | HOLD | 26162.37 |  15.2 |  -4.52% |   -0.0063 | $    578.38 | $    112.13 | 0.017821
2025-06-08 15:33:43,362 - INFO - 1263 | SELL | 26047.67 |  14.8 |  -5.49% |   -0.0070 | $    570.53 | $    222.38 | 0.013366
2025-06-08 15:33:43,362 - INFO - 1264 | BUY  | 26008.46 |  14.5 |  -5.90% |   -0.0069 | $    568.91 | $    166.78 | 0.015462
2025-06-08 15:33:43,362 - INFO - 1265 | BUY  | 26089.69 |  14.0 |  -5.27% |   -0.0070 | $    569.35 | $    125.09 | 0.017028
2025-06-08 15:33:43,362 - INFO - 1266 | HOLD | 26106.15 |  15.9 |  -4.54% |   -0.0075 | $    569.63 | $    125.09 | 0.017028
2025-06-08 15:33:43,362 - INFO - 1267 | HOLD | 27727.39 |  13.9 |  -4.48% |   -0.0028 | $    597.24 | $    125.09 | 0.017028
2025-06-08 15:33:43,362 - INFO - 1268 | HOLD | 27297.27 |  37.9 |   1.46% |   -0.0030 | $    589.92 | $    125.09 | 0.017028
2025-06-08 15:33:43,362 - INFO - 1269 | HOLD | 25931.47 |  38.1 |  -0.12% |   -0.0036 | $    566.66 | $    125.09 | 0.017028
2025-06-08 15:33:43,362 - INFO - 1270 | SELL | 25800.72 |  43.0 |  -5.12% |   -0.0038 | $    558.94 | $    229.43 | 0.012771
2025-06-08 15:33:43,362 - INFO - 1271 | SELL | 25868.80 |  47.4 |  -5.59% |   -0.0037 | $    555.68 | $    307.90 | 0.009578
2025-06-08 15:33:43,362 - INFO - 1272 | SELL | 25969.57 |  47.6 |  -5.34% |   -0.0038 | $    553.54 | $    366.97 | 0.007184
2025-06-08 15:33:43,362 - INFO - 1273 | BUY  | 25812.42 |  47.7 |  -4.98% |   -0.0036 | $    550.61 | $    275.23 | 0.010668
2025-06-08 15:33:43,362 - INFO - 1274 | SELL | 25779.98 |  46.8 |  -3.81% |   -0.0036 | $    546.82 | $    340.55 | 0.008001
2025-06-08 15:33:43,362 - INFO - 1275 | SELL | 25753.24 |  47.4 |  -3.93% |   -0.0029 | $    544.03 | $    389.49 | 0.006001
2025-06-08 15:33:43,362 - INFO - 1276 | SELL | 26240.20 |  42.4 |  -4.03% |   -0.0023 | $    544.99 | $    426.89 | 0.004501
2025-06-08 15:33:43,362 - INFO - 1277 | SELL | 25905.65 |  50.8 |  -2.21% |   -0.0023 | $    542.03 | $    454.58 | 0.003376
2025-06-08 15:33:43,362 - INFO - 1278 | SELL | 25895.68 |  48.5 |  -3.46% |   -0.0023 | $    540.90 | $    475.34 | 0.002532
2025-06-08 15:33:43,362 - INFO - 1279 | SELL | 25832.23 |  48.8 |  -3.50% |   -0.0023 | $    539.92 | $    490.87 | 0.001899
2025-06-08 15:33:43,362 - INFO - 1280 | SELL | 25162.65 |  47.3 |  -3.73% |   -0.0023 | $    538.05 | $    502.22 | 0.001424
2025-06-08 15:33:43,362 - INFO - 1281 | HOLD | 25833.34 |  41.4 |  -6.23% |   -0.0026 | $    539.01 | $    502.22 | 0.001424
2025-06-08 15:33:43,362 - INFO - 
Action distribution for Episode 160:
2025-06-08 15:33:43,362 - INFO -   HOLD:  439 ( 34.2%)
2025-06-08 15:33:43,362 - INFO -   BUY:   399 ( 31.1%)
2025-06-08 15:33:43,362 - INFO -   SELL:  444 ( 34.6%)
2025-06-08 15:33:43,362 - INFO - --------------------------------------------------------------------------------------------------------------
2025-06-08 15:33:44,113 - INFO - Step 206000: Loss = 0.155655, Epsilon = 0.8013
2025-06-08 15:33:44,114 - INFO - Step 206000: Target network updated
2025-06-08 15:33:44,476 - INFO - Episode 161: Reward = -2.3456, Portfolio = $589.78, Return = -94.10%, Cash = $222.62, Crypto = 0.014213, Steps = 1282
2025-06-08 15:33:45,020 - INFO - Step 207000: Loss = 0.469248, Epsilon = 0.8003
2025-06-08 15:33:45,631 - INFO - Episode 162: Reward = -2.4896, Portfolio = $548.03, Return = -94.52%, Cash = $139.80, Crypto = 0.015803, Steps = 1282
2025-06-08 15:33:45,929 - INFO - Step 208000: Loss = 0.154678, Epsilon = 0.7994
2025-06-08 15:33:45,929 - INFO - Step 208000: Target network updated
2025-06-08 15:33:46,809 - INFO - Episode 163: Reward = -2.3771, Portfolio = $754.07, Return = -92.46%, Cash = $380.57, Crypto = 0.014458, Steps = 1282
2025-06-08 15:33:46,840 - INFO - Step 209000: Loss = 0.249866, Epsilon = 0.7984
2025-06-08 15:33:47,769 - INFO - Step 210000: Loss = 0.375637, Epsilon = 0.7974
2025-06-08 15:33:47,770 - INFO - Step 210000: Target network updated
2025-06-08 15:33:48,005 - INFO - Episode 164: Reward = -2.3737, Portfolio = $389.68, Return = -96.10%, Cash = $314.68, Crypto = 0.002903, Steps = 1282
2025-06-08 15:33:48,684 - INFO - Step 211000: Loss = 0.715332, Epsilon = 0.7965
2025-06-08 15:33:49,167 - INFO - Episode 165: Reward = -2.3334, Portfolio = $447.65, Return = -95.52%, Cash = $282.53, Crypto = 0.006392, Steps = 1282
2025-06-08 15:33:49,598 - INFO - Step 212000: Loss = 0.199058, Epsilon = 0.7955
2025-06-08 15:33:49,599 - INFO - Step 212000: Target network updated
2025-06-08 15:33:50,331 - INFO - Episode 166: Reward = -2.1461, Portfolio = $695.32, Return = -93.05%, Cash = $469.23, Crypto = 0.008752, Steps = 1282
2025-06-08 15:33:50,491 - INFO - Step 213000: Loss = 0.290825, Epsilon = 0.7946
2025-06-08 15:33:51,358 - INFO - Step 214000: Loss = 0.247833, Epsilon = 0.7936
2025-06-08 15:33:51,358 - INFO - Step 214000: Target network updated
2025-06-08 15:33:51,443 - INFO - Episode 167: Reward = -2.0472, Portfolio = $1095.52, Return = -89.04%, Cash = $456.31, Crypto = 0.024744, Steps = 1282
2025-06-08 15:33:52,260 - INFO - Step 215000: Loss = 0.456401, Epsilon = 0.7926
2025-06-08 15:33:52,603 - INFO - Episode 168: Reward = -2.5824, Portfolio = $346.49, Return = -96.54%, Cash = $180.79, Crypto = 0.006414, Steps = 1282
2025-06-08 15:33:53,170 - INFO - Step 216000: Loss = 0.183164, Epsilon = 0.7917
2025-06-08 15:33:53,170 - INFO - Step 216000: Target network updated
2025-06-08 15:33:53,736 - INFO - Episode 169: Reward = -2.4245, Portfolio = $441.71, Return = -95.58%, Cash = $173.13, Crypto = 0.010396, Steps = 1282
2025-06-08 15:33:54,032 - INFO - Step 217000: Loss = 0.285484, Epsilon = 0.7907
2025-06-08 15:33:54,825 - INFO - Episode 170: Reward = -1.9657, Portfolio = $547.89, Return = -94.52%, Cash = $467.32, Crypto = 0.003119, Steps = 1282
2025-06-08 15:33:54,825 - INFO - Episode 170 Summary: Avg Reward (100 eps) = -2.2425, Avg Portfolio (100 eps) = $613.13, Epsilon = 0.790
2025-06-08 15:33:54,825 - INFO - 
Detailed steps for Episode 170:
2025-06-08 15:33:54,825 - INFO - Step | Action | Price    | RSI   | PnL    | Reward    | Portfolio   | Cash       | Crypto
2025-06-08 15:33:54,825 - INFO - --------------------------------------------------------------------------------------------------------------
2025-06-08 15:33:54,826 - INFO -    0 | HOLD |  7909.73 |  21.9 |  -2.00% |    0.0000 | $  10000.00 | $  10000.00 | 0.000000
2025-06-08 15:33:54,826 - INFO -    1 | BUY  |  7911.43 |  24.3 |  -2.00% |   -0.0049 | $   9950.98 | $   7500.00 | 0.309802
2025-06-08 15:33:54,826 - INFO -    2 | BUY  |  4970.79 |  29.9 |   0.00% |   -0.0952 | $   9003.20 | $   5625.00 | 0.679610
2025-06-08 15:33:54,826 - INFO -    3 | BUY  |  5563.71 |  13.1 | -21.24% |    0.0417 | $   9378.58 | $   4218.75 | 0.927408
2025-06-08 15:33:54,826 - INFO -    4 | BUY  |  5200.37 |  22.5 |  -8.96% |   -0.0381 | $   9020.93 | $   3164.06 | 1.126242
2025-06-08 15:33:54,826 - INFO -    5 | BUY  |  5392.31 |  21.4 | -12.61% |    0.0222 | $   9221.60 | $   2373.05 | 1.270059
2025-06-08 15:33:54,826 - INFO -    6 | BUY  |  5014.48 |  24.0 |  -8.41% |   -0.0533 | $   8730.10 | $   1779.79 | 1.386049
2025-06-08 15:33:54,826 - INFO -    7 | HOLD |  5225.63 |  18.7 | -13.76% |    0.0335 | $   9022.76 | $   1779.79 | 1.386049
2025-06-08 15:33:54,826 - INFO -    8 | HOLD |  5238.44 |  21.7 | -10.13% |    0.0020 | $   9040.52 | $   1779.79 | 1.386049
2025-06-08 15:33:54,826 - INFO -    9 | BUY  |  6191.19 |  22.0 |  -9.91% |    0.1451 | $  10352.35 | $   1334.84 | 1.456507
2025-06-08 15:33:54,826 - INFO -   10 | HOLD |  6198.78 |  29.1 |   6.15% |    0.0011 | $  10363.40 | $   1334.84 | 1.456507
2025-06-08 15:33:54,826 - INFO -   11 | BUY  |  6185.07 |  28.7 |   6.28% |   -0.0026 | $  10336.89 | $   1001.13 | 1.509403
2025-06-08 15:33:54,826 - INFO -   12 | SELL |  5830.25 |  29.6 |   5.82% |   -0.0625 | $   9691.33 | $   3091.18 | 1.132052
2025-06-08 15:33:54,826 - INFO -   13 | HOLD |  6416.31 |  31.7 |  -0.25% |    0.0685 | $  10354.78 | $   3091.18 | 1.132052
2025-06-08 15:33:54,826 - INFO -   14 | SELL |  6734.80 |  38.6 |   9.77% |    0.0256 | $  10620.03 | $   4901.91 | 0.849039
2025-06-08 15:33:54,826 - INFO -   15 | HOLD |  6681.06 |  41.5 |  15.22% |   -0.0043 | $  10574.40 | $   4901.91 | 0.849039
2025-06-08 15:33:54,826 - INFO -   16 | BUY  |  6716.44 |  41.2 |  14.30% |    0.0006 | $  10580.41 | $   3676.44 | 1.027921
2025-06-08 15:33:54,826 - INFO -   17 | HOLD |  6469.80 |  71.4 |  12.00% |   -0.0240 | $  10326.88 | $   3676.44 | 1.027921
2025-06-08 15:33:54,826 - INFO -   18 | SELL |  6242.19 |  62.2 |   7.89% |   -0.0304 | $  10012.71 | $   5200.35 | 0.770941
2025-06-08 15:33:54,826 - INFO -   19 | SELL |  5922.04 |  64.5 |   4.10% |   -0.0001 | $   9708.83 | $   6284.67 | 0.578206
2025-06-08 15:33:54,826 - INFO -   ...    ...      ...       ...     ...       ...         ...          ...         ...
2025-06-08 15:33:54,826 - INFO - 1262 | SELL | 26162.37 |  15.2 |  -4.17% |   -0.0052 | $    577.71 | $    328.41 | 0.009529
2025-06-08 15:33:54,826 - INFO - 1263 | HOLD | 26047.67 |  14.8 |  -5.14% |   -0.0051 | $    576.61 | $    328.41 | 0.009529
2025-06-08 15:33:54,826 - INFO - 1264 | BUY  | 26008.46 |  14.5 |  -5.56% |   -0.0050 | $    574.63 | $    246.31 | 0.012624
2025-06-08 15:33:54,826 - INFO - 1265 | SELL | 26089.69 |  14.0 |  -4.36% |   -0.0051 | $    571.54 | $    324.53 | 0.009468
2025-06-08 15:33:54,826 - INFO - 1266 | SELL | 26106.15 |  15.9 |  -4.06% |   -0.0058 | $    568.61 | $    383.23 | 0.007101
2025-06-08 15:33:54,826 - INFO - 1267 | HOLD | 27727.39 |  13.9 |  -4.00% |   -0.0040 | $    580.12 | $    383.23 | 0.007101
2025-06-08 15:33:54,826 - INFO - 1268 | HOLD | 27297.27 |  37.9 |   1.96% |   -0.0041 | $    577.06 | $    383.23 | 0.007101
2025-06-08 15:33:54,826 - INFO - 1269 | HOLD | 25931.47 |  38.1 |   0.38% |   -0.0047 | $    567.37 | $    383.23 | 0.007101
2025-06-08 15:33:54,826 - INFO - 1270 | HOLD | 25800.72 |  43.0 |  -4.65% |   -0.0048 | $    566.44 | $    383.23 | 0.007101
2025-06-08 15:33:54,826 - INFO - 1271 | HOLD | 25868.80 |  47.4 |  -5.13% |   -0.0047 | $    566.92 | $    383.23 | 0.007101
2025-06-08 15:33:54,826 - INFO - 1272 | BUY  | 25969.57 |  47.6 |  -4.88% |   -0.0049 | $    565.76 | $    287.42 | 0.010718
2025-06-08 15:33:54,826 - INFO - 1273 | SELL | 25812.42 |  47.7 |  -3.03% |   -0.0050 | $    560.61 | $    353.13 | 0.008038
2025-06-08 15:33:54,826 - INFO - 1274 | SELL | 25779.98 |  46.8 |  -3.62% |   -0.0048 | $    557.76 | $    402.34 | 0.006029
2025-06-08 15:33:54,826 - INFO - 1275 | BUY  | 25753.24 |  47.4 |  -3.74% |   -0.0051 | $    555.63 | $    301.76 | 0.009858
2025-06-08 15:33:54,826 - INFO - 1276 | SELL | 26240.20 |  42.4 |  -2.38% |   -0.0042 | $    557.20 | $    363.19 | 0.007393
2025-06-08 15:33:54,826 - INFO - 1277 | HOLD | 25905.65 |  50.8 |  -0.54% |   -0.0042 | $    554.72 | $    363.19 | 0.007393
2025-06-08 15:33:54,826 - INFO - 1278 | SELL | 25895.68 |  48.5 |  -1.81% |   -0.0043 | $    552.26 | $    408.66 | 0.005545
2025-06-08 15:33:54,826 - INFO - 1279 | HOLD | 25832.23 |  48.8 |  -1.84% |   -0.0043 | $    551.91 | $    408.66 | 0.005545
2025-06-08 15:33:54,826 - INFO - 1280 | SELL | 25162.65 |  47.3 |  -2.08% |   -0.0046 | $    546.45 | $    441.80 | 0.004159
2025-06-08 15:33:54,826 - INFO - 1281 | SELL | 25833.34 |  41.4 |  -4.62% |   -0.0047 | $    547.89 | $    467.32 | 0.003119
2025-06-08 15:33:54,827 - INFO - 
Action distribution for Episode 170:
2025-06-08 15:33:54,827 - INFO -   HOLD:  442 ( 34.5%)
2025-06-08 15:33:54,827 - INFO -   BUY:   430 ( 33.5%)
2025-06-08 15:33:54,827 - INFO -   SELL:  410 ( 32.0%)
2025-06-08 15:33:54,827 - INFO - --------------------------------------------------------------------------------------------------------------
2025-06-08 15:33:54,880 - INFO - Step 218000: Loss = 0.295200, Epsilon = 0.7897
2025-06-08 15:33:54,880 - INFO - Step 218000: Target network updated
2025-06-08 15:33:55,736 - INFO - Step 219000: Loss = 0.316376, Epsilon = 0.7888
2025-06-08 15:33:55,927 - INFO - Episode 171: Reward = -2.3451, Portfolio = $851.36, Return = -91.49%, Cash = $310.29, Crypto = 0.020945, Steps = 1282
2025-06-08 15:33:56,650 - INFO - Step 220000: Loss = 0.244856, Epsilon = 0.7878
2025-06-08 15:33:56,650 - INFO - Step 220000: Target network updated
2025-06-08 15:33:57,119 - INFO - Episode 172: Reward = -2.4661, Portfolio = $369.73, Return = -96.30%, Cash = $183.10, Crypto = 0.007224, Steps = 1282
2025-06-08 15:33:57,630 - INFO - Step 221000: Loss = 0.442157, Epsilon = 0.7868
2025-06-08 15:33:58,340 - INFO - Episode 173: Reward = -2.0983, Portfolio = $460.24, Return = -95.40%, Cash = $111.59, Crypto = 0.013496, Steps = 1282
2025-06-08 15:33:58,543 - INFO - Step 222000: Loss = 0.175647, Epsilon = 0.7859
2025-06-08 15:33:58,543 - INFO - Step 222000: Target network updated
2025-06-08 15:33:59,457 - INFO - Step 223000: Loss = 0.290572, Epsilon = 0.7849
2025-06-08 15:33:59,515 - INFO - Episode 174: Reward = -2.6105, Portfolio = $406.38, Return = -95.94%, Cash = $233.05, Crypto = 0.006709, Steps = 1282
2025-06-08 15:34:00,355 - INFO - Step 224000: Loss = 0.102467, Epsilon = 0.7839
2025-06-08 15:34:00,356 - INFO - Step 224000: Target network updated
2025-06-08 15:34:00,670 - INFO - Episode 175: Reward = -2.3903, Portfolio = $511.64, Return = -94.88%, Cash = $160.13, Crypto = 0.013607, Steps = 1282
2025-06-08 15:34:01,253 - INFO - Step 225000: Loss = 0.521640, Epsilon = 0.7830
2025-06-08 15:34:01,814 - INFO - Episode 176: Reward = -2.0361, Portfolio = $596.65, Return = -94.03%, Cash = $295.49, Crypto = 0.011658, Steps = 1282
2025-06-08 15:34:02,141 - INFO - Step 226000: Loss = 0.416425, Epsilon = 0.7820
2025-06-08 15:34:02,141 - INFO - Step 226000: Target network updated
2025-06-08 15:34:02,923 - INFO - Episode 177: Reward = -2.0634, Portfolio = $907.45, Return = -90.93%, Cash = $416.62, Crypto = 0.019000, Steps = 1282
2025-06-08 15:34:02,998 - INFO - Step 227000: Loss = 0.322598, Epsilon = 0.7811
2025-06-08 15:34:03,876 - INFO - Step 228000: Loss = 0.155699, Epsilon = 0.7801
2025-06-08 15:34:03,876 - INFO - Step 228000: Target network updated
2025-06-08 15:34:04,053 - INFO - Episode 178: Reward = -2.1537, Portfolio = $729.70, Return = -92.70%, Cash = $80.10, Crypto = 0.025146, Steps = 1282
2025-06-08 15:34:04,768 - INFO - Step 229000: Loss = 0.628980, Epsilon = 0.7791
2025-06-08 15:34:05,198 - INFO - Episode 179: Reward = -2.0465, Portfolio = $746.32, Return = -92.54%, Cash = $538.42, Crypto = 0.008047, Steps = 1282
2025-06-08 15:34:05,674 - INFO - Step 230000: Loss = 0.111755, Epsilon = 0.7782
2025-06-08 15:34:05,674 - INFO - Step 230000: Target network updated
2025-06-08 15:34:06,370 - INFO - Episode 180: Reward = -2.2020, Portfolio = $733.16, Return = -92.67%, Cash = $345.33, Crypto = 0.015013, Steps = 1282
2025-06-08 15:34:06,370 - INFO - Episode 180 Summary: Avg Reward (100 eps) = -2.2438, Avg Portfolio (100 eps) = $621.85, Epsilon = 0.777
2025-06-08 15:34:06,370 - INFO - 
Detailed steps for Episode 180:
2025-06-08 15:34:06,370 - INFO - Step | Action | Price    | RSI   | PnL    | Reward    | Portfolio   | Cash       | Crypto
2025-06-08 15:34:06,370 - INFO - --------------------------------------------------------------------------------------------------------------
2025-06-08 15:34:06,370 - INFO -    0 | HOLD |  7909.73 |  21.9 |  -2.00% |    0.0000 | $  10000.00 | $  10000.00 | 0.000000
2025-06-08 15:34:06,370 - INFO -    1 | HOLD |  7911.43 |  24.3 |  -2.00% |    0.0000 | $  10000.00 | $  10000.00 | 0.000000
2025-06-08 15:34:06,370 - INFO -    2 | HOLD |  4970.79 |  29.9 |  -2.00% |    0.0000 | $  10000.00 | $  10000.00 | 0.000000
2025-06-08 15:34:06,370 - INFO -    3 | SELL |  5563.71 |  13.1 |  -2.00% |   -0.0100 | $  10000.00 | $  10000.00 | 0.000000
2025-06-08 15:34:06,370 - INFO -    4 | BUY  |  5200.37 |  22.5 |  -2.00% |   -0.0049 | $   9950.98 | $   7500.00 | 0.471309
2025-06-08 15:34:06,370 - INFO -    5 | BUY  |  5392.31 |  21.4 |   0.00% |    0.0054 | $  10004.68 | $   5625.00 | 0.812208
2025-06-08 15:34:06,370 - INFO -    6 | BUY  |  5014.48 |  24.0 |   2.11% |   -0.0334 | $   9670.23 | $   4218.75 | 1.087147
2025-06-08 15:34:06,370 - INFO -    7 | HOLD |  5225.63 |  18.7 |  -3.82% |    0.0237 | $   9899.78 | $   4218.75 | 1.087147
2025-06-08 15:34:06,370 - INFO -    8 | SELL |  5238.44 |  21.7 |   0.23% |   -0.0058 | $   9842.52 | $   5571.30 | 0.815361
2025-06-08 15:34:06,370 - INFO -    9 | BUY  |  6191.19 |  22.0 |   0.48% |    0.0762 | $  10592.05 | $   4178.48 | 1.035918
2025-06-08 15:34:06,370 - INFO -   10 | SELL |  6198.78 |  29.1 |  14.19% |   -0.0068 | $  10519.64 | $   5703.57 | 0.776939
2025-06-08 15:34:06,370 - INFO -   11 | HOLD |  6185.07 |  28.7 |  14.33% |   -0.0010 | $  10508.98 | $   5703.57 | 0.776939
2025-06-08 15:34:06,371 - INFO -   12 | BUY  |  5830.25 |  29.6 |  14.08% |   -0.0289 | $  10205.36 | $   4277.67 | 1.016711
2025-06-08 15:34:06,371 - INFO -   13 | HOLD |  6416.31 |  31.7 |   5.66% |    0.0584 | $  10801.21 | $   4277.67 | 1.016711
2025-06-08 15:34:06,371 - INFO -   14 | HOLD |  6734.80 |  38.6 |  16.28% |    0.0300 | $  11125.02 | $   4277.67 | 1.016711
2025-06-08 15:34:06,371 - INFO -   15 | BUY  |  6681.06 |  41.5 |  22.05% |   -0.0068 | $  11049.41 | $   3208.26 | 1.173639
2025-06-08 15:34:06,371 - INFO -   16 | BUY  |  6716.44 |  41.2 |  17.76% |    0.0023 | $  11075.21 | $   2406.19 | 1.290716
2025-06-08 15:34:06,371 - INFO -   17 | SELL |  6469.80 |  71.4 |  16.44% |   -0.0382 | $  10652.48 | $   4389.48 | 0.968037
2025-06-08 15:34:06,371 - INFO -   18 | HOLD |  6242.19 |  62.2 |  12.16% |   -0.0207 | $  10432.15 | $   4389.48 | 0.968037
2025-06-08 15:34:06,371 - INFO -   19 | BUY  |  5922.04 |  64.5 |   8.22% |    0.0003 | $  10100.71 | $   3292.11 | 1.149706
2025-06-08 15:34:06,371 - INFO -   ...    ...      ...       ...     ...       ...         ...          ...         ...
2025-06-08 15:34:06,371 - INFO - 1262 | BUY  | 26162.37 |  15.2 |  -7.88% |   -0.0044 | $    783.88 | $    199.88 | 0.022322
2025-06-08 15:34:06,371 - INFO - 1263 | HOLD | 26047.67 |  14.8 |  -7.91% |   -0.0044 | $    781.32 | $    199.88 | 0.022322
2025-06-08 15:34:06,371 - INFO - 1264 | HOLD | 26008.46 |  14.5 |  -8.32% |   -0.0045 | $    780.44 | $    199.88 | 0.022322
2025-06-08 15:34:06,371 - INFO - 1265 | HOLD | 26089.69 |  14.0 |  -8.45% |   -0.0045 | $    782.25 | $    199.88 | 0.022322
2025-06-08 15:34:06,371 - INFO - 1266 | SELL | 26106.15 |  15.9 |  -8.17% |   -0.0054 | $    775.34 | $    338.28 | 0.016742
2025-06-08 15:34:06,371 - INFO - 1267 | BUY  | 27727.39 |  13.9 |  -8.11% |   -0.0031 | $    800.82 | $    253.71 | 0.019732
2025-06-08 15:34:06,371 - INFO - 1268 | HOLD | 27297.27 |  37.9 |  -2.05% |   -0.0032 | $    792.33 | $    253.71 | 0.019732
2025-06-08 15:34:06,371 - INFO - 1269 | BUY  | 25931.47 |  38.1 |  -3.57% |   -0.0039 | $    764.14 | $    190.28 | 0.022130
2025-06-08 15:34:06,371 - INFO - 1270 | BUY  | 25800.72 |  43.0 |  -7.55% |   -0.0040 | $    760.31 | $    142.71 | 0.023937
2025-06-08 15:34:06,371 - INFO - 1271 | BUY  | 25868.80 |  47.4 |  -7.46% |   -0.0038 | $    761.24 | $    107.03 | 0.025290
2025-06-08 15:34:06,371 - INFO - 1272 | SELL | 25969.57 |  47.6 |  -6.85% |   -0.0042 | $    755.58 | $    263.01 | 0.018967
2025-06-08 15:34:06,371 - INFO - 1273 | SELL | 25812.42 |  47.7 |  -6.49% |   -0.0044 | $    746.48 | $    379.29 | 0.014225
2025-06-08 15:34:06,371 - INFO - 1274 | BUY  | 25779.98 |  46.8 |  -7.06% |   -0.0041 | $    744.16 | $    284.47 | 0.017831
2025-06-08 15:34:06,371 - INFO - 1275 | HOLD | 25753.24 |  47.4 |  -5.81% |   -0.0033 | $    743.69 | $    284.47 | 0.017831
2025-06-08 15:34:06,371 - INFO - 1276 | SELL | 26240.20 |  42.4 |  -5.90% |   -0.0025 | $    746.52 | $    395.59 | 0.013374
2025-06-08 15:34:06,371 - INFO - 1277 | HOLD | 25905.65 |  50.8 |  -4.12% |   -0.0027 | $    742.05 | $    395.59 | 0.013374
2025-06-08 15:34:06,371 - INFO - 1278 | HOLD | 25895.68 |  48.5 |  -5.35% |   -0.0028 | $    741.91 | $    395.59 | 0.013374
2025-06-08 15:34:06,371 - INFO - 1279 | BUY  | 25832.23 |  48.8 |  -5.38% |   -0.0025 | $    739.12 | $    296.70 | 0.017127
2025-06-08 15:34:06,371 - INFO - 1280 | BUY  | 25162.65 |  47.3 |  -4.44% |   -0.0030 | $    726.20 | $    222.52 | 0.020017
2025-06-08 15:34:06,371 - INFO - 1281 | SELL | 25833.34 |  41.4 |  -5.98% |   -0.0030 | $    733.16 | $    345.33 | 0.015013
2025-06-08 15:34:06,371 - INFO - 
Action distribution for Episode 180:
2025-06-08 15:34:06,371 - INFO -   HOLD:  418 ( 32.6%)
2025-06-08 15:34:06,371 - INFO -   BUY:   418 ( 32.6%)
2025-06-08 15:34:06,371 - INFO -   SELL:  446 ( 34.8%)
2025-06-08 15:34:06,371 - INFO - --------------------------------------------------------------------------------------------------------------
2025-06-08 15:34:06,582 - INFO - Step 231000: Loss = 0.316604, Epsilon = 0.7772
2025-06-08 15:34:07,479 - INFO - Step 232000: Loss = 0.233085, Epsilon = 0.7762
2025-06-08 15:34:07,479 - INFO - Step 232000: Target network updated
2025-06-08 15:34:07,518 - INFO - Episode 181: Reward = -1.8766, Portfolio = $905.40, Return = -90.95%, Cash = $310.38, Crypto = 0.023033, Steps = 1282
2025-06-08 15:34:08,386 - INFO - Step 233000: Loss = 0.394019, Epsilon = 0.7753
2025-06-08 15:34:08,682 - INFO - Episode 182: Reward = -2.3479, Portfolio = $444.75, Return = -95.55%, Cash = $393.98, Crypto = 0.001965, Steps = 1282
2025-06-08 15:34:09,300 - INFO - Step 234000: Loss = 0.203611, Epsilon = 0.7743
2025-06-08 15:34:09,300 - INFO - Step 234000: Target network updated
2025-06-08 15:34:09,865 - INFO - Episode 183: Reward = -2.4619, Portfolio = $431.41, Return = -95.69%, Cash = $234.98, Crypto = 0.007604, Steps = 1282
2025-06-08 15:34:10,234 - INFO - Step 235000: Loss = 0.428081, Epsilon = 0.7733
2025-06-08 15:34:11,027 - INFO - Episode 184: Reward = -2.2845, Portfolio = $653.19, Return = -93.47%, Cash = $472.23, Crypto = 0.007005, Steps = 1282
2025-06-08 15:34:11,127 - INFO - Step 236000: Loss = 0.168898, Epsilon = 0.7724
2025-06-08 15:34:11,127 - INFO - Step 236000: Target network updated
2025-06-08 15:34:12,020 - INFO - Step 237000: Loss = 0.267577, Epsilon = 0.7714
2025-06-08 15:34:12,196 - INFO - Episode 185: Reward = -2.2067, Portfolio = $668.33, Return = -93.32%, Cash = $559.78, Crypto = 0.004202, Steps = 1282
2025-06-08 15:34:12,954 - INFO - Step 238000: Loss = 0.334182, Epsilon = 0.7704
2025-06-08 15:34:12,954 - INFO - Step 238000: Target network updated
2025-06-08 15:34:13,357 - INFO - Episode 186: Reward = -2.2383, Portfolio = $428.76, Return = -95.71%, Cash = $301.08, Crypto = 0.004942, Steps = 1282
2025-06-08 15:34:13,849 - INFO - Step 239000: Loss = 0.437549, Epsilon = 0.7695
2025-06-08 15:34:14,564 - INFO - Episode 187: Reward = -2.3150, Portfolio = $384.24, Return = -96.16%, Cash = $289.36, Crypto = 0.003673, Steps = 1282
2025-06-08 15:34:14,816 - INFO - Step 240000: Loss = 0.312093, Epsilon = 0.7685
2025-06-08 15:34:14,816 - INFO - Step 240000: Target network updated
2025-06-08 15:34:15,755 - INFO - Step 241000: Loss = 0.495893, Epsilon = 0.7675
2025-06-08 15:34:15,770 - INFO - Episode 188: Reward = -2.2676, Portfolio = $467.07, Return = -95.33%, Cash = $331.97, Crypto = 0.005230, Steps = 1282
2025-06-08 15:34:16,669 - INFO - Step 242000: Loss = 0.192954, Epsilon = 0.7666
2025-06-08 15:34:16,669 - INFO - Step 242000: Target network updated
2025-06-08 15:34:16,933 - INFO - Episode 189: Reward = -2.2448, Portfolio = $560.41, Return = -94.40%, Cash = $489.27, Crypto = 0.002754, Steps = 1282
2025-06-08 15:34:17,691 - INFO - Step 243000: Loss = 0.681884, Epsilon = 0.7656
2025-06-08 15:34:18,229 - INFO - Episode 190: Reward = -2.1460, Portfolio = $1207.27, Return = -87.93%, Cash = $863.04, Crypto = 0.013325, Steps = 1282
2025-06-08 15:34:18,230 - INFO - Episode 190 Summary: Avg Reward (100 eps) = -2.2470, Avg Portfolio (100 eps) = $613.28, Epsilon = 0.765
2025-06-08 15:34:18,230 - INFO - 
Detailed steps for Episode 190:
2025-06-08 15:34:18,230 - INFO - Step | Action | Price    | RSI   | PnL    | Reward    | Portfolio   | Cash       | Crypto
2025-06-08 15:34:18,230 - INFO - --------------------------------------------------------------------------------------------------------------
2025-06-08 15:34:18,230 - INFO -    0 | SELL |  7909.73 |  21.9 |  -2.00% |   -0.0100 | $  10000.00 | $  10000.00 | 0.000000
2025-06-08 15:34:18,230 - INFO -    1 | SELL |  7911.43 |  24.3 |  -2.00% |   -0.0100 | $  10000.00 | $  10000.00 | 0.000000
2025-06-08 15:34:18,230 - INFO -    2 | BUY  |  4970.79 |  29.9 |  -2.00% |   -0.0049 | $   9950.98 | $   7500.00 | 0.493077
2025-06-08 15:34:18,230 - INFO -    3 | BUY  |  5563.71 |  13.1 |   0.00% |    0.0257 | $  10206.57 | $   5625.00 | 0.823474
2025-06-08 15:34:18,230 - INFO -    4 | SELL |  5200.37 |  22.5 |   6.82% |   -0.0346 | $   9853.84 | $   6642.06 | 0.617606
2025-06-08 15:34:18,230 - INFO -    5 | SELL |  5392.31 |  21.4 |  -0.16% |    0.0078 | $   9930.76 | $   7433.01 | 0.463204
2025-06-08 15:34:18,230 - INFO -    6 | SELL |  5014.48 |  24.0 |   3.53% |   -0.0205 | $   9726.71 | $   7984.66 | 0.347403
2025-06-08 15:34:18,230 - INFO -    7 | HOLD |  5225.63 |  18.7 |  -3.73% |    0.0075 | $   9800.06 | $   7984.66 | 0.347403
2025-06-08 15:34:18,230 - INFO -    8 | SELL |  5238.44 |  21.7 |   0.33% |   -0.0019 | $   9781.77 | $   8416.88 | 0.260552
2025-06-08 15:34:18,230 - INFO -    9 | HOLD |  6191.19 |  22.0 |   0.57% |    0.0254 | $  10030.01 | $   8416.88 | 0.260552
2025-06-08 15:34:18,230 - INFO -   10 | HOLD |  6198.78 |  29.1 |  18.86% |    0.0002 | $  10031.98 | $   8416.88 | 0.260552
2025-06-08 15:34:18,230 - INFO -   11 | BUY  |  6185.07 |  28.7 |  19.01% |   -0.0045 | $   9987.15 | $   6312.66 | 0.594091
2025-06-08 15:34:18,230 - INFO -   12 | SELL |  5830.25 |  29.6 |   7.44% |   -0.0254 | $   9733.07 | $   7135.29 | 0.445568
2025-06-08 15:34:18,230 - INFO -   13 | SELL |  6416.31 |  31.7 |   1.28% |    0.0232 | $   9958.46 | $   7814.28 | 0.334176
2025-06-08 15:34:18,230 - INFO -   14 | SELL |  6734.80 |  38.6 |  11.46% |    0.0079 | $  10036.76 | $   8348.80 | 0.250632
2025-06-08 15:34:18,230 - INFO -   15 | SELL |  6681.06 |  41.5 |  16.99% |   -0.0034 | $  10002.36 | $   8746.49 | 0.187974
2025-06-08 15:34:18,230 - INFO -   16 | HOLD |  6716.44 |  41.2 |  16.05% |    0.0007 | $  10009.01 | $   8746.49 | 0.187974
2025-06-08 15:34:18,230 - INFO -   17 | BUY  |  6469.80 |  71.4 |  16.67% |   -0.0089 | $   9919.77 | $   6559.87 | 0.519321
2025-06-08 15:34:18,230 - INFO -   18 | SELL |  6242.19 |  62.2 |   4.15% |   -0.0160 | $   9761.05 | $   7329.77 | 0.389491
2025-06-08 15:34:18,230 - INFO -   19 | HOLD |  5922.04 |  64.5 |   0.49% |   -0.0012 | $   9636.35 | $   7329.77 | 0.389491
2025-06-08 15:34:18,230 - INFO -   ...    ...      ...       ...     ...       ...         ...          ...         ...
2025-06-08 15:34:18,230 - INFO - 1262 | HOLD | 26162.37 |  15.2 |  -5.62% |   -0.0056 | $   1320.92 | $    732.29 | 0.022499
2025-06-08 15:34:18,230 - INFO - 1263 | SELL | 26047.67 |  14.8 |  -6.58% |   -0.0058 | $   1311.01 | $    871.47 | 0.016874
2025-06-08 15:34:18,230 - INFO - 1264 | BUY  | 26008.46 |  14.5 |  -6.99% |   -0.0060 | $   1306.08 | $    653.61 | 0.025087
2025-06-08 15:34:18,230 - INFO - 1265 | HOLD | 26089.69 |  14.0 |  -4.91% |   -0.0055 | $   1308.12 | $    653.61 | 0.025087
2025-06-08 15:34:18,230 - INFO - 1266 | SELL | 26106.15 |  15.9 |  -4.61% |   -0.0069 | $   1300.34 | $    809.15 | 0.018815
2025-06-08 15:34:18,230 - INFO - 1267 | HOLD | 27727.39 |  13.9 |  -4.55% |   -0.0040 | $   1330.85 | $    809.15 | 0.018815
2025-06-08 15:34:18,230 - INFO - 1268 | BUY  | 27297.27 |  37.9 |   1.37% |   -0.0042 | $   1318.79 | $    606.86 | 0.026080
2025-06-08 15:34:18,230 - INFO - 1269 | BUY  | 25931.47 |  38.1 |  -0.14% |   -0.0049 | $   1280.19 | $    455.15 | 0.031816
2025-06-08 15:34:18,230 - INFO - 1270 | SELL | 25800.72 |  43.0 |  -4.25% |   -0.0053 | $   1265.77 | $    650.11 | 0.023862
2025-06-08 15:34:18,230 - INFO - 1271 | BUY  | 25868.80 |  47.4 |  -4.74% |   -0.0052 | $   1264.21 | $    487.58 | 0.030022
2025-06-08 15:34:18,230 - INFO - 1272 | BUY  | 25969.57 |  47.6 |  -3.60% |   -0.0048 | $   1264.84 | $    365.69 | 0.034624
2025-06-08 15:34:18,230 - INFO - 1273 | SELL | 25812.42 |  47.7 |  -2.81% |   -0.0051 | $   1248.23 | $    577.94 | 0.025968
2025-06-08 15:34:18,230 - INFO - 1274 | HOLD | 25779.98 |  46.8 |  -3.39% |   -0.0045 | $   1247.39 | $    577.94 | 0.025968
2025-06-08 15:34:18,230 - INFO - 1275 | SELL | 25753.24 |  47.4 |  -3.52% |   -0.0041 | $   1238.34 | $    736.77 | 0.019476
2025-06-08 15:34:18,230 - INFO - 1276 | BUY  | 26240.20 |  42.4 |  -3.62% |   -0.0034 | $   1244.21 | $    552.58 | 0.026358
2025-06-08 15:34:18,230 - INFO - 1277 | BUY  | 25905.65 |  50.8 |  -1.33% |   -0.0039 | $   1232.68 | $    414.43 | 0.031586
2025-06-08 15:34:18,230 - INFO - 1278 | SELL | 25895.68 |  48.5 |  -2.17% |   -0.0042 | $   1222.14 | $    608.69 | 0.023689
2025-06-08 15:34:18,230 - INFO - 1279 | SELL | 25832.23 |  48.8 |  -2.21% |   -0.0045 | $   1212.99 | $    754.03 | 0.017767
2025-06-08 15:34:18,230 - INFO - 1280 | HOLD | 25162.65 |  47.3 |  -2.45% |   -0.0047 | $   1201.09 | $    754.03 | 0.017767
2025-06-08 15:34:18,231 - INFO - 1281 | SELL | 25833.34 |  41.4 |  -4.98% |   -0.0049 | $   1207.27 | $    863.04 | 0.013325
2025-06-08 15:34:18,231 - INFO - 
Action distribution for Episode 190:
2025-06-08 15:34:18,231 - INFO -   HOLD:  447 ( 34.9%)
2025-06-08 15:34:18,231 - INFO -   BUY:   411 ( 32.1%)
2025-06-08 15:34:18,231 - INFO -   SELL:  424 ( 33.1%)
2025-06-08 15:34:18,231 - INFO - --------------------------------------------------------------------------------------------------------------
2025-06-08 15:34:18,651 - INFO - Step 244000: Loss = 0.332030, Epsilon = 0.7647
2025-06-08 15:34:18,652 - INFO - Step 244000: Target network updated
2025-06-08 15:34:19,468 - INFO - Episode 191: Reward = -2.2692, Portfolio = $639.45, Return = -93.61%, Cash = $490.62, Crypto = 0.005761, Steps = 1282
2025-06-08 15:34:19,606 - INFO - Step 245000: Loss = 0.562348, Epsilon = 0.7637
2025-06-08 15:34:20,594 - INFO - Step 246000: Loss = 0.288910, Epsilon = 0.7627
2025-06-08 15:34:20,594 - INFO - Step 246000: Target network updated
2025-06-08 15:34:20,730 - INFO - Episode 192: Reward = -2.1776, Portfolio = $731.40, Return = -92.69%, Cash = $229.13, Crypto = 0.019443, Steps = 1282
2025-06-08 15:34:21,493 - INFO - Step 247000: Loss = 10.601503, Epsilon = 0.7618
2025-06-08 15:34:21,872 - INFO - Episode 193: Reward = -2.4091, Portfolio = $384.94, Return = -96.15%, Cash = $168.54, Crypto = 0.008377, Steps = 1282
2025-06-08 15:34:22,392 - INFO - Step 248000: Loss = 0.277257, Epsilon = 0.7608
2025-06-08 15:34:22,392 - INFO - Step 248000: Target network updated
2025-06-08 15:34:23,061 - INFO - Episode 194: Reward = -2.1617, Portfolio = $511.36, Return = -94.89%, Cash = $245.28, Crypto = 0.010300, Steps = 1282
2025-06-08 15:34:23,338 - INFO - Step 249000: Loss = 0.456185, Epsilon = 0.7598
2025-06-08 15:34:24,220 - INFO - Episode 195: Reward = -2.3945, Portfolio = $413.56, Return = -95.86%, Cash = $249.55, Crypto = 0.006349, Steps = 1282
2025-06-08 15:34:24,230 - INFO - Step 250000: Loss = 0.097411, Epsilon = 0.7589
2025-06-08 15:34:24,230 - INFO - Step 250000: Target network updated
2025-06-08 15:34:25,134 - INFO - Step 251000: Loss = 0.332429, Epsilon = 0.7579
2025-06-08 15:34:25,383 - INFO - Episode 196: Reward = -2.3189, Portfolio = $723.17, Return = -92.77%, Cash = $266.15, Crypto = 0.017691, Steps = 1282
2025-06-08 15:34:26,089 - INFO - Step 252000: Loss = 0.089154, Epsilon = 0.7569
2025-06-08 15:34:26,089 - INFO - Step 252000: Target network updated
2025-06-08 15:34:26,613 - INFO - Episode 197: Reward = -2.1204, Portfolio = $675.17, Return = -93.25%, Cash = $224.67, Crypto = 0.017438, Steps = 1282
2025-06-08 15:34:27,033 - INFO - Step 253000: Loss = 0.586468, Epsilon = 0.7560
2025-06-08 15:34:27,817 - INFO - Episode 198: Reward = -2.2208, Portfolio = $686.94, Return = -93.13%, Cash = $361.53, Crypto = 0.012597, Steps = 1282
2025-06-08 15:34:27,971 - INFO - Step 254000: Loss = 0.216355, Epsilon = 0.7550
2025-06-08 15:34:27,971 - INFO - Step 254000: Target network updated
2025-06-08 15:34:28,875 - INFO - Step 255000: Loss = 0.451934, Epsilon = 0.7540
2025-06-08 15:34:28,976 - INFO - Episode 199: Reward = -2.3287, Portfolio = $789.60, Return = -92.10%, Cash = $463.03, Crypto = 0.012641, Steps = 1282
2025-06-08 15:34:29,774 - INFO - Step 256000: Loss = 0.081111, Epsilon = 0.7531
2025-06-08 15:34:29,774 - INFO - Step 256000: Target network updated
2025-06-08 15:34:30,150 - INFO - Episode 200: Reward = -2.1308, Portfolio = $1116.21, Return = -88.84%, Cash = $516.88, Crypto = 0.023200, Steps = 1282
2025-06-08 15:34:30,150 - INFO - Episode 200 Summary: Avg Reward (100 eps) = -2.2427, Avg Portfolio (100 eps) = $624.38, Epsilon = 0.753
2025-06-08 15:34:30,150 - INFO - 
Detailed steps for Episode 200:
2025-06-08 15:34:30,150 - INFO - Step | Action | Price    | RSI   | PnL    | Reward    | Portfolio   | Cash       | Crypto
2025-06-08 15:34:30,150 - INFO - --------------------------------------------------------------------------------------------------------------
2025-06-08 15:34:30,150 - INFO -    0 | HOLD |  7909.73 |  21.9 |  -2.00% |    0.0000 | $  10000.00 | $  10000.00 | 0.000000
2025-06-08 15:34:30,150 - INFO -    1 | BUY  |  7911.43 |  24.3 |  -2.00% |   -0.0049 | $   9950.98 | $   7500.00 | 0.309802
2025-06-08 15:34:30,150 - INFO -    2 | SELL |  4970.79 |  29.9 |   0.00% |   -0.0935 | $   9020.71 | $   7865.74 | 0.232352
2025-06-08 15:34:30,150 - INFO -    3 | BUY  |  5563.71 |  13.1 | -37.17% |    0.0110 | $   9119.92 | $   5899.31 | 0.578861
2025-06-08 15:34:30,150 - INFO -    4 | SELL |  5200.37 |  22.5 | -14.48% |   -0.0272 | $   8871.97 | $   6614.25 | 0.434146
2025-06-08 15:34:30,150 - INFO -    5 | HOLD |  5392.31 |  21.4 | -20.07% |    0.0094 | $   8955.30 | $   6614.25 | 0.434146
2025-06-08 15:34:30,150 - INFO -    6 | SELL |  5014.48 |  24.0 | -17.12% |   -0.0214 | $   8764.05 | $   7131.29 | 0.325610
2025-06-08 15:34:30,150 - INFO -    7 | BUY  |  5225.63 |  18.7 | -22.93% |    0.0039 | $   8797.85 | $   5348.47 | 0.660089
2025-06-08 15:34:30,150 - INFO -    8 | BUY  |  5238.44 |  21.7 | -10.78% |   -0.0020 | $   8780.09 | $   4011.35 | 0.910335
2025-06-08 15:34:30,151 - INFO -    9 | BUY  |  6191.19 |  22.0 |  -7.89% |    0.0965 | $   9627.75 | $   3008.51 | 1.069137
2025-06-08 15:34:30,151 - INFO -   10 | SELL |  6198.78 |  29.1 |   7.45% |   -0.0078 | $   9553.02 | $   4582.51 | 0.801853
2025-06-08 15:34:30,151 - INFO -   11 | SELL |  6185.07 |  28.7 |   7.58% |   -0.0076 | $   9480.03 | $   5760.39 | 0.601390
2025-06-08 15:34:30,151 - INFO -   12 | SELL |  5830.25 |  29.6 |   7.34% |   -0.0271 | $   9222.82 | $   6593.13 | 0.451042
2025-06-08 15:34:30,151 - INFO -   13 | SELL |  6416.31 |  31.7 |   1.18% |    0.0247 | $   9450.98 | $   7280.46 | 0.338282
2025-06-08 15:34:30,151 - INFO -   14 | BUY  |  6734.80 |  38.6 |  11.36% |    0.0076 | $   9523.03 | $   5460.34 | 0.603238
2025-06-08 15:34:30,151 - INFO -   15 | SELL |  6681.06 |  41.5 |   8.81% |   -0.0087 | $   9440.24 | $   6417.53 | 0.452428
2025-06-08 15:34:30,151 - INFO -   16 | HOLD |  6716.44 |  41.2 |   7.95% |    0.0017 | $   9456.24 | $   6417.53 | 0.452428
2025-06-08 15:34:30,151 - INFO -   17 | BUY  |  6469.80 |  71.4 |   8.52% |   -0.0151 | $   9313.19 | $   4813.15 | 0.695546
2025-06-08 15:34:30,151 - INFO -   18 | HOLD |  6242.19 |  62.2 |   2.90% |   -0.0170 | $   9154.89 | $   4813.15 | 0.695546
2025-06-08 15:34:30,151 - INFO -   19 | BUY  |  5922.04 |  64.5 |  -0.72% |   -0.0016 | $   8908.61 | $   3609.86 | 0.894750
2025-06-08 15:34:30,151 - INFO -   ...    ...      ...       ...     ...       ...         ...          ...         ...
2025-06-08 15:34:30,151 - INFO - 1262 | SELL | 26162.37 |  15.2 |  -2.62% |   -0.0066 | $   1174.60 | $    616.97 | 0.021315
2025-06-08 15:34:30,151 - INFO - 1263 | SELL | 26047.67 |  14.8 |  -3.61% |   -0.0072 | $   1165.22 | $    748.82 | 0.015986
2025-06-08 15:34:30,151 - INFO - 1264 | SELL | 26008.46 |  14.5 |  -4.03% |   -0.0072 | $   1159.40 | $    847.57 | 0.011989
2025-06-08 15:34:30,151 - INFO - 1265 | SELL | 26089.69 |  14.0 |  -4.18% |   -0.0073 | $   1156.46 | $    921.86 | 0.008992
2025-06-08 15:34:30,151 - INFO - 1266 | HOLD | 26106.15 |  15.9 |  -3.88% |   -0.0092 | $   1156.61 | $    921.86 | 0.008992
2025-06-08 15:34:30,151 - INFO - 1267 | SELL | 27727.39 |  13.9 |  -3.82% |   -0.0069 | $   1168.07 | $    981.07 | 0.006744
2025-06-08 15:34:30,151 - INFO - 1268 | HOLD | 27297.27 |  37.9 |   2.15% |   -0.0064 | $   1165.17 | $    981.07 | 0.006744
2025-06-08 15:34:30,151 - INFO - 1269 | SELL | 25931.47 |  38.1 |   0.57% |   -0.0066 | $   1153.77 | $   1022.61 | 0.005058
2025-06-08 15:34:30,151 - INFO - 1270 | HOLD | 25800.72 |  43.0 |  -4.46% |   -0.0063 | $   1153.11 | $   1022.61 | 0.005058
2025-06-08 15:34:30,151 - INFO - 1271 | SELL | 25868.80 |  47.4 |  -4.94% |   -0.0062 | $   1151.82 | $   1053.69 | 0.003794
2025-06-08 15:34:30,151 - INFO - 1272 | BUY  | 25969.57 |  47.6 |  -4.69% |   -0.0062 | $   1147.04 | $    790.26 | 0.013738
2025-06-08 15:34:30,151 - INFO - 1273 | SELL | 25812.42 |  47.7 |  -1.23% |   -0.0061 | $   1140.44 | $    874.48 | 0.010304
2025-06-08 15:34:30,151 - INFO - 1274 | SELL | 25779.98 |  46.8 |  -1.83% |   -0.0060 | $   1136.79 | $    937.57 | 0.007728
2025-06-08 15:34:30,151 - INFO - 1275 | SELL | 25753.24 |  47.4 |  -1.95% |   -0.0056 | $   1134.10 | $    984.84 | 0.005796
2025-06-08 15:34:30,151 - INFO - 1276 | BUY  | 26240.20 |  42.4 |  -2.05% |   -0.0051 | $   1132.09 | $    738.63 | 0.014995
2025-06-08 15:34:30,151 - INFO - 1277 | BUY  | 25905.65 |  50.8 |  -0.08% |   -0.0058 | $   1123.45 | $    553.97 | 0.021983
2025-06-08 15:34:30,151 - INFO - 1278 | SELL | 25895.68 |  48.5 |  -0.93% |   -0.0060 | $   1116.12 | $    689.17 | 0.016487
2025-06-08 15:34:30,151 - INFO - 1279 | HOLD | 25832.23 |  48.8 |  -0.96% |   -0.0057 | $   1115.07 | $    689.17 | 0.016487
2025-06-08 15:34:30,151 - INFO - 1280 | BUY  | 25162.65 |  47.3 |  -1.21% |   -0.0060 | $   1100.65 | $    516.88 | 0.023200
2025-06-08 15:34:30,151 - INFO - 1281 | HOLD | 25833.34 |  41.4 |  -2.71% |   -0.0052 | $   1116.21 | $    516.88 | 0.023200
2025-06-08 15:34:30,151 - INFO - 
Action distribution for Episode 200:
2025-06-08 15:34:30,151 - INFO -   HOLD:  457 ( 35.6%)
2025-06-08 15:34:30,151 - INFO -   BUY:   410 ( 32.0%)
2025-06-08 15:34:30,151 - INFO -   SELL:  415 ( 32.4%)
2025-06-08 15:34:30,151 - INFO - --------------------------------------------------------------------------------------------------------------
2025-06-08 15:34:30,698 - INFO - Step 257000: Loss = 0.502017, Epsilon = 0.7521
2025-06-08 15:34:31,317 - INFO - Episode 201: Reward = -2.3598, Portfolio = $403.59, Return = -95.96%, Cash = $214.02, Crypto = 0.007338, Steps = 1282
2025-06-08 15:34:31,598 - INFO - Step 258000: Loss = 0.188940, Epsilon = 0.7511
2025-06-08 15:34:31,598 - INFO - Step 258000: Target network updated
2025-06-08 15:34:32,468 - INFO - Episode 202: Reward = -2.0730, Portfolio = $947.56, Return = -90.52%, Cash = $389.83, Crypto = 0.021589, Steps = 1282
2025-06-08 15:34:32,502 - INFO - Step 259000: Loss = 0.943475, Epsilon = 0.7502
2025-06-08 15:34:33,477 - INFO - Step 260000: Loss = 0.176697, Epsilon = 0.7492
2025-06-08 15:34:33,477 - INFO - Step 260000: Target network updated
2025-06-08 15:34:33,702 - INFO - Episode 203: Reward = -1.9314, Portfolio = $723.37, Return = -92.77%, Cash = $411.71, Crypto = 0.012064, Steps = 1282
2025-06-08 15:34:34,390 - INFO - Step 261000: Loss = 2.389404, Epsilon = 0.7483
2025-06-08 15:34:34,873 - INFO - Episode 204: Reward = -2.4448, Portfolio = $269.26, Return = -97.31%, Cash = $55.81, Crypto = 0.008263, Steps = 1282
2025-06-08 15:34:35,322 - INFO - Step 262000: Loss = 0.292673, Epsilon = 0.7473
2025-06-08 15:34:35,322 - INFO - Step 262000: Target network updated
2025-06-08 15:34:36,171 - INFO - Episode 205: Reward = -2.3505, Portfolio = $449.15, Return = -95.51%, Cash = $371.97, Crypto = 0.002988, Steps = 1282
2025-06-08 15:34:36,342 - INFO - Step 263000: Loss = 0.271515, Epsilon = 0.7463
2025-06-08 15:34:37,244 - INFO - Step 264000: Loss = 0.138029, Epsilon = 0.7454
2025-06-08 15:34:37,244 - INFO - Step 264000: Target network updated
2025-06-08 15:34:37,326 - INFO - Episode 206: Reward = -2.2708, Portfolio = $957.25, Return = -90.43%, Cash = $378.29, Crypto = 0.022412, Steps = 1282
2025-06-08 15:34:38,140 - INFO - Step 265000: Loss = 0.375435, Epsilon = 0.7444
2025-06-08 15:34:38,477 - INFO - Episode 207: Reward = -2.4300, Portfolio = $414.68, Return = -95.85%, Cash = $207.10, Crypto = 0.008035, Steps = 1282
2025-06-08 15:34:39,041 - INFO - Step 266000: Loss = 0.326190, Epsilon = 0.7434
2025-06-08 15:34:39,041 - INFO - Step 266000: Target network updated
2025-06-08 15:34:39,629 - INFO - Episode 208: Reward = -1.9784, Portfolio = $725.20, Return = -92.75%, Cash = $423.83, Crypto = 0.011666, Steps = 1282
2025-06-08 15:34:39,940 - INFO - Step 267000: Loss = 0.254283, Epsilon = 0.7425
2025-06-08 15:34:40,850 - INFO - Episode 209: Reward = -2.0256, Portfolio = $993.05, Return = -90.07%, Cash = $96.05, Crypto = 0.034722, Steps = 1282
2025-06-08 15:34:40,917 - INFO - Step 268000: Loss = 0.146209, Epsilon = 0.7415
2025-06-08 15:34:40,918 - INFO - Step 268000: Target network updated
2025-06-08 15:34:41,886 - INFO - Step 269000: Loss = 0.229086, Epsilon = 0.7405
2025-06-08 15:34:42,087 - INFO - Episode 210: Reward = -2.1074, Portfolio = $479.83, Return = -95.20%, Cash = $194.03, Crypto = 0.011063, Steps = 1282
2025-06-08 15:34:42,087 - INFO - Episode 210 Summary: Avg Reward (100 eps) = -2.2355, Avg Portfolio (100 eps) = $620.95, Epsilon = 0.740
2025-06-08 15:34:42,087 - INFO - 
Detailed steps for Episode 210:
2025-06-08 15:34:42,087 - INFO - Step | Action | Price    | RSI   | PnL    | Reward    | Portfolio   | Cash       | Crypto
2025-06-08 15:34:42,087 - INFO - --------------------------------------------------------------------------------------------------------------
2025-06-08 15:34:42,087 - INFO -    0 | HOLD |  7909.73 |  21.9 |  -2.00% |    0.0000 | $  10000.00 | $  10000.00 | 0.000000
2025-06-08 15:34:42,087 - INFO -    1 | HOLD |  7911.43 |  24.3 |  -2.00% |    0.0000 | $  10000.00 | $  10000.00 | 0.000000
2025-06-08 15:34:42,087 - INFO -    2 | HOLD |  4970.79 |  29.9 |  -2.00% |    0.0000 | $  10000.00 | $  10000.00 | 0.000000
2025-06-08 15:34:42,087 - INFO -    3 | BUY  |  5563.71 |  13.1 |  -2.00% |   -0.0049 | $   9950.98 | $   7500.00 | 0.440530
2025-06-08 15:34:42,087 - INFO -    4 | HOLD |  5200.37 |  22.5 |   0.00% |   -0.0161 | $   9790.92 | $   7500.00 | 0.440530
2025-06-08 15:34:42,087 - INFO -    5 | SELL |  5392.31 |  21.4 |  -6.53% |    0.0056 | $   9845.78 | $   8064.18 | 0.330398
2025-06-08 15:34:42,087 - INFO -    6 | HOLD |  5014.48 |  24.0 |  -3.08% |   -0.0127 | $   9720.95 | $   8064.18 | 0.330398
2025-06-08 15:34:42,087 - INFO -    7 | BUY  |  5225.63 |  18.7 |  -9.87% |    0.0031 | $   9751.18 | $   6048.13 | 0.708632
2025-06-08 15:34:42,087 - INFO -    8 | SELL |  5238.44 |  21.7 |  -2.93% |   -0.0038 | $   9713.86 | $   6929.76 | 0.531474
2025-06-08 15:34:42,087 - INFO -    9 | SELL |  6191.19 |  22.0 |  -2.69% |    0.0479 | $  10179.09 | $   7711.25 | 0.398606
2025-06-08 15:34:42,087 - INFO -   10 | BUY  |  6198.78 |  29.1 |  15.01% |   -0.0034 | $  10144.31 | $   5783.43 | 0.703506
2025-06-08 15:34:42,087 - INFO -   11 | BUY  |  6185.07 |  28.7 |   8.05% |   -0.0037 | $  10106.32 | $   4337.58 | 0.932689
2025-06-08 15:34:42,087 - INFO -   12 | BUY  |  5830.25 |  29.6 |   5.78% |   -0.0348 | $   9754.13 | $   3253.18 | 1.115036
2025-06-08 15:34:42,087 - INFO -   13 | SELL |  6416.31 |  31.7 |  -0.24% |    0.0578 | $  10318.17 | $   4952.36 | 0.836277
2025-06-08 15:34:42,087 - INFO -   14 | SELL |  6734.80 |  38.6 |   9.79% |    0.0190 | $  10514.12 | $   6290.00 | 0.627208
2025-06-08 15:34:42,087 - INFO -   15 | HOLD |  6681.06 |  41.5 |  15.24% |   -0.0032 | $  10480.41 | $   6290.00 | 0.627208
2025-06-08 15:34:42,087 - INFO -   16 | BUY  |  6716.44 |  41.2 |  14.32% |   -0.0008 | $  10471.76 | $   4717.50 | 0.856744
2025-06-08 15:34:42,087 - INFO -   17 | HOLD |  6469.80 |  71.4 |  10.51% |   -0.0202 | $  10260.46 | $   4717.50 | 0.856744
2025-06-08 15:34:42,087 - INFO -   18 | HOLD |  6242.19 |  62.2 |   6.45% |   -0.0190 | $  10065.46 | $   4717.50 | 0.856744
2025-06-08 15:34:42,087 - INFO -   19 | BUY  |  5922.04 |  64.5 |   2.70% |   -0.0005 | $   9768.04 | $   3538.12 | 1.051989
2025-06-08 15:34:42,087 - INFO -   ...    ...      ...       ...     ...       ...         ...          ...         ...
2025-06-08 15:34:42,087 - INFO - 1262 | HOLD | 26162.37 |  15.2 |  -8.38% |   -0.0059 | $    504.09 | $    366.03 | 0.005277
2025-06-08 15:34:42,087 - INFO - 1263 | SELL | 26047.67 |  14.8 |  -9.31% |   -0.0061 | $    501.77 | $    398.68 | 0.003958
2025-06-08 15:34:42,087 - INFO - 1264 | BUY  | 26008.46 |  14.5 |  -9.71% |   -0.0060 | $    499.66 | $    299.01 | 0.007715
2025-06-08 15:34:42,087 - INFO - 1265 | HOLD | 26089.69 |  14.0 |  -5.30% |   -0.0058 | $    500.29 | $    299.01 | 0.007715
2025-06-08 15:34:42,087 - INFO - 1266 | HOLD | 26106.15 |  15.9 |  -5.01% |   -0.0062 | $    500.41 | $    299.01 | 0.007715
2025-06-08 15:34:42,087 - INFO - 1267 | HOLD | 27727.39 |  13.9 |  -4.95% |   -0.0040 | $    512.92 | $    299.01 | 0.007715
2025-06-08 15:34:42,087 - INFO - 1268 | BUY  | 27297.27 |  37.9 |   0.95% |   -0.0043 | $    508.14 | $    224.25 | 0.010400
2025-06-08 15:34:42,087 - INFO - 1269 | BUY  | 25931.47 |  38.1 |  -0.45% |   -0.0050 | $    492.83 | $    168.19 | 0.012519
2025-06-08 15:34:42,087 - INFO - 1270 | HOLD | 25800.72 |  43.0 |  -4.56% |   -0.0049 | $    491.20 | $    168.19 | 0.012519
2025-06-08 15:34:42,087 - INFO - 1271 | HOLD | 25868.80 |  47.4 |  -5.04% |   -0.0046 | $    492.05 | $    168.19 | 0.012519
2025-06-08 15:34:42,087 - INFO - 1272 | SELL | 25969.57 |  47.6 |  -4.79% |   -0.0048 | $    489.25 | $    245.41 | 0.009389
2025-06-08 15:34:42,088 - INFO - 1273 | HOLD | 25812.42 |  47.7 |  -4.42% |   -0.0047 | $    487.77 | $    245.41 | 0.009389
2025-06-08 15:34:42,088 - INFO - 1274 | HOLD | 25779.98 |  46.8 |  -4.99% |   -0.0040 | $    487.47 | $    245.41 | 0.009389
2025-06-08 15:34:42,088 - INFO - 1275 | BUY  | 25753.24 |  47.4 |  -5.11% |   -0.0033 | $    486.01 | $    184.06 | 0.011725
2025-06-08 15:34:42,088 - INFO - 1276 | BUY  | 26240.20 |  42.4 |  -4.22% |   -0.0018 | $    490.82 | $    138.04 | 0.013444
2025-06-08 15:34:42,088 - INFO - 1277 | HOLD | 25905.65 |  50.8 |  -2.11% |   -0.0023 | $    486.32 | $    138.04 | 0.013444
2025-06-08 15:34:42,088 - INFO - 1278 | BUY  | 25895.68 |  48.5 |  -3.35% |   -0.0025 | $    485.51 | $    103.53 | 0.014751
2025-06-08 15:34:42,088 - INFO - 1279 | SELL | 25832.23 |  48.8 |  -3.10% |   -0.0027 | $    479.81 | $    194.03 | 0.011063
2025-06-08 15:34:42,088 - INFO - 1280 | HOLD | 25162.65 |  47.3 |  -3.34% |   -0.0033 | $    472.41 | $    194.03 | 0.011063
2025-06-08 15:34:42,088 - INFO - 1281 | HOLD | 25833.34 |  41.4 |  -5.84% |   -0.0024 | $    479.83 | $    194.03 | 0.011063
2025-06-08 15:34:42,088 - INFO - 
Action distribution for Episode 210:
2025-06-08 15:34:42,088 - INFO -   HOLD:  451 ( 35.2%)
2025-06-08 15:34:42,088 - INFO -   BUY:   423 ( 33.0%)
2025-06-08 15:34:42,088 - INFO -   SELL:  408 ( 31.8%)
2025-06-08 15:34:42,088 - INFO - --------------------------------------------------------------------------------------------------------------
2025-06-08 15:34:42,793 - INFO - Step 270000: Loss = 0.158083, Epsilon = 0.7396
2025-06-08 15:34:42,793 - INFO - Step 270000: Target network updated
2025-06-08 15:34:43,252 - INFO - Episode 211: Reward = -2.4253, Portfolio = $540.94, Return = -94.59%, Cash = $340.89, Crypto = 0.007744, Steps = 1282
2025-06-08 15:34:43,765 - INFO - Step 271000: Loss = 0.387952, Epsilon = 0.7386
2025-06-08 15:34:44,583 - INFO - Episode 212: Reward = -2.1271, Portfolio = $594.75, Return = -94.05%, Cash = $496.73, Crypto = 0.003794, Steps = 1282
2025-06-08 15:34:44,811 - INFO - Step 272000: Loss = 0.097397, Epsilon = 0.7376
2025-06-08 15:34:44,811 - INFO - Step 272000: Target network updated
2025-06-08 15:34:45,777 - INFO - Step 273000: Loss = 0.370512, Epsilon = 0.7367
2025-06-08 15:34:45,841 - INFO - Episode 213: Reward = -2.5464, Portfolio = $597.90, Return = -94.02%, Cash = $312.39, Crypto = 0.011052, Steps = 1282
2025-06-08 15:34:46,709 - INFO - Step 274000: Loss = 0.091679, Epsilon = 0.7357
2025-06-08 15:34:46,710 - INFO - Step 274000: Target network updated
2025-06-08 15:34:47,017 - INFO - Episode 214: Reward = -2.2060, Portfolio = $491.04, Return = -95.09%, Cash = $150.27, Crypto = 0.013191, Steps = 1282
2025-06-08 15:34:47,607 - INFO - Step 275000: Loss = 0.356810, Epsilon = 0.7348
2025-06-08 15:34:48,200 - INFO - Episode 215: Reward = -2.4713, Portfolio = $814.46, Return = -91.86%, Cash = $594.36, Crypto = 0.008520, Steps = 1282
2025-06-08 15:34:48,552 - INFO - Step 276000: Loss = 0.022919, Epsilon = 0.7338
2025-06-08 15:34:48,553 - INFO - Step 276000: Target network updated
2025-06-08 15:34:49,409 - INFO - Episode 216: Reward = -2.3087, Portfolio = $394.59, Return = -96.05%, Cash = $183.85, Crypto = 0.008158, Steps = 1282
2025-06-08 15:34:49,497 - INFO - Step 277000: Loss = 0.258754, Epsilon = 0.7328
2025-06-08 15:34:50,391 - INFO - Step 278000: Loss = 0.100754, Epsilon = 0.7319
2025-06-08 15:34:50,391 - INFO - Step 278000: Target network updated
2025-06-08 15:34:50,570 - INFO - Episode 217: Reward = -2.1123, Portfolio = $510.54, Return = -94.89%, Cash = $327.29, Crypto = 0.007093, Steps = 1282
2025-06-08 15:34:51,327 - INFO - Step 279000: Loss = 0.169674, Epsilon = 0.7309
2025-06-08 15:34:51,753 - INFO - Episode 218: Reward = -2.5729, Portfolio = $538.69, Return = -94.61%, Cash = $243.75, Crypto = 0.011417, Steps = 1282
2025-06-08 15:34:52,228 - INFO - Step 280000: Loss = 0.050342, Epsilon = 0.7299
2025-06-08 15:34:52,229 - INFO - Step 280000: Target network updated
2025-06-08 15:34:52,905 - INFO - Episode 219: Reward = -2.1281, Portfolio = $673.66, Return = -93.26%, Cash = $295.10, Crypto = 0.014654, Steps = 1282
2025-06-08 15:34:53,124 - INFO - Step 281000: Loss = 0.466482, Epsilon = 0.7290
2025-06-08 15:34:54,019 - INFO - Step 282000: Loss = 0.098454, Epsilon = 0.7280
2025-06-08 15:34:54,020 - INFO - Step 282000: Target network updated
2025-06-08 15:34:54,054 - INFO - Episode 220: Reward = -1.9718, Portfolio = $421.95, Return = -95.78%, Cash = $139.51, Crypto = 0.010933, Steps = 1282
2025-06-08 15:34:54,054 - INFO - Episode 220 Summary: Avg Reward (100 eps) = -2.2475, Avg Portfolio (100 eps) = $617.89, Epsilon = 0.728
2025-06-08 15:34:54,054 - INFO - 
Detailed steps for Episode 220:
2025-06-08 15:34:54,054 - INFO - Step | Action | Price    | RSI   | PnL    | Reward    | Portfolio   | Cash       | Crypto
2025-06-08 15:34:54,054 - INFO - --------------------------------------------------------------------------------------------------------------
2025-06-08 15:34:54,054 - INFO -    0 | HOLD |  7909.73 |  21.9 |  -2.00% |    0.0000 | $  10000.00 | $  10000.00 | 0.000000
2025-06-08 15:34:54,054 - INFO -    1 | HOLD |  7911.43 |  24.3 |  -2.00% |    0.0000 | $  10000.00 | $  10000.00 | 0.000000
2025-06-08 15:34:54,054 - INFO -    2 | HOLD |  4970.79 |  29.9 |  -2.00% |    0.0000 | $  10000.00 | $  10000.00 | 0.000000
2025-06-08 15:34:54,054 - INFO -    3 | HOLD |  5563.71 |  13.1 |  -2.00% |    0.0000 | $  10000.00 | $  10000.00 | 0.000000
2025-06-08 15:34:54,054 - INFO -    4 | SELL |  5200.37 |  22.5 |  -2.00% |   -0.0100 | $  10000.00 | $  10000.00 | 0.000000
2025-06-08 15:34:54,054 - INFO -    5 | BUY  |  5392.31 |  21.4 |  -2.00% |   -0.0049 | $   9950.98 | $   7500.00 | 0.454532
2025-06-08 15:34:54,054 - INFO -    6 | SELL |  5014.48 |  24.0 |   0.00% |   -0.0201 | $   9750.75 | $   8041.32 | 0.340899
2025-06-08 15:34:54,054 - INFO -    7 | HOLD |  5225.63 |  18.7 |  -7.01% |    0.0074 | $   9822.73 | $   8041.32 | 0.340899
2025-06-08 15:34:54,054 - INFO -    8 | HOLD |  5238.44 |  21.7 |  -3.09% |    0.0004 | $   9827.10 | $   8041.32 | 0.340899
2025-06-08 15:34:54,054 - INFO -    9 | SELL |  6191.19 |  22.0 |  -2.85% |    0.0304 | $  10125.51 | $   8542.58 | 0.255674
2025-06-08 15:34:54,054 - INFO -   10 | BUY  |  6198.78 |  29.1 |  14.82% |   -0.0039 | $  10085.57 | $   6406.94 | 0.593446
2025-06-08 15:34:54,055 - INFO -   11 | BUY  |  6185.07 |  28.7 |   5.94% |   -0.0039 | $  10046.03 | $   4805.20 | 0.847336
2025-06-08 15:34:54,055 - INFO -   12 | BUY  |  5830.25 |  29.6 |   3.93% |   -0.0323 | $   9721.83 | $   3603.90 | 1.049342
2025-06-08 15:34:54,055 - INFO -   13 | SELL |  6416.31 |  31.7 |  -1.65% |    0.0546 | $  10252.65 | $   5202.97 | 0.787006
2025-06-08 15:34:54,055 - INFO -   14 | SELL |  6734.80 |  38.6 |   8.24% |    0.0180 | $  10437.05 | $   6461.80 | 0.590255
2025-06-08 15:34:54,055 - INFO -   15 | HOLD |  6681.06 |  41.5 |  13.61% |   -0.0030 | $  10405.32 | $   6461.80 | 0.590255
2025-06-08 15:34:54,055 - INFO -   16 | SELL |  6716.44 |  41.2 |  12.70% |   -0.0028 | $  10376.65 | $   7403.34 | 0.442691
2025-06-08 15:34:54,055 - INFO -   17 | BUY  |  6469.80 |  71.4 |  13.30% |   -0.0140 | $  10231.17 | $   5552.51 | 0.723155
2025-06-08 15:34:54,055 - INFO -   18 | BUY  |  6242.19 |  62.2 |   5.40% |   -0.0187 | $  10039.36 | $   4164.38 | 0.941173
2025-06-08 15:34:54,055 - INFO -   19 | HOLD |  5922.04 |  64.5 |   1.30% |   -0.0006 | $   9738.05 | $   4164.38 | 0.941173
2025-06-08 15:34:54,055 - INFO -   ...    ...      ...       ...     ...       ...         ...          ...         ...
2025-06-08 15:34:54,055 - INFO - 1262 | BUY  | 26162.37 |  15.2 |  -8.22% |   -0.0046 | $    446.77 | $    110.01 | 0.012872
2025-06-08 15:34:54,055 - INFO - 1263 | SELL | 26047.67 |  14.8 |  -8.26% |   -0.0050 | $    441.11 | $    189.64 | 0.009654
2025-06-08 15:34:54,055 - INFO - 1264 | HOLD | 26008.46 |  14.5 |  -8.66% |   -0.0051 | $    440.73 | $    189.64 | 0.009654
2025-06-08 15:34:54,055 - INFO - 1265 | HOLD | 26089.69 |  14.0 |  -8.80% |   -0.0048 | $    441.51 | $    189.64 | 0.009654
2025-06-08 15:34:54,055 - INFO - 1266 | HOLD | 26106.15 |  15.9 |  -8.51% |   -0.0049 | $    441.67 | $    189.64 | 0.009654
2025-06-08 15:34:54,055 - INFO - 1267 | SELL | 27727.39 |  13.9 |  -8.46% |   -0.0028 | $    453.98 | $    253.21 | 0.007241
2025-06-08 15:34:54,055 - INFO - 1268 | BUY  | 27297.27 |  37.9 |  -2.77% |   -0.0031 | $    449.62 | $    189.91 | 0.009514
2025-06-08 15:34:54,055 - INFO - 1269 | BUY  | 25931.47 |  38.1 |  -3.29% |   -0.0039 | $    435.70 | $    142.43 | 0.011309
2025-06-08 15:34:54,055 - INFO - 1270 | SELL | 25800.72 |  43.0 |  -6.93% |   -0.0044 | $    430.57 | $    211.73 | 0.008482
2025-06-08 15:34:54,055 - INFO - 1271 | HOLD | 25868.80 |  47.4 |  -7.40% |   -0.0040 | $    431.15 | $    211.73 | 0.008482
2025-06-08 15:34:54,055 - INFO - 1272 | SELL | 25969.57 |  47.6 |  -7.15% |   -0.0040 | $    429.25 | $    264.05 | 0.006361
2025-06-08 15:34:54,055 - INFO - 1273 | HOLD | 25812.42 |  47.7 |  -6.79% |   -0.0039 | $    428.25 | $    264.05 | 0.006361
2025-06-08 15:34:54,055 - INFO - 1274 | BUY  | 25779.98 |  46.8 |  -7.36% |   -0.0037 | $    426.75 | $    198.03 | 0.008872
2025-06-08 15:34:54,055 - INFO - 1275 | BUY  | 25753.24 |  47.4 |  -5.47% |   -0.0029 | $    425.54 | $    148.53 | 0.010757
2025-06-08 15:34:54,055 - INFO - 1276 | HOLD | 26240.20 |  42.4 |  -4.64% |   -0.0016 | $    430.78 | $    148.53 | 0.010757
2025-06-08 15:34:54,055 - INFO - 1277 | BUY  | 25905.65 |  50.8 |  -2.84% |   -0.0021 | $    426.45 | $    111.39 | 0.012162
2025-06-08 15:34:54,055 - INFO - 1278 | HOLD | 25895.68 |  48.5 |  -3.62% |   -0.0022 | $    426.33 | $    111.39 | 0.012162
2025-06-08 15:34:54,055 - INFO - 1279 | SELL | 25832.23 |  48.8 |  -3.66% |   -0.0026 | $    421.63 | $    186.01 | 0.009121
2025-06-08 15:34:54,055 - INFO - 1280 | BUY  | 25162.65 |  47.3 |  -3.90% |   -0.0031 | $    414.61 | $    139.51 | 0.010933
2025-06-08 15:34:54,055 - INFO - 1281 | HOLD | 25833.34 |  41.4 |  -5.39% |   -0.0027 | $    421.95 | $    139.51 | 0.010933
2025-06-08 15:34:54,055 - INFO - 
Action distribution for Episode 220:
2025-06-08 15:34:54,055 - INFO -   HOLD:  422 ( 32.9%)
2025-06-08 15:34:54,055 - INFO -   BUY:   439 ( 34.2%)
2025-06-08 15:34:54,055 - INFO -   SELL:  421 ( 32.8%)
2025-06-08 15:34:54,055 - INFO - --------------------------------------------------------------------------------------------------------------
2025-06-08 15:34:54,919 - INFO - Step 283000: Loss = 0.300210, Epsilon = 0.7270
2025-06-08 15:34:55,217 - INFO - Episode 221: Reward = -2.4330, Portfolio = $483.05, Return = -95.17%, Cash = $394.31, Crypto = 0.003435, Steps = 1282
2025-06-08 15:34:55,821 - INFO - Step 284000: Loss = 0.096187, Epsilon = 0.7261
2025-06-08 15:34:55,821 - INFO - Step 284000: Target network updated
2025-06-08 15:34:56,364 - INFO - Episode 222: Reward = -2.2587, Portfolio = $839.32, Return = -91.61%, Cash = $443.25, Crypto = 0.015332, Steps = 1282
2025-06-08 15:34:56,718 - INFO - Step 285000: Loss = 0.379912, Epsilon = 0.7251
2025-06-08 15:34:57,570 - INFO - Episode 223: Reward = -2.5655, Portfolio = $345.80, Return = -96.54%, Cash = $251.86, Crypto = 0.003636, Steps = 1282
2025-06-08 15:34:57,674 - INFO - Step 286000: Loss = 0.088587, Epsilon = 0.7241
2025-06-08 15:34:57,674 - INFO - Step 286000: Target network updated
2025-06-08 15:34:58,584 - INFO - Step 287000: Loss = 0.323911, Epsilon = 0.7232
2025-06-08 15:34:58,735 - INFO - Episode 224: Reward = -2.2583, Portfolio = $351.84, Return = -96.48%, Cash = $182.27, Crypto = 0.006564, Steps = 1282
2025-06-08 15:34:59,490 - INFO - Step 288000: Loss = 0.168525, Epsilon = 0.7222
2025-06-08 15:34:59,491 - INFO - Step 288000: Target network updated
2025-06-08 15:34:59,923 - INFO - Episode 225: Reward = -2.4700, Portfolio = $473.09, Return = -95.27%, Cash = $277.76, Crypto = 0.007561, Steps = 1282
2025-06-08 15:35:00,463 - INFO - Step 289000: Loss = 0.413819, Epsilon = 0.7212
2025-06-08 15:35:01,253 - INFO - Episode 226: Reward = -2.2447, Portfolio = $689.05, Return = -93.11%, Cash = $383.55, Crypto = 0.011826, Steps = 1282
2025-06-08 15:35:01,581 - INFO - Step 290000: Loss = 0.224969, Epsilon = 0.7203
2025-06-08 15:35:01,582 - INFO - Step 290000: Target network updated
2025-06-08 15:35:02,661 - INFO - Step 291000: Loss = 0.318853, Epsilon = 0.7193
2025-06-08 15:35:02,681 - INFO - Episode 227: Reward = -2.3615, Portfolio = $494.93, Return = -95.05%, Cash = $237.59, Crypto = 0.009961, Steps = 1282
2025-06-08 15:35:03,781 - INFO - Step 292000: Loss = 0.126923, Epsilon = 0.7184
2025-06-08 15:35:03,782 - INFO - Step 292000: Target network updated
2025-06-08 15:35:04,064 - INFO - Episode 228: Reward = -2.0416, Portfolio = $776.07, Return = -92.24%, Cash = $530.63, Crypto = 0.009501, Steps = 1282
2025-06-08 15:35:04,783 - INFO - Step 293000: Loss = 0.178093, Epsilon = 0.7174
2025-06-08 15:35:05,338 - INFO - Episode 229: Reward = -2.4379, Portfolio = $327.31, Return = -96.73%, Cash = $193.62, Crypto = 0.005175, Steps = 1282
2025-06-08 15:35:05,770 - INFO - Step 294000: Loss = 0.033089, Epsilon = 0.7164
2025-06-08 15:35:05,770 - INFO - Step 294000: Target network updated
2025-06-08 15:35:06,815 - INFO - Episode 230: Reward = -2.3245, Portfolio = $669.56, Return = -93.30%, Cash = $555.05, Crypto = 0.004433, Steps = 1282
2025-06-08 15:35:06,815 - INFO - Episode 230 Summary: Avg Reward (100 eps) = -2.2637, Avg Portfolio (100 eps) = $611.14, Epsilon = 0.716
2025-06-08 15:35:06,815 - INFO - 
Detailed steps for Episode 230:
2025-06-08 15:35:06,815 - INFO - Step | Action | Price    | RSI   | PnL    | Reward    | Portfolio   | Cash       | Crypto
2025-06-08 15:35:06,815 - INFO - --------------------------------------------------------------------------------------------------------------
2025-06-08 15:35:06,815 - INFO -    0 | SELL |  7909.73 |  21.9 |  -2.00% |   -0.0100 | $  10000.00 | $  10000.00 | 0.000000
2025-06-08 15:35:06,815 - INFO -    1 | SELL |  7911.43 |  24.3 |  -2.00% |   -0.0100 | $  10000.00 | $  10000.00 | 0.000000
2025-06-08 15:35:06,815 - INFO -    2 | HOLD |  4970.79 |  29.9 |  -2.00% |    0.0000 | $  10000.00 | $  10000.00 | 0.000000
2025-06-08 15:35:06,815 - INFO -    3 | SELL |  5563.71 |  13.1 |  -2.00% |   -0.0100 | $  10000.00 | $  10000.00 | 0.000000
2025-06-08 15:35:06,815 - INFO -    4 | BUY  |  5200.37 |  22.5 |  -2.00% |   -0.0049 | $   9950.98 | $   7500.00 | 0.471309
2025-06-08 15:35:06,815 - INFO -    5 | BUY  |  5392.31 |  21.4 |   0.00% |    0.0054 | $  10004.68 | $   5625.00 | 0.812208
2025-06-08 15:35:06,816 - INFO -    6 | BUY  |  5014.48 |  24.0 |   2.11% |   -0.0334 | $   9670.23 | $   4218.75 | 1.087147
2025-06-08 15:35:06,816 - INFO -    7 | SELL |  5225.63 |  18.7 |  -3.82% |    0.0164 | $   9828.77 | $   5567.99 | 0.815361
2025-06-08 15:35:06,816 - INFO -    8 | HOLD |  5238.44 |  21.7 |   0.23% |    0.0011 | $   9839.21 | $   5567.99 | 0.815361
2025-06-08 15:35:06,816 - INFO -    9 | BUY  |  6191.19 |  22.0 |   0.48% |    0.0762 | $  10588.75 | $   4176.00 | 1.035787
2025-06-08 15:35:06,816 - INFO -   10 | SELL |  6198.78 |  29.1 |  14.19% |   -0.0068 | $  10516.35 | $   5700.89 | 0.776840
2025-06-08 15:35:06,816 - INFO -   11 | BUY  |  6185.07 |  28.7 |  14.33% |   -0.0037 | $  10477.76 | $   4275.67 | 1.002752
2025-06-08 15:35:06,816 - INFO -   12 | BUY  |  5830.25 |  29.6 |  10.57% |   -0.0360 | $  10101.01 | $   3206.75 | 1.182497
2025-06-08 15:35:06,816 - INFO -   13 | HOLD |  6416.31 |  31.7 |   3.56% |    0.0686 | $  10794.02 | $   3206.75 | 1.182497
2025-06-08 15:35:06,816 - INFO -   14 | SELL |  6734.80 |  38.6 |  13.98% |    0.0257 | $  11071.09 | $   5098.17 | 0.886873
2025-06-08 15:35:06,816 - INFO -   15 | SELL |  6681.06 |  41.5 |  19.63% |   -0.0110 | $  10949.36 | $   6505.42 | 0.665154
2025-06-08 15:35:06,816 - INFO -   16 | SELL |  6716.44 |  41.2 |  18.68% |   -0.0030 | $  10917.05 | $   7566.45 | 0.498866
2025-06-08 15:35:06,816 - INFO -   17 | HOLD |  6469.80 |  71.4 |  19.31% |   -0.0113 | $  10794.01 | $   7566.45 | 0.498866
2025-06-08 15:35:06,816 - INFO -   18 | BUY  |  6242.19 |  62.2 |  14.93% |   -0.0140 | $  10643.37 | $   5674.83 | 0.795960
2025-06-08 15:35:06,816 - INFO -   19 | HOLD |  5922.04 |  64.5 |   6.55% |    0.0008 | $  10388.54 | $   5674.83 | 0.795960
2025-06-08 15:35:06,816 - INFO -   ...    ...      ...       ...     ...       ...         ...          ...         ...
2025-06-08 15:35:06,816 - INFO - 1262 | BUY  | 26162.37 |  15.2 |  -6.46% |   -0.0054 | $    715.67 | $    348.58 | 0.014031
2025-06-08 15:35:06,816 - INFO - 1263 | SELL | 26047.67 |  14.8 |  -5.24% |   -0.0057 | $    709.49 | $    435.38 | 0.010523
2025-06-08 15:35:06,816 - INFO - 1264 | BUY  | 26008.46 |  14.5 |  -5.65% |   -0.0059 | $    706.95 | $    326.54 | 0.014626
2025-06-08 15:35:06,816 - INFO - 1265 | SELL | 26089.69 |  14.0 |  -4.24% |   -0.0062 | $    703.36 | $    417.17 | 0.010970
2025-06-08 15:35:06,816 - INFO - 1266 | BUY  | 26106.15 |  15.9 |  -3.94% |   -0.0077 | $    701.50 | $    312.88 | 0.014886
2025-06-08 15:35:06,816 - INFO - 1267 | SELL | 27727.39 |  13.9 |  -2.89% |   -0.0047 | $    720.47 | $    410.91 | 0.011165
2025-06-08 15:35:06,816 - INFO - 1268 | HOLD | 27297.27 |  37.9 |   3.14% |   -0.0048 | $    715.67 | $    410.91 | 0.011165
2025-06-08 15:35:06,816 - INFO - 1269 | HOLD | 25931.47 |  38.1 |   1.54% |   -0.0054 | $    700.42 | $    410.91 | 0.011165
2025-06-08 15:35:06,816 - INFO - 1270 | HOLD | 25800.72 |  43.0 |  -3.54% |   -0.0055 | $    698.96 | $    410.91 | 0.011165
2025-06-08 15:35:06,816 - INFO - 1271 | SELL | 25868.80 |  47.4 |  -4.02% |   -0.0052 | $    696.11 | $    479.50 | 0.008374
2025-06-08 15:35:06,816 - INFO - 1272 | BUY  | 25969.57 |  47.6 |  -3.77% |   -0.0053 | $    694.61 | $    359.62 | 0.012899
2025-06-08 15:35:06,816 - INFO - 1273 | SELL | 25812.42 |  47.7 |  -2.23% |   -0.0054 | $    688.42 | $    438.70 | 0.009674
2025-06-08 15:35:06,816 - INFO - 1274 | SELL | 25779.98 |  46.8 |  -2.82% |   -0.0050 | $    684.99 | $    497.93 | 0.007256
2025-06-08 15:35:06,816 - INFO - 1275 | SELL | 25753.24 |  47.4 |  -2.94% |   -0.0045 | $    682.46 | $    542.31 | 0.005442
2025-06-08 15:35:06,816 - INFO - 1276 | BUY  | 26240.20 |  42.4 |  -3.04% |   -0.0038 | $    682.45 | $    406.73 | 0.010507
2025-06-08 15:35:06,816 - INFO - 1277 | SELL | 25905.65 |  50.8 |  -0.63% |   -0.0041 | $    675.53 | $    471.38 | 0.007880
2025-06-08 15:35:06,816 - INFO - 1278 | HOLD | 25895.68 |  48.5 |  -1.90% |   -0.0041 | $    675.45 | $    471.38 | 0.007880
2025-06-08 15:35:06,816 - INFO - 1279 | SELL | 25832.23 |  48.8 |  -1.94% |   -0.0042 | $    672.41 | $    519.73 | 0.005910
2025-06-08 15:35:06,816 - INFO - 1280 | SELL | 25162.65 |  47.3 |  -2.18% |   -0.0042 | $    666.59 | $    555.05 | 0.004433
2025-06-08 15:35:06,816 - INFO - 1281 | HOLD | 25833.34 |  41.4 |  -4.71% |   -0.0043 | $    669.56 | $    555.05 | 0.004433
2025-06-08 15:35:06,817 - INFO - 
Action distribution for Episode 230:
2025-06-08 15:35:06,817 - INFO -   HOLD:  406 ( 31.7%)
2025-06-08 15:35:06,817 - INFO -   BUY:   387 ( 30.2%)
2025-06-08 15:35:06,817 - INFO -   SELL:  489 ( 38.1%)
2025-06-08 15:35:06,817 - INFO - --------------------------------------------------------------------------------------------------------------
2025-06-08 15:35:07,006 - INFO - Step 295000: Loss = 0.225585, Epsilon = 0.7155
2025-06-08 15:35:08,177 - INFO - Step 296000: Loss = 0.037480, Epsilon = 0.7145
2025-06-08 15:35:08,177 - INFO - Step 296000: Target network updated
2025-06-08 15:35:08,320 - INFO - Episode 231: Reward = -2.4775, Portfolio = $458.65, Return = -95.41%, Cash = $338.65, Crypto = 0.004645, Steps = 1282
2025-06-08 15:35:09,291 - INFO - Step 297000: Loss = 0.465421, Epsilon = 0.7135
2025-06-08 15:35:09,718 - INFO - Episode 232: Reward = -2.0985, Portfolio = $909.56, Return = -90.90%, Cash = $571.25, Crypto = 0.013096, Steps = 1282
2025-06-08 15:35:10,346 - INFO - Step 298000: Loss = 0.061433, Epsilon = 0.7126
2025-06-08 15:35:10,346 - INFO - Step 298000: Target network updated
2025-06-08 15:35:11,066 - INFO - Episode 233: Reward = -2.1911, Portfolio = $400.13, Return = -96.00%, Cash = $139.52, Crypto = 0.010088, Steps = 1282
2025-06-08 15:35:11,357 - INFO - Step 299000: Loss = 0.341919, Epsilon = 0.7116
2025-06-08 15:35:12,330 - INFO - Episode 234: Reward = -2.3219, Portfolio = $603.92, Return = -93.96%, Cash = $201.74, Crypto = 0.015569, Steps = 1282
2025-06-08 15:35:12,342 - INFO - Step 300000: Loss = 0.058204, Epsilon = 0.7106
2025-06-08 15:35:12,343 - INFO - Step 300000: Target network updated
2025-06-08 15:35:13,359 - INFO - Step 301000: Loss = 0.382242, Epsilon = 0.7097
2025-06-08 15:35:13,611 - INFO - Episode 235: Reward = -2.4919, Portfolio = $534.94, Return = -94.65%, Cash = $329.23, Crypto = 0.007963, Steps = 1282
2025-06-08 15:35:14,289 - INFO - Step 302000: Loss = 0.115225, Epsilon = 0.7087
2025-06-08 15:35:14,289 - INFO - Step 302000: Target network updated
2025-06-08 15:35:14,793 - INFO - Episode 236: Reward = -2.5970, Portfolio = $378.76, Return = -96.21%, Cash = $101.54, Crypto = 0.010731, Steps = 1282
2025-06-08 15:35:15,250 - INFO - Step 303000: Loss = 0.452927, Epsilon = 0.7077
2025-06-08 15:35:16,146 - INFO - Episode 237: Reward = -2.0746, Portfolio = $594.39, Return = -94.06%, Cash = $278.09, Crypto = 0.012244, Steps = 1282
2025-06-08 15:35:16,335 - INFO - Step 304000: Loss = 0.069260, Epsilon = 0.7068
2025-06-08 15:35:16,335 - INFO - Step 304000: Target network updated
2025-06-08 15:35:17,316 - INFO - Step 305000: Loss = 0.348862, Epsilon = 0.7058
2025-06-08 15:35:17,419 - INFO - Episode 238: Reward = -2.2552, Portfolio = $738.68, Return = -92.61%, Cash = $277.65, Crypto = 0.017846, Steps = 1282
2025-06-08 15:35:18,221 - INFO - Step 306000: Loss = 0.067948, Epsilon = 0.7049
2025-06-08 15:35:18,221 - INFO - Step 306000: Target network updated
2025-06-08 15:35:18,607 - INFO - Episode 239: Reward = -2.1970, Portfolio = $447.54, Return = -95.52%, Cash = $67.67, Crypto = 0.014705, Steps = 1282
2025-06-08 15:35:19,170 - INFO - Step 307000: Loss = 0.189061, Epsilon = 0.7039
2025-06-08 15:35:19,793 - INFO - Episode 240: Reward = -2.2751, Portfolio = $522.19, Return = -94.78%, Cash = $110.18, Crypto = 0.015949, Steps = 1282
2025-06-08 15:35:19,793 - INFO - Episode 240 Summary: Avg Reward (100 eps) = -2.2629, Avg Portfolio (100 eps) = $613.80, Epsilon = 0.703
2025-06-08 15:35:19,793 - INFO - 
Detailed steps for Episode 240:
2025-06-08 15:35:19,793 - INFO - Step | Action | Price    | RSI   | PnL    | Reward    | Portfolio   | Cash       | Crypto
2025-06-08 15:35:19,793 - INFO - --------------------------------------------------------------------------------------------------------------
2025-06-08 15:35:19,793 - INFO -    0 | HOLD |  7909.73 |  21.9 |  -2.00% |    0.0000 | $  10000.00 | $  10000.00 | 0.000000
2025-06-08 15:35:19,793 - INFO -    1 | HOLD |  7911.43 |  24.3 |  -2.00% |    0.0000 | $  10000.00 | $  10000.00 | 0.000000
2025-06-08 15:35:19,794 - INFO -    2 | HOLD |  4970.79 |  29.9 |  -2.00% |    0.0000 | $  10000.00 | $  10000.00 | 0.000000
2025-06-08 15:35:19,794 - INFO -    3 | BUY  |  5563.71 |  13.1 |  -2.00% |   -0.0049 | $   9950.98 | $   7500.00 | 0.440530
2025-06-08 15:35:19,794 - INFO -    4 | HOLD |  5200.37 |  22.5 |   0.00% |   -0.0161 | $   9790.92 | $   7500.00 | 0.440530
2025-06-08 15:35:19,794 - INFO -    5 | HOLD |  5392.31 |  21.4 |  -6.53% |    0.0086 | $   9875.48 | $   7500.00 | 0.440530
2025-06-08 15:35:19,794 - INFO -    6 | SELL |  5014.48 |  24.0 |  -3.08% |   -0.0197 | $   9681.42 | $   8024.64 | 0.330398
2025-06-08 15:35:19,794 - INFO -    7 | SELL |  5225.63 |  18.7 |  -9.87% |    0.0050 | $   9729.60 | $   8434.70 | 0.247798
2025-06-08 15:35:19,794 - INFO -    8 | SELL |  5238.44 |  21.7 |  -6.08% |   -0.0013 | $   9716.55 | $   8742.99 | 0.185849
2025-06-08 15:35:19,794 - INFO -    9 | BUY  |  6191.19 |  22.0 |  -5.85% |    0.0138 | $   9850.76 | $   6557.24 | 0.531968
2025-06-08 15:35:19,794 - INFO -   10 | BUY  |  6198.78 |  29.1 |   3.67% |   -0.0029 | $   9822.65 | $   4917.93 | 0.791239
2025-06-08 15:35:19,794 - INFO -   11 | BUY  |  6185.07 |  28.7 |   2.52% |   -0.0036 | $   9787.69 | $   3688.45 | 0.986124
2025-06-08 15:35:19,794 - INFO -   12 | HOLD |  5830.25 |  29.6 |   1.83% |   -0.0357 | $   9437.80 | $   3688.45 | 0.986124
2025-06-08 15:35:19,794 - INFO -   13 | BUY  |  6416.31 |  31.7 |  -4.01% |    0.0593 | $   9997.65 | $   2766.34 | 1.127020
2025-06-08 15:35:19,794 - INFO -   14 | SELL |  6734.80 |  38.6 |   4.90% |    0.0264 | $  10261.72 | $   4569.02 | 0.845265
2025-06-08 15:35:19,794 - INFO -   15 | HOLD |  6681.06 |  41.5 |  10.11% |   -0.0044 | $  10216.29 | $   4569.02 | 0.845265
2025-06-08 15:35:19,794 - INFO -   16 | HOLD |  6716.44 |  41.2 |   9.23% |    0.0029 | $  10246.19 | $   4569.02 | 0.845265
2025-06-08 15:35:19,794 - INFO -   17 | BUY  |  6469.80 |  71.4 |   9.81% |   -0.0225 | $  10015.32 | $   3426.77 | 1.018355
2025-06-08 15:35:19,794 - INFO -   18 | HOLD |  6242.19 |  62.2 |   4.75% |   -0.0231 | $   9783.54 | $   3426.77 | 1.018355
2025-06-08 15:35:19,794 - INFO -   19 | SELL |  5922.04 |  64.5 |   1.06% |   -0.0014 | $   9382.12 | $   4859.07 | 0.763766
2025-06-08 15:35:19,794 - INFO -   ...    ...      ...       ...     ...       ...         ...          ...         ...
2025-06-08 15:35:19,794 - INFO - 1262 | SELL | 26162.37 |  15.2 |  -4.72% |   -0.0053 | $    547.69 | $    249.44 | 0.011400
2025-06-08 15:35:19,794 - INFO - 1263 | SELL | 26047.67 |  14.8 |  -5.69% |   -0.0054 | $    542.67 | $    319.96 | 0.008550
2025-06-08 15:35:19,794 - INFO - 1264 | HOLD | 26008.46 |  14.5 |  -6.11% |   -0.0053 | $    542.33 | $    319.96 | 0.008550
2025-06-08 15:35:19,794 - INFO - 1265 | HOLD | 26089.69 |  14.0 |  -6.25% |   -0.0054 | $    543.03 | $    319.96 | 0.008550
2025-06-08 15:35:19,794 - INFO - 1266 | HOLD | 26106.15 |  15.9 |  -5.95% |   -0.0059 | $    543.17 | $    319.96 | 0.008550
2025-06-08 15:35:19,794 - INFO - 1267 | HOLD | 27727.39 |  13.9 |  -5.89% |   -0.0041 | $    557.03 | $    319.96 | 0.008550
2025-06-08 15:35:19,794 - INFO - 1268 | SELL | 27297.27 |  37.9 |  -0.05% |   -0.0044 | $    550.43 | $    375.39 | 0.006412
2025-06-08 15:35:19,794 - INFO - 1269 | BUY  | 25931.47 |  38.1 |  -1.60% |   -0.0049 | $    539.83 | $    281.54 | 0.009960
2025-06-08 15:35:19,794 - INFO - 1270 | SELL | 25800.72 |  43.0 |  -4.30% |   -0.0051 | $    535.32 | $    342.58 | 0.007470
2025-06-08 15:35:19,794 - INFO - 1271 | SELL | 25868.80 |  47.4 |  -4.78% |   -0.0051 | $    533.41 | $    388.48 | 0.005603
2025-06-08 15:35:19,794 - INFO - 1272 | HOLD | 25969.57 |  47.6 |  -4.53% |   -0.0051 | $    533.98 | $    388.48 | 0.005603
2025-06-08 15:35:19,794 - INFO - 1273 | HOLD | 25812.42 |  47.7 |  -4.16% |   -0.0049 | $    533.10 | $    388.48 | 0.005603
2025-06-08 15:35:19,794 - INFO - 1274 | BUY  | 25779.98 |  46.8 |  -4.74% |   -0.0047 | $    531.01 | $    291.36 | 0.009296
2025-06-08 15:35:19,794 - INFO - 1275 | SELL | 25753.24 |  47.4 |  -2.99% |   -0.0045 | $    527.77 | $    348.22 | 0.006972
2025-06-08 15:35:19,794 - INFO - 1276 | BUY  | 26240.20 |  42.4 |  -3.09% |   -0.0034 | $    529.46 | $    261.16 | 0.010225
2025-06-08 15:35:19,794 - INFO - 1277 | HOLD | 25905.65 |  50.8 |  -0.86% |   -0.0034 | $    526.04 | $    261.16 | 0.010225
2025-06-08 15:35:19,794 - INFO - 1278 | BUY  | 25895.68 |  48.5 |  -2.12% |   -0.0034 | $    524.65 | $    195.87 | 0.012696
2025-06-08 15:35:19,794 - INFO - 1279 | BUY  | 25832.23 |  48.8 |  -1.75% |   -0.0033 | $    522.89 | $    146.90 | 0.014555
2025-06-08 15:35:19,794 - INFO - 1280 | HOLD | 25162.65 |  47.3 |  -1.74% |   -0.0038 | $    513.14 | $    146.90 | 0.014555
2025-06-08 15:35:19,794 - INFO - 1281 | BUY  | 25833.34 |  41.4 |  -4.29% |   -0.0031 | $    522.19 | $    110.18 | 0.015949
2025-06-08 15:35:19,795 - INFO - 
Action distribution for Episode 240:
2025-06-08 15:35:19,795 - INFO -   HOLD:  459 ( 35.8%)
2025-06-08 15:35:19,795 - INFO -   BUY:   389 ( 30.3%)
2025-06-08 15:35:19,795 - INFO -   SELL:  434 ( 33.9%)
2025-06-08 15:35:19,795 - INFO - --------------------------------------------------------------------------------------------------------------
2025-06-08 15:35:20,155 - INFO - Step 308000: Loss = 0.098467, Epsilon = 0.7029
2025-06-08 15:35:20,155 - INFO - Step 308000: Target network updated
2025-06-08 15:35:21,073 - INFO - Episode 241: Reward = -2.3758, Portfolio = $688.71, Return = -93.11%, Cash = $323.75, Crypto = 0.014128, Steps = 1282
2025-06-08 15:35:21,107 - INFO - Step 309000: Loss = 0.192072, Epsilon = 0.7020
2025-06-08 15:35:22,084 - INFO - Step 310000: Loss = 0.049328, Epsilon = 0.7010
2025-06-08 15:35:22,084 - INFO - Step 310000: Target network updated
2025-06-08 15:35:22,311 - INFO - Episode 242: Reward = -2.2777, Portfolio = $510.22, Return = -94.90%, Cash = $375.55, Crypto = 0.005213, Steps = 1282
2025-06-08 15:35:23,021 - INFO - Step 311000: Loss = 0.347758, Epsilon = 0.7000
2025-06-08 15:35:23,526 - INFO - Episode 243: Reward = -2.1860, Portfolio = $690.57, Return = -93.09%, Cash = $441.44, Crypto = 0.009644, Steps = 1282
2025-06-08 15:35:23,985 - INFO - Step 312000: Loss = 0.095054, Epsilon = 0.6991
2025-06-08 15:35:23,986 - INFO - Step 312000: Target network updated
2025-06-08 15:35:24,711 - INFO - Episode 244: Reward = -2.4503, Portfolio = $375.68, Return = -96.24%, Cash = $257.85, Crypto = 0.004561, Steps = 1282
2025-06-08 15:35:24,888 - INFO - Step 313000: Loss = 0.114696, Epsilon = 0.6981
2025-06-08 15:35:25,802 - INFO - Step 314000: Loss = 0.123417, Epsilon = 0.6971
2025-06-08 15:35:25,802 - INFO - Step 314000: Target network updated
2025-06-08 15:35:25,886 - INFO - Episode 245: Reward = -2.2766, Portfolio = $575.39, Return = -94.25%, Cash = $244.80, Crypto = 0.012797, Steps = 1282
2025-06-08 15:35:26,723 - INFO - Step 315000: Loss = 0.447277, Epsilon = 0.6962
2025-06-08 15:35:27,075 - INFO - Episode 246: Reward = -2.3017, Portfolio = $561.27, Return = -94.39%, Cash = $406.38, Crypto = 0.005996, Steps = 1282
2025-06-08 15:35:27,689 - INFO - Step 316000: Loss = 0.113149, Epsilon = 0.6952
2025-06-08 15:35:27,690 - INFO - Step 316000: Target network updated
2025-06-08 15:35:28,317 - INFO - Episode 247: Reward = -2.2561, Portfolio = $634.43, Return = -93.66%, Cash = $144.35, Crypto = 0.018971, Steps = 1282
2025-06-08 15:35:28,646 - INFO - Step 317000: Loss = 0.216732, Epsilon = 0.6942
2025-06-08 15:35:29,512 - INFO - Episode 248: Reward = -2.0351, Portfolio = $604.52, Return = -93.95%, Cash = $114.72, Crypto = 0.018960, Steps = 1282
2025-06-08 15:35:29,571 - INFO - Step 318000: Loss = 0.118725, Epsilon = 0.6933
2025-06-08 15:35:29,571 - INFO - Step 318000: Target network updated
2025-06-08 15:35:30,521 - INFO - Step 319000: Loss = 0.142303, Epsilon = 0.6923
2025-06-08 15:35:30,721 - INFO - Episode 249: Reward = -2.5397, Portfolio = $518.47, Return = -94.82%, Cash = $324.29, Crypto = 0.007517, Steps = 1282
2025-06-08 15:35:31,457 - INFO - Step 320000: Loss = 0.039362, Epsilon = 0.6913
2025-06-08 15:35:31,457 - INFO - Step 320000: Target network updated
2025-06-08 15:35:31,904 - INFO - Episode 250: Reward = -2.4470, Portfolio = $620.62, Return = -93.79%, Cash = $223.11, Crypto = 0.015388, Steps = 1282
2025-06-08 15:35:31,904 - INFO - Episode 250 Summary: Avg Reward (100 eps) = -2.2634, Avg Portfolio (100 eps) = $607.33, Epsilon = 0.691
2025-06-08 15:35:31,904 - INFO - 
Detailed steps for Episode 250:
2025-06-08 15:35:31,904 - INFO - Step | Action | Price    | RSI   | PnL    | Reward    | Portfolio   | Cash       | Crypto
2025-06-08 15:35:31,904 - INFO - --------------------------------------------------------------------------------------------------------------
2025-06-08 15:35:31,904 - INFO -    0 | HOLD |  7909.73 |  21.9 |  -2.00% |    0.0000 | $  10000.00 | $  10000.00 | 0.000000
2025-06-08 15:35:31,904 - INFO -    1 | SELL |  7911.43 |  24.3 |  -2.00% |   -0.0100 | $  10000.00 | $  10000.00 | 0.000000
2025-06-08 15:35:31,904 - INFO -    2 | SELL |  4970.79 |  29.9 |  -2.00% |   -0.0100 | $  10000.00 | $  10000.00 | 0.000000
2025-06-08 15:35:31,904 - INFO -    3 | SELL |  5563.71 |  13.1 |  -2.00% |   -0.0100 | $  10000.00 | $  10000.00 | 0.000000
2025-06-08 15:35:31,904 - INFO -    4 | SELL |  5200.37 |  22.5 |  -2.00% |   -0.0100 | $  10000.00 | $  10000.00 | 0.000000
2025-06-08 15:35:31,904 - INFO -    5 | BUY  |  5392.31 |  21.4 |  -2.00% |   -0.0049 | $   9950.98 | $   7500.00 | 0.454532
2025-06-08 15:35:31,904 - INFO -    6 | HOLD |  5014.48 |  24.0 |   0.00% |   -0.0173 | $   9779.24 | $   7500.00 | 0.454532
2025-06-08 15:35:31,904 - INFO -    7 | SELL |  5225.63 |  18.7 |  -7.01% |    0.0068 | $   9845.53 | $   8064.11 | 0.340899
2025-06-08 15:35:31,904 - INFO -    8 | HOLD |  5238.44 |  21.7 |  -3.09% |    0.0004 | $   9849.89 | $   8064.11 | 0.340899
2025-06-08 15:35:31,904 - INFO -    9 | BUY  |  6191.19 |  22.0 |  -2.85% |    0.0290 | $  10135.16 | $   6048.09 | 0.660143
2025-06-08 15:35:31,904 - INFO -   10 | HOLD |  6198.78 |  29.1 |   7.14% |    0.0005 | $  10140.16 | $   6048.09 | 0.660143
2025-06-08 15:35:31,904 - INFO -   11 | BUY  |  6185.07 |  28.7 |   7.27% |   -0.0038 | $  10101.46 | $   4536.06 | 0.899813
2025-06-08 15:35:31,904 - INFO -   12 | BUY  |  5830.25 |  29.6 |   5.06% |   -0.0338 | $   9759.96 | $   3402.05 | 1.090504
2025-06-08 15:35:31,904 - INFO -   13 | SELL |  6416.31 |  31.7 |  -0.80% |    0.0565 | $  10311.60 | $   5063.84 | 0.817878
2025-06-08 15:35:31,904 - INFO -   14 | SELL |  6734.80 |  38.6 |   9.18% |    0.0186 | $  10503.23 | $   6372.05 | 0.613409
2025-06-08 15:35:31,904 - INFO -   15 | BUY  |  6681.06 |  41.5 |  14.60% |   -0.0061 | $  10439.03 | $   4779.04 | 0.847170
2025-06-08 15:35:31,904 - INFO -   16 | HOLD |  6716.44 |  41.2 |   9.55% |    0.0029 | $  10469.00 | $   4779.04 | 0.847170
2025-06-08 15:35:31,904 - INFO -   17 | BUY  |  6469.80 |  71.4 |  10.13% |   -0.0222 | $  10236.63 | $   3584.28 | 1.028216
2025-06-08 15:35:31,904 - INFO -   18 | SELL |  6242.19 |  62.2 |   4.96% |   -0.0307 | $   9922.37 | $   5108.63 | 0.771162
2025-06-08 15:35:31,904 - INFO -   19 | HOLD |  5922.04 |  64.5 |   1.27% |   -0.0008 | $   9675.49 | $   5108.63 | 0.771162
2025-06-08 15:35:31,904 - INFO -   ...    ...      ...       ...     ...       ...         ...          ...         ...
2025-06-08 15:35:31,905 - INFO - 1262 | HOLD | 26162.37 |  15.2 |  -3.19% |   -0.0052 | $    653.10 | $    254.62 | 0.015231
2025-06-08 15:35:31,905 - INFO - 1263 | HOLD | 26047.67 |  14.8 |  -4.17% |   -0.0049 | $    651.35 | $    254.62 | 0.015231
2025-06-08 15:35:31,905 - INFO - 1264 | HOLD | 26008.46 |  14.5 |  -4.59% |   -0.0049 | $    650.75 | $    254.62 | 0.015231
2025-06-08 15:35:31,905 - INFO - 1265 | BUY  | 26089.69 |  14.0 |  -4.74% |   -0.0051 | $    650.74 | $    190.97 | 0.017623
2025-06-08 15:35:31,905 - INFO - 1266 | BUY  | 26106.15 |  15.9 |  -3.86% |   -0.0054 | $    650.10 | $    143.22 | 0.019416
2025-06-08 15:35:31,905 - INFO - 1267 | HOLD | 27727.39 |  13.9 |  -3.46% |   -0.0017 | $    681.57 | $    143.22 | 0.019416
2025-06-08 15:35:31,905 - INFO - 1268 | HOLD | 27297.27 |  37.9 |   2.54% |   -0.0020 | $    673.22 | $    143.22 | 0.019416
2025-06-08 15:35:31,905 - INFO - 1269 | SELL | 25931.47 |  38.1 |   0.94% |   -0.0029 | $    640.41 | $    262.80 | 0.014562
2025-06-08 15:35:31,905 - INFO - 1270 | BUY  | 25800.72 |  43.0 |  -4.11% |   -0.0031 | $    637.22 | $    197.10 | 0.017058
2025-06-08 15:35:31,905 - INFO - 1271 | HOLD | 25868.80 |  47.4 |  -3.94% |   -0.0029 | $    638.38 | $    197.10 | 0.017058
2025-06-08 15:35:31,905 - INFO - 1272 | SELL | 25969.57 |  47.6 |  -3.69% |   -0.0031 | $    634.56 | $    302.31 | 0.012794
2025-06-08 15:35:31,905 - INFO - 1273 | BUY  | 25812.42 |  47.7 |  -3.32% |   -0.0032 | $    631.07 | $    226.73 | 0.015664
2025-06-08 15:35:31,905 - INFO - 1274 | HOLD | 25779.98 |  46.8 |  -3.21% |   -0.0029 | $    630.56 | $    226.73 | 0.015664
2025-06-08 15:35:31,905 - INFO - 1275 | HOLD | 25753.24 |  47.4 |  -3.33% |   -0.0020 | $    630.14 | $    226.73 | 0.015664
2025-06-08 15:35:31,905 - INFO - 1276 | SELL | 26240.20 |  42.4 |  -3.43% |   -0.0015 | $    632.63 | $    324.36 | 0.011748
2025-06-08 15:35:31,905 - INFO - 1277 | SELL | 25905.65 |  50.8 |  -1.60% |   -0.0019 | $    624.90 | $    396.64 | 0.008811
2025-06-08 15:35:31,905 - INFO - 1278 | BUY  | 25895.68 |  48.5 |  -2.86% |   -0.0018 | $    622.87 | $    297.48 | 0.012565
2025-06-08 15:35:31,905 - INFO - 1279 | HOLD | 25832.23 |  48.8 |  -2.05% |   -0.0017 | $    622.07 | $    297.48 | 0.012565
2025-06-08 15:35:31,905 - INFO - 1280 | HOLD | 25162.65 |  47.3 |  -2.29% |   -0.0019 | $    613.65 | $    297.48 | 0.012565
2025-06-08 15:35:31,905 - INFO - 1281 | BUY  | 25833.34 |  41.4 |  -4.82% |   -0.0017 | $    620.62 | $    223.11 | 0.015388
2025-06-08 15:35:31,905 - INFO - 
Action distribution for Episode 250:
2025-06-08 15:35:31,905 - INFO -   HOLD:  437 ( 34.1%)
2025-06-08 15:35:31,905 - INFO -   BUY:   384 ( 30.0%)
2025-06-08 15:35:31,905 - INFO -   SELL:  461 ( 36.0%)
2025-06-08 15:35:31,905 - INFO - --------------------------------------------------------------------------------------------------------------
2025-06-08 15:35:32,374 - INFO - Step 321000: Loss = 0.245324, Epsilon = 0.6904
2025-06-08 15:35:33,147 - INFO - Episode 251: Reward = -2.0800, Portfolio = $771.59, Return = -92.28%, Cash = $475.74, Crypto = 0.011452, Steps = 1282
2025-06-08 15:35:33,364 - INFO - Step 322000: Loss = 0.063394, Epsilon = 0.6894
2025-06-08 15:35:33,364 - INFO - Step 322000: Target network updated
2025-06-08 15:35:34,348 - INFO - Step 323000: Loss = 0.241249, Epsilon = 0.6885
2025-06-08 15:35:34,424 - INFO - Episode 252: Reward = -2.5594, Portfolio = $1068.20, Return = -89.32%, Cash = $546.25, Crypto = 0.020205, Steps = 1282
2025-06-08 15:35:35,348 - INFO - Step 324000: Loss = 0.040496, Epsilon = 0.6875
2025-06-08 15:35:35,348 - INFO - Step 324000: Target network updated
2025-06-08 15:35:35,665 - INFO - Episode 253: Reward = -2.4004, Portfolio = $791.80, Return = -92.08%, Cash = $544.84, Crypto = 0.009560, Steps = 1282
2025-06-08 15:35:36,301 - INFO - Step 325000: Loss = 0.299735, Epsilon = 0.6865
2025-06-08 15:35:36,908 - INFO - Episode 254: Reward = -2.4712, Portfolio = $761.63, Return = -92.38%, Cash = $305.27, Crypto = 0.017666, Steps = 1282
2025-06-08 15:35:37,291 - INFO - Step 326000: Loss = 0.039269, Epsilon = 0.6856
2025-06-08 15:35:37,292 - INFO - Step 326000: Target network updated
2025-06-08 15:35:38,143 - INFO - Episode 255: Reward = -2.1414, Portfolio = $616.96, Return = -93.83%, Cash = $317.72, Crypto = 0.011584, Steps = 1282
2025-06-08 15:35:38,230 - INFO - Step 327000: Loss = 0.083930, Epsilon = 0.6846
2025-06-08 15:35:39,216 - INFO - Step 328000: Loss = 0.066116, Epsilon = 0.6836
2025-06-08 15:35:39,216 - INFO - Step 328000: Target network updated
2025-06-08 15:35:39,392 - INFO - Episode 256: Reward = -2.1457, Portfolio = $729.62, Return = -92.70%, Cash = $341.02, Crypto = 0.015043, Steps = 1282
2025-06-08 15:35:40,125 - INFO - Step 329000: Loss = 0.224502, Epsilon = 0.6827
2025-06-08 15:35:40,553 - INFO - Episode 257: Reward = -2.0432, Portfolio = $972.63, Return = -90.27%, Cash = $426.50, Crypto = 0.021140, Steps = 1282
2025-06-08 15:35:41,026 - INFO - Step 330000: Loss = 0.022316, Epsilon = 0.6817
2025-06-08 15:35:41,026 - INFO - Step 330000: Target network updated
2025-06-08 15:35:41,810 - INFO - Episode 258: Reward = -2.3990, Portfolio = $993.51, Return = -90.06%, Cash = $387.75, Crypto = 0.023449, Steps = 1282
2025-06-08 15:35:42,072 - INFO - Step 331000: Loss = 0.208065, Epsilon = 0.6807
2025-06-08 15:35:43,004 - INFO - Step 332000: Loss = 0.028332, Epsilon = 0.6798
2025-06-08 15:35:43,004 - INFO - Step 332000: Target network updated
2025-06-08 15:35:43,037 - INFO - Episode 259: Reward = -2.2284, Portfolio = $869.00, Return = -91.31%, Cash = $138.30, Crypto = 0.028285, Steps = 1282
2025-06-08 15:35:43,985 - INFO - Step 333000: Loss = 0.149063, Epsilon = 0.6788
2025-06-08 15:35:44,302 - INFO - Episode 260: Reward = -2.2874, Portfolio = $495.63, Return = -95.04%, Cash = $208.05, Crypto = 0.011132, Steps = 1282
2025-06-08 15:35:44,302 - INFO - Episode 260 Summary: Avg Reward (100 eps) = -2.2754, Avg Portfolio (100 eps) = $618.22, Epsilon = 0.679
2025-06-08 15:35:44,302 - INFO - 
Detailed steps for Episode 260:
2025-06-08 15:35:44,302 - INFO - Step | Action | Price    | RSI   | PnL    | Reward    | Portfolio   | Cash       | Crypto
2025-06-08 15:35:44,302 - INFO - --------------------------------------------------------------------------------------------------------------
2025-06-08 15:35:44,302 - INFO -    0 | BUY  |  7909.73 |  21.9 |  -2.00% |   -0.0049 | $   9950.98 | $   7500.00 | 0.309869
2025-06-08 15:35:44,302 - INFO -    1 | SELL |  7911.43 |  24.3 |   0.00% |   -0.0030 | $   9920.86 | $   8082.23 | 0.232402
2025-06-08 15:35:44,302 - INFO -    2 | BUY  |  4970.79 |  29.9 |   0.02% |   -0.0729 | $   9197.83 | $   6061.67 | 0.630918
2025-06-08 15:35:44,302 - INFO -    3 | BUY  |  5563.71 |  13.1 | -17.88% |    0.0374 | $   9542.20 | $   4546.26 | 0.897953
2025-06-08 15:35:44,302 - INFO -    4 | SELL |  5200.37 |  22.5 |  -5.82% |   -0.0403 | $   9157.57 | $   5655.31 | 0.673465
2025-06-08 15:35:44,302 - INFO -    5 | BUY  |  5392.31 |  21.4 | -11.97% |    0.0111 | $   9259.12 | $   4241.48 | 0.930517
2025-06-08 15:35:44,302 - INFO -    6 | HOLD |  5014.48 |  24.0 |  -6.47% |   -0.0380 | $   8907.54 | $   4241.48 | 0.930517
2025-06-08 15:35:44,302 - INFO -    7 | BUY  |  5225.63 |  18.7 | -13.02% |    0.0197 | $   9083.22 | $   3181.11 | 1.129455
2025-06-08 15:35:44,302 - INFO -    8 | SELL |  5238.44 |  21.7 |  -7.84% |   -0.0065 | $   9023.73 | $   4586.30 | 0.847091
2025-06-08 15:35:44,302 - INFO -    9 | HOLD |  6191.19 |  22.0 |  -7.62% |    0.0894 | $   9830.80 | $   4586.30 | 0.847091
2025-06-08 15:35:44,302 - INFO -   10 | BUY  |  6198.78 |  29.1 |   9.19% |   -0.0016 | $   9814.75 | $   3439.72 | 1.028432
2025-06-08 15:35:44,302 - INFO -   11 | HOLD |  6185.07 |  28.7 |   7.55% |   -0.0014 | $   9800.64 | $   3439.72 | 1.028432
2025-06-08 15:35:44,302 - INFO -   12 | HOLD |  5830.25 |  29.6 |   7.31% |   -0.0372 | $   9435.75 | $   3439.72 | 1.028432
2025-06-08 15:35:44,302 - INFO -   13 | BUY  |  6416.31 |  31.7 |   1.16% |    0.0621 | $  10021.61 | $   2579.79 | 1.159827
2025-06-08 15:35:44,302 - INFO -   14 | HOLD |  6734.80 |  38.6 |   9.92% |    0.0369 | $  10391.00 | $   2579.79 | 1.159827
2025-06-08 15:35:44,302 - INFO -   15 | SELL |  6681.06 |  41.5 |  15.37% |   -0.0153 | $  10231.81 | $   4420.15 | 0.869870
2025-06-08 15:35:44,302 - INFO -   16 | SELL |  6716.44 |  41.2 |  14.45% |   -0.0041 | $  10189.55 | $   5807.73 | 0.652403
2025-06-08 15:35:44,302 - INFO -   17 | HOLD |  6469.80 |  71.4 |  15.06% |   -0.0158 | $  10028.64 | $   5807.73 | 0.652403
2025-06-08 15:35:44,302 - INFO -   18 | HOLD |  6242.19 |  62.2 |  10.83% |   -0.0148 | $   9880.15 | $   5807.73 | 0.652403
2025-06-08 15:35:44,302 - INFO -   19 | HOLD |  5922.04 |  64.5 |   6.93% |   -0.0003 | $   9671.28 | $   5807.73 | 0.652403
2025-06-08 15:35:44,302 - INFO -   ...    ...      ...       ...     ...       ...         ...          ...         ...
2025-06-08 15:35:44,302 - INFO - 1262 | HOLD | 26162.37 |  15.2 |  -9.37% |   -0.0047 | $    527.34 | $    365.53 | 0.006185
2025-06-08 15:35:44,303 - INFO - 1263 | BUY  | 26047.67 |  14.8 | -10.30% |   -0.0047 | $    524.84 | $    274.15 | 0.009624
2025-06-08 15:35:44,303 - INFO - 1264 | SELL | 26008.46 |  14.5 |  -7.14% |   -0.0047 | $    521.33 | $    333.60 | 0.007218
2025-06-08 15:35:44,303 - INFO - 1265 | HOLD | 26089.69 |  14.0 |  -7.28% |   -0.0048 | $    521.92 | $    333.60 | 0.007218
2025-06-08 15:35:44,303 - INFO - 1266 | BUY  | 26106.15 |  15.9 |  -6.99% |   -0.0055 | $    520.40 | $    250.20 | 0.010350
2025-06-08 15:35:44,303 - INFO - 1267 | HOLD | 27727.39 |  13.9 |  -4.94% |   -0.0029 | $    537.18 | $    250.20 | 0.010350
2025-06-08 15:35:44,303 - INFO - 1268 | HOLD | 27297.27 |  37.9 |   0.96% |   -0.0031 | $    532.73 | $    250.20 | 0.010350
2025-06-08 15:35:44,303 - INFO - 1269 | BUY  | 25931.47 |  38.1 |  -0.60% |   -0.0038 | $    517.37 | $    187.65 | 0.012715
2025-06-08 15:35:44,303 - INFO - 1270 | SELL | 25800.72 |  43.0 |  -4.59% |   -0.0040 | $    511.60 | $    265.56 | 0.009536
2025-06-08 15:35:44,303 - INFO - 1271 | HOLD | 25868.80 |  47.4 |  -5.07% |   -0.0038 | $    512.25 | $    265.56 | 0.009536
2025-06-08 15:35:44,303 - INFO - 1272 | HOLD | 25969.57 |  47.6 |  -4.82% |   -0.0038 | $    513.21 | $    265.56 | 0.009536
2025-06-08 15:35:44,303 - INFO - 1273 | BUY  | 25812.42 |  47.7 |  -4.45% |   -0.0036 | $    510.41 | $    199.17 | 0.012058
2025-06-08 15:35:44,303 - INFO - 1274 | SELL | 25779.98 |  46.8 |  -4.02% |   -0.0035 | $    506.14 | $    273.00 | 0.009043
2025-06-08 15:35:44,303 - INFO - 1275 | BUY  | 25753.24 |  47.4 |  -4.14% |   -0.0027 | $    504.56 | $    204.75 | 0.011642
2025-06-08 15:35:44,303 - INFO - 1276 | SELL | 26240.20 |  42.4 |  -3.32% |   -0.0021 | $    506.41 | $    277.30 | 0.008731
2025-06-08 15:35:44,303 - INFO - 1277 | BUY  | 25905.65 |  50.8 |  -1.49% |   -0.0025 | $    502.13 | $    207.98 | 0.011355
2025-06-08 15:35:44,303 - INFO - 1278 | BUY  | 25895.68 |  48.5 |  -2.13% |   -0.0027 | $    500.99 | $    155.98 | 0.013323
2025-06-08 15:35:44,303 - INFO - 1279 | HOLD | 25832.23 |  48.8 |  -1.85% |   -0.0027 | $    500.15 | $    155.98 | 0.013323
2025-06-08 15:35:44,303 - INFO - 1280 | BUY  | 25162.65 |  47.3 |  -2.09% |   -0.0032 | $    490.46 | $    116.99 | 0.014843
2025-06-08 15:35:44,303 - INFO - 1281 | SELL | 25833.34 |  41.4 |  -4.18% |   -0.0028 | $    495.63 | $    208.05 | 0.011132
2025-06-08 15:35:44,303 - INFO - 
Action distribution for Episode 260:
2025-06-08 15:35:44,303 - INFO -   HOLD:  464 ( 36.2%)
2025-06-08 15:35:44,303 - INFO -   BUY:   399 ( 31.1%)
2025-06-08 15:35:44,303 - INFO -   SELL:  419 ( 32.7%)
2025-06-08 15:35:44,303 - INFO - --------------------------------------------------------------------------------------------------------------
2025-06-08 15:35:44,968 - INFO - Step 334000: Loss = 0.023055, Epsilon = 0.6778
2025-06-08 15:35:44,968 - INFO - Step 334000: Target network updated
2025-06-08 15:35:45,576 - INFO - Episode 261: Reward = -2.3226, Portfolio = $657.03, Return = -93.43%, Cash = $426.36, Crypto = 0.008929, Steps = 1282
2025-06-08 15:35:45,943 - INFO - Step 335000: Loss = 0.158553, Epsilon = 0.6769
2025-06-08 15:35:46,766 - INFO - Episode 262: Reward = -2.2536, Portfolio = $679.39, Return = -93.21%, Cash = $173.12, Crypto = 0.019598, Steps = 1282
2025-06-08 15:35:46,893 - INFO - Step 336000: Loss = 0.035233, Epsilon = 0.6759
2025-06-08 15:35:46,893 - INFO - Step 336000: Target network updated
2025-06-08 15:35:48,142 - INFO - Step 337000: Loss = 0.125228, Epsilon = 0.6750
2025-06-08 15:35:48,318 - INFO - Episode 263: Reward = -1.9056, Portfolio = $1204.40, Return = -87.96%, Cash = $384.86, Crypto = 0.031724, Steps = 1282
2025-06-08 15:35:49,273 - INFO - Step 338000: Loss = 0.056366, Epsilon = 0.6740
2025-06-08 15:35:49,274 - INFO - Step 338000: Target network updated
2025-06-08 15:35:49,899 - INFO - Episode 264: Reward = -2.2093, Portfolio = $627.74, Return = -93.72%, Cash = $209.06, Crypto = 0.016207, Steps = 1282
2025-06-08 15:35:50,666 - INFO - Step 339000: Loss = 0.097497, Epsilon = 0.6730
2025-06-08 15:35:51,522 - INFO - Episode 265: Reward = -2.4402, Portfolio = $480.88, Return = -95.19%, Cash = $76.02, Crypto = 0.015672, Steps = 1282
2025-06-08 15:35:51,842 - INFO - Step 340000: Loss = 0.035687, Epsilon = 0.6721
2025-06-08 15:35:51,843 - INFO - Step 340000: Target network updated
2025-06-08 15:35:53,076 - INFO - Step 341000: Loss = 0.164247, Epsilon = 0.6711
2025-06-08 15:35:53,088 - INFO - Episode 266: Reward = -2.8478, Portfolio = $379.80, Return = -96.20%, Cash = $154.23, Crypto = 0.008731, Steps = 1282
2025-06-08 15:35:54,110 - INFO - Step 342000: Loss = 0.023497, Epsilon = 0.6701
2025-06-08 15:35:54,111 - INFO - Step 342000: Target network updated
2025-06-08 15:35:54,418 - INFO - Episode 267: Reward = -2.2133, Portfolio = $828.32, Return = -91.72%, Cash = $503.38, Crypto = 0.012578, Steps = 1282
2025-06-08 15:35:55,161 - INFO - Step 343000: Loss = 0.375205, Epsilon = 0.6692
2025-06-08 15:35:55,759 - INFO - Episode 268: Reward = -1.9671, Portfolio = $1170.25, Return = -88.30%, Cash = $284.44, Crypto = 0.034290, Steps = 1282
2025-06-08 15:35:56,188 - INFO - Step 344000: Loss = 0.049123, Epsilon = 0.6682
2025-06-08 15:35:56,188 - INFO - Step 344000: Target network updated
2025-06-08 15:35:57,073 - INFO - Episode 269: Reward = -2.2838, Portfolio = $800.07, Return = -92.00%, Cash = $341.29, Crypto = 0.017759, Steps = 1282
2025-06-08 15:35:57,227 - INFO - Step 345000: Loss = 0.133210, Epsilon = 0.6672
2025-06-08 15:35:58,209 - INFO - Step 346000: Loss = 0.034258, Epsilon = 0.6663
2025-06-08 15:35:58,210 - INFO - Step 346000: Target network updated
2025-06-08 15:35:58,340 - INFO - Episode 270: Reward = -2.0496, Portfolio = $552.42, Return = -94.48%, Cash = $266.73, Crypto = 0.011059, Steps = 1282
2025-06-08 15:35:58,340 - INFO - Episode 270 Summary: Avg Reward (100 eps) = -2.2695, Avg Portfolio (100 eps) = $633.46, Epsilon = 0.666
2025-06-08 15:35:58,340 - INFO - 
Detailed steps for Episode 270:
2025-06-08 15:35:58,340 - INFO - Step | Action | Price    | RSI   | PnL    | Reward    | Portfolio   | Cash       | Crypto
2025-06-08 15:35:58,340 - INFO - --------------------------------------------------------------------------------------------------------------
2025-06-08 15:35:58,340 - INFO -    0 | HOLD |  7909.73 |  21.9 |  -2.00% |    0.0000 | $  10000.00 | $  10000.00 | 0.000000
2025-06-08 15:35:58,340 - INFO -    1 | HOLD |  7911.43 |  24.3 |  -2.00% |    0.0000 | $  10000.00 | $  10000.00 | 0.000000
2025-06-08 15:35:58,340 - INFO -    2 | HOLD |  4970.79 |  29.9 |  -2.00% |    0.0000 | $  10000.00 | $  10000.00 | 0.000000
2025-06-08 15:35:58,340 - INFO -    3 | BUY  |  5563.71 |  13.1 |  -2.00% |   -0.0049 | $   9950.98 | $   7500.00 | 0.440530
2025-06-08 15:35:58,340 - INFO -    4 | SELL |  5200.37 |  22.5 |   0.00% |   -0.0190 | $   9762.28 | $   8044.09 | 0.330398
2025-06-08 15:35:58,340 - INFO -    5 | BUY  |  5392.31 |  21.4 |  -6.53% |    0.0025 | $   9786.27 | $   6033.07 | 0.696027
2025-06-08 15:35:58,340 - INFO -    6 | BUY  |  5014.48 |  24.0 |  -1.49% |   -0.0299 | $   9493.71 | $   4524.80 | 0.990912
2025-06-08 15:35:58,340 - INFO -    7 | BUY  |  5225.63 |  18.7 |  -6.04% |    0.0197 | $   9680.76 | $   3393.60 | 1.203139
2025-06-08 15:35:58,340 - INFO -    8 | HOLD |  5238.44 |  21.7 |  -1.73% |    0.0016 | $   9696.17 | $   3393.60 | 1.203139
2025-06-08 15:35:58,340 - INFO -    9 | BUY  |  6191.19 |  22.0 |  -1.48% |    0.1165 | $  10825.83 | $   2545.20 | 1.337486
2025-06-08 15:35:58,340 - INFO -   10 | HOLD |  6198.78 |  29.1 |  14.54% |    0.0009 | $  10835.98 | $   2545.20 | 1.337486
2025-06-08 15:35:58,340 - INFO -   11 | BUY  |  6185.07 |  28.7 |  14.68% |   -0.0028 | $  10805.16 | $   1908.90 | 1.438345
2025-06-08 15:35:58,340 - INFO -   12 | BUY  |  5830.25 |  29.6 |  13.28% |   -0.0481 | $  10285.46 | $   1431.68 | 1.518594
2025-06-08 15:35:58,340 - INFO -   13 | HOLD |  6416.31 |  31.7 |   6.40% |    0.0865 | $  11175.45 | $   1431.68 | 1.518594
2025-06-08 15:35:58,340 - INFO -   14 | SELL |  6734.80 |  38.6 |  17.10% |    0.0318 | $  11531.26 | $   3860.69 | 1.138945
2025-06-08 15:35:58,340 - INFO -   15 | HOLD |  6681.06 |  41.5 |  22.91% |   -0.0053 | $  11470.06 | $   3860.69 | 1.138945
2025-06-08 15:35:58,340 - INFO -   16 | SELL |  6716.44 |  41.2 |  21.93% |   -0.0048 | $  11414.73 | $   5677.48 | 0.854209
2025-06-08 15:35:58,340 - INFO -   17 | BUY  |  6469.80 |  71.4 |  22.58% |   -0.0209 | $  11176.21 | $   4258.11 | 1.069291
2025-06-08 15:35:58,340 - INFO -   18 | HOLD |  6242.19 |  62.2 |  13.93% |   -0.0218 | $  10932.84 | $   4258.11 | 1.069291
2025-06-08 15:35:58,340 - INFO -   19 | BUY  |  5922.04 |  64.5 |   9.92% |    0.0009 | $  10569.63 | $   3193.58 | 1.245524
2025-06-08 15:35:58,340 - INFO -   ...    ...      ...       ...     ...       ...         ...          ...         ...
2025-06-08 15:35:58,340 - INFO - 1262 | SELL | 26162.37 |  15.2 |  -8.80% |   -0.0060 | $    599.24 | $    454.00 | 0.005552
2025-06-08 15:35:58,340 - INFO - 1263 | BUY  | 26047.67 |  14.8 |  -9.73% |   -0.0058 | $    596.38 | $    340.50 | 0.009824
2025-06-08 15:35:58,340 - INFO - 1264 | BUY  | 26008.46 |  14.5 |  -5.99% |   -0.0060 | $    594.32 | $    255.37 | 0.013032
2025-06-08 15:35:58,340 - INFO - 1265 | BUY  | 26089.69 |  14.0 |  -4.69% |   -0.0058 | $    594.13 | $    191.53 | 0.015431
2025-06-08 15:35:58,340 - INFO - 1266 | SELL | 26106.15 |  15.9 |  -3.74% |   -0.0067 | $    589.35 | $    287.21 | 0.011574
2025-06-08 15:35:58,341 - INFO - 1267 | BUY  | 27727.39 |  13.9 |  -3.67% |   -0.0042 | $    606.71 | $    215.41 | 0.014112
2025-06-08 15:35:58,341 - INFO - 1268 | BUY  | 27297.27 |  37.9 |   1.88% |   -0.0044 | $    599.58 | $    161.55 | 0.016046
2025-06-08 15:35:58,341 - INFO - 1269 | BUY  | 25931.47 |  38.1 |   0.27% |   -0.0049 | $    576.87 | $    121.17 | 0.017573
2025-06-08 15:35:58,341 - INFO - 1270 | HOLD | 25800.72 |  43.0 |  -4.35% |   -0.0049 | $    574.57 | $    121.17 | 0.017573
2025-06-08 15:35:58,341 - INFO - 1271 | SELL | 25868.80 |  47.4 |  -4.84% |   -0.0052 | $    570.09 | $    229.13 | 0.013180
2025-06-08 15:35:58,341 - INFO - 1272 | HOLD | 25969.57 |  47.6 |  -4.59% |   -0.0050 | $    571.42 | $    229.13 | 0.013180
2025-06-08 15:35:58,341 - INFO - 1273 | BUY  | 25812.42 |  47.7 |  -4.21% |   -0.0050 | $    568.22 | $    171.85 | 0.015356
2025-06-08 15:35:58,341 - INFO - 1274 | BUY  | 25779.98 |  46.8 |  -4.14% |   -0.0047 | $    566.88 | $    128.89 | 0.016990
2025-06-08 15:35:58,341 - INFO - 1275 | BUY  | 25753.24 |  47.4 |  -3.87% |   -0.0040 | $    565.79 | $     96.67 | 0.018216
2025-06-08 15:35:58,341 - INFO - 1276 | HOLD | 26240.20 |  42.4 |  -3.71% |   -0.0023 | $    574.66 | $     96.67 | 0.018216
2025-06-08 15:35:58,341 - INFO - 1277 | SELL | 25905.65 |  50.8 |  -1.89% |   -0.0028 | $    562.67 | $    208.74 | 0.013662
2025-06-08 15:35:58,341 - INFO - 1278 | SELL | 25895.68 |  48.5 |  -3.14% |   -0.0030 | $    558.11 | $    292.77 | 0.010247
2025-06-08 15:35:58,341 - INFO - 1279 | SELL | 25832.23 |  48.8 |  -3.18% |   -0.0032 | $    554.15 | $    355.63 | 0.007685
2025-06-08 15:35:58,341 - INFO - 1280 | HOLD | 25162.65 |  47.3 |  -3.42% |   -0.0035 | $    549.01 | $    355.63 | 0.007685
2025-06-08 15:35:58,341 - INFO - 1281 | BUY  | 25833.34 |  41.4 |  -5.92% |   -0.0035 | $    552.42 | $    266.73 | 0.011059
2025-06-08 15:35:58,341 - INFO - 
Action distribution for Episode 270:
2025-06-08 15:35:58,341 - INFO -   HOLD:  486 ( 37.9%)
2025-06-08 15:35:58,341 - INFO -   BUY:   378 ( 29.5%)
2025-06-08 15:35:58,341 - INFO -   SELL:  418 ( 32.6%)
2025-06-08 15:35:58,341 - INFO - --------------------------------------------------------------------------------------------------------------
2025-06-08 15:35:59,217 - INFO - Step 347000: Loss = 0.258232, Epsilon = 0.6653
2025-06-08 15:35:59,627 - INFO - Episode 271: Reward = -2.0490, Portfolio = $930.73, Return = -90.69%, Cash = $446.85, Crypto = 0.018731, Steps = 1282
2025-06-08 15:36:00,205 - INFO - Step 348000: Loss = 0.029032, Epsilon = 0.6643
2025-06-08 15:36:00,205 - INFO - Step 348000: Target network updated
2025-06-08 15:36:00,981 - INFO - Episode 272: Reward = -1.7999, Portfolio = $1021.71, Return = -89.78%, Cash = $734.85, Crypto = 0.011104, Steps = 1282
2025-06-08 15:36:01,324 - INFO - Step 349000: Loss = 0.055580, Epsilon = 0.6634
2025-06-08 15:36:02,421 - INFO - Episode 273: Reward = -2.2860, Portfolio = $558.02, Return = -94.42%, Cash = $222.70, Crypto = 0.012980, Steps = 1282
2025-06-08 15:36:02,441 - INFO - Step 350000: Loss = 0.035964, Epsilon = 0.6624
2025-06-08 15:36:02,441 - INFO - Step 350000: Target network updated
2025-06-08 15:36:03,481 - INFO - Step 351000: Loss = 0.110586, Epsilon = 0.6614
2025-06-08 15:36:03,757 - INFO - Episode 274: Reward = -2.3917, Portfolio = $619.63, Return = -93.80%, Cash = $391.22, Crypto = 0.008842, Steps = 1282
2025-06-08 15:36:04,517 - INFO - Step 352000: Loss = 0.055420, Epsilon = 0.6605
2025-06-08 15:36:04,517 - INFO - Step 352000: Target network updated
2025-06-08 15:36:05,116 - INFO - Episode 275: Reward = -2.3291, Portfolio = $671.47, Return = -93.29%, Cash = $259.16, Crypto = 0.015960, Steps = 1282
2025-06-08 15:36:05,650 - INFO - Step 353000: Loss = 0.091300, Epsilon = 0.6595
2025-06-08 15:36:06,465 - INFO - Episode 276: Reward = -2.2850, Portfolio = $665.56, Return = -93.34%, Cash = $305.62, Crypto = 0.013933, Steps = 1282
2025-06-08 15:36:06,624 - INFO - Step 354000: Loss = 0.041762, Epsilon = 0.6586
2025-06-08 15:36:06,624 - INFO - Step 354000: Target network updated
2025-06-08 15:36:07,701 - INFO - Step 355000: Loss = 0.259020, Epsilon = 0.6576
2025-06-08 15:36:07,817 - INFO - Episode 277: Reward = -2.0531, Portfolio = $901.12, Return = -90.99%, Cash = $482.27, Crypto = 0.016213, Steps = 1282
2025-06-08 15:36:08,691 - INFO - Step 356000: Loss = 0.027921, Epsilon = 0.6566
2025-06-08 15:36:08,692 - INFO - Step 356000: Target network updated
2025-06-08 15:36:09,053 - INFO - Episode 278: Reward = -2.2634, Portfolio = $629.56, Return = -93.70%, Cash = $203.48, Crypto = 0.016493, Steps = 1282
2025-06-08 15:36:09,595 - INFO - Step 357000: Loss = 0.137472, Epsilon = 0.6557
2025-06-08 15:36:10,228 - INFO - Episode 279: Reward = -2.2926, Portfolio = $733.50, Return = -92.67%, Cash = $418.71, Crypto = 0.012185, Steps = 1282
2025-06-08 15:36:10,543 - INFO - Step 358000: Loss = 0.035981, Epsilon = 0.6547
2025-06-08 15:36:10,543 - INFO - Step 358000: Target network updated
2025-06-08 15:36:11,474 - INFO - Episode 280: Reward = -2.2113, Portfolio = $593.42, Return = -94.07%, Cash = $361.19, Crypto = 0.008990, Steps = 1282
2025-06-08 15:36:11,475 - INFO - Episode 280 Summary: Avg Reward (100 eps) = -2.2649, Avg Portfolio (100 eps) = $643.58, Epsilon = 0.654
2025-06-08 15:36:11,475 - INFO - 
Detailed steps for Episode 280:
2025-06-08 15:36:11,475 - INFO - Step | Action | Price    | RSI   | PnL    | Reward    | Portfolio   | Cash       | Crypto
2025-06-08 15:36:11,475 - INFO - --------------------------------------------------------------------------------------------------------------
2025-06-08 15:36:11,475 - INFO -    0 | HOLD |  7909.73 |  21.9 |  -2.00% |    0.0000 | $  10000.00 | $  10000.00 | 0.000000
2025-06-08 15:36:11,475 - INFO -    1 | SELL |  7911.43 |  24.3 |  -2.00% |   -0.0100 | $  10000.00 | $  10000.00 | 0.000000
2025-06-08 15:36:11,475 - INFO -    2 | SELL |  4970.79 |  29.9 |  -2.00% |   -0.0100 | $  10000.00 | $  10000.00 | 0.000000
2025-06-08 15:36:11,475 - INFO -    3 | SELL |  5563.71 |  13.1 |  -2.00% |   -0.0100 | $  10000.00 | $  10000.00 | 0.000000
2025-06-08 15:36:11,475 - INFO -    4 | BUY  |  5200.37 |  22.5 |  -2.00% |   -0.0049 | $   9950.98 | $   7500.00 | 0.471309
2025-06-08 15:36:11,475 - INFO -    5 | BUY  |  5392.31 |  21.4 |   0.00% |    0.0054 | $  10004.68 | $   5625.00 | 0.812208
2025-06-08 15:36:11,475 - INFO -    6 | HOLD |  5014.48 |  24.0 |   2.11% |   -0.0307 | $   9697.80 | $   5625.00 | 0.812208
2025-06-08 15:36:11,475 - INFO -    7 | SELL |  5225.63 |  18.7 |  -5.05% |    0.0122 | $   9816.25 | $   6633.02 | 0.609156
2025-06-08 15:36:11,475 - INFO -    8 | HOLD |  5238.44 |  21.7 |  -1.05% |    0.0008 | $   9824.05 | $   6633.02 | 0.609156
2025-06-08 15:36:11,475 - INFO -    9 | HOLD |  6191.19 |  22.0 |  -0.80% |    0.0591 | $  10404.42 | $   6633.02 | 0.609156
2025-06-08 15:36:11,475 - INFO -   10 | BUY  |  6198.78 |  29.1 |  17.24% |   -0.0027 | $  10376.53 | $   4974.77 | 0.871424
2025-06-08 15:36:11,475 - INFO -   11 | BUY  |  6185.07 |  28.7 |  11.55% |   -0.0035 | $  10340.20 | $   3731.07 | 1.068561
2025-06-08 15:36:11,475 - INFO -   12 | BUY  |  5830.25 |  29.6 |   9.03% |   -0.0384 | $   9942.77 | $   2798.31 | 1.225412
2025-06-08 15:36:11,475 - INFO -   13 | SELL |  6416.31 |  31.7 |   2.41% |    0.0623 | $  10562.65 | $   4665.68 | 0.919059
2025-06-08 15:36:11,475 - INFO -   14 | SELL |  6734.80 |  38.6 |  12.70% |    0.0204 | $  10777.99 | $   6135.73 | 0.689294
2025-06-08 15:36:11,475 - INFO -   15 | BUY  |  6681.06 |  41.5 |  18.30% |   -0.0062 | $  10710.87 | $   4601.80 | 0.914386
2025-06-08 15:36:11,475 - INFO -   16 | HOLD |  6716.44 |  41.2 |  12.55% |    0.0030 | $  10743.22 | $   4601.80 | 0.914386
2025-06-08 15:36:11,475 - INFO -   17 | BUY  |  6469.80 |  71.4 |  13.14% |   -0.0231 | $  10495.13 | $   3451.35 | 1.088718
2025-06-08 15:36:11,475 - INFO -   18 | SELL |  6242.19 |  62.2 |   7.44% |   -0.0317 | $  10162.39 | $   5065.39 | 0.816539
2025-06-08 15:36:11,475 - INFO -   19 | BUY  |  5922.04 |  64.5 |   3.66% |   -0.0002 | $   9876.14 | $   3799.05 | 1.026182
2025-06-08 15:36:11,475 - INFO -   ...    ...      ...       ...     ...       ...         ...          ...         ...
2025-06-08 15:36:11,475 - INFO - 1262 | BUY  | 26162.37 |  15.2 |  -4.95% |   -0.0063 | $    638.54 | $    332.90 | 0.011682
2025-06-08 15:36:11,475 - INFO - 1263 | SELL | 26047.67 |  14.8 |  -3.89% |   -0.0066 | $    633.40 | $    405.17 | 0.008762
2025-06-08 15:36:11,475 - INFO - 1264 | BUY  | 26008.46 |  14.5 |  -4.32% |   -0.0067 | $    631.07 | $    303.88 | 0.012580
2025-06-08 15:36:11,475 - INFO - 1265 | HOLD | 26089.69 |  14.0 |  -3.15% |   -0.0069 | $    632.09 | $    303.88 | 0.012580
2025-06-08 15:36:11,475 - INFO - 1266 | HOLD | 26106.15 |  15.9 |  -2.85% |   -0.0090 | $    632.29 | $    303.88 | 0.012580
2025-06-08 15:36:11,475 - INFO - 1267 | HOLD | 27727.39 |  13.9 |  -2.79% |   -0.0034 | $    652.69 | $    303.88 | 0.012580
2025-06-08 15:36:11,475 - INFO - 1268 | BUY  | 27297.27 |  37.9 |   3.25% |   -0.0033 | $    645.79 | $    227.91 | 0.015309
2025-06-08 15:36:11,475 - INFO - 1269 | SELL | 25931.47 |  38.1 |   1.35% |   -0.0041 | $    619.92 | $    322.19 | 0.011481
2025-06-08 15:36:11,475 - INFO - 1270 | BUY  | 25800.72 |  43.0 |  -3.72% |   -0.0043 | $    616.84 | $    241.64 | 0.014542
2025-06-08 15:36:11,475 - INFO - 1271 | HOLD | 25868.80 |  47.4 |  -3.35% |   -0.0041 | $    617.83 | $    241.64 | 0.014542
2025-06-08 15:36:11,475 - INFO - 1272 | SELL | 25969.57 |  47.6 |  -3.09% |   -0.0040 | $    614.57 | $    331.33 | 0.010907
2025-06-08 15:36:11,475 - INFO - 1273 | SELL | 25812.42 |  47.7 |  -2.72% |   -0.0039 | $    609.34 | $    398.20 | 0.008180
2025-06-08 15:36:11,475 - INFO - 1274 | HOLD | 25779.98 |  46.8 |  -3.31% |   -0.0035 | $    609.07 | $    398.20 | 0.008180
2025-06-08 15:36:11,475 - INFO - 1275 | SELL | 25753.24 |  47.4 |  -3.43% |   -0.0030 | $    606.22 | $    448.23 | 0.006135
2025-06-08 15:36:11,475 - INFO - 1276 | SELL | 26240.20 |  42.4 |  -3.53% |   -0.0025 | $    607.20 | $    486.46 | 0.004601
2025-06-08 15:36:11,475 - INFO - 1277 | SELL | 25905.65 |  50.8 |  -1.70% |   -0.0026 | $    604.17 | $    514.77 | 0.003451
2025-06-08 15:36:11,475 - INFO - 1278 | BUY  | 25895.68 |  48.5 |  -2.96% |   -0.0026 | $    601.61 | $    386.08 | 0.008323
2025-06-08 15:36:11,475 - INFO - 1279 | BUY  | 25832.23 |  48.8 |  -1.26% |   -0.0028 | $    599.19 | $    289.56 | 0.011986
2025-06-08 15:36:11,476 - INFO - 1280 | SELL | 25162.65 |  47.3 |  -1.05% |   -0.0034 | $    587.39 | $    361.19 | 0.008990
2025-06-08 15:36:11,476 - INFO - 1281 | HOLD | 25833.34 |  41.4 |  -3.61% |   -0.0031 | $    593.42 | $    361.19 | 0.008990
2025-06-08 15:36:11,476 - INFO - 
Action distribution for Episode 280:
2025-06-08 15:36:11,476 - INFO -   HOLD:  424 ( 33.1%)
2025-06-08 15:36:11,476 - INFO -   BUY:   413 ( 32.2%)
2025-06-08 15:36:11,476 - INFO -   SELL:  445 ( 34.7%)
2025-06-08 15:36:11,476 - INFO - --------------------------------------------------------------------------------------------------------------
2025-06-08 15:36:11,514 - INFO - Step 359000: Loss = 0.339251, Epsilon = 0.6537
2025-06-08 15:36:12,488 - INFO - Step 360000: Loss = 0.033250, Epsilon = 0.6528
2025-06-08 15:36:12,488 - INFO - Step 360000: Target network updated
2025-06-08 15:36:12,719 - INFO - Episode 281: Reward = -2.2514, Portfolio = $824.08, Return = -91.76%, Cash = $676.73, Crypto = 0.005704, Steps = 1282
2025-06-08 15:36:13,460 - INFO - Step 361000: Loss = 0.125773, Epsilon = 0.6518
2025-06-08 15:36:13,986 - INFO - Episode 282: Reward = -2.1614, Portfolio = $673.45, Return = -93.27%, Cash = $408.73, Crypto = 0.010247, Steps = 1282
2025-06-08 15:36:14,466 - INFO - Step 362000: Loss = 0.041861, Epsilon = 0.6508
2025-06-08 15:36:14,467 - INFO - Step 362000: Target network updated
2025-06-08 15:36:15,245 - INFO - Episode 283: Reward = -2.2641, Portfolio = $524.75, Return = -94.75%, Cash = $139.87, Crypto = 0.014899, Steps = 1282
2025-06-08 15:36:15,436 - INFO - Step 363000: Loss = 0.175275, Epsilon = 0.6499
2025-06-08 15:36:16,404 - INFO - Step 364000: Loss = 0.030574, Epsilon = 0.6489
2025-06-08 15:36:16,405 - INFO - Step 364000: Target network updated
2025-06-08 15:36:16,483 - INFO - Episode 284: Reward = -2.0384, Portfolio = $545.22, Return = -94.55%, Cash = $334.71, Crypto = 0.008149, Steps = 1282
2025-06-08 15:36:17,343 - INFO - Step 365000: Loss = 0.118024, Epsilon = 0.6479
2025-06-08 15:36:17,676 - INFO - Episode 285: Reward = -2.5575, Portfolio = $421.38, Return = -95.79%, Cash = $356.47, Crypto = 0.002513, Steps = 1282
2025-06-08 15:36:18,274 - INFO - Step 366000: Loss = 0.039783, Epsilon = 0.6470
2025-06-08 15:36:18,274 - INFO - Step 366000: Target network updated
2025-06-08 15:36:18,872 - INFO - Episode 286: Reward = -2.4074, Portfolio = $594.48, Return = -94.06%, Cash = $145.07, Crypto = 0.017396, Steps = 1282
2025-06-08 15:36:19,199 - INFO - Step 367000: Loss = 0.100896, Epsilon = 0.6460
2025-06-08 15:36:20,205 - INFO - Episode 287: Reward = -2.3236, Portfolio = $620.88, Return = -93.79%, Cash = $245.16, Crypto = 0.014544, Steps = 1282
2025-06-08 15:36:20,279 - INFO - Step 368000: Loss = 0.040987, Epsilon = 0.6451
2025-06-08 15:36:20,279 - INFO - Step 368000: Target network updated
2025-06-08 15:36:21,285 - INFO - Step 369000: Loss = 0.135873, Epsilon = 0.6441
2025-06-08 15:36:21,503 - INFO - Episode 288: Reward = -2.0894, Portfolio = $938.42, Return = -90.62%, Cash = $747.77, Crypto = 0.007380, Steps = 1282
2025-06-08 15:36:22,259 - INFO - Step 370000: Loss = 0.049610, Epsilon = 0.6431
2025-06-08 15:36:22,260 - INFO - Step 370000: Target network updated
2025-06-08 15:36:22,742 - INFO - Episode 289: Reward = -2.5736, Portfolio = $297.25, Return = -97.03%, Cash = $196.98, Crypto = 0.003881, Steps = 1282
2025-06-08 15:36:23,238 - INFO - Step 371000: Loss = 0.096645, Epsilon = 0.6422
2025-06-08 15:36:24,002 - INFO - Episode 290: Reward = -2.1482, Portfolio = $1192.38, Return = -88.08%, Cash = $863.87, Crypto = 0.012717, Steps = 1282
2025-06-08 15:36:24,003 - INFO - Episode 290 Summary: Avg Reward (100 eps) = -2.2692, Avg Portfolio (100 eps) = $648.40, Epsilon = 0.641
2025-06-08 15:36:24,003 - INFO - 
Detailed steps for Episode 290:
2025-06-08 15:36:24,003 - INFO - Step | Action | Price    | RSI   | PnL    | Reward    | Portfolio   | Cash       | Crypto
2025-06-08 15:36:24,003 - INFO - --------------------------------------------------------------------------------------------------------------
2025-06-08 15:36:24,003 - INFO -    0 | SELL |  7909.73 |  21.9 |  -2.00% |   -0.0100 | $  10000.00 | $  10000.00 | 0.000000
2025-06-08 15:36:24,003 - INFO -    1 | HOLD |  7911.43 |  24.3 |  -2.00% |    0.0000 | $  10000.00 | $  10000.00 | 0.000000
2025-06-08 15:36:24,003 - INFO -    2 | SELL |  4970.79 |  29.9 |  -2.00% |   -0.0100 | $  10000.00 | $  10000.00 | 0.000000
2025-06-08 15:36:24,003 - INFO -    3 | SELL |  5563.71 |  13.1 |  -2.00% |   -0.0100 | $  10000.00 | $  10000.00 | 0.000000
2025-06-08 15:36:24,003 - INFO -    4 | BUY  |  5200.37 |  22.5 |  -2.00% |   -0.0049 | $   9950.98 | $   7500.00 | 0.471309
2025-06-08 15:36:24,003 - INFO -    5 | BUY  |  5392.31 |  21.4 |   0.00% |    0.0054 | $  10004.68 | $   5625.00 | 0.812208
2025-06-08 15:36:24,003 - INFO -    6 | HOLD |  5014.48 |  24.0 |   2.11% |   -0.0307 | $   9697.80 | $   5625.00 | 0.812208
2025-06-08 15:36:24,003 - INFO -    7 | BUY  |  5225.63 |  18.7 |  -5.05% |    0.0148 | $   9841.73 | $   4218.75 | 1.076038
2025-06-08 15:36:24,003 - INFO -    8 | BUY  |  5238.44 |  21.7 |  -0.79% |   -0.0007 | $   9834.83 | $   3164.06 | 1.273427
2025-06-08 15:36:24,003 - INFO -    9 | BUY  |  6191.19 |  22.0 |  -0.46% |    0.1218 | $  11032.58 | $   2373.05 | 1.398686
2025-06-08 15:36:24,003 - INFO -   10 | HOLD |  6198.78 |  29.1 |  15.81% |    0.0010 | $  11043.19 | $   2373.05 | 1.398686
2025-06-08 15:36:24,003 - INFO -   11 | HOLD |  6185.07 |  28.7 |  15.95% |   -0.0017 | $  11024.01 | $   2373.05 | 1.398686
2025-06-08 15:36:24,003 - INFO -   12 | HOLD |  5830.25 |  29.6 |  15.69% |   -0.0450 | $  10527.74 | $   2373.05 | 1.398686
2025-06-08 15:36:24,003 - INFO -   13 | SELL |  6416.31 |  31.7 |   9.06% |    0.0672 | $  11235.28 | $   4504.47 | 1.049014
2025-06-08 15:36:24,003 - INFO -   14 | HOLD |  6734.80 |  38.6 |  20.02% |    0.0297 | $  11569.38 | $   4504.47 | 1.049014
2025-06-08 15:36:24,003 - INFO -   15 | BUY  |  6681.06 |  41.5 |  25.98% |   -0.0068 | $  11490.92 | $   3378.35 | 1.214263
2025-06-08 15:36:24,003 - INFO -   16 | SELL |  6716.44 |  41.2 |  20.87% |   -0.0051 | $  11431.93 | $   5315.29 | 0.910697
2025-06-08 15:36:24,003 - INFO -   17 | BUY  |  6469.80 |  71.4 |  21.51% |   -0.0219 | $  11181.26 | $   3986.47 | 1.112059
2025-06-08 15:36:24,003 - INFO -   18 | SELL |  6242.19 |  62.2 |  13.54% |   -0.0304 | $  10841.38 | $   5635.12 | 0.834044
2025-06-08 15:36:24,003 - INFO -   19 | SELL |  5922.04 |  64.5 |   9.54% |    0.0008 | $  10512.62 | $   6808.19 | 0.625533
2025-06-08 15:36:24,003 - INFO -   ...    ...      ...       ...     ...       ...         ...          ...         ...
2025-06-08 15:36:24,003 - INFO - 1262 | BUY  | 26162.37 |  15.2 |  -6.67% |   -0.0071 | $   1316.20 | $    534.25 | 0.029889
2025-06-08 15:36:24,003 - INFO - 1263 | BUY  | 26047.67 |  14.8 |  -6.02% |   -0.0071 | $   1310.15 | $    400.68 | 0.034916
2025-06-08 15:36:24,003 - INFO - 1264 | SELL | 26008.46 |  14.5 |  -5.56% |   -0.0075 | $   1297.43 | $    616.36 | 0.026187
2025-06-08 15:36:24,003 - INFO - 1265 | SELL | 26089.69 |  14.0 |  -5.70% |   -0.0076 | $   1291.02 | $    778.62 | 0.019640
2025-06-08 15:36:24,003 - INFO - 1266 | SELL | 26106.15 |  15.9 |  -5.40% |   -0.0084 | $   1284.94 | $    900.39 | 0.014730
2025-06-08 15:36:24,003 - INFO - 1267 | BUY  | 27727.39 |  13.9 |  -5.35% |   -0.0064 | $   1304.40 | $    675.29 | 0.022689
2025-06-08 15:36:24,003 - INFO - 1268 | BUY  | 27297.27 |  37.9 |   0.35% |   -0.0066 | $   1291.33 | $    506.47 | 0.028752
2025-06-08 15:36:24,003 - INFO - 1269 | SELL | 25931.47 |  38.1 |  -0.96% |   -0.0067 | $   1242.74 | $    683.55 | 0.021564
2025-06-08 15:36:24,003 - INFO - 1270 | BUY  | 25800.72 |  43.0 |  -5.91% |   -0.0066 | $   1236.57 | $    512.66 | 0.028058
2025-06-08 15:36:24,003 - INFO - 1271 | HOLD | 25868.80 |  47.4 |  -4.98% |   -0.0064 | $   1238.48 | $    512.66 | 0.028058
2025-06-08 15:36:24,003 - INFO - 1272 | BUY  | 25969.57 |  47.6 |  -4.73% |   -0.0063 | $   1238.80 | $    384.50 | 0.032896
2025-06-08 15:36:24,003 - INFO - 1273 | HOLD | 25812.42 |  47.7 |  -3.74% |   -0.0060 | $   1233.63 | $    384.50 | 0.032896
2025-06-08 15:36:24,003 - INFO - 1274 | HOLD | 25779.98 |  46.8 |  -4.33% |   -0.0057 | $   1232.56 | $    384.50 | 0.032896
2025-06-08 15:36:24,003 - INFO - 1275 | SELL | 25753.24 |  47.4 |  -4.45% |   -0.0056 | $   1221.09 | $    585.70 | 0.024672
2025-06-08 15:36:24,003 - INFO - 1276 | BUY  | 26240.20 |  42.4 |  -4.55% |   -0.0044 | $   1230.23 | $    439.28 | 0.030143
2025-06-08 15:36:24,004 - INFO - 1277 | SELL | 25905.65 |  50.8 |  -2.25% |   -0.0051 | $   1210.39 | $    624.73 | 0.022607
2025-06-08 15:36:24,004 - INFO - 1278 | HOLD | 25895.68 |  48.5 |  -3.50% |   -0.0047 | $   1210.16 | $    624.73 | 0.022607
2025-06-08 15:36:24,004 - INFO - 1279 | HOLD | 25832.23 |  48.8 |  -3.54% |   -0.0047 | $   1208.73 | $    624.73 | 0.022607
2025-06-08 15:36:24,004 - INFO - 1280 | SELL | 25162.65 |  47.3 |  -3.77% |   -0.0053 | $   1186.48 | $    759.84 | 0.016955
2025-06-08 15:36:24,004 - INFO - 1281 | SELL | 25833.34 |  41.4 |  -6.27% |   -0.0050 | $   1192.38 | $    863.87 | 0.012717
2025-06-08 15:36:24,004 - INFO - 
Action distribution for Episode 290:
2025-06-08 15:36:24,004 - INFO -   HOLD:  463 ( 36.1%)
2025-06-08 15:36:24,004 - INFO -   BUY:   382 ( 29.8%)
2025-06-08 15:36:24,004 - INFO -   SELL:  437 ( 34.1%)
2025-06-08 15:36:24,004 - INFO - --------------------------------------------------------------------------------------------------------------
2025-06-08 15:36:24,225 - INFO - Step 372000: Loss = 0.031134, Epsilon = 0.6412
2025-06-08 15:36:24,225 - INFO - Step 372000: Target network updated
2025-06-08 15:36:25,191 - INFO - Step 373000: Loss = 0.166423, Epsilon = 0.6402
2025-06-08 15:36:25,246 - INFO - Episode 291: Reward = -2.2754, Portfolio = $577.27, Return = -94.23%, Cash = $58.03, Crypto = 0.020100, Steps = 1282
2025-06-08 15:36:26,160 - INFO - Step 374000: Loss = 0.095596, Epsilon = 0.6393
2025-06-08 15:36:26,160 - INFO - Step 374000: Target network updated
2025-06-08 15:36:26,473 - INFO - Episode 292: Reward = -1.9112, Portfolio = $674.03, Return = -93.26%, Cash = $395.49, Crypto = 0.010782, Steps = 1282
2025-06-08 15:36:27,079 - INFO - Step 375000: Loss = 0.069552, Epsilon = 0.6383
2025-06-08 15:36:27,645 - INFO - Episode 293: Reward = -2.0691, Portfolio = $946.25, Return = -90.54%, Cash = $693.99, Crypto = 0.009765, Steps = 1282
2025-06-08 15:36:27,988 - INFO - Step 376000: Loss = 0.021169, Epsilon = 0.6373
2025-06-08 15:36:27,988 - INFO - Step 376000: Target network updated
2025-06-08 15:36:28,811 - INFO - Episode 294: Reward = -2.0658, Portfolio = $910.28, Return = -90.90%, Cash = $628.86, Crypto = 0.010894, Steps = 1282
2025-06-08 15:36:28,896 - INFO - Step 377000: Loss = 0.242644, Epsilon = 0.6364
2025-06-08 15:36:29,805 - INFO - Step 378000: Loss = 0.023989, Epsilon = 0.6354
2025-06-08 15:36:29,805 - INFO - Step 378000: Target network updated
2025-06-08 15:36:29,977 - INFO - Episode 295: Reward = -1.9445, Portfolio = $1102.30, Return = -88.98%, Cash = $415.76, Crypto = 0.026576, Steps = 1282
2025-06-08 15:36:30,733 - INFO - Step 379000: Loss = 0.104040, Epsilon = 0.6344
2025-06-08 15:36:31,196 - INFO - Episode 296: Reward = -2.5860, Portfolio = $472.39, Return = -95.28%, Cash = $167.96, Crypto = 0.011784, Steps = 1282
2025-06-08 15:36:31,682 - INFO - Step 380000: Loss = 0.016125, Epsilon = 0.6335
2025-06-08 15:36:31,682 - INFO - Step 380000: Target network updated
2025-06-08 15:36:32,364 - INFO - Episode 297: Reward = -2.4193, Portfolio = $460.35, Return = -95.40%, Cash = $319.57, Crypto = 0.005450, Steps = 1282
2025-06-08 15:36:32,587 - INFO - Step 381000: Loss = 0.060418, Epsilon = 0.6325
2025-06-08 15:36:33,603 - INFO - Step 382000: Loss = 0.016174, Epsilon = 0.6315
2025-06-08 15:36:33,604 - INFO - Step 382000: Target network updated
2025-06-08 15:36:33,640 - INFO - Episode 298: Reward = -2.4227, Portfolio = $723.24, Return = -92.77%, Cash = $190.78, Crypto = 0.020611, Steps = 1282
2025-06-08 15:36:34,576 - INFO - Step 383000: Loss = 0.108561, Epsilon = 0.6306
2025-06-08 15:36:34,891 - INFO - Episode 299: Reward = -2.2231, Portfolio = $775.19, Return = -92.25%, Cash = $573.76, Crypto = 0.007797, Steps = 1282
2025-06-08 15:36:35,577 - INFO - Step 384000: Loss = 0.020732, Epsilon = 0.6296
2025-06-08 15:36:35,578 - INFO - Step 384000: Target network updated
2025-06-08 15:36:36,220 - INFO - Episode 300: Reward = -2.3338, Portfolio = $640.87, Return = -93.59%, Cash = $423.06, Crypto = 0.008432, Steps = 1282
2025-06-08 15:36:36,220 - INFO - Episode 300 Summary: Avg Reward (100 eps) = -2.2664, Avg Portfolio (100 eps) = $654.50, Epsilon = 0.629
2025-06-08 15:36:36,220 - INFO - 
Detailed steps for Episode 300:
2025-06-08 15:36:36,220 - INFO - Step | Action | Price    | RSI   | PnL    | Reward    | Portfolio   | Cash       | Crypto
2025-06-08 15:36:36,220 - INFO - --------------------------------------------------------------------------------------------------------------
2025-06-08 15:36:36,220 - INFO -    0 | SELL |  7909.73 |  21.9 |  -2.00% |   -0.0100 | $  10000.00 | $  10000.00 | 0.000000
2025-06-08 15:36:36,220 - INFO -    1 | BUY  |  7911.43 |  24.3 |  -2.00% |   -0.0049 | $   9950.98 | $   7500.00 | 0.309802
2025-06-08 15:36:36,220 - INFO -    2 | SELL |  4970.79 |  29.9 |   0.00% |   -0.0935 | $   9020.71 | $   7865.74 | 0.232352
2025-06-08 15:36:36,220 - INFO -    3 | SELL |  5563.71 |  13.1 | -37.17% |    0.0135 | $   9142.32 | $   8172.77 | 0.174264
2025-06-08 15:36:36,220 - INFO -    4 | SELL |  5200.37 |  22.5 | -29.68% |   -0.0082 | $   9067.67 | $   8388.00 | 0.130698
2025-06-08 15:36:36,220 - INFO -    5 | HOLD |  5392.31 |  21.4 | -34.27% |    0.0028 | $   9092.76 | $   8388.00 | 0.130698
2025-06-08 15:36:36,220 - INFO -    6 | HOLD |  5014.48 |  24.0 | -31.84% |   -0.0054 | $   9043.38 | $   8388.00 | 0.130698
2025-06-08 15:36:36,220 - INFO -    7 | SELL |  5225.63 |  18.7 | -36.62% |    0.0021 | $   9062.44 | $   8550.20 | 0.098023
2025-06-08 15:36:36,220 - INFO -    8 | BUY  |  5238.44 |  21.7 | -33.95% |   -0.0045 | $   9021.78 | $   6412.65 | 0.498074
2025-06-08 15:36:36,220 - INFO -    9 | BUY  |  6191.19 |  22.0 |  -9.13% |    0.0491 | $   9464.89 | $   4809.49 | 0.751939
2025-06-08 15:36:36,221 - INFO -   10 | BUY  |  6198.78 |  29.1 |   4.78% |   -0.0019 | $   9447.02 | $   3607.12 | 0.942105
2025-06-08 15:36:36,221 - INFO -   11 | HOLD |  6185.07 |  28.7 |   3.88% |   -0.0014 | $   9434.10 | $   3607.12 | 0.942105
2025-06-08 15:36:36,221 - INFO -   12 | SELL |  5830.25 |  29.6 |   3.65% |   -0.0427 | $   9031.17 | $   4911.64 | 0.706579
2025-06-08 15:36:36,221 - INFO -   13 | SELL |  6416.31 |  31.7 |  -2.29% |    0.0396 | $   9388.60 | $   5988.37 | 0.529934
2025-06-08 15:36:36,221 - INFO -   14 | HOLD |  6734.80 |  38.6 |   7.53% |    0.0180 | $   9557.38 | $   5988.37 | 0.529934
2025-06-08 15:36:36,221 - INFO -   15 | SELL |  6681.06 |  41.5 |  12.86% |   -0.0076 | $   9484.64 | $   6829.25 | 0.397450
2025-06-08 15:36:36,221 - INFO -   16 | BUY  |  6716.44 |  41.2 |  11.96% |   -0.0020 | $   9465.22 | $   5121.94 | 0.646665
2025-06-08 15:36:36,221 - INFO -   17 | BUY  |  6469.80 |  71.4 |   7.36% |   -0.0195 | $   9280.62 | $   3841.45 | 0.840702
2025-06-08 15:36:36,221 - INFO -   18 | SELL |  6242.19 |  62.2 |   2.61% |   -0.0277 | $   9023.68 | $   5087.81 | 0.630526
2025-06-08 15:36:36,221 - INFO -   19 | BUY  |  5922.04 |  64.5 |  -1.00% |   -0.0021 | $   8796.87 | $   3815.86 | 0.841097
2025-06-08 15:36:36,221 - INFO -   ...    ...      ...       ...     ...       ...         ...          ...         ...
2025-06-08 15:36:36,221 - INFO - 1262 | SELL | 26162.37 |  15.2 |  -6.03% |   -0.0054 | $    684.38 | $    464.06 | 0.008421
2025-06-08 15:36:36,221 - INFO - 1263 | SELL | 26047.67 |  14.8 |  -6.99% |   -0.0052 | $    680.68 | $    516.16 | 0.006316
2025-06-08 15:36:36,221 - INFO - 1264 | HOLD | 26008.46 |  14.5 |  -7.40% |   -0.0052 | $    680.43 | $    516.16 | 0.006316
2025-06-08 15:36:36,221 - INFO - 1265 | BUY  | 26089.69 |  14.0 |  -7.54% |   -0.0056 | $    678.41 | $    387.12 | 0.011165
2025-06-08 15:36:36,221 - INFO - 1266 | SELL | 26106.15 |  15.9 |  -4.23% |   -0.0064 | $    674.95 | $    456.34 | 0.008374
2025-06-08 15:36:36,221 - INFO - 1267 | SELL | 27727.39 |  13.9 |  -4.17% |   -0.0046 | $    685.62 | $    511.49 | 0.006280
2025-06-08 15:36:36,221 - INFO - 1268 | BUY  | 27297.27 |  37.9 |   1.78% |   -0.0049 | $    680.42 | $    383.62 | 0.010873
2025-06-08 15:36:36,221 - INFO - 1269 | HOLD | 25931.47 |  38.1 |   0.12% |   -0.0054 | $    665.57 | $    383.62 | 0.010873
2025-06-08 15:36:36,221 - INFO - 1270 | SELL | 25800.72 |  43.0 |  -4.89% |   -0.0055 | $    660.64 | $    450.24 | 0.008155
2025-06-08 15:36:36,221 - INFO - 1271 | HOLD | 25868.80 |  47.4 |  -5.37% |   -0.0053 | $    661.19 | $    450.24 | 0.008155
2025-06-08 15:36:36,221 - INFO - 1272 | HOLD | 25969.57 |  47.6 |  -5.12% |   -0.0052 | $    662.01 | $    450.24 | 0.008155
2025-06-08 15:36:36,221 - INFO - 1273 | BUY  | 25812.42 |  47.7 |  -4.75% |   -0.0052 | $    658.53 | $    337.68 | 0.012430
2025-06-08 15:36:36,221 - INFO - 1274 | BUY  | 25779.98 |  46.8 |  -3.56% |   -0.0050 | $    656.47 | $    253.26 | 0.015640
2025-06-08 15:36:36,221 - INFO - 1275 | SELL | 25753.24 |  47.4 |  -2.95% |   -0.0055 | $    651.01 | $    348.92 | 0.011730
2025-06-08 15:36:36,221 - INFO - 1276 | BUY  | 26240.20 |  42.4 |  -3.05% |   -0.0041 | $    655.02 | $    261.69 | 0.014989
2025-06-08 15:36:36,221 - INFO - 1277 | SELL | 25905.65 |  50.8 |  -0.96% |   -0.0049 | $    645.15 | $    353.92 | 0.011242
2025-06-08 15:36:36,221 - INFO - 1278 | SELL | 25895.68 |  48.5 |  -2.22% |   -0.0054 | $    641.40 | $    423.06 | 0.008432
2025-06-08 15:36:36,221 - INFO - 1279 | HOLD | 25832.23 |  48.8 |  -2.26% |   -0.0052 | $    640.86 | $    423.06 | 0.008432
2025-06-08 15:36:36,221 - INFO - 1280 | HOLD | 25162.65 |  47.3 |  -2.50% |   -0.0057 | $    635.22 | $    423.06 | 0.008432
2025-06-08 15:36:36,221 - INFO - 1281 | HOLD | 25833.34 |  41.4 |  -5.02% |   -0.0048 | $    640.87 | $    423.06 | 0.008432
2025-06-08 15:36:36,221 - INFO - 
Action distribution for Episode 300:
2025-06-08 15:36:36,221 - INFO -   HOLD:  414 ( 32.3%)
2025-06-08 15:36:36,221 - INFO -   BUY:   411 ( 32.1%)
2025-06-08 15:36:36,221 - INFO -   SELL:  457 ( 35.6%)
2025-06-08 15:36:36,221 - INFO - --------------------------------------------------------------------------------------------------------------
2025-06-08 15:36:36,596 - INFO - Step 385000: Loss = 0.254416, Epsilon = 0.6287
2025-06-08 15:36:37,488 - INFO - Episode 301: Reward = -2.5162, Portfolio = $630.83, Return = -93.69%, Cash = $296.04, Crypto = 0.012960, Steps = 1282
2025-06-08 15:36:37,611 - INFO - Step 386000: Loss = 0.038071, Epsilon = 0.6277
2025-06-08 15:36:37,612 - INFO - Step 386000: Target network updated
2025-06-08 15:36:38,605 - INFO - Step 387000: Loss = 0.063493, Epsilon = 0.6267
2025-06-08 15:36:38,773 - INFO - Episode 302: Reward = -1.6957, Portfolio = $2545.10, Return = -74.55%, Cash = $1212.54, Crypto = 0.051583, Steps = 1282
2025-06-08 15:36:39,573 - INFO - Step 388000: Loss = 0.088702, Epsilon = 0.6258
2025-06-08 15:36:39,573 - INFO - Step 388000: Target network updated
2025-06-08 15:36:40,005 - INFO - Episode 303: Reward = -2.3400, Portfolio = $592.84, Return = -94.07%, Cash = $385.37, Crypto = 0.008031, Steps = 1282
2025-06-08 15:36:40,515 - INFO - Step 389000: Loss = 0.203590, Epsilon = 0.6248
2025-06-08 15:36:41,177 - INFO - Episode 304: Reward = -2.5918, Portfolio = $497.50, Return = -95.03%, Cash = $417.30, Crypto = 0.003105, Steps = 1282
2025-06-08 15:36:41,431 - INFO - Step 390000: Loss = 0.019167, Epsilon = 0.6238
2025-06-08 15:36:41,431 - INFO - Step 390000: Target network updated
2025-06-08 15:36:42,385 - INFO - Step 391000: Loss = 0.067756, Epsilon = 0.6229
2025-06-08 15:36:42,394 - INFO - Episode 305: Reward = -1.9749, Portfolio = $746.72, Return = -92.53%, Cash = $278.66, Crypto = 0.018118, Steps = 1282
2025-06-08 15:36:43,352 - INFO - Step 392000: Loss = 0.014848, Epsilon = 0.6219
2025-06-08 15:36:43,352 - INFO - Step 392000: Target network updated
2025-06-08 15:36:43,619 - INFO - Episode 306: Reward = -2.2207, Portfolio = $652.52, Return = -93.47%, Cash = $370.31, Crypto = 0.010924, Steps = 1282
2025-06-08 15:36:44,304 - INFO - Step 393000: Loss = 0.115769, Epsilon = 0.6209
2025-06-08 15:36:44,864 - INFO - Episode 307: Reward = -2.3352, Portfolio = $640.96, Return = -93.59%, Cash = $344.05, Crypto = 0.011493, Steps = 1282
2025-06-08 15:36:45,310 - INFO - Step 394000: Loss = 0.028384, Epsilon = 0.6200
2025-06-08 15:36:45,310 - INFO - Step 394000: Target network updated
2025-06-08 15:36:46,233 - INFO - Episode 308: Reward = -2.3310, Portfolio = $668.43, Return = -93.32%, Cash = $462.89, Crypto = 0.007956, Steps = 1282
2025-06-08 15:36:46,367 - INFO - Step 395000: Loss = 0.071357, Epsilon = 0.6190
2025-06-08 15:36:47,340 - INFO - Step 396000: Loss = 0.019654, Epsilon = 0.6180
2025-06-08 15:36:47,341 - INFO - Step 396000: Target network updated
2025-06-08 15:36:47,476 - INFO - Episode 309: Reward = -2.7960, Portfolio = $438.77, Return = -95.61%, Cash = $199.87, Crypto = 0.009248, Steps = 1282
2025-06-08 15:36:48,328 - INFO - Step 397000: Loss = 0.069833, Epsilon = 0.6171
2025-06-08 15:36:48,723 - INFO - Episode 310: Reward = -1.8779, Portfolio = $1018.87, Return = -89.81%, Cash = $345.96, Crypto = 0.026048, Steps = 1282
2025-06-08 15:36:48,723 - INFO - Episode 310 Summary: Avg Reward (100 eps) = -2.2735, Avg Portfolio (100 eps) = $675.20, Epsilon = 0.617
2025-06-08 15:36:48,723 - INFO - 
Detailed steps for Episode 310:
2025-06-08 15:36:48,723 - INFO - Step | Action | Price    | RSI   | PnL    | Reward    | Portfolio   | Cash       | Crypto
2025-06-08 15:36:48,723 - INFO - --------------------------------------------------------------------------------------------------------------
2025-06-08 15:36:48,724 - INFO -    0 | HOLD |  7909.73 |  21.9 |  -2.00% |    0.0000 | $  10000.00 | $  10000.00 | 0.000000
2025-06-08 15:36:48,724 - INFO -    1 | SELL |  7911.43 |  24.3 |  -2.00% |   -0.0100 | $  10000.00 | $  10000.00 | 0.000000
2025-06-08 15:36:48,724 - INFO -    2 | HOLD |  4970.79 |  29.9 |  -2.00% |    0.0000 | $  10000.00 | $  10000.00 | 0.000000
2025-06-08 15:36:48,724 - INFO -    3 | HOLD |  5563.71 |  13.1 |  -2.00% |    0.0000 | $  10000.00 | $  10000.00 | 0.000000
2025-06-08 15:36:48,724 - INFO -    4 | HOLD |  5200.37 |  22.5 |  -2.00% |    0.0000 | $  10000.00 | $  10000.00 | 0.000000
2025-06-08 15:36:48,724 - INFO -    5 | SELL |  5392.31 |  21.4 |  -2.00% |   -0.0100 | $  10000.00 | $  10000.00 | 0.000000
2025-06-08 15:36:48,724 - INFO -    6 | HOLD |  5014.48 |  24.0 |  -2.00% |    0.0000 | $  10000.00 | $  10000.00 | 0.000000
2025-06-08 15:36:48,724 - INFO -    7 | BUY  |  5225.63 |  18.7 |  -2.00% |   -0.0049 | $   9950.98 | $   7500.00 | 0.469031
2025-06-08 15:36:48,724 - INFO -    8 | BUY  |  5238.44 |  21.7 |   0.00% |   -0.0031 | $   9920.22 | $   5625.00 | 0.819943
2025-06-08 15:36:48,724 - INFO -    9 | HOLD |  6191.19 |  22.0 |   0.14% |    0.0787 | $  10701.43 | $   5625.00 | 0.819943
2025-06-08 15:36:48,724 - INFO -   10 | BUY  |  6198.78 |  29.1 |  18.35% |   -0.0020 | $  10680.07 | $   4218.75 | 1.042354
2025-06-08 15:36:48,724 - INFO -   11 | SELL |  6185.07 |  28.7 |  14.00% |   -0.0089 | $  10585.19 | $   5749.92 | 0.781766
2025-06-08 15:36:48,724 - INFO -   12 | BUY  |  5830.25 |  29.6 |  13.75% |   -0.0289 | $  10279.63 | $   4312.44 | 1.023487
2025-06-08 15:36:48,724 - INFO -   13 | BUY  |  6416.31 |  31.7 |   5.42% |    0.0563 | $  10858.31 | $   3234.33 | 1.188218
2025-06-08 15:36:48,724 - INFO -   14 | SELL |  6734.80 |  38.6 |  13.50% |    0.0256 | $  11136.72 | $   5134.90 | 0.891164
2025-06-08 15:36:48,724 - INFO -   15 | BUY  |  6681.06 |  41.5 |  19.13% |   -0.0066 | $  11063.65 | $   3851.18 | 1.079540
2025-06-08 15:36:48,724 - INFO -   16 | SELL |  6716.44 |  41.2 |  14.55% |   -0.0047 | $  11011.21 | $   5573.21 | 0.809655
2025-06-08 15:36:48,724 - INFO -   17 | SELL |  6469.80 |  71.4 |  15.15% |   -0.0241 | $  10746.04 | $   6817.31 | 0.607241
2025-06-08 15:36:48,724 - INFO -   18 | SELL |  6242.19 |  62.2 |  10.93% |   -0.0173 | $  10560.45 | $   7717.56 | 0.455431
2025-06-08 15:36:48,724 - INFO -   19 | BUY  |  5922.04 |  64.5 |   7.02% |    0.0008 | $  10376.81 | $   5788.17 | 0.774841
2025-06-08 15:36:48,724 - INFO -   ...    ...      ...       ...     ...       ...         ...          ...         ...
2025-06-08 15:36:48,724 - INFO - 1262 | HOLD | 26162.37 |  15.2 |  -5.84% |   -0.0055 | $   1121.96 | $    325.50 | 0.030443
2025-06-08 15:36:48,724 - INFO - 1263 | SELL | 26047.67 |  14.8 |  -6.80% |   -0.0055 | $   1108.55 | $    513.83 | 0.022832
2025-06-08 15:36:48,724 - INFO - 1264 | HOLD | 26008.46 |  14.5 |  -7.21% |   -0.0052 | $   1107.66 | $    513.83 | 0.022832
2025-06-08 15:36:48,724 - INFO - 1265 | SELL | 26089.69 |  14.0 |  -7.35% |   -0.0054 | $   1102.07 | $    655.31 | 0.017124
2025-06-08 15:36:48,724 - INFO - 1266 | SELL | 26106.15 |  15.9 |  -7.06% |   -0.0064 | $   1096.76 | $    761.48 | 0.012843
2025-06-08 15:36:48,724 - INFO - 1267 | BUY  | 27727.39 |  13.9 |  -7.00% |   -0.0051 | $   1113.85 | $    571.11 | 0.019574
2025-06-08 15:36:48,724 - INFO - 1268 | BUY  | 27297.27 |  37.9 |  -0.81% |   -0.0053 | $   1102.63 | $    428.33 | 0.024702
2025-06-08 15:36:48,724 - INFO - 1269 | BUY  | 25931.47 |  38.1 |  -1.87% |   -0.0060 | $   1066.79 | $    321.25 | 0.028751
2025-06-08 15:36:48,724 - INFO - 1270 | HOLD | 25800.72 |  43.0 |  -5.88% |   -0.0062 | $   1063.03 | $    321.25 | 0.028751
2025-06-08 15:36:48,724 - INFO - 1271 | BUY  | 25868.80 |  47.4 |  -6.35% |   -0.0056 | $   1063.41 | $    240.94 | 0.031794
2025-06-08 15:36:48,724 - INFO - 1272 | SELL | 25969.57 |  47.6 |  -5.56% |   -0.0060 | $   1056.30 | $    437.04 | 0.023846
2025-06-08 15:36:48,724 - INFO - 1273 | SELL | 25812.42 |  47.7 |  -5.19% |   -0.0062 | $   1044.86 | $    583.22 | 0.017884
2025-06-08 15:36:48,724 - INFO - 1274 | BUY  | 25779.98 |  46.8 |  -5.76% |   -0.0059 | $   1041.42 | $    437.42 | 0.023429
2025-06-08 15:36:48,724 - INFO - 1275 | BUY  | 25753.24 |  47.4 |  -4.55% |   -0.0058 | $   1038.65 | $    328.06 | 0.027592
2025-06-08 15:36:48,724 - INFO - 1276 | BUY  | 26240.20 |  42.4 |  -3.98% |   -0.0041 | $   1050.47 | $    246.05 | 0.030656
2025-06-08 15:36:48,724 - INFO - 1277 | BUY  | 25905.65 |  50.8 |  -1.95% |   -0.0046 | $   1039.01 | $    184.53 | 0.032984
2025-06-08 15:36:48,724 - INFO - 1278 | BUY  | 25895.68 |  48.5 |  -2.98% |   -0.0048 | $   1037.78 | $    138.40 | 0.034731
2025-06-08 15:36:48,724 - INFO - 1279 | HOLD | 25832.23 |  48.8 |  -2.87% |   -0.0044 | $   1035.58 | $    138.40 | 0.034731
2025-06-08 15:36:48,724 - INFO - 1280 | SELL | 25162.65 |  47.3 |  -3.11% |   -0.0050 | $   1001.40 | $    345.96 | 0.026048
2025-06-08 15:36:48,724 - INFO - 1281 | HOLD | 25833.34 |  41.4 |  -5.62% |   -0.0042 | $   1018.87 | $    345.96 | 0.026048
2025-06-08 15:36:48,725 - INFO - 
Action distribution for Episode 310:
2025-06-08 15:36:48,725 - INFO -   HOLD:  453 ( 35.3%)
2025-06-08 15:36:48,725 - INFO -   BUY:   424 ( 33.1%)
2025-06-08 15:36:48,725 - INFO -   SELL:  405 ( 31.6%)
2025-06-08 15:36:48,725 - INFO - --------------------------------------------------------------------------------------------------------------
2025-06-08 15:36:49,274 - INFO - Step 398000: Loss = 0.011977, Epsilon = 0.6161
2025-06-08 15:36:49,274 - INFO - Step 398000: Target network updated
2025-06-08 15:36:49,944 - INFO - Episode 311: Reward = -2.3899, Portfolio = $606.96, Return = -93.93%, Cash = $328.14, Crypto = 0.010793, Steps = 1282
2025-06-08 15:36:50,234 - INFO - Step 399000: Loss = 0.098560, Epsilon = 0.6152
2025-06-08 15:36:51,231 - INFO - Episode 312: Reward = -2.5162, Portfolio = $502.53, Return = -94.97%, Cash = $302.86, Crypto = 0.007729, Steps = 1282
2025-06-08 15:36:51,250 - INFO - Step 400000: Loss = 0.019757, Epsilon = 0.6142
2025-06-08 15:36:51,250 - INFO - Step 400000: Target network updated
2025-06-08 15:36:52,260 - INFO - Step 401000: Loss = 0.087699, Epsilon = 0.6132
2025-06-08 15:36:52,553 - INFO - Episode 313: Reward = -2.8757, Portfolio = $472.97, Return = -95.27%, Cash = $146.78, Crypto = 0.012627, Steps = 1282
2025-06-08 15:36:53,278 - INFO - Step 402000: Loss = 0.023560, Epsilon = 0.6123
2025-06-08 15:36:53,278 - INFO - Step 402000: Target network updated
2025-06-08 15:36:53,779 - INFO - Episode 314: Reward = -2.2873, Portfolio = $764.47, Return = -92.36%, Cash = $422.71, Crypto = 0.013229, Steps = 1282
2025-06-08 15:36:54,194 - INFO - Step 403000: Loss = 0.040998, Epsilon = 0.6113
2025-06-08 15:36:55,107 - INFO - Episode 315: Reward = -2.4105, Portfolio = $578.19, Return = -94.22%, Cash = $147.95, Crypto = 0.016655, Steps = 1282
2025-06-08 15:36:55,294 - INFO - Step 404000: Loss = 0.032585, Epsilon = 0.6103
2025-06-08 15:36:55,295 - INFO - Step 404000: Target network updated
2025-06-08 15:36:56,470 - INFO - Step 405000: Loss = 0.091744, Epsilon = 0.6094
2025-06-08 15:36:56,588 - INFO - Episode 316: Reward = -2.5950, Portfolio = $765.71, Return = -92.34%, Cash = $397.96, Crypto = 0.014236, Steps = 1282
2025-06-08 15:36:57,597 - INFO - Step 406000: Loss = 0.064548, Epsilon = 0.6084
2025-06-08 15:36:57,597 - INFO - Step 406000: Target network updated
2025-06-08 15:36:58,043 - INFO - Episode 317: Reward = -2.1781, Portfolio = $519.62, Return = -94.80%, Cash = $256.59, Crypto = 0.010182, Steps = 1282
2025-06-08 15:36:58,738 - INFO - Step 407000: Loss = 0.066161, Epsilon = 0.6074
2025-06-08 15:36:59,537 - INFO - Episode 318: Reward = -2.1083, Portfolio = $692.74, Return = -93.07%, Cash = $474.83, Crypto = 0.008435, Steps = 1282
2025-06-08 15:36:59,932 - INFO - Step 408000: Loss = 0.026205, Epsilon = 0.6065
2025-06-08 15:36:59,932 - INFO - Step 408000: Target network updated
2025-06-08 15:37:00,986 - INFO - Episode 319: Reward = -2.2440, Portfolio = $595.96, Return = -94.04%, Cash = $249.96, Crypto = 0.013393, Steps = 1282
2025-06-08 15:37:01,039 - INFO - Step 409000: Loss = 0.178547, Epsilon = 0.6055
2025-06-08 15:37:02,125 - INFO - Step 410000: Loss = 0.012773, Epsilon = 0.6045
2025-06-08 15:37:02,125 - INFO - Step 410000: Target network updated
2025-06-08 15:37:02,368 - INFO - Episode 320: Reward = -2.8344, Portfolio = $588.87, Return = -94.11%, Cash = $490.08, Crypto = 0.003824, Steps = 1282
2025-06-08 15:37:02,368 - INFO - Episode 320 Summary: Avg Reward (100 eps) = -2.2892, Avg Portfolio (100 eps) = $680.29, Epsilon = 0.604
2025-06-08 15:37:02,368 - INFO - 
Detailed steps for Episode 320:
2025-06-08 15:37:02,368 - INFO - Step | Action | Price    | RSI   | PnL    | Reward    | Portfolio   | Cash       | Crypto
2025-06-08 15:37:02,368 - INFO - --------------------------------------------------------------------------------------------------------------
2025-06-08 15:37:02,368 - INFO -    0 | BUY  |  7909.73 |  21.9 |  -2.00% |   -0.0049 | $   9950.98 | $   7500.00 | 0.309869
2025-06-08 15:37:02,368 - INFO -    1 | SELL |  7911.43 |  24.3 |   0.00% |   -0.0030 | $   9920.86 | $   8082.23 | 0.232402
2025-06-08 15:37:02,368 - INFO -    2 | HOLD |  4970.79 |  29.9 |   0.02% |   -0.0689 | $   9237.45 | $   8082.23 | 0.232402
2025-06-08 15:37:02,368 - INFO -    3 | HOLD |  5563.71 |  13.1 | -37.16% |    0.0149 | $   9375.25 | $   8082.23 | 0.232402
2025-06-08 15:37:02,368 - INFO -    4 | SELL |  5200.37 |  22.5 | -29.66% |   -0.0106 | $   9275.70 | $   8369.27 | 0.174301
2025-06-08 15:37:02,368 - INFO -    5 | BUY  |  5392.31 |  21.4 | -34.25% |   -0.0008 | $   9268.13 | $   6276.95 | 0.554712
2025-06-08 15:37:02,368 - INFO -    6 | BUY  |  5014.48 |  24.0 | -12.79% |   -0.0259 | $   9027.77 | $   4707.71 | 0.861517
2025-06-08 15:37:02,368 - INFO -    7 | BUY  |  5225.63 |  18.7 | -13.05% |    0.0176 | $   9186.60 | $   3530.79 | 1.082323
2025-06-08 15:37:02,368 - INFO -    8 | BUY  |  5238.44 |  21.7 |  -7.62% |   -0.0004 | $   9183.16 | $   2648.09 | 1.247523
2025-06-08 15:37:02,368 - INFO -    9 | BUY  |  6191.19 |  22.0 |  -6.48% |    0.1280 | $  10358.76 | $   1986.07 | 1.352356
2025-06-08 15:37:02,368 - INFO -   10 | HOLD |  6198.78 |  29.1 |   9.64% |    0.0010 | $  10369.02 | $   1986.07 | 1.352356
2025-06-08 15:37:02,368 - INFO -   11 | SELL |  6185.07 |  28.7 |   9.77% |   -0.0119 | $  10245.92 | $   3972.61 | 1.014267
2025-06-08 15:37:02,368 - INFO -   12 | HOLD |  5830.25 |  29.6 |   9.53% |   -0.0351 | $   9886.05 | $   3972.61 | 1.014267
2025-06-08 15:37:02,368 - INFO -   13 | HOLD |  6416.31 |  31.7 |   3.25% |    0.0601 | $  10480.47 | $   3972.61 | 1.014267
2025-06-08 15:37:02,368 - INFO -   14 | HOLD |  6734.80 |  38.6 |  13.62% |    0.0308 | $  10803.50 | $   3972.61 | 1.014267
2025-06-08 15:37:02,368 - INFO -   15 | HOLD |  6681.06 |  41.5 |  19.26% |   -0.0050 | $  10748.99 | $   3972.61 | 1.014267
2025-06-08 15:37:02,368 - INFO -   16 | SELL |  6716.44 |  41.2 |  18.31% |   -0.0046 | $  10699.72 | $   5590.53 | 0.760700
2025-06-08 15:37:02,368 - INFO -   17 | BUY  |  6469.80 |  71.4 |  18.94% |   -0.0201 | $  10484.70 | $   4192.89 | 0.972488
2025-06-08 15:37:02,368 - INFO -   18 | HOLD |  6242.19 |  62.2 |  11.05% |   -0.0211 | $  10263.36 | $   4192.89 | 0.972488
2025-06-08 15:37:02,368 - INFO -   19 | BUY  |  5922.04 |  64.5 |   7.14% |    0.0001 | $   9931.46 | $   3144.67 | 1.146021
2025-06-08 15:37:02,368 - INFO -   ...    ...      ...       ...     ...       ...         ...          ...         ...
2025-06-08 15:37:02,368 - INFO - 1262 | HOLD | 26162.37 |  15.2 |  -1.08% |   -0.0074 | $    620.24 | $    381.97 | 0.009108
2025-06-08 15:37:02,368 - INFO - 1263 | BUY  | 26047.67 |  14.8 |  -2.09% |   -0.0077 | $    617.33 | $    286.47 | 0.012702
2025-06-08 15:37:02,368 - INFO - 1264 | HOLD | 26008.46 |  14.5 |  -1.82% |   -0.0073 | $    616.83 | $    286.47 | 0.012702
2025-06-08 15:37:02,368 - INFO - 1265 | SELL | 26089.69 |  14.0 |  -1.97% |   -0.0076 | $    613.72 | $    365.18 | 0.009526
2025-06-08 15:37:02,368 - INFO - 1266 | BUY  | 26106.15 |  15.9 |  -1.66% |   -0.0118 | $    612.09 | $    273.88 | 0.012955
2025-06-08 15:37:02,368 - INFO - 1267 | SELL | 27727.39 |  13.9 |  -1.18% |   -0.0033 | $    628.60 | $    359.19 | 0.009716
2025-06-08 15:37:02,368 - INFO - 1268 | SELL | 27297.27 |  37.9 |   4.96% |   -0.0037 | $    621.10 | $    422.19 | 0.007287
2025-06-08 15:37:02,369 - INFO - 1269 | HOLD | 25931.47 |  38.1 |   3.33% |   -0.0040 | $    611.15 | $    422.19 | 0.007287
2025-06-08 15:37:02,369 - INFO - 1270 | BUY  | 25800.72 |  43.0 |  -1.84% |   -0.0040 | $    608.13 | $    316.64 | 0.011298
2025-06-08 15:37:02,369 - INFO - 1271 | SELL | 25868.80 |  47.4 |  -1.52% |   -0.0039 | $    605.24 | $    386.05 | 0.008473
2025-06-08 15:37:02,369 - INFO - 1272 | SELL | 25969.57 |  47.6 |  -1.26% |   -0.0040 | $    603.35 | $    438.31 | 0.006355
2025-06-08 15:37:02,369 - INFO - 1273 | SELL | 25812.42 |  47.7 |  -0.88% |   -0.0040 | $    600.30 | $    477.27 | 0.004766
2025-06-08 15:37:02,369 - INFO - 1274 | HOLD | 25779.98 |  46.8 |  -1.48% |   -0.0038 | $    600.14 | $    477.27 | 0.004766
2025-06-08 15:37:02,369 - INFO - 1275 | SELL | 25753.24 |  47.4 |  -1.60% |   -0.0033 | $    598.48 | $    506.42 | 0.003575
2025-06-08 15:37:02,369 - INFO - 1276 | SELL | 26240.20 |  42.4 |  -1.70% |   -0.0028 | $    599.05 | $    528.70 | 0.002681
2025-06-08 15:37:02,369 - INFO - 1277 | SELL | 25905.65 |  50.8 |   0.16% |   -0.0028 | $    597.29 | $    545.20 | 0.002011
2025-06-08 15:37:02,369 - INFO - 1278 | SELL | 25895.68 |  48.5 |  -1.12% |   -0.0027 | $    596.61 | $    557.56 | 0.001508
2025-06-08 15:37:02,369 - INFO - 1279 | BUY  | 25832.23 |  48.8 |  -1.16% |   -0.0030 | $    593.79 | $    418.17 | 0.006798
2025-06-08 15:37:02,369 - INFO - 1280 | SELL | 25162.65 |  47.3 |  -0.31% |   -0.0033 | $    587.10 | $    458.80 | 0.005099
2025-06-08 15:37:02,369 - INFO - 1281 | SELL | 25833.34 |  41.4 |  -2.90% |   -0.0035 | $    588.87 | $    490.08 | 0.003824
2025-06-08 15:37:02,369 - INFO - 
Action distribution for Episode 320:
2025-06-08 15:37:02,369 - INFO -   HOLD:  424 ( 33.1%)
2025-06-08 15:37:02,369 - INFO -   BUY:   366 ( 28.5%)
2025-06-08 15:37:02,369 - INFO -   SELL:  492 ( 38.4%)
2025-06-08 15:37:02,369 - INFO - --------------------------------------------------------------------------------------------------------------
2025-06-08 15:37:03,195 - INFO - Step 411000: Loss = 0.042654, Epsilon = 0.6036
2025-06-08 15:37:03,881 - INFO - Episode 321: Reward = -2.3696, Portfolio = $747.11, Return = -92.53%, Cash = $378.49, Crypto = 0.014269, Steps = 1282
2025-06-08 15:37:04,478 - INFO - Step 412000: Loss = 0.032365, Epsilon = 0.6026
2025-06-08 15:37:04,478 - INFO - Step 412000: Target network updated
2025-06-08 15:37:05,316 - INFO - Episode 322: Reward = -2.0823, Portfolio = $623.24, Return = -93.77%, Cash = $343.81, Crypto = 0.010817, Steps = 1282
2025-06-08 15:37:05,523 - INFO - Step 413000: Loss = 0.083006, Epsilon = 0.6016
2025-06-08 15:37:06,576 - INFO - Step 414000: Loss = 0.027921, Epsilon = 0.6007
2025-06-08 15:37:06,576 - INFO - Step 414000: Target network updated
2025-06-08 15:37:06,660 - INFO - Episode 323: Reward = -2.3000, Portfolio = $594.86, Return = -94.05%, Cash = $318.95, Crypto = 0.010680, Steps = 1282
2025-06-08 15:37:07,574 - INFO - Step 415000: Loss = 0.832485, Epsilon = 0.5997
2025-06-08 15:37:07,944 - INFO - Episode 324: Reward = -2.5370, Portfolio = $608.16, Return = -93.92%, Cash = $366.52, Crypto = 0.009353, Steps = 1282
2025-06-08 15:37:08,571 - INFO - Step 416000: Loss = 0.024018, Epsilon = 0.5988
2025-06-08 15:37:08,571 - INFO - Step 416000: Target network updated
2025-06-08 15:37:09,293 - INFO - Episode 325: Reward = -2.2147, Portfolio = $1282.94, Return = -87.17%, Cash = $193.27, Crypto = 0.042181, Steps = 1282
2025-06-08 15:37:09,678 - INFO - Step 417000: Loss = 0.068656, Epsilon = 0.5978
2025-06-08 15:37:10,665 - INFO - Episode 326: Reward = -2.2155, Portfolio = $832.46, Return = -91.68%, Cash = $41.51, Crypto = 0.030617, Steps = 1282
2025-06-08 15:37:10,734 - INFO - Step 418000: Loss = 0.042858, Epsilon = 0.5968
2025-06-08 15:37:10,735 - INFO - Step 418000: Target network updated
2025-06-08 15:37:11,700 - INFO - Step 419000: Loss = 0.081585, Epsilon = 0.5959
2025-06-08 15:37:11,909 - INFO - Episode 327: Reward = -2.0605, Portfolio = $504.67, Return = -94.95%, Cash = $433.26, Crypto = 0.002764, Steps = 1282
2025-06-08 15:37:12,714 - INFO - Step 420000: Loss = 0.015625, Epsilon = 0.5949
2025-06-08 15:37:12,715 - INFO - Step 420000: Target network updated
2025-06-08 15:37:13,217 - INFO - Episode 328: Reward = -2.5480, Portfolio = $395.50, Return = -96.04%, Cash = $177.42, Crypto = 0.008442, Steps = 1282
2025-06-08 15:37:13,733 - INFO - Step 421000: Loss = 0.105450, Epsilon = 0.5939
2025-06-08 15:37:14,501 - INFO - Episode 329: Reward = -2.5707, Portfolio = $660.94, Return = -93.39%, Cash = $335.84, Crypto = 0.012585, Steps = 1282
2025-06-08 15:37:14,730 - INFO - Step 422000: Loss = 0.038437, Epsilon = 0.5930
2025-06-08 15:37:14,731 - INFO - Step 422000: Target network updated
2025-06-08 15:37:15,834 - INFO - Step 423000: Loss = 0.095281, Epsilon = 0.5920
2025-06-08 15:37:15,894 - INFO - Episode 330: Reward = -2.1230, Portfolio = $678.08, Return = -93.22%, Cash = $369.60, Crypto = 0.011941, Steps = 1282
2025-06-08 15:37:15,894 - INFO - Episode 330 Summary: Avg Reward (100 eps) = -2.2854, Avg Portfolio (100 eps) = $695.07, Epsilon = 0.592
2025-06-08 15:37:15,894 - INFO - 
Detailed steps for Episode 330:
2025-06-08 15:37:15,895 - INFO - Step | Action | Price    | RSI   | PnL    | Reward    | Portfolio   | Cash       | Crypto
2025-06-08 15:37:15,895 - INFO - --------------------------------------------------------------------------------------------------------------
2025-06-08 15:37:15,895 - INFO -    0 | HOLD |  7909.73 |  21.9 |  -2.00% |    0.0000 | $  10000.00 | $  10000.00 | 0.000000
2025-06-08 15:37:15,895 - INFO -    1 | SELL |  7911.43 |  24.3 |  -2.00% |   -0.0100 | $  10000.00 | $  10000.00 | 0.000000
2025-06-08 15:37:15,895 - INFO -    2 | HOLD |  4970.79 |  29.9 |  -2.00% |    0.0000 | $  10000.00 | $  10000.00 | 0.000000
2025-06-08 15:37:15,895 - INFO -    3 | HOLD |  5563.71 |  13.1 |  -2.00% |    0.0000 | $  10000.00 | $  10000.00 | 0.000000
2025-06-08 15:37:15,895 - INFO -    4 | HOLD |  5200.37 |  22.5 |  -2.00% |    0.0000 | $  10000.00 | $  10000.00 | 0.000000
2025-06-08 15:37:15,895 - INFO -    5 | BUY  |  5392.31 |  21.4 |  -2.00% |   -0.0049 | $   9950.98 | $   7500.00 | 0.454532
2025-06-08 15:37:15,895 - INFO -    6 | SELL |  5014.48 |  24.0 |   0.00% |   -0.0201 | $   9750.75 | $   8041.32 | 0.340899
2025-06-08 15:37:15,895 - INFO -    7 | HOLD |  5225.63 |  18.7 |  -7.01% |    0.0074 | $   9822.73 | $   8041.32 | 0.340899
2025-06-08 15:37:15,895 - INFO -    8 | HOLD |  5238.44 |  21.7 |  -3.09% |    0.0004 | $   9827.10 | $   8041.32 | 0.340899
2025-06-08 15:37:15,895 - INFO -    9 | BUY  |  6191.19 |  22.0 |  -2.85% |    0.0290 | $  10112.47 | $   6030.99 | 0.659240
2025-06-08 15:37:15,895 - INFO -   10 | BUY  |  6198.78 |  29.1 |   7.15% |   -0.0024 | $  10087.91 | $   4523.24 | 0.897704
2025-06-08 15:37:15,895 - INFO -   11 | SELL |  6185.07 |  28.7 |   5.25% |   -0.0081 | $  10006.20 | $   5841.93 | 0.673278
2025-06-08 15:37:15,895 - INFO -   12 | BUY  |  5830.25 |  29.6 |   5.01% |   -0.0267 | $   9738.67 | $   4381.45 | 0.918867
2025-06-08 15:37:15,895 - INFO -   13 | SELL |  6416.31 |  31.7 |  -0.74% |    0.0477 | $  10203.49 | $   5781.68 | 0.689150
2025-06-08 15:37:15,895 - INFO -   14 | HOLD |  6734.80 |  38.6 |   9.23% |    0.0215 | $  10422.97 | $   5781.68 | 0.689150
2025-06-08 15:37:15,895 - INFO -   15 | BUY  |  6681.06 |  41.5 |  14.66% |   -0.0063 | $  10357.60 | $   4336.26 | 0.901254
2025-06-08 15:37:15,895 - INFO -   16 | BUY  |  6716.44 |  41.2 |  10.18% |    0.0010 | $  10368.23 | $   3252.20 | 1.059494
2025-06-08 15:37:15,895 - INFO -   17 | BUY  |  6469.80 |  71.4 |   9.01% |   -0.0267 | $  10090.97 | $   2439.15 | 1.182698
2025-06-08 15:37:15,895 - INFO -   18 | HOLD |  6242.19 |  62.2 |   4.46% |   -0.0267 | $   9821.78 | $   2439.15 | 1.182698
2025-06-08 15:37:15,895 - INFO -   19 | BUY  |  5922.04 |  64.5 |   0.79% |   -0.0014 | $   9431.18 | $   1829.36 | 1.283648
2025-06-08 15:37:15,895 - INFO -   ...    ...      ...       ...     ...       ...         ...          ...         ...
2025-06-08 15:37:15,895 - INFO - 1262 | SELL | 26162.37 |  15.2 |  -4.73% |   -0.0062 | $    712.12 | $    381.27 | 0.012646
2025-06-08 15:37:15,895 - INFO - 1263 | BUY  | 26047.67 |  14.8 |  -5.70% |   -0.0065 | $    708.80 | $    285.95 | 0.016234
2025-06-08 15:37:15,895 - INFO - 1264 | HOLD | 26008.46 |  14.5 |  -4.83% |   -0.0065 | $    708.16 | $    285.95 | 0.016234
2025-06-08 15:37:15,895 - INFO - 1265 | SELL | 26089.69 |  14.0 |  -4.97% |   -0.0071 | $    704.19 | $    386.54 | 0.012175
2025-06-08 15:37:15,895 - INFO - 1266 | SELL | 26106.15 |  15.9 |  -4.68% |   -0.0078 | $    700.41 | $    462.03 | 0.009131
2025-06-08 15:37:15,895 - INFO - 1267 | SELL | 27727.39 |  13.9 |  -4.62% |   -0.0054 | $    712.05 | $    522.16 | 0.006849
2025-06-08 15:37:15,895 - INFO - 1268 | HOLD | 27297.27 |  37.9 |   1.31% |   -0.0053 | $    709.11 | $    522.16 | 0.006849
2025-06-08 15:37:15,895 - INFO - 1269 | HOLD | 25931.47 |  38.1 |  -0.26% |   -0.0057 | $    699.75 | $    522.16 | 0.006849
2025-06-08 15:37:15,895 - INFO - 1270 | HOLD | 25800.72 |  43.0 |  -5.25% |   -0.0058 | $    698.86 | $    522.16 | 0.006849
2025-06-08 15:37:15,895 - INFO - 1271 | BUY  | 25868.80 |  47.4 |  -5.73% |   -0.0057 | $    696.76 | $    391.62 | 0.011796
2025-06-08 15:37:15,895 - INFO - 1272 | SELL | 25969.57 |  47.6 |  -3.26% |   -0.0060 | $    694.12 | $    464.37 | 0.008847
2025-06-08 15:37:15,895 - INFO - 1273 | HOLD | 25812.42 |  47.7 |  -2.88% |   -0.0054 | $    692.73 | $    464.37 | 0.008847
2025-06-08 15:37:15,895 - INFO - 1274 | HOLD | 25779.98 |  46.8 |  -3.47% |   -0.0048 | $    692.45 | $    464.37 | 0.008847
2025-06-08 15:37:15,895 - INFO - 1275 | BUY  | 25753.24 |  47.4 |  -3.59% |   -0.0044 | $    689.93 | $    348.28 | 0.013266
2025-06-08 15:37:15,895 - INFO - 1276 | BUY  | 26240.20 |  42.4 |  -2.49% |   -0.0030 | $    694.69 | $    261.21 | 0.016520
2025-06-08 15:37:15,895 - INFO - 1277 | HOLD | 25905.65 |  50.8 |  -0.52% |   -0.0036 | $    689.16 | $    261.21 | 0.016520
2025-06-08 15:37:15,895 - INFO - 1278 | HOLD | 25895.68 |  48.5 |  -1.79% |   -0.0038 | $    688.99 | $    261.21 | 0.016520
2025-06-08 15:37:15,895 - INFO - 1279 | SELL | 25832.23 |  48.8 |  -1.83% |   -0.0038 | $    682.61 | $    362.56 | 0.012390
2025-06-08 15:37:15,895 - INFO - 1280 | BUY  | 25162.65 |  47.3 |  -2.07% |   -0.0042 | $    672.54 | $    271.92 | 0.015921
2025-06-08 15:37:15,895 - INFO - 1281 | SELL | 25833.34 |  41.4 |  -3.62% |   -0.0044 | $    678.08 | $    369.60 | 0.011941
2025-06-08 15:37:15,896 - INFO - 
Action distribution for Episode 330:
2025-06-08 15:37:15,896 - INFO -   HOLD:  444 ( 34.6%)
2025-06-08 15:37:15,896 - INFO -   BUY:   427 ( 33.3%)
2025-06-08 15:37:15,896 - INFO -   SELL:  411 ( 32.1%)
2025-06-08 15:37:15,896 - INFO - --------------------------------------------------------------------------------------------------------------
2025-06-08 15:37:16,851 - INFO - Step 424000: Loss = 0.039460, Epsilon = 0.5910
2025-06-08 15:37:16,851 - INFO - Step 424000: Target network updated
2025-06-08 15:37:17,201 - INFO - Episode 331: Reward = -1.9726, Portfolio = $505.69, Return = -94.94%, Cash = $136.68, Crypto = 0.014284, Steps = 1282
2025-06-08 15:37:17,818 - INFO - Step 425000: Loss = 0.032580, Epsilon = 0.5901
2025-06-08 15:37:18,423 - INFO - Episode 332: Reward = -2.2673, Portfolio = $488.21, Return = -95.12%, Cash = $202.86, Crypto = 0.011046, Steps = 1282
2025-06-08 15:37:18,797 - INFO - Step 426000: Loss = 0.045442, Epsilon = 0.5891
2025-06-08 15:37:18,798 - INFO - Step 426000: Target network updated
2025-06-08 15:37:19,667 - INFO - Episode 333: Reward = -1.9966, Portfolio = $605.60, Return = -93.94%, Cash = $301.82, Crypto = 0.011759, Steps = 1282
2025-06-08 15:37:19,754 - INFO - Step 427000: Loss = 0.134715, Epsilon = 0.5881
2025-06-08 15:37:20,706 - INFO - Step 428000: Loss = 0.029569, Epsilon = 0.5872
2025-06-08 15:37:20,706 - INFO - Step 428000: Target network updated
2025-06-08 15:37:20,887 - INFO - Episode 334: Reward = -2.4952, Portfolio = $602.42, Return = -93.98%, Cash = $300.92, Crypto = 0.011671, Steps = 1282
2025-06-08 15:37:21,705 - INFO - Step 429000: Loss = 0.062602, Epsilon = 0.5862
2025-06-08 15:37:22,169 - INFO - Episode 335: Reward = -2.2026, Portfolio = $760.57, Return = -92.39%, Cash = $231.73, Crypto = 0.020471, Steps = 1282
2025-06-08 15:37:22,736 - INFO - Step 430000: Loss = 0.021609, Epsilon = 0.5852
2025-06-08 15:37:22,737 - INFO - Step 430000: Target network updated
2025-06-08 15:37:23,488 - INFO - Episode 336: Reward = -2.2244, Portfolio = $791.31, Return = -92.09%, Cash = $382.70, Crypto = 0.015817, Steps = 1282
2025-06-08 15:37:23,741 - INFO - Step 431000: Loss = 0.062173, Epsilon = 0.5843
2025-06-08 15:37:24,780 - INFO - Step 432000: Loss = 0.049404, Epsilon = 0.5833
2025-06-08 15:37:24,781 - INFO - Step 432000: Target network updated
2025-06-08 15:37:24,816 - INFO - Episode 337: Reward = -2.1851, Portfolio = $952.85, Return = -90.47%, Cash = $236.68, Crypto = 0.027723, Steps = 1282
2025-06-08 15:37:25,747 - INFO - Step 433000: Loss = 0.080905, Epsilon = 0.5824
2025-06-08 15:37:26,090 - INFO - Episode 338: Reward = -2.4701, Portfolio = $548.53, Return = -94.51%, Cash = $235.56, Crypto = 0.012115, Steps = 1282
2025-06-08 15:37:27,015 - INFO - Step 434000: Loss = 0.024759, Epsilon = 0.5814
2025-06-08 15:37:27,015 - INFO - Step 434000: Target network updated
2025-06-08 15:37:27,683 - INFO - Episode 339: Reward = -2.3275, Portfolio = $640.44, Return = -93.60%, Cash = $314.23, Crypto = 0.012628, Steps = 1282
2025-06-08 15:37:28,098 - INFO - Step 435000: Loss = 0.070749, Epsilon = 0.5804
2025-06-08 15:37:28,996 - INFO - Episode 340: Reward = -2.2316, Portfolio = $524.10, Return = -94.76%, Cash = $60.51, Crypto = 0.017945, Steps = 1282
2025-06-08 15:37:28,996 - INFO - Episode 340 Summary: Avg Reward (100 eps) = -2.2793, Avg Portfolio (100 eps) = $703.38, Epsilon = 0.580
2025-06-08 15:37:28,996 - INFO - 
Detailed steps for Episode 340:
2025-06-08 15:37:28,996 - INFO - Step | Action | Price    | RSI   | PnL    | Reward    | Portfolio   | Cash       | Crypto
2025-06-08 15:37:28,996 - INFO - --------------------------------------------------------------------------------------------------------------
2025-06-08 15:37:28,996 - INFO -    0 | SELL |  7909.73 |  21.9 |  -2.00% |   -0.0100 | $  10000.00 | $  10000.00 | 0.000000
2025-06-08 15:37:28,996 - INFO -    1 | BUY  |  7911.43 |  24.3 |  -2.00% |   -0.0049 | $   9950.98 | $   7500.00 | 0.309802
2025-06-08 15:37:28,996 - INFO -    2 | HOLD |  4970.79 |  29.9 |   0.00% |   -0.0916 | $   9039.96 | $   7500.00 | 0.309802
2025-06-08 15:37:28,996 - INFO -    3 | BUY  |  5563.71 |  13.1 | -37.17% |    0.0163 | $   9186.89 | $   5625.00 | 0.640200
2025-06-08 15:37:28,996 - INFO -    4 | SELL |  5200.37 |  22.5 | -16.96% |   -0.0298 | $   8912.66 | $   6415.70 | 0.480150
2025-06-08 15:37:28,996 - INFO -    5 | SELL |  5392.31 |  21.4 | -22.38% |    0.0067 | $   8972.46 | $   7030.62 | 0.360113
2025-06-08 15:37:28,996 - INFO -    6 | BUY  |  5014.48 |  24.0 | -19.52% |   -0.0190 | $   8801.93 | $   5272.96 | 0.703755
2025-06-08 15:37:28,996 - INFO -    7 | HOLD |  5225.63 |  18.7 | -14.67% |    0.0169 | $   8950.53 | $   5272.96 | 0.703755
2025-06-08 15:37:28,996 - INFO -    8 | SELL |  5238.44 |  21.7 | -11.08% |   -0.0041 | $   8913.46 | $   6148.53 | 0.527817
2025-06-08 15:37:28,996 - INFO -    9 | HOLD |  6191.19 |  22.0 | -10.86% |    0.0564 | $   9416.34 | $   6148.53 | 0.527817
2025-06-08 15:37:28,996 - INFO -   10 | SELL |  6198.78 |  29.1 |   5.35% |   -0.0039 | $   9379.45 | $   6925.58 | 0.395862
2025-06-08 15:37:28,996 - INFO -   11 | HOLD |  6185.07 |  28.7 |   5.48% |   -0.0006 | $   9374.02 | $   6925.58 | 0.395862
2025-06-08 15:37:28,996 - INFO -   12 | HOLD |  5830.25 |  29.6 |   5.24% |   -0.0150 | $   9233.56 | $   6925.58 | 0.395862
2025-06-08 15:37:28,996 - INFO -   13 | HOLD |  6416.31 |  31.7 |  -0.79% |    0.0251 | $   9465.56 | $   6925.58 | 0.395862
2025-06-08 15:37:28,996 - INFO -   14 | SELL |  6734.80 |  38.6 |   9.18% |    0.0098 | $   9558.31 | $   7558.77 | 0.296897
2025-06-08 15:37:28,996 - INFO -   15 | SELL |  6681.06 |  41.5 |  14.60% |   -0.0043 | $   9517.56 | $   8029.87 | 0.222673
2025-06-08 15:37:28,996 - INFO -   16 | BUY  |  6716.44 |  41.2 |  13.68% |   -0.0033 | $   9486.08 | $   6022.41 | 0.515701
2025-06-08 15:37:28,996 - INFO -   17 | SELL |  6469.80 |  71.4 |   5.71% |   -0.0178 | $   9317.18 | $   6814.82 | 0.386776
2025-06-08 15:37:28,996 - INFO -   18 | BUY  |  6242.19 |  62.2 |   1.82% |   -0.0130 | $   9195.74 | $   5111.11 | 0.654358
2025-06-08 15:37:28,996 - INFO -   19 | BUY  |  5922.04 |  64.5 |  -1.05% |   -0.0019 | $   8961.19 | $   3833.34 | 0.865893
2025-06-08 15:37:28,997 - INFO -   ...    ...      ...       ...     ...       ...         ...          ...         ...
2025-06-08 15:37:28,997 - INFO - 1262 | SELL | 26162.37 |  15.2 |  -6.01% |   -0.0066 | $    562.97 | $    332.02 | 0.008828
2025-06-08 15:37:28,997 - INFO - 1263 | SELL | 26047.67 |  14.8 |  -6.97% |   -0.0069 | $    559.08 | $    386.63 | 0.006621
2025-06-08 15:37:28,997 - INFO - 1264 | HOLD | 26008.46 |  14.5 |  -7.38% |   -0.0064 | $    558.82 | $    386.63 | 0.006621
2025-06-08 15:37:28,997 - INFO - 1265 | HOLD | 26089.69 |  14.0 |  -7.52% |   -0.0061 | $    559.36 | $    386.63 | 0.006621
2025-06-08 15:37:28,997 - INFO - 1266 | BUY  | 26106.15 |  15.9 |  -7.23% |   -0.0068 | $    557.58 | $    289.97 | 0.010251
2025-06-08 15:37:28,997 - INFO - 1267 | BUY  | 27727.39 |  13.9 |  -4.75% |   -0.0041 | $    572.77 | $    217.48 | 0.012814
2025-06-08 15:37:28,997 - INFO - 1268 | BUY  | 27297.27 |  37.9 |   0.93% |   -0.0044 | $    566.20 | $    163.11 | 0.014767
2025-06-08 15:37:28,997 - INFO - 1269 | HOLD | 25931.47 |  38.1 |  -0.55% |   -0.0052 | $    546.03 | $    163.11 | 0.014767
2025-06-08 15:37:28,997 - INFO - 1270 | BUY  | 25800.72 |  43.0 |  -5.53% |   -0.0050 | $    543.30 | $    122.33 | 0.016316
2025-06-08 15:37:28,997 - INFO - 1271 | BUY  | 25868.80 |  47.4 |  -5.47% |   -0.0048 | $    543.81 | $     91.75 | 0.017475
2025-06-08 15:37:28,997 - INFO - 1272 | SELL | 25969.57 |  47.6 |  -4.89% |   -0.0052 | $    539.90 | $    199.53 | 0.013106
2025-06-08 15:37:28,997 - INFO - 1273 | SELL | 25812.42 |  47.7 |  -4.52% |   -0.0052 | $    533.61 | $    279.88 | 0.009830
2025-06-08 15:37:28,997 - INFO - 1274 | HOLD | 25779.98 |  46.8 |  -5.10% |   -0.0048 | $    533.29 | $    279.88 | 0.009830
2025-06-08 15:37:28,997 - INFO - 1275 | SELL | 25753.24 |  47.4 |  -5.21% |   -0.0044 | $    529.86 | $    340.00 | 0.007372
2025-06-08 15:37:28,997 - INFO - 1276 | BUY  | 26240.20 |  42.4 |  -5.31% |   -0.0036 | $    531.78 | $    255.00 | 0.010548
2025-06-08 15:37:28,997 - INFO - 1277 | BUY  | 25905.65 |  50.8 |  -2.49% |   -0.0036 | $    527.01 | $    191.25 | 0.012961
2025-06-08 15:37:28,997 - INFO - 1278 | BUY  | 25895.68 |  48.5 |  -3.06% |   -0.0035 | $    525.94 | $    143.44 | 0.014771
2025-06-08 15:37:28,997 - INFO - 1279 | BUY  | 25832.23 |  48.8 |  -2.73% |   -0.0035 | $    524.30 | $    107.58 | 0.016132
2025-06-08 15:37:28,997 - INFO - 1280 | BUY  | 25162.65 |  47.3 |  -2.72% |   -0.0041 | $    512.97 | $     80.68 | 0.017180
2025-06-08 15:37:28,997 - INFO - 1281 | BUY  | 25833.34 |  41.4 |  -4.94% |   -0.0032 | $    524.10 | $     60.51 | 0.017945
2025-06-08 15:37:28,997 - INFO - 
Action distribution for Episode 340:
2025-06-08 15:37:28,997 - INFO -   HOLD:  455 ( 35.5%)
2025-06-08 15:37:28,997 - INFO -   BUY:   430 ( 33.5%)
2025-06-08 15:37:28,997 - INFO -   SELL:  397 ( 31.0%)
2025-06-08 15:37:28,997 - INFO - --------------------------------------------------------------------------------------------------------------
2025-06-08 15:37:29,109 - INFO - Step 436000: Loss = 0.024743, Epsilon = 0.5795
2025-06-08 15:37:29,109 - INFO - Step 436000: Target network updated
2025-06-08 15:37:30,063 - INFO - Step 437000: Loss = 0.069825, Epsilon = 0.5785
2025-06-08 15:37:30,216 - INFO - Episode 341: Reward = -2.2855, Portfolio = $835.92, Return = -91.64%, Cash = $430.59, Crypto = 0.015690, Steps = 1282
2025-06-08 15:37:31,085 - INFO - Step 438000: Loss = 0.035589, Epsilon = 0.5775
2025-06-08 15:37:31,085 - INFO - Step 438000: Target network updated
2025-06-08 15:37:31,556 - INFO - Episode 342: Reward = -2.5285, Portfolio = $453.10, Return = -95.47%, Cash = $348.00, Crypto = 0.004069, Steps = 1282
2025-06-08 15:37:32,103 - INFO - Step 439000: Loss = 0.096186, Epsilon = 0.5766
2025-06-08 15:37:32,790 - INFO - Episode 343: Reward = -2.2160, Portfolio = $484.08, Return = -95.16%, Cash = $236.43, Crypto = 0.009586, Steps = 1282
2025-06-08 15:37:33,052 - INFO - Step 440000: Loss = 0.026697, Epsilon = 0.5756
2025-06-08 15:37:33,052 - INFO - Step 440000: Target network updated
2025-06-08 15:37:34,009 - INFO - Step 441000: Loss = 0.034094, Epsilon = 0.5746
2025-06-08 15:37:34,016 - INFO - Episode 344: Reward = -2.3899, Portfolio = $747.02, Return = -92.53%, Cash = $469.83, Crypto = 0.010730, Steps = 1282
2025-06-08 15:37:35,023 - INFO - Step 442000: Loss = 0.013357, Epsilon = 0.5737
2025-06-08 15:37:35,023 - INFO - Step 442000: Target network updated
2025-06-08 15:37:35,311 - INFO - Episode 345: Reward = -2.4234, Portfolio = $551.11, Return = -94.49%, Cash = $83.99, Crypto = 0.018082, Steps = 1282
2025-06-08 15:37:36,004 - INFO - Step 443000: Loss = 0.114776, Epsilon = 0.5727
2025-06-08 15:37:36,559 - INFO - Episode 346: Reward = -2.7855, Portfolio = $354.08, Return = -96.46%, Cash = $24.80, Crypto = 0.012746, Steps = 1282
2025-06-08 15:37:36,968 - INFO - Step 444000: Loss = 0.020691, Epsilon = 0.5717
2025-06-08 15:37:36,968 - INFO - Step 444000: Target network updated
2025-06-08 15:37:37,869 - INFO - Episode 347: Reward = -2.2015, Portfolio = $899.23, Return = -91.01%, Cash = $511.08, Crypto = 0.015025, Steps = 1282
2025-06-08 15:37:38,009 - INFO - Step 445000: Loss = 0.112793, Epsilon = 0.5708
2025-06-08 15:37:39,005 - INFO - Step 446000: Loss = 0.015550, Epsilon = 0.5698
2025-06-08 15:37:39,005 - INFO - Step 446000: Target network updated
2025-06-08 15:37:39,136 - INFO - Episode 348: Reward = -2.0077, Portfolio = $1121.55, Return = -88.78%, Cash = $913.47, Crypto = 0.008055, Steps = 1282
2025-06-08 15:37:39,945 - INFO - Step 447000: Loss = 0.072743, Epsilon = 0.5689
2025-06-08 15:37:40,396 - INFO - Episode 349: Reward = -2.3314, Portfolio = $815.65, Return = -91.84%, Cash = $441.38, Crypto = 0.014488, Steps = 1282
2025-06-08 15:37:41,092 - INFO - Step 448000: Loss = 0.027327, Epsilon = 0.5679
2025-06-08 15:37:41,092 - INFO - Step 448000: Target network updated
2025-06-08 15:37:41,836 - INFO - Episode 350: Reward = -1.8950, Portfolio = $806.05, Return = -91.94%, Cash = $382.61, Crypto = 0.016391, Steps = 1282
2025-06-08 15:37:41,836 - INFO - Episode 350 Summary: Avg Reward (100 eps) = -2.2785, Avg Portfolio (100 eps) = $716.26, Epsilon = 0.567
2025-06-08 15:37:41,836 - INFO - 
Detailed steps for Episode 350:
2025-06-08 15:37:41,836 - INFO - Step | Action | Price    | RSI   | PnL    | Reward    | Portfolio   | Cash       | Crypto
2025-06-08 15:37:41,836 - INFO - --------------------------------------------------------------------------------------------------------------
2025-06-08 15:37:41,836 - INFO -    0 | SELL |  7909.73 |  21.9 |  -2.00% |   -0.0100 | $  10000.00 | $  10000.00 | 0.000000
2025-06-08 15:37:41,836 - INFO -    1 | SELL |  7911.43 |  24.3 |  -2.00% |   -0.0100 | $  10000.00 | $  10000.00 | 0.000000
2025-06-08 15:37:41,836 - INFO -    2 | BUY  |  4970.79 |  29.9 |  -2.00% |   -0.0049 | $   9950.98 | $   7500.00 | 0.493077
2025-06-08 15:37:41,836 - INFO -    3 | SELL |  5563.71 |  13.1 |   0.00% |    0.0259 | $  10209.04 | $   8151.54 | 0.369808
2025-06-08 15:37:41,836 - INFO -    4 | BUY  |  5200.37 |  22.5 |  11.93% |   -0.0171 | $  10034.72 | $   6113.66 | 0.753997
2025-06-08 15:37:41,836 - INFO -    5 | HOLD |  5392.31 |  21.4 |   2.21% |    0.0144 | $  10179.45 | $   6113.66 | 0.753997
2025-06-08 15:37:41,836 - INFO -    6 | HOLD |  5014.48 |  24.0 |   5.99% |   -0.0280 | $   9894.56 | $   6113.66 | 0.753997
2025-06-08 15:37:41,836 - INFO -    7 | BUY  |  5225.63 |  18.7 |  -1.44% |    0.0131 | $  10023.80 | $   4585.24 | 1.040747
2025-06-08 15:37:41,836 - INFO -    8 | HOLD |  5238.44 |  21.7 |   1.95% |    0.0013 | $  10037.13 | $   4585.24 | 1.040747
2025-06-08 15:37:41,836 - INFO -    9 | HOLD |  6191.19 |  22.0 |   2.20% |    0.0988 | $  11028.70 | $   4585.24 | 1.040747
2025-06-08 15:37:41,836 - INFO -   10 | BUY  |  6198.78 |  29.1 |  20.79% |   -0.0013 | $  11014.12 | $   3438.93 | 1.222046
2025-06-08 15:37:41,836 - INFO -   11 | BUY  |  6185.07 |  28.7 |  17.29% |   -0.0031 | $  10980.51 | $   2579.20 | 1.358322
2025-06-08 15:37:41,836 - INFO -   12 | HOLD |  5830.25 |  29.6 |  15.07% |   -0.0439 | $  10498.56 | $   2579.20 | 1.358322
2025-06-08 15:37:41,837 - INFO -   13 | HOLD |  6416.31 |  31.7 |   8.46% |    0.0758 | $  11294.62 | $   2579.20 | 1.358322
2025-06-08 15:37:41,837 - INFO -   14 | SELL |  6734.80 |  38.6 |  19.37% |    0.0282 | $  11612.88 | $   4751.86 | 1.018741
2025-06-08 15:37:41,837 - INFO -   15 | BUY  |  6681.06 |  41.5 |  25.29% |   -0.0067 | $  11534.84 | $   3563.89 | 1.193065
2025-06-08 15:37:41,837 - INFO -   16 | HOLD |  6716.44 |  41.2 |  20.03% |    0.0037 | $  11577.04 | $   3563.89 | 1.193065
2025-06-08 15:37:41,837 - INFO -   17 | HOLD |  6469.80 |  71.4 |  20.67% |   -0.0254 | $  11282.78 | $   3563.89 | 1.193065
2025-06-08 15:37:41,837 - INFO -   18 | SELL |  6242.19 |  62.2 |  16.24% |   -0.0323 | $  10918.15 | $   5332.64 | 0.894799
2025-06-08 15:37:41,837 - INFO -   19 | HOLD |  5922.04 |  64.5 |  12.15% |    0.0011 | $  10631.67 | $   5332.64 | 0.894799
2025-06-08 15:37:41,837 - INFO -   ...    ...      ...       ...     ...       ...         ...          ...         ...
2025-06-08 15:37:41,837 - INFO - 1262 | BUY  | 26162.37 |  15.2 |  -6.72% |   -0.0077 | $    858.78 | $    527.10 | 0.012678
2025-06-08 15:37:41,837 - INFO - 1263 | HOLD | 26047.67 |  14.8 |  -3.84% |   -0.0072 | $    857.32 | $    527.10 | 0.012678
2025-06-08 15:37:41,837 - INFO - 1264 | HOLD | 26008.46 |  14.5 |  -4.26% |   -0.0070 | $    856.83 | $    527.10 | 0.012678
2025-06-08 15:37:41,837 - INFO - 1265 | BUY  | 26089.69 |  14.0 |  -4.41% |   -0.0067 | $    855.27 | $    395.33 | 0.017629
2025-06-08 15:37:41,837 - INFO - 1266 | BUY  | 26106.15 |  15.9 |  -2.99% |   -0.0093 | $    853.62 | $    296.49 | 0.021341
2025-06-08 15:37:41,837 - INFO - 1267 | BUY  | 27727.39 |  13.9 |  -2.43% |   -0.0024 | $    886.77 | $    222.37 | 0.023962
2025-06-08 15:37:41,837 - INFO - 1268 | BUY  | 27297.27 |  37.9 |   3.22% |   -0.0025 | $    875.37 | $    166.78 | 0.025958
2025-06-08 15:37:41,837 - INFO - 1269 | BUY  | 25931.47 |  38.1 |   1.49% |   -0.0033 | $    839.10 | $    125.08 | 0.027535
2025-06-08 15:37:41,837 - INFO - 1270 | HOLD | 25800.72 |  43.0 |  -3.39% |   -0.0033 | $    835.50 | $    125.08 | 0.027535
2025-06-08 15:37:41,837 - INFO - 1271 | HOLD | 25868.80 |  47.4 |  -3.88% |   -0.0029 | $    837.38 | $    125.08 | 0.027535
2025-06-08 15:37:41,837 - INFO - 1272 | HOLD | 25969.57 |  47.6 |  -3.62% |   -0.0027 | $    840.15 | $    125.08 | 0.027535
2025-06-08 15:37:41,837 - INFO - 1273 | SELL | 25812.42 |  47.7 |  -3.25% |   -0.0031 | $    826.94 | $    293.88 | 0.020651
2025-06-08 15:37:41,837 - INFO - 1274 | BUY  | 25779.98 |  46.8 |  -3.83% |   -0.0031 | $    824.83 | $    220.41 | 0.023445
2025-06-08 15:37:41,837 - INFO - 1275 | BUY  | 25753.24 |  47.4 |  -3.50% |   -0.0025 | $    823.12 | $    165.31 | 0.025543
2025-06-08 15:37:41,837 - INFO - 1276 | BUY  | 26240.20 |  42.4 |  -3.31% |   -0.0015 | $    834.75 | $    123.98 | 0.027087
2025-06-08 15:37:41,837 - INFO - 1277 | BUY  | 25905.65 |  50.8 |  -1.40% |   -0.0019 | $    825.08 | $     92.99 | 0.028260
2025-06-08 15:37:41,837 - INFO - 1278 | BUY  | 25895.68 |  48.5 |  -2.55% |   -0.0018 | $    824.34 | $     69.74 | 0.029140
2025-06-08 15:37:41,837 - INFO - 1279 | SELL | 25832.23 |  48.8 |  -2.51% |   -0.0021 | $    813.08 | $    248.52 | 0.021855
2025-06-08 15:37:41,837 - INFO - 1280 | HOLD | 25162.65 |  47.3 |  -2.75% |   -0.0026 | $    798.45 | $    248.52 | 0.021855
2025-06-08 15:37:41,837 - INFO - 1281 | SELL | 25833.34 |  41.4 |  -5.27% |   -0.0023 | $    806.05 | $    382.61 | 0.016391
2025-06-08 15:37:41,837 - INFO - 
Action distribution for Episode 350:
2025-06-08 15:37:41,837 - INFO -   HOLD:  475 ( 37.1%)
2025-06-08 15:37:41,837 - INFO -   BUY:   395 ( 30.8%)
2025-06-08 15:37:41,837 - INFO -   SELL:  412 ( 32.1%)
2025-06-08 15:37:41,837 - INFO - --------------------------------------------------------------------------------------------------------------
2025-06-08 15:37:42,132 - INFO - Step 449000: Loss = 0.132023, Epsilon = 0.5669
2025-06-08 15:37:43,070 - INFO - Episode 351: Reward = -2.2216, Portfolio = $867.30, Return = -91.33%, Cash = $287.41, Crypto = 0.022447, Steps = 1282
2025-06-08 15:37:43,089 - INFO - Step 450000: Loss = 0.037130, Epsilon = 0.5660
2025-06-08 15:37:43,089 - INFO - Step 450000: Target network updated
2025-06-08 15:37:44,099 - INFO - Step 451000: Loss = 0.064929, Epsilon = 0.5650
2025-06-08 15:37:44,344 - INFO - Episode 352: Reward = -1.9563, Portfolio = $693.52, Return = -93.06%, Cash = $423.85, Crypto = 0.010439, Steps = 1282
2025-06-08 15:37:45,043 - INFO - Step 452000: Loss = 0.023189, Epsilon = 0.5640
2025-06-08 15:37:45,044 - INFO - Step 452000: Target network updated
2025-06-08 15:37:45,559 - INFO - Episode 353: Reward = -1.8605, Portfolio = $951.27, Return = -90.49%, Cash = $633.51, Crypto = 0.012300, Steps = 1282
2025-06-08 15:37:46,033 - INFO - Step 453000: Loss = 0.078018, Epsilon = 0.5631
2025-06-08 15:37:46,878 - INFO - Episode 354: Reward = -1.9207, Portfolio = $1068.60, Return = -89.31%, Cash = $288.10, Crypto = 0.030213, Steps = 1282
2025-06-08 15:37:47,048 - INFO - Step 454000: Loss = 0.010923, Epsilon = 0.5621
2025-06-08 15:37:47,049 - INFO - Step 454000: Target network updated
2025-06-08 15:37:48,077 - INFO - Step 455000: Loss = 0.082438, Epsilon = 0.5611
2025-06-08 15:37:48,196 - INFO - Episode 355: Reward = -2.3125, Portfolio = $872.16, Return = -91.28%, Cash = $339.99, Crypto = 0.020600, Steps = 1282
2025-06-08 15:37:49,129 - INFO - Step 456000: Loss = 0.017545, Epsilon = 0.5602
2025-06-08 15:37:49,129 - INFO - Step 456000: Target network updated
2025-06-08 15:37:49,509 - INFO - Episode 356: Reward = -2.3232, Portfolio = $1015.31, Return = -89.85%, Cash = $677.89, Crypto = 0.013062, Steps = 1282
2025-06-08 15:37:50,103 - INFO - Step 457000: Loss = 0.089764, Epsilon = 0.5592
2025-06-08 15:37:50,748 - INFO - Episode 357: Reward = -2.1451, Portfolio = $1473.34, Return = -85.27%, Cash = $457.95, Crypto = 0.039305, Steps = 1282
2025-06-08 15:37:51,076 - INFO - Step 458000: Loss = 0.015497, Epsilon = 0.5582
2025-06-08 15:37:51,076 - INFO - Step 458000: Target network updated
2025-06-08 15:37:51,982 - INFO - Episode 358: Reward = -2.7125, Portfolio = $459.80, Return = -95.40%, Cash = $344.78, Crypto = 0.004452, Steps = 1282
2025-06-08 15:37:52,023 - INFO - Step 459000: Loss = 0.092341, Epsilon = 0.5573
2025-06-08 15:37:53,031 - INFO - Step 460000: Loss = 0.013951, Epsilon = 0.5563
2025-06-08 15:37:53,031 - INFO - Step 460000: Target network updated
2025-06-08 15:37:53,263 - INFO - Episode 359: Reward = -2.7471, Portfolio = $1029.14, Return = -89.71%, Cash = $583.03, Crypto = 0.017269, Steps = 1282
2025-06-08 15:37:54,001 - INFO - Step 461000: Loss = 0.049507, Epsilon = 0.5553
2025-06-08 15:37:54,515 - INFO - Episode 360: Reward = -2.4452, Portfolio = $465.31, Return = -95.35%, Cash = $323.67, Crypto = 0.005483, Steps = 1282
2025-06-08 15:37:54,516 - INFO - Episode 360 Summary: Avg Reward (100 eps) = -2.2774, Avg Portfolio (100 eps) = $724.51, Epsilon = 0.555
2025-06-08 15:37:54,516 - INFO - 
Detailed steps for Episode 360:
2025-06-08 15:37:54,516 - INFO - Step | Action | Price    | RSI   | PnL    | Reward    | Portfolio   | Cash       | Crypto
2025-06-08 15:37:54,516 - INFO - --------------------------------------------------------------------------------------------------------------
2025-06-08 15:37:54,516 - INFO -    0 | SELL |  7909.73 |  21.9 |  -2.00% |   -0.0100 | $  10000.00 | $  10000.00 | 0.000000
2025-06-08 15:37:54,516 - INFO -    1 | HOLD |  7911.43 |  24.3 |  -2.00% |    0.0000 | $  10000.00 | $  10000.00 | 0.000000
2025-06-08 15:37:54,516 - INFO -    2 | HOLD |  4970.79 |  29.9 |  -2.00% |    0.0000 | $  10000.00 | $  10000.00 | 0.000000
2025-06-08 15:37:54,516 - INFO -    3 | HOLD |  5563.71 |  13.1 |  -2.00% |    0.0000 | $  10000.00 | $  10000.00 | 0.000000
2025-06-08 15:37:54,516 - INFO -    4 | BUY  |  5200.37 |  22.5 |  -2.00% |   -0.0049 | $   9950.98 | $   7500.00 | 0.471309
2025-06-08 15:37:54,516 - INFO -    5 | HOLD |  5392.31 |  21.4 |   0.00% |    0.0091 | $  10041.45 | $   7500.00 | 0.471309
2025-06-08 15:37:54,516 - INFO -    6 | HOLD |  5014.48 |  24.0 |   3.69% |   -0.0177 | $   9863.37 | $   7500.00 | 0.471309
2025-06-08 15:37:54,516 - INFO -    7 | BUY  |  5225.63 |  18.7 |  -3.57% |    0.0064 | $   9926.12 | $   5625.00 | 0.823082
2025-06-08 15:37:54,516 - INFO -    8 | SELL |  5238.44 |  21.7 |   0.28% |   -0.0044 | $   9882.77 | $   6649.02 | 0.617312
2025-06-08 15:37:54,516 - INFO -    9 | SELL |  6191.19 |  22.0 |   0.52% |    0.0547 | $  10423.14 | $   7556.72 | 0.462984
2025-06-08 15:37:54,516 - INFO -   10 | HOLD |  6198.78 |  29.1 |  18.81% |    0.0003 | $  10426.65 | $   7556.72 | 0.462984
2025-06-08 15:37:54,516 - INFO -   11 | SELL |  6185.07 |  28.7 |  18.95% |   -0.0040 | $  10384.51 | $   8236.82 | 0.347238
2025-06-08 15:37:54,516 - INFO -   12 | BUY  |  5830.25 |  29.6 |  18.69% |   -0.0158 | $  10220.93 | $   6177.62 | 0.693505
2025-06-08 15:37:54,516 - INFO -   13 | BUY  |  6416.31 |  31.7 |   5.62% |    0.0368 | $  10597.08 | $   4633.21 | 0.929485
2025-06-08 15:37:54,516 - INFO -   14 | HOLD |  6734.80 |  38.6 |  11.63% |    0.0279 | $  10893.11 | $   4633.21 | 0.929485
2025-06-08 15:37:54,516 - INFO -   15 | HOLD |  6681.06 |  41.5 |  17.17% |   -0.0046 | $  10843.16 | $   4633.21 | 0.929485
2025-06-08 15:37:54,516 - INFO -   16 | BUY  |  6716.44 |  41.2 |  16.24% |    0.0009 | $  10853.33 | $   3474.91 | 1.098562
2025-06-08 15:37:54,516 - INFO -   17 | HOLD |  6469.80 |  71.4 |  13.90% |   -0.0250 | $  10582.38 | $   3474.91 | 1.098562
2025-06-08 15:37:54,516 - INFO -   18 | BUY  |  6242.19 |  62.2 |   9.72% |   -0.0252 | $  10315.31 | $   2606.18 | 1.235003
2025-06-08 15:37:54,516 - INFO -   19 | SELL |  5922.04 |  64.5 |   5.18% |   -0.0003 | $   9828.50 | $   4343.20 | 0.926252
2025-06-08 15:37:54,516 - INFO -   ...    ...      ...       ...     ...       ...         ...          ...         ...
2025-06-08 15:37:54,516 - INFO - 1262 | HOLD | 26162.37 |  15.2 | -10.01% |   -0.0047 | $    492.41 | $    344.86 | 0.005640
2025-06-08 15:37:54,516 - INFO - 1263 | SELL | 26047.67 |  14.8 | -10.93% |   -0.0048 | $    489.92 | $    379.75 | 0.004230
2025-06-08 15:37:54,516 - INFO - 1264 | BUY  | 26008.46 |  14.5 | -11.32% |   -0.0049 | $    487.90 | $    284.81 | 0.007808
2025-06-08 15:37:54,516 - INFO - 1265 | SELL | 26089.69 |  14.0 |  -6.55% |   -0.0052 | $    485.99 | $    333.19 | 0.005856
2025-06-08 15:37:54,516 - INFO - 1266 | BUY  | 26106.15 |  15.9 |  -6.26% |   -0.0064 | $    484.45 | $    249.90 | 0.008985
2025-06-08 15:37:54,516 - INFO - 1267 | SELL | 27727.39 |  13.9 |  -4.13% |   -0.0047 | $    495.90 | $    309.06 | 0.006738
2025-06-08 15:37:54,516 - INFO - 1268 | SELL | 27297.27 |  37.9 |   1.83% |   -0.0046 | $    490.70 | $    352.75 | 0.005054
2025-06-08 15:37:54,516 - INFO - 1269 | BUY  | 25931.47 |  38.1 |   0.25% |   -0.0051 | $    482.07 | $    264.56 | 0.008388
2025-06-08 15:37:54,516 - INFO - 1270 | SELL | 25800.72 |  43.0 |  -2.93% |   -0.0054 | $    478.27 | $    315.96 | 0.006291
2025-06-08 15:37:54,516 - INFO - 1271 | BUY  | 25868.80 |  47.4 |  -3.42% |   -0.0053 | $    477.15 | $    236.97 | 0.009285
2025-06-08 15:37:54,516 - INFO - 1272 | HOLD | 25969.57 |  47.6 |  -2.17% |   -0.0053 | $    478.08 | $    236.97 | 0.009285
2025-06-08 15:37:54,516 - INFO - 1273 | HOLD | 25812.42 |  47.7 |  -1.79% |   -0.0052 | $    476.63 | $    236.97 | 0.009285
2025-06-08 15:37:54,516 - INFO - 1274 | HOLD | 25779.98 |  46.8 |  -2.38% |   -0.0047 | $    476.32 | $    236.97 | 0.009285
2025-06-08 15:37:54,516 - INFO - 1275 | HOLD | 25753.24 |  47.4 |  -2.50% |   -0.0048 | $    476.08 | $    236.97 | 0.009285
2025-06-08 15:37:54,516 - INFO - 1276 | HOLD | 26240.20 |  42.4 |  -2.60% |   -0.0032 | $    480.60 | $    236.97 | 0.009285
2025-06-08 15:37:54,516 - INFO - 1277 | SELL | 25905.65 |  50.8 |  -0.76% |   -0.0033 | $    474.48 | $    294.09 | 0.006963
2025-06-08 15:37:54,516 - INFO - 1278 | BUY  | 25895.68 |  48.5 |  -2.03% |   -0.0037 | $    472.97 | $    220.57 | 0.009747
2025-06-08 15:37:54,516 - INFO - 1279 | HOLD | 25832.23 |  48.8 |  -1.48% |   -0.0032 | $    472.35 | $    220.57 | 0.009747
2025-06-08 15:37:54,516 - INFO - 1280 | SELL | 25162.65 |  47.3 |  -1.73% |   -0.0036 | $    462.76 | $    278.82 | 0.007310
2025-06-08 15:37:54,517 - INFO - 1281 | SELL | 25833.34 |  41.4 |  -4.27% |   -0.0033 | $    465.31 | $    323.67 | 0.005483
2025-06-08 15:37:54,517 - INFO - 
Action distribution for Episode 360:
2025-06-08 15:37:54,517 - INFO -   HOLD:  410 ( 32.0%)
2025-06-08 15:37:54,517 - INFO -   BUY:   421 ( 32.8%)
2025-06-08 15:37:54,517 - INFO -   SELL:  451 ( 35.2%)
2025-06-08 15:37:54,517 - INFO - --------------------------------------------------------------------------------------------------------------
2025-06-08 15:37:55,008 - INFO - Step 462000: Loss = 0.023573, Epsilon = 0.5544
2025-06-08 15:37:55,009 - INFO - Step 462000: Target network updated
2025-06-08 15:37:55,845 - INFO - Episode 361: Reward = -2.2340, Portfolio = $729.07, Return = -92.71%, Cash = $440.51, Crypto = 0.011170, Steps = 1282
2025-06-08 15:37:56,040 - INFO - Step 463000: Loss = 0.042572, Epsilon = 0.5534
2025-06-08 15:37:57,106 - INFO - Step 464000: Loss = 0.019898, Epsilon = 0.5525
2025-06-08 15:37:57,106 - INFO - Step 464000: Target network updated
2025-06-08 15:37:57,194 - INFO - Episode 362: Reward = -2.0266, Portfolio = $659.88, Return = -93.40%, Cash = $231.87, Crypto = 0.016568, Steps = 1282
2025-06-08 15:37:58,088 - INFO - Step 465000: Loss = 0.166213, Epsilon = 0.5515
2025-06-08 15:37:58,452 - INFO - Episode 363: Reward = -2.0958, Portfolio = $731.74, Return = -92.68%, Cash = $437.50, Crypto = 0.011390, Steps = 1282
2025-06-08 15:37:59,064 - INFO - Step 466000: Loss = 0.012605, Epsilon = 0.5505
2025-06-08 15:37:59,065 - INFO - Step 466000: Target network updated
2025-06-08 15:37:59,731 - INFO - Episode 364: Reward = -2.2451, Portfolio = $758.50, Return = -92.42%, Cash = $329.93, Crypto = 0.016590, Steps = 1282
2025-06-08 15:38:00,067 - INFO - Step 467000: Loss = 0.073418, Epsilon = 0.5496
2025-06-08 15:38:01,104 - INFO - Episode 365: Reward = -2.2872, Portfolio = $631.07, Return = -93.69%, Cash = $418.18, Crypto = 0.008241, Steps = 1282
2025-06-08 15:38:01,189 - INFO - Step 468000: Loss = 0.015433, Epsilon = 0.5486
2025-06-08 15:38:01,189 - INFO - Step 468000: Target network updated
2025-06-08 15:38:02,298 - INFO - Step 469000: Loss = 0.036094, Epsilon = 0.5476
2025-06-08 15:38:02,513 - INFO - Episode 366: Reward = -2.2791, Portfolio = $1050.85, Return = -89.49%, Cash = $417.81, Crypto = 0.024505, Steps = 1282
2025-06-08 15:38:03,313 - INFO - Step 470000: Loss = 0.019428, Epsilon = 0.5467
2025-06-08 15:38:03,314 - INFO - Step 470000: Target network updated
2025-06-08 15:38:03,829 - INFO - Episode 367: Reward = -2.5207, Portfolio = $749.68, Return = -92.50%, Cash = $330.60, Crypto = 0.016223, Steps = 1282
2025-06-08 15:38:04,309 - INFO - Step 471000: Loss = 0.106439, Epsilon = 0.5457
2025-06-08 15:38:05,079 - INFO - Episode 368: Reward = -2.1595, Portfolio = $720.27, Return = -92.80%, Cash = $487.43, Crypto = 0.009013, Steps = 1282
2025-06-08 15:38:05,366 - INFO - Step 472000: Loss = 0.014306, Epsilon = 0.5447
2025-06-08 15:38:05,367 - INFO - Step 472000: Target network updated
2025-06-08 15:38:06,476 - INFO - Step 473000: Loss = 0.043796, Epsilon = 0.5438
2025-06-08 15:38:06,530 - INFO - Episode 369: Reward = -2.2269, Portfolio = $1081.03, Return = -89.19%, Cash = $948.02, Crypto = 0.005149, Steps = 1282
2025-06-08 15:38:07,495 - INFO - Step 474000: Loss = 0.017346, Epsilon = 0.5428
2025-06-08 15:38:07,495 - INFO - Step 474000: Target network updated
2025-06-08 15:38:07,835 - INFO - Episode 370: Reward = -2.1983, Portfolio = $645.73, Return = -93.54%, Cash = $165.59, Crypto = 0.018586, Steps = 1282
2025-06-08 15:38:07,835 - INFO - Episode 370 Summary: Avg Reward (100 eps) = -2.2752, Avg Portfolio (100 eps) = $728.29, Epsilon = 0.542
2025-06-08 15:38:07,835 - INFO - 
Detailed steps for Episode 370:
2025-06-08 15:38:07,835 - INFO - Step | Action | Price    | RSI   | PnL    | Reward    | Portfolio   | Cash       | Crypto
2025-06-08 15:38:07,835 - INFO - --------------------------------------------------------------------------------------------------------------
2025-06-08 15:38:07,835 - INFO -    0 | SELL |  7909.73 |  21.9 |  -2.00% |   -0.0100 | $  10000.00 | $  10000.00 | 0.000000
2025-06-08 15:38:07,835 - INFO -    1 | SELL |  7911.43 |  24.3 |  -2.00% |   -0.0100 | $  10000.00 | $  10000.00 | 0.000000
2025-06-08 15:38:07,835 - INFO -    2 | SELL |  4970.79 |  29.9 |  -2.00% |   -0.0100 | $  10000.00 | $  10000.00 | 0.000000
2025-06-08 15:38:07,835 - INFO -    3 | HOLD |  5563.71 |  13.1 |  -2.00% |    0.0000 | $  10000.00 | $  10000.00 | 0.000000
2025-06-08 15:38:07,835 - INFO -    4 | BUY  |  5200.37 |  22.5 |  -2.00% |   -0.0049 | $   9950.98 | $   7500.00 | 0.471309
2025-06-08 15:38:07,835 - INFO -    5 | SELL |  5392.31 |  21.4 |   0.00% |    0.0059 | $  10009.68 | $   8103.59 | 0.353482
2025-06-08 15:38:07,835 - INFO -    6 | SELL |  5014.48 |  24.0 |   3.69% |   -0.0156 | $   9853.97 | $   8524.57 | 0.265111
2025-06-08 15:38:07,835 - INFO -    7 | BUY  |  5225.63 |  18.7 |  -3.57% |    0.0014 | $   9868.16 | $   6393.43 | 0.664940
2025-06-08 15:38:07,835 - INFO -    8 | SELL |  5238.44 |  21.7 |   0.19% |   -0.0035 | $   9833.13 | $   7220.70 | 0.498705
2025-06-08 15:38:07,835 - INFO -    9 | SELL |  6191.19 |  22.0 |   0.44% |    0.0444 | $  10269.68 | $   7954.00 | 0.374029
2025-06-08 15:38:07,835 - INFO -   10 | SELL |  6198.78 |  29.1 |  18.71% |   -0.0025 | $  10243.54 | $   8504.65 | 0.280521
2025-06-08 15:38:07,835 - INFO -   11 | BUY  |  6185.07 |  28.7 |  18.85% |   -0.0044 | $  10198.00 | $   6378.48 | 0.617538
2025-06-08 15:38:07,835 - INFO -   12 | BUY  |  5830.25 |  29.6 |   7.67% |   -0.0246 | $   9947.62 | $   4783.86 | 0.885684
2025-06-08 15:38:07,835 - INFO -   13 | SELL |  6416.31 |  31.7 |   1.03% |    0.0450 | $  10395.65 | $   6133.53 | 0.664263
2025-06-08 15:38:07,835 - INFO -   14 | SELL |  6734.80 |  38.6 |  11.19% |    0.0150 | $  10551.29 | $   7196.03 | 0.498197
2025-06-08 15:38:07,835 - INFO -   15 | HOLD |  6681.06 |  41.5 |  16.71% |   -0.0025 | $  10524.52 | $   7196.03 | 0.498197
2025-06-08 15:38:07,835 - INFO -   16 | BUY  |  6716.44 |  41.2 |  15.78% |   -0.0017 | $  10506.87 | $   5397.02 | 0.760796
2025-06-08 15:38:07,835 - INFO -   17 | HOLD |  6469.80 |  71.4 |  10.16% |   -0.0179 | $  10319.22 | $   5397.02 | 0.760796
2025-06-08 15:38:07,835 - INFO -   18 | BUY  |  6242.19 |  62.2 |   6.11% |   -0.0193 | $  10119.61 | $   4047.77 | 0.972709
2025-06-08 15:38:07,835 - INFO -   19 | BUY  |  5922.04 |  64.5 |   1.85% |   -0.0005 | $   9788.35 | $   3035.83 | 1.140236
2025-06-08 15:38:07,835 - INFO -   ...    ...      ...       ...     ...       ...         ...          ...         ...
2025-06-08 15:38:07,835 - INFO - 1262 | SELL | 26162.37 |  15.2 |  -7.90% |   -0.0049 | $    685.06 | $    358.35 | 0.012488
2025-06-08 15:38:07,835 - INFO - 1263 | BUY  | 26047.67 |  14.8 |  -8.84% |   -0.0050 | $    681.87 | $    268.76 | 0.015860
2025-06-08 15:38:07,835 - INFO - 1264 | BUY  | 26008.46 |  14.5 |  -7.42% |   -0.0051 | $    679.93 | $    201.57 | 0.018392
2025-06-08 15:38:07,835 - INFO - 1265 | BUY  | 26089.69 |  14.0 |  -6.59% |   -0.0052 | $    680.44 | $    151.18 | 0.020286
2025-06-08 15:38:07,835 - INFO - 1266 | BUY  | 26106.15 |  15.9 |  -5.74% |   -0.0062 | $    680.03 | $    113.39 | 0.021705
2025-06-08 15:38:07,835 - INFO - 1267 | SELL | 27727.39 |  13.9 |  -5.33% |   -0.0034 | $    707.70 | $    256.32 | 0.016279
2025-06-08 15:38:07,836 - INFO - 1268 | BUY  | 27297.27 |  37.9 |   0.55% |   -0.0034 | $    699.44 | $    192.24 | 0.018580
2025-06-08 15:38:07,836 - INFO - 1269 | BUY  | 25931.47 |  38.1 |  -0.89% |   -0.0041 | $    673.12 | $    144.18 | 0.020397
2025-06-08 15:38:07,836 - INFO - 1270 | BUY  | 25800.72 |  43.0 |  -5.35% |   -0.0042 | $    669.74 | $    108.14 | 0.021767
2025-06-08 15:38:07,836 - INFO - 1271 | BUY  | 25868.80 |  47.4 |  -5.48% |   -0.0040 | $    670.70 | $     81.10 | 0.022792
2025-06-08 15:38:07,836 - INFO - 1272 | HOLD | 25969.57 |  47.6 |  -5.01% |   -0.0039 | $    672.99 | $     81.10 | 0.022792
2025-06-08 15:38:07,836 - INFO - 1273 | HOLD | 25812.42 |  47.7 |  -4.64% |   -0.0039 | $    669.41 | $     81.10 | 0.022792
2025-06-08 15:38:07,836 - INFO - 1274 | SELL | 25779.98 |  46.8 |  -5.22% |   -0.0039 | $    661.33 | $    220.65 | 0.017094
2025-06-08 15:38:07,836 - INFO - 1275 | SELL | 25753.24 |  47.4 |  -5.34% |   -0.0033 | $    655.37 | $    325.20 | 0.012820
2025-06-08 15:38:07,836 - INFO - 1276 | BUY  | 26240.20 |  42.4 |  -5.43% |   -0.0023 | $    660.02 | $    243.90 | 0.015858
2025-06-08 15:38:07,836 - INFO - 1277 | BUY  | 25905.65 |  50.8 |  -2.97% |   -0.0023 | $    653.51 | $    182.93 | 0.018165
2025-06-08 15:38:07,836 - INFO - 1278 | HOLD | 25895.68 |  48.5 |  -3.69% |   -0.0024 | $    653.33 | $    182.93 | 0.018165
2025-06-08 15:38:07,836 - INFO - 1279 | SELL | 25832.23 |  48.8 |  -3.73% |   -0.0027 | $    646.31 | $    294.37 | 0.013624
2025-06-08 15:38:07,836 - INFO - 1280 | BUY  | 25162.65 |  47.3 |  -3.96% |   -0.0031 | $    635.75 | $    220.78 | 0.016491
2025-06-08 15:38:07,836 - INFO - 1281 | BUY  | 25833.34 |  41.4 |  -5.39% |   -0.0025 | $    645.73 | $    165.59 | 0.018586
2025-06-08 15:38:07,836 - INFO - 
Action distribution for Episode 370:
2025-06-08 15:38:07,836 - INFO -   HOLD:  423 ( 33.0%)
2025-06-08 15:38:07,836 - INFO -   BUY:   421 ( 32.8%)
2025-06-08 15:38:07,836 - INFO -   SELL:  438 ( 34.2%)
2025-06-08 15:38:07,836 - INFO - --------------------------------------------------------------------------------------------------------------
2025-06-08 15:38:08,477 - INFO - Step 475000: Loss = 0.051677, Epsilon = 0.5418
2025-06-08 15:38:09,089 - INFO - Episode 371: Reward = -1.9595, Portfolio = $545.71, Return = -94.54%, Cash = $332.24, Crypto = 0.008264, Steps = 1282
2025-06-08 15:38:09,479 - INFO - Step 476000: Loss = 0.019983, Epsilon = 0.5409
2025-06-08 15:38:09,479 - INFO - Step 476000: Target network updated
2025-06-08 15:38:10,411 - INFO - Episode 372: Reward = -2.3470, Portfolio = $772.57, Return = -92.27%, Cash = $421.84, Crypto = 0.013576, Steps = 1282
2025-06-08 15:38:10,499 - INFO - Step 477000: Loss = 0.032912, Epsilon = 0.5399
2025-06-08 15:38:11,508 - INFO - Step 478000: Loss = 0.007845, Epsilon = 0.5390
2025-06-08 15:38:11,508 - INFO - Step 478000: Target network updated
2025-06-08 15:38:11,690 - INFO - Episode 373: Reward = -2.3324, Portfolio = $1089.29, Return = -89.11%, Cash = $809.16, Crypto = 0.010844, Steps = 1282
2025-06-08 15:38:12,462 - INFO - Step 479000: Loss = 0.064095, Epsilon = 0.5380
2025-06-08 15:38:12,903 - INFO - Episode 374: Reward = -2.1697, Portfolio = $665.63, Return = -93.34%, Cash = $397.58, Crypto = 0.010376, Steps = 1282
2025-06-08 15:38:13,413 - INFO - Step 480000: Loss = 0.012978, Epsilon = 0.5370
2025-06-08 15:38:13,414 - INFO - Step 480000: Target network updated
2025-06-08 15:38:14,115 - INFO - Episode 375: Reward = -2.2056, Portfolio = $653.87, Return = -93.46%, Cash = $421.94, Crypto = 0.008978, Steps = 1282
2025-06-08 15:38:14,353 - INFO - Step 481000: Loss = 0.041853, Epsilon = 0.5361
2025-06-08 15:38:15,389 - INFO - Step 482000: Loss = 0.006225, Epsilon = 0.5351
2025-06-08 15:38:15,390 - INFO - Step 482000: Target network updated
2025-06-08 15:38:15,422 - INFO - Episode 376: Reward = -2.2314, Portfolio = $873.57, Return = -91.26%, Cash = $396.88, Crypto = 0.018453, Steps = 1282
2025-06-08 15:38:16,375 - INFO - Step 483000: Loss = 0.117692, Epsilon = 0.5341
2025-06-08 15:38:16,672 - INFO - Episode 377: Reward = -2.2549, Portfolio = $1016.69, Return = -89.83%, Cash = $577.07, Crypto = 0.017017, Steps = 1282
2025-06-08 15:38:17,356 - INFO - Step 484000: Loss = 0.029384, Epsilon = 0.5332
2025-06-08 15:38:17,356 - INFO - Step 484000: Target network updated
2025-06-08 15:38:17,955 - INFO - Episode 378: Reward = -2.1650, Portfolio = $1112.46, Return = -88.88%, Cash = $152.22, Crypto = 0.037171, Steps = 1282
2025-06-08 15:38:18,345 - INFO - Step 485000: Loss = 0.073821, Epsilon = 0.5322
2025-06-08 15:38:19,160 - INFO - Episode 379: Reward = -2.1561, Portfolio = $682.62, Return = -93.17%, Cash = $236.78, Crypto = 0.017258, Steps = 1282
2025-06-08 15:38:19,282 - INFO - Step 486000: Loss = 0.035864, Epsilon = 0.5312
2025-06-08 15:38:19,282 - INFO - Step 486000: Target network updated
2025-06-08 15:38:20,219 - INFO - Step 487000: Loss = 0.027853, Epsilon = 0.5303
2025-06-08 15:38:20,372 - INFO - Episode 380: Reward = -2.0773, Portfolio = $943.35, Return = -90.57%, Cash = $238.06, Crypto = 0.027302, Steps = 1282
2025-06-08 15:38:20,372 - INFO - Episode 380 Summary: Avg Reward (100 eps) = -2.2746, Avg Portfolio (100 eps) = $738.60, Epsilon = 0.530
2025-06-08 15:38:20,372 - INFO - 
Detailed steps for Episode 380:
2025-06-08 15:38:20,372 - INFO - Step | Action | Price    | RSI   | PnL    | Reward    | Portfolio   | Cash       | Crypto
2025-06-08 15:38:20,372 - INFO - --------------------------------------------------------------------------------------------------------------
2025-06-08 15:38:20,372 - INFO -    0 | BUY  |  7909.73 |  21.9 |  -2.00% |   -0.0049 | $   9950.98 | $   7500.00 | 0.309869
2025-06-08 15:38:20,372 - INFO -    1 | BUY  |  7911.43 |  24.3 |   0.00% |   -0.0036 | $   9914.74 | $   5625.00 | 0.542221
2025-06-08 15:38:20,372 - INFO -    2 | BUY  |  4970.79 |  29.9 |   0.01% |   -0.1636 | $   8292.69 | $   4218.75 | 0.819577
2025-06-08 15:38:20,372 - INFO -    3 | HOLD |  5563.71 |  13.1 | -28.12% |    0.0586 | $   8778.63 | $   4218.75 | 0.819577
2025-06-08 15:38:20,372 - INFO -    4 | BUY  |  5200.37 |  22.5 | -19.55% |   -0.0363 | $   8460.17 | $   3164.06 | 1.018410
2025-06-08 15:38:20,372 - INFO -    5 | HOLD |  5392.31 |  21.4 | -20.98% |    0.0231 | $   8655.65 | $   3164.06 | 1.018410
2025-06-08 15:38:20,372 - INFO -    6 | HOLD |  5014.48 |  24.0 | -18.06% |   -0.0445 | $   8270.86 | $   3164.06 | 1.018410
2025-06-08 15:38:20,372 - INFO -    7 | HOLD |  5225.63 |  18.7 | -23.80% |    0.0260 | $   8485.90 | $   3164.06 | 1.018410
2025-06-08 15:38:20,372 - INFO -    8 | BUY  |  5238.44 |  21.7 | -20.59% |   -0.0003 | $   8483.43 | $   2373.05 | 1.166452
2025-06-08 15:38:20,372 - INFO -    9 | SELL |  6191.19 |  22.0 | -18.28% |    0.1204 | $   9504.50 | $   4088.21 | 0.874839
2025-06-08 15:38:20,372 - INFO -   10 | SELL |  6198.78 |  29.1 |  -3.42% |   -0.0064 | $   9443.35 | $   5376.15 | 0.656129
2025-06-08 15:38:20,372 - INFO -   11 | HOLD |  6185.07 |  28.7 |  -3.30% |   -0.0010 | $   9434.35 | $   5376.15 | 0.656129
2025-06-08 15:38:20,372 - INFO -   12 | HOLD |  5830.25 |  29.6 |  -3.51% |   -0.0247 | $   9201.55 | $   5376.15 | 0.656129
2025-06-08 15:38:20,372 - INFO -   13 | SELL |  6416.31 |  31.7 |  -9.05% |    0.0361 | $   9533.46 | $   6376.01 | 0.492097
2025-06-08 15:38:20,372 - INFO -   14 | SELL |  6734.80 |  38.6 |   0.09% |    0.0121 | $   9648.76 | $   7163.13 | 0.369073
2025-06-08 15:38:20,372 - INFO -   15 | HOLD |  6681.06 |  41.5 |   5.06% |   -0.0021 | $   9628.92 | $   7163.13 | 0.369073
2025-06-08 15:38:20,372 - INFO -   16 | HOLD |  6716.44 |  41.2 |   4.22% |    0.0014 | $   9641.98 | $   7163.13 | 0.369073
2025-06-08 15:38:20,372 - INFO -   17 | BUY  |  6469.80 |  71.4 |   4.77% |   -0.0131 | $   9515.84 | $   5372.35 | 0.640436
2025-06-08 15:38:20,372 - INFO -   18 | HOLD |  6242.19 |  62.2 |   0.53% |   -0.0153 | $   9370.07 | $   5372.35 | 0.640436
2025-06-08 15:38:20,372 - INFO -   19 | SELL |  5922.04 |  64.5 |  -3.00% |   -0.0007 | $   9117.63 | $   6273.11 | 0.480327
2025-06-08 15:38:20,372 - INFO -   ...    ...      ...       ...     ...       ...         ...          ...         ...
2025-06-08 15:38:20,373 - INFO - 1262 | HOLD | 26162.37 |  15.2 |  -7.49% |   -0.0046 | $   1019.63 | $     71.19 | 0.036252
2025-06-08 15:38:20,373 - INFO - 1263 | SELL | 26047.67 |  14.8 |  -8.43% |   -0.0052 | $   1003.66 | $    295.45 | 0.027189
2025-06-08 15:38:20,373 - INFO - 1264 | SELL | 26008.46 |  14.5 |  -8.84% |   -0.0055 | $    993.76 | $    463.40 | 0.020392
2025-06-08 15:38:20,373 - INFO - 1265 | BUY  | 26089.69 |  14.0 |  -8.97% |   -0.0053 | $    993.14 | $    347.55 | 0.024745
2025-06-08 15:38:20,373 - INFO - 1266 | HOLD | 26106.15 |  15.9 |  -7.27% |   -0.0058 | $    993.55 | $    347.55 | 0.024745
2025-06-08 15:38:20,373 - INFO - 1267 | SELL | 27727.39 |  13.9 |  -7.21% |   -0.0036 | $   1025.09 | $    510.50 | 0.018559
2025-06-08 15:38:20,373 - INFO - 1268 | BUY  | 27297.27 |  37.9 |  -1.45% |   -0.0038 | $   1014.61 | $    382.88 | 0.023143
2025-06-08 15:38:20,373 - INFO - 1269 | SELL | 25931.47 |  38.1 |  -2.40% |   -0.0044 | $    975.50 | $    525.41 | 0.017357
2025-06-08 15:38:20,373 - INFO - 1270 | HOLD | 25800.72 |  43.0 |  -7.29% |   -0.0044 | $    973.23 | $    525.41 | 0.017357
2025-06-08 15:38:20,373 - INFO - 1271 | SELL | 25868.80 |  47.4 |  -7.75% |   -0.0044 | $    968.80 | $    632.04 | 0.013018
2025-06-08 15:38:20,373 - INFO - 1272 | BUY  | 25969.57 |  47.6 |  -7.51% |   -0.0042 | $    967.01 | $    474.03 | 0.018983
2025-06-08 15:38:20,373 - INFO - 1273 | SELL | 25812.42 |  47.7 |  -5.02% |   -0.0043 | $    957.90 | $    590.41 | 0.014237
2025-06-08 15:38:20,373 - INFO - 1274 | HOLD | 25779.98 |  46.8 |  -5.59% |   -0.0040 | $    957.44 | $    590.41 | 0.014237
2025-06-08 15:38:20,373 - INFO - 1275 | HOLD | 25753.24 |  47.4 |  -5.71% |   -0.0031 | $    957.06 | $    590.41 | 0.014237
2025-06-08 15:38:20,373 - INFO - 1276 | BUY  | 26240.20 |  42.4 |  -5.81% |   -0.0023 | $    961.10 | $    442.81 | 0.019752
2025-06-08 15:38:20,373 - INFO - 1277 | HOLD | 25905.65 |  50.8 |  -2.93% |   -0.0026 | $    954.49 | $    442.81 | 0.019752
2025-06-08 15:38:20,373 - INFO - 1278 | SELL | 25895.68 |  48.5 |  -4.17% |   -0.0029 | $    947.90 | $    564.28 | 0.014814
2025-06-08 15:38:20,373 - INFO - 1279 | BUY  | 25832.23 |  48.8 |  -4.21% |   -0.0030 | $    944.19 | $    423.21 | 0.020168
2025-06-08 15:38:20,373 - INFO - 1280 | BUY  | 25162.65 |  47.3 |  -3.30% |   -0.0034 | $    928.62 | $    317.41 | 0.024290
2025-06-08 15:38:20,373 - INFO - 1281 | BUY  | 25833.34 |  41.4 |  -4.87% |   -0.0033 | $    943.35 | $    238.06 | 0.027302
2025-06-08 15:38:20,373 - INFO - 
Action distribution for Episode 380:
2025-06-08 15:38:20,373 - INFO -   HOLD:  430 ( 33.5%)
2025-06-08 15:38:20,373 - INFO -   BUY:   432 ( 33.7%)
2025-06-08 15:38:20,373 - INFO -   SELL:  420 ( 32.8%)
2025-06-08 15:38:20,373 - INFO - --------------------------------------------------------------------------------------------------------------
2025-06-08 15:38:21,175 - INFO - Step 488000: Loss = 0.006031, Epsilon = 0.5293
2025-06-08 15:38:21,175 - INFO - Step 488000: Target network updated
2025-06-08 15:38:21,590 - INFO - Episode 381: Reward = -2.4330, Portfolio = $969.98, Return = -90.30%, Cash = $543.39, Crypto = 0.016513, Steps = 1282
2025-06-08 15:38:22,225 - INFO - Step 489000: Loss = 0.058086, Epsilon = 0.5283
2025-06-08 15:38:23,161 - INFO - Episode 382: Reward = -2.5618, Portfolio = $476.75, Return = -95.23%, Cash = $302.74, Crypto = 0.006736, Steps = 1282
2025-06-08 15:38:23,477 - INFO - Step 490000: Loss = 0.017638, Epsilon = 0.5274
2025-06-08 15:38:23,477 - INFO - Step 490000: Target network updated
2025-06-08 15:38:24,631 - INFO - Step 491000: Loss = 0.098605, Epsilon = 0.5264
2025-06-08 15:38:24,636 - INFO - Episode 383: Reward = -1.9043, Portfolio = $1331.28, Return = -86.69%, Cash = $499.75, Crypto = 0.032188, Steps = 1282
2025-06-08 15:38:25,602 - INFO - Step 492000: Loss = 0.011510, Epsilon = 0.5254
2025-06-08 15:38:25,602 - INFO - Step 492000: Target network updated
2025-06-08 15:38:25,882 - INFO - Episode 384: Reward = -2.5780, Portfolio = $574.07, Return = -94.26%, Cash = $105.99, Crypto = 0.018119, Steps = 1282
2025-06-08 15:38:26,580 - INFO - Step 493000: Loss = 0.033783, Epsilon = 0.5245
2025-06-08 15:38:27,131 - INFO - Episode 385: Reward = -2.6825, Portfolio = $845.90, Return = -91.54%, Cash = $309.93, Crypto = 0.020747, Steps = 1282
2025-06-08 15:38:27,564 - INFO - Step 494000: Loss = 0.008844, Epsilon = 0.5235
2025-06-08 15:38:27,564 - INFO - Step 494000: Target network updated
2025-06-08 15:38:28,412 - INFO - Episode 386: Reward = -2.7695, Portfolio = $775.39, Return = -92.25%, Cash = $286.59, Crypto = 0.018922, Steps = 1282
2025-06-08 15:38:28,561 - INFO - Step 495000: Loss = 0.072165, Epsilon = 0.5226
2025-06-08 15:38:29,623 - INFO - Step 496000: Loss = 0.026059, Epsilon = 0.5216
2025-06-08 15:38:29,623 - INFO - Step 496000: Target network updated
2025-06-08 15:38:29,769 - INFO - Episode 387: Reward = -2.1658, Portfolio = $549.89, Return = -94.50%, Cash = $276.11, Crypto = 0.010598, Steps = 1282
2025-06-08 15:38:30,620 - INFO - Step 497000: Loss = 0.065744, Epsilon = 0.5206
2025-06-08 15:38:31,045 - INFO - Episode 388: Reward = -1.9822, Portfolio = $845.58, Return = -91.54%, Cash = $690.12, Crypto = 0.006018, Steps = 1282
2025-06-08 15:38:31,625 - INFO - Step 498000: Loss = 0.009870, Epsilon = 0.5197
2025-06-08 15:38:31,625 - INFO - Step 498000: Target network updated
2025-06-08 15:38:32,317 - INFO - Episode 389: Reward = -2.0733, Portfolio = $659.25, Return = -93.41%, Cash = $324.73, Crypto = 0.012949, Steps = 1282
2025-06-08 15:38:32,607 - INFO - Step 499000: Loss = 0.039069, Epsilon = 0.5187
2025-06-08 15:38:33,555 - INFO - Episode 390: Reward = -2.2175, Portfolio = $389.37, Return = -96.11%, Cash = $166.37, Crypto = 0.008632, Steps = 1282
2025-06-08 15:38:33,555 - INFO - Episode 390 Summary: Avg Reward (100 eps) = -2.2801, Avg Portfolio (100 eps) = $746.45, Epsilon = 0.518
2025-06-08 15:38:33,555 - INFO - 
Detailed steps for Episode 390:
2025-06-08 15:38:33,555 - INFO - Step | Action | Price    | RSI   | PnL    | Reward    | Portfolio   | Cash       | Crypto
2025-06-08 15:38:33,555 - INFO - --------------------------------------------------------------------------------------------------------------
2025-06-08 15:38:33,555 - INFO -    0 | SELL |  7909.73 |  21.9 |  -2.00% |   -0.0100 | $  10000.00 | $  10000.00 | 0.000000
2025-06-08 15:38:33,555 - INFO -    1 | SELL |  7911.43 |  24.3 |  -2.00% |   -0.0100 | $  10000.00 | $  10000.00 | 0.000000
2025-06-08 15:38:33,555 - INFO -    2 | BUY  |  4970.79 |  29.9 |  -2.00% |   -0.0049 | $   9950.98 | $   7500.00 | 0.493077
2025-06-08 15:38:33,555 - INFO -    3 | BUY  |  5563.71 |  13.1 |   0.00% |    0.0257 | $  10206.57 | $   5625.00 | 0.823474
2025-06-08 15:38:33,555 - INFO -    4 | HOLD |  5200.37 |  22.5 |   6.82% |   -0.0293 | $   9907.37 | $   5625.00 | 0.823474
2025-06-08 15:38:33,555 - INFO -    5 | SELL |  5392.31 |  21.4 |  -0.16% |    0.0104 | $  10009.93 | $   6679.60 | 0.617606
2025-06-08 15:38:33,555 - INFO -    6 | BUY  |  5014.48 |  24.0 |   3.53% |   -0.0266 | $   9743.83 | $   5009.70 | 0.944092
2025-06-08 15:38:33,555 - INFO -    7 | SELL |  5225.63 |  18.7 |  -2.47% |    0.0141 | $   9881.51 | $   6181.40 | 0.708069
2025-06-08 15:38:33,555 - INFO -    8 | HOLD |  5238.44 |  21.7 |   1.64% |    0.0009 | $   9890.58 | $   6181.40 | 0.708069
2025-06-08 15:38:33,555 - INFO -    9 | HOLD |  6191.19 |  22.0 |   1.88% |    0.0682 | $  10565.19 | $   6181.40 | 0.708069
2025-06-08 15:38:33,555 - INFO -   10 | BUY  |  6198.78 |  29.1 |  20.42% |   -0.0024 | $  10540.26 | $   4636.05 | 0.952480
2025-06-08 15:38:33,555 - INFO -   11 | HOLD |  6185.07 |  28.7 |  14.52% |   -0.0012 | $  10527.20 | $   4636.05 | 0.952480
2025-06-08 15:38:33,555 - INFO -   12 | SELL |  5830.25 |  29.6 |  14.27% |   -0.0387 | $  10119.84 | $   5954.94 | 0.714360
2025-06-08 15:38:33,555 - INFO -   13 | SELL |  6416.31 |  31.7 |   7.71% |    0.0357 | $  10481.20 | $   7043.53 | 0.535770
2025-06-08 15:38:33,555 - INFO -   14 | HOLD |  6734.80 |  38.6 |  18.54% |    0.0163 | $  10651.84 | $   7043.53 | 0.535770
2025-06-08 15:38:33,555 - INFO -   15 | HOLD |  6681.06 |  41.5 |  24.42% |   -0.0027 | $  10623.04 | $   7043.53 | 0.535770
2025-06-08 15:38:33,556 - INFO -   16 | HOLD |  6716.44 |  41.2 |  23.43% |    0.0018 | $  10642.00 | $   7043.53 | 0.535770
2025-06-08 15:38:33,556 - INFO -   17 | HOLD |  6469.80 |  71.4 |  24.08% |   -0.0124 | $  10509.86 | $   7043.53 | 0.535770
2025-06-08 15:38:33,556 - INFO -   18 | SELL |  6242.19 |  62.2 |  19.53% |   -0.0156 | $  10346.11 | $   7837.82 | 0.401827
2025-06-08 15:38:33,556 - INFO -   19 | SELL |  5922.04 |  64.5 |  15.32% |    0.0005 | $  10187.72 | $   8402.99 | 0.301371
2025-06-08 15:38:33,556 - INFO -   ...    ...      ...       ...     ...       ...         ...          ...         ...
2025-06-08 15:38:33,556 - INFO - 1262 | SELL | 26162.37 |  15.2 |  -5.38% |   -0.0070 | $    413.07 | $    316.67 | 0.003685
2025-06-08 15:38:33,556 - INFO - 1263 | BUY  | 26047.67 |  14.8 |  -6.34% |   -0.0071 | $    411.10 | $    237.50 | 0.006665
2025-06-08 15:38:33,556 - INFO - 1264 | HOLD | 26008.46 |  14.5 |  -3.85% |   -0.0071 | $    410.84 | $    237.50 | 0.006665
2025-06-08 15:38:33,556 - INFO - 1265 | SELL | 26089.69 |  14.0 |  -3.99% |   -0.0074 | $    409.21 | $    278.80 | 0.004998
2025-06-08 15:38:33,556 - INFO - 1266 | SELL | 26106.15 |  15.9 |  -3.70% |   -0.0092 | $    407.66 | $    309.79 | 0.003749
2025-06-08 15:38:33,556 - INFO - 1267 | HOLD | 27727.39 |  13.9 |  -3.63% |   -0.0062 | $    413.73 | $    309.79 | 0.003749
2025-06-08 15:38:33,556 - INFO - 1268 | BUY  | 27297.27 |  37.9 |   2.35% |   -0.0064 | $    410.60 | $    232.34 | 0.006530
2025-06-08 15:38:33,556 - INFO - 1269 | HOLD | 25931.47 |  38.1 |   0.44% |   -0.0066 | $    401.68 | $    232.34 | 0.006530
2025-06-08 15:38:33,556 - INFO - 1270 | HOLD | 25800.72 |  43.0 |  -4.59% |   -0.0064 | $    400.83 | $    232.34 | 0.006530
2025-06-08 15:38:33,556 - INFO - 1271 | HOLD | 25868.80 |  47.4 |  -5.07% |   -0.0060 | $    401.28 | $    232.34 | 0.006530
2025-06-08 15:38:33,556 - INFO - 1272 | SELL | 25969.57 |  47.6 |  -4.82% |   -0.0059 | $    399.81 | $    272.62 | 0.004898
2025-06-08 15:38:33,556 - INFO - 1273 | SELL | 25812.42 |  47.7 |  -4.45% |   -0.0061 | $    397.46 | $    302.65 | 0.003673
2025-06-08 15:38:33,556 - INFO - 1274 | BUY  | 25779.98 |  46.8 |  -5.03% |   -0.0059 | $    395.86 | $    226.98 | 0.006551
2025-06-08 15:38:33,556 - INFO - 1275 | BUY  | 25753.24 |  47.4 |  -2.95% |   -0.0057 | $    394.57 | $    170.24 | 0.008711
2025-06-08 15:38:33,556 - INFO - 1276 | BUY  | 26240.20 |  42.4 |  -2.31% |   -0.0040 | $    397.98 | $    127.68 | 0.010301
2025-06-08 15:38:33,556 - INFO - 1277 | HOLD | 25905.65 |  50.8 |  -0.39% |   -0.0046 | $    394.53 | $    127.68 | 0.010301
2025-06-08 15:38:33,556 - INFO - 1278 | BUY  | 25895.68 |  48.5 |  -1.66% |   -0.0047 | $    393.81 | $     95.76 | 0.011510
2025-06-08 15:38:33,556 - INFO - 1279 | HOLD | 25832.23 |  48.8 |  -1.53% |   -0.0047 | $    393.08 | $     95.76 | 0.011510
2025-06-08 15:38:33,556 - INFO - 1280 | HOLD | 25162.65 |  47.3 |  -1.77% |   -0.0049 | $    385.37 | $     95.76 | 0.011510
2025-06-08 15:38:33,556 - INFO - 1281 | SELL | 25833.34 |  41.4 |  -4.31% |   -0.0040 | $    389.37 | $    166.37 | 0.008632
2025-06-08 15:38:33,557 - INFO - 
Action distribution for Episode 390:
2025-06-08 15:38:33,557 - INFO -   HOLD:  424 ( 33.1%)
2025-06-08 15:38:33,557 - INFO -   BUY:   428 ( 33.4%)
2025-06-08 15:38:33,557 - INFO -   SELL:  430 ( 33.5%)
2025-06-08 15:38:33,557 - INFO - --------------------------------------------------------------------------------------------------------------
2025-06-08 15:38:33,585 - INFO - Step 500000: Loss = 0.022507, Epsilon = 0.5177
2025-06-08 15:38:33,586 - INFO - Step 500000: Target network updated
2025-06-08 15:38:34,839 - INFO - Step 501000: Loss = 0.126602, Epsilon = 0.5168
2025-06-08 15:38:35,170 - INFO - Episode 391: Reward = -2.5092, Portfolio = $884.87, Return = -91.15%, Cash = $720.24, Crypto = 0.006373, Steps = 1282
2025-06-08 15:38:35,963 - INFO - Step 502000: Loss = 0.008736, Epsilon = 0.5158
2025-06-08 15:38:35,963 - INFO - Step 502000: Target network updated
2025-06-08 15:38:36,585 - INFO - Episode 392: Reward = -2.7125, Portfolio = $606.49, Return = -93.94%, Cash = $168.19, Crypto = 0.016967, Steps = 1282
2025-06-08 15:38:37,041 - INFO - Step 503000: Loss = 0.056806, Epsilon = 0.5148
2025-06-08 15:38:37,885 - INFO - Episode 393: Reward = -2.0901, Portfolio = $904.76, Return = -90.95%, Cash = $485.73, Crypto = 0.016220, Steps = 1282
2025-06-08 15:38:38,063 - INFO - Step 504000: Loss = 0.010730, Epsilon = 0.5139
2025-06-08 15:38:38,064 - INFO - Step 504000: Target network updated
2025-06-08 15:38:39,069 - INFO - Step 505000: Loss = 0.059421, Epsilon = 0.5129
2025-06-08 15:38:39,179 - INFO - Episode 394: Reward = -2.5789, Portfolio = $1077.54, Return = -89.22%, Cash = $229.91, Crypto = 0.032811, Steps = 1282
2025-06-08 15:38:40,074 - INFO - Step 506000: Loss = 0.010712, Epsilon = 0.5119
2025-06-08 15:38:40,075 - INFO - Step 506000: Target network updated
2025-06-08 15:38:40,449 - INFO - Episode 395: Reward = -2.2589, Portfolio = $1422.41, Return = -85.78%, Cash = $616.00, Crypto = 0.031216, Steps = 1282
2025-06-08 15:38:41,060 - INFO - Step 507000: Loss = 0.039269, Epsilon = 0.5110
2025-06-08 15:38:41,721 - INFO - Episode 396: Reward = -2.1864, Portfolio = $1301.61, Return = -86.98%, Cash = $744.04, Crypto = 0.021583, Steps = 1282
2025-06-08 15:38:42,044 - INFO - Step 508000: Loss = 0.016081, Epsilon = 0.5100
2025-06-08 15:38:42,044 - INFO - Step 508000: Target network updated
2025-06-08 15:38:42,957 - INFO - Episode 397: Reward = -2.5022, Portfolio = $676.65, Return = -93.23%, Cash = $170.58, Crypto = 0.019590, Steps = 1282
2025-06-08 15:38:43,001 - INFO - Step 509000: Loss = 0.046369, Epsilon = 0.5091
2025-06-08 15:38:43,984 - INFO - Step 510000: Loss = 0.009848, Epsilon = 0.5081
2025-06-08 15:38:43,985 - INFO - Step 510000: Target network updated
2025-06-08 15:38:44,237 - INFO - Episode 398: Reward = -2.2775, Portfolio = $900.91, Return = -90.99%, Cash = $799.90, Crypto = 0.003910, Steps = 1282
2025-06-08 15:38:45,042 - INFO - Step 511000: Loss = 0.053430, Epsilon = 0.5071
2025-06-08 15:38:45,562 - INFO - Episode 399: Reward = -2.5751, Portfolio = $628.44, Return = -93.72%, Cash = $346.27, Crypto = 0.010923, Steps = 1282
2025-06-08 15:38:46,040 - INFO - Step 512000: Loss = 0.022166, Epsilon = 0.5062
2025-06-08 15:38:46,040 - INFO - Step 512000: Target network updated
2025-06-08 15:38:46,828 - INFO - Episode 400: Reward = -2.3030, Portfolio = $594.46, Return = -94.06%, Cash = $279.24, Crypto = 0.012202, Steps = 1282
2025-06-08 15:38:46,828 - INFO - Episode 400 Summary: Avg Reward (100 eps) = -2.2976, Avg Portfolio (100 eps) = $763.61, Epsilon = 0.505
2025-06-08 15:38:46,828 - INFO - 
Detailed steps for Episode 400:
2025-06-08 15:38:46,828 - INFO - Step | Action | Price    | RSI   | PnL    | Reward    | Portfolio   | Cash       | Crypto
2025-06-08 15:38:46,828 - INFO - --------------------------------------------------------------------------------------------------------------
2025-06-08 15:38:46,828 - INFO -    0 | SELL |  7909.73 |  21.9 |  -2.00% |   -0.0100 | $  10000.00 | $  10000.00 | 0.000000
2025-06-08 15:38:46,828 - INFO -    1 | HOLD |  7911.43 |  24.3 |  -2.00% |    0.0000 | $  10000.00 | $  10000.00 | 0.000000
2025-06-08 15:38:46,828 - INFO -    2 | HOLD |  4970.79 |  29.9 |  -2.00% |    0.0000 | $  10000.00 | $  10000.00 | 0.000000
2025-06-08 15:38:46,828 - INFO -    3 | SELL |  5563.71 |  13.1 |  -2.00% |   -0.0100 | $  10000.00 | $  10000.00 | 0.000000
2025-06-08 15:38:46,828 - INFO -    4 | HOLD |  5200.37 |  22.5 |  -2.00% |    0.0000 | $  10000.00 | $  10000.00 | 0.000000
2025-06-08 15:38:46,828 - INFO -    5 | SELL |  5392.31 |  21.4 |  -2.00% |   -0.0100 | $  10000.00 | $  10000.00 | 0.000000
2025-06-08 15:38:46,828 - INFO -    6 | BUY  |  5014.48 |  24.0 |  -2.00% |   -0.0049 | $   9950.98 | $   7500.00 | 0.488781
2025-06-08 15:38:46,828 - INFO -    7 | BUY  |  5225.63 |  18.7 |   0.00% |    0.0067 | $  10017.42 | $   5625.00 | 0.840554
2025-06-08 15:38:46,828 - INFO -    8 | BUY  |  5238.44 |  21.7 |   2.41% |   -0.0017 | $  10000.61 | $   4218.75 | 1.103738
2025-06-08 15:38:46,828 - INFO -    9 | SELL |  6191.19 |  22.0 |   2.01% |    0.0966 | $  10966.79 | $   5841.70 | 0.827804
2025-06-08 15:38:46,828 - INFO -   10 | SELL |  6198.78 |  29.1 |  20.56% |   -0.0053 | $  10908.92 | $   7060.40 | 0.620853
2025-06-08 15:38:46,828 - INFO -   11 | BUY  |  6185.07 |  28.7 |  20.71% |   -0.0040 | $  10865.80 | $   5295.30 | 0.900638
2025-06-08 15:38:46,828 - INFO -   12 | BUY  |  5830.25 |  29.6 |  13.25% |   -0.0318 | $  10520.29 | $   3971.47 | 1.123247
2025-06-08 15:38:46,828 - INFO -   13 | SELL |  6416.31 |  31.7 |   5.34% |    0.0540 | $  11088.49 | $   5683.16 | 0.842435
2025-06-08 15:38:46,828 - INFO -   14 | BUY  |  6734.80 |  38.6 |  15.93% |    0.0217 | $  11328.94 | $   4262.37 | 1.049261
2025-06-08 15:38:46,828 - INFO -   15 | HOLD |  6681.06 |  41.5 |  16.70% |   -0.0050 | $  11272.55 | $   4262.37 | 1.049261
2025-06-08 15:38:46,828 - INFO -   16 | BUY  |  6716.44 |  41.2 |  15.77% |    0.0014 | $  11288.77 | $   3196.78 | 1.204804
2025-06-08 15:38:46,828 - INFO -   17 | SELL |  6469.80 |  71.4 |  13.97% |   -0.0350 | $  10894.18 | $   5048.05 | 0.903603
2025-06-08 15:38:46,828 - INFO -   18 | HOLD |  6242.19 |  62.2 |   9.79% |   -0.0189 | $  10688.52 | $   5048.05 | 0.903603
2025-06-08 15:38:46,828 - INFO -   19 | SELL |  5922.04 |  64.5 |   5.92% |    0.0007 | $  10332.34 | $   6318.96 | 0.677702
2025-06-08 15:38:46,828 - INFO -   ...    ...      ...       ...     ...       ...         ...          ...         ...
2025-06-08 15:38:46,828 - INFO - 1262 | SELL | 26162.37 |  15.2 |  -3.41% |   -0.0061 | $    643.75 | $    284.00 | 0.013750
2025-06-08 15:38:46,828 - INFO - 1263 | SELL | 26047.67 |  14.8 |  -4.39% |   -0.0060 | $    637.69 | $    369.07 | 0.010313
2025-06-08 15:38:46,828 - INFO - 1264 | SELL | 26008.46 |  14.5 |  -4.81% |   -0.0063 | $    633.93 | $    432.77 | 0.007735
2025-06-08 15:38:46,828 - INFO - 1265 | HOLD | 26089.69 |  14.0 |  -4.95% |   -0.0065 | $    634.56 | $    432.77 | 0.007735
2025-06-08 15:38:46,828 - INFO - 1266 | HOLD | 26106.15 |  15.9 |  -4.66% |   -0.0082 | $    634.69 | $    432.77 | 0.007735
2025-06-08 15:38:46,828 - INFO - 1267 | BUY  | 27727.39 |  13.9 |  -4.59% |   -0.0061 | $    645.11 | $    324.58 | 0.011560
2025-06-08 15:38:46,828 - INFO - 1268 | SELL | 27297.27 |  37.9 |   0.89% |   -0.0064 | $    636.19 | $    399.52 | 0.008670
2025-06-08 15:38:46,828 - INFO - 1269 | SELL | 25931.47 |  38.1 |  -0.68% |   -0.0066 | $    621.54 | $    452.92 | 0.006503
2025-06-08 15:38:46,828 - INFO - 1270 | SELL | 25800.72 |  43.0 |  -5.65% |   -0.0068 | $    618.59 | $    492.76 | 0.004877
2025-06-08 15:38:46,828 - INFO - 1271 | HOLD | 25868.80 |  47.4 |  -6.12% |   -0.0065 | $    618.92 | $    492.76 | 0.004877
2025-06-08 15:38:46,828 - INFO - 1272 | HOLD | 25969.57 |  47.6 |  -5.88% |   -0.0066 | $    619.42 | $    492.76 | 0.004877
2025-06-08 15:38:46,829 - INFO - 1273 | SELL | 25812.42 |  47.7 |  -5.51% |   -0.0062 | $    617.08 | $    522.66 | 0.003658
2025-06-08 15:38:46,829 - INFO - 1274 | BUY  | 25779.98 |  46.8 |  -6.08% |   -0.0057 | $    614.40 | $    392.00 | 0.008627
2025-06-08 15:38:46,829 - INFO - 1275 | BUY  | 25753.24 |  47.4 |  -2.73% |   -0.0053 | $    612.24 | $    294.00 | 0.012357
2025-06-08 15:38:46,829 - INFO - 1276 | SELL | 26240.20 |  42.4 |  -1.99% |   -0.0044 | $    614.21 | $    371.01 | 0.009268
2025-06-08 15:38:46,829 - INFO - 1277 | BUY  | 25905.65 |  50.8 |  -0.14% |   -0.0046 | $    609.29 | $    278.26 | 0.012778
2025-06-08 15:38:46,829 - INFO - 1278 | BUY  | 25895.68 |  48.5 |  -1.03% |   -0.0045 | $    607.80 | $    208.69 | 0.015412
2025-06-08 15:38:46,829 - INFO - 1279 | SELL | 25832.23 |  48.8 |  -0.88% |   -0.0048 | $    601.84 | $    303.25 | 0.011559
2025-06-08 15:38:46,829 - INFO - 1280 | SELL | 25162.65 |  47.3 |  -1.13% |   -0.0053 | $    590.47 | $    372.33 | 0.008669
2025-06-08 15:38:46,829 - INFO - 1281 | BUY  | 25833.34 |  41.4 |  -3.69% |   -0.0054 | $    594.46 | $    279.24 | 0.012202
2025-06-08 15:38:46,829 - INFO - 
Action distribution for Episode 400:
2025-06-08 15:38:46,829 - INFO -   HOLD:  416 ( 32.4%)
2025-06-08 15:38:46,829 - INFO -   BUY:   382 ( 29.8%)
2025-06-08 15:38:46,829 - INFO -   SELL:  484 ( 37.8%)
2025-06-08 15:38:46,829 - INFO - --------------------------------------------------------------------------------------------------------------
2025-06-08 15:38:47,032 - INFO - Step 513000: Loss = 0.086813, Epsilon = 0.5052
2025-06-08 15:38:48,002 - INFO - Step 514000: Loss = 0.008248, Epsilon = 0.5042
2025-06-08 15:38:48,002 - INFO - Step 514000: Target network updated
2025-06-08 15:38:48,080 - INFO - Episode 401: Reward = -2.3289, Portfolio = $952.22, Return = -90.48%, Cash = $813.20, Crypto = 0.005381, Steps = 1282
2025-06-08 15:38:49,040 - INFO - Step 515000: Loss = 0.047896, Epsilon = 0.5033
2025-06-08 15:38:49,404 - INFO - Episode 402: Reward = -2.1889, Portfolio = $971.36, Return = -90.29%, Cash = $701.38, Crypto = 0.010451, Steps = 1282
2025-06-08 15:38:50,082 - INFO - Step 516000: Loss = 0.009550, Epsilon = 0.5023
2025-06-08 15:38:50,082 - INFO - Step 516000: Target network updated
2025-06-08 15:38:50,872 - INFO - Episode 403: Reward = -2.4321, Portfolio = $757.13, Return = -92.43%, Cash = $418.76, Crypto = 0.013098, Steps = 1282
2025-06-08 15:38:51,250 - INFO - Step 517000: Loss = 0.060016, Epsilon = 0.5013
2025-06-08 15:38:52,263 - INFO - Episode 404: Reward = -2.4039, Portfolio = $454.18, Return = -95.46%, Cash = $162.42, Crypto = 0.011294, Steps = 1282
2025-06-08 15:38:52,339 - INFO - Step 518000: Loss = 0.026278, Epsilon = 0.5004
2025-06-08 15:38:52,340 - INFO - Step 518000: Target network updated
2025-06-08 15:38:53,356 - INFO - Step 519000: Loss = 0.074133, Epsilon = 0.4994
2025-06-08 15:38:53,559 - INFO - Episode 405: Reward = -2.3615, Portfolio = $421.79, Return = -95.78%, Cash = $175.89, Crypto = 0.009519, Steps = 1282
2025-06-08 15:38:54,334 - INFO - Step 520000: Loss = 0.010873, Epsilon = 0.4984
2025-06-08 15:38:54,334 - INFO - Step 520000: Target network updated
2025-06-08 15:38:54,837 - INFO - Episode 406: Reward = -2.2300, Portfolio = $466.73, Return = -95.33%, Cash = $165.32, Crypto = 0.011668, Steps = 1282
2025-06-08 15:38:55,347 - INFO - Step 521000: Loss = 0.032615, Epsilon = 0.4975
2025-06-08 15:38:56,104 - INFO - Episode 407: Reward = -2.3181, Portfolio = $868.72, Return = -91.31%, Cash = $742.78, Crypto = 0.004875, Steps = 1282
2025-06-08 15:38:56,356 - INFO - Step 522000: Loss = 0.020721, Epsilon = 0.4965
2025-06-08 15:38:56,356 - INFO - Step 522000: Target network updated
2025-06-08 15:38:57,414 - INFO - Step 523000: Loss = 0.108298, Epsilon = 0.4955
2025-06-08 15:38:57,474 - INFO - Episode 408: Reward = -2.3362, Portfolio = $909.42, Return = -90.91%, Cash = $583.40, Crypto = 0.012620, Steps = 1282
2025-06-08 15:38:58,506 - INFO - Step 524000: Loss = 0.007934, Epsilon = 0.4946
2025-06-08 15:38:58,506 - INFO - Step 524000: Target network updated
2025-06-08 15:38:58,871 - INFO - Episode 409: Reward = -2.1385, Portfolio = $610.35, Return = -93.90%, Cash = $171.94, Crypto = 0.016971, Steps = 1282
2025-06-08 15:38:59,653 - INFO - Step 525000: Loss = 0.027792, Epsilon = 0.4936
2025-06-08 15:39:00,342 - INFO - Episode 410: Reward = -2.3717, Portfolio = $676.38, Return = -93.24%, Cash = $275.64, Crypto = 0.015513, Steps = 1282
2025-06-08 15:39:00,342 - INFO - Episode 410 Summary: Avg Reward (100 eps) = -2.3019, Avg Portfolio (100 eps) = $750.17, Epsilon = 0.493
2025-06-08 15:39:00,342 - INFO - 
Detailed steps for Episode 410:
2025-06-08 15:39:00,342 - INFO - Step | Action | Price    | RSI   | PnL    | Reward    | Portfolio   | Cash       | Crypto
2025-06-08 15:39:00,342 - INFO - --------------------------------------------------------------------------------------------------------------
2025-06-08 15:39:00,342 - INFO -    0 | HOLD |  7909.73 |  21.9 |  -2.00% |    0.0000 | $  10000.00 | $  10000.00 | 0.000000
2025-06-08 15:39:00,342 - INFO -    1 | BUY  |  7911.43 |  24.3 |  -2.00% |   -0.0049 | $   9950.98 | $   7500.00 | 0.309802
2025-06-08 15:39:00,342 - INFO -    2 | SELL |  4970.79 |  29.9 |   0.00% |   -0.0935 | $   9020.71 | $   7865.74 | 0.232352
2025-06-08 15:39:00,342 - INFO -    3 | SELL |  5563.71 |  13.1 | -37.17% |    0.0135 | $   9142.32 | $   8172.77 | 0.174264
2025-06-08 15:39:00,343 - INFO -    4 | HOLD |  5200.37 |  22.5 | -29.68% |   -0.0069 | $   9079.00 | $   8172.77 | 0.174264
2025-06-08 15:39:00,343 - INFO -    5 | SELL |  5392.31 |  21.4 | -34.27% |    0.0024 | $   9100.71 | $   8395.94 | 0.130698
2025-06-08 15:39:00,343 - INFO -    6 | SELL |  5014.48 |  24.0 | -31.84% |   -0.0063 | $   9043.13 | $   8551.59 | 0.098023
2025-06-08 15:39:00,343 - INFO -    7 | SELL |  5225.63 |  18.7 | -36.62% |    0.0016 | $   9057.43 | $   8673.25 | 0.073518
2025-06-08 15:39:00,343 - INFO -    8 | HOLD |  5238.44 |  21.7 | -33.95% |    0.0001 | $   9058.37 | $   8673.25 | 0.073518
2025-06-08 15:39:00,343 - INFO -    9 | BUY  |  6191.19 |  22.0 | -33.79% |    0.0030 | $   9085.90 | $   6504.94 | 0.416876
2025-06-08 15:39:00,343 - INFO -   10 | SELL |  6198.78 |  29.1 |  -4.67% |   -0.0032 | $   9056.76 | $   7118.67 | 0.312657
2025-06-08 15:39:00,343 - INFO -   11 | HOLD |  6185.07 |  28.7 |  -4.55% |   -0.0005 | $   9052.47 | $   7118.67 | 0.312657
2025-06-08 15:39:00,343 - INFO -   12 | HOLD |  5830.25 |  29.6 |  -4.77% |   -0.0123 | $   8941.54 | $   7118.67 | 0.312657
2025-06-08 15:39:00,343 - INFO -   13 | BUY  |  6416.31 |  31.7 | -10.23% |    0.0166 | $   9089.88 | $   5339.00 | 0.584584
2025-06-08 15:39:00,343 - INFO -   14 | SELL |  6734.80 |  38.6 |  -0.65% |    0.0151 | $   9226.85 | $   6274.05 | 0.438438
2025-06-08 15:39:00,343 - INFO -   15 | SELL |  6681.06 |  41.5 |   4.28% |   -0.0065 | $   9166.67 | $   6969.74 | 0.328829
2025-06-08 15:39:00,343 - INFO -   16 | SELL |  6716.44 |  41.2 |   3.45% |   -0.0017 | $   9150.69 | $   7494.28 | 0.246621
2025-06-08 15:39:00,343 - INFO -   17 | SELL |  6469.80 |  71.4 |   4.00% |   -0.0088 | $   9069.92 | $   7873.23 | 0.184966
2025-06-08 15:39:00,343 - INFO -   18 | BUY  |  6242.19 |  62.2 |   0.18% |   -0.0089 | $   8989.23 | $   5904.92 | 0.494106
2025-06-08 15:39:00,343 - INFO -   19 | BUY  |  5922.04 |  64.5 |  -1.28% |   -0.0028 | $   8802.09 | $   4428.69 | 0.738496
2025-06-08 15:39:00,343 - INFO -   ...    ...      ...       ...     ...       ...         ...          ...         ...
2025-06-08 15:39:00,343 - INFO - 1262 | SELL | 26162.37 |  15.2 |  -5.21% |   -0.0067 | $    720.91 | $    459.09 | 0.010008
2025-06-08 15:39:00,343 - INFO - 1263 | BUY  | 26047.67 |  14.8 |  -6.17% |   -0.0070 | $    717.51 | $    344.31 | 0.014327
2025-06-08 15:39:00,343 - INFO - 1264 | SELL | 26008.46 |  14.5 |  -4.69% |   -0.0075 | $    712.29 | $    432.81 | 0.010746
2025-06-08 15:39:00,343 - INFO - 1265 | BUY  | 26089.69 |  14.0 |  -4.84% |   -0.0076 | $    711.04 | $    324.61 | 0.014812
2025-06-08 15:39:00,343 - INFO - 1266 | BUY  | 26106.15 |  15.9 |  -3.33% |   -0.0092 | $    709.69 | $    243.46 | 0.017859
2025-06-08 15:39:00,343 - INFO - 1267 | HOLD | 27727.39 |  13.9 |  -2.73% |   -0.0034 | $    738.65 | $    243.46 | 0.017859
2025-06-08 15:39:00,343 - INFO - 1268 | BUY  | 27297.27 |  37.9 |   3.31% |   -0.0035 | $    729.77 | $    182.59 | 0.020045
2025-06-08 15:39:00,343 - INFO - 1269 | HOLD | 25931.47 |  38.1 |   1.52% |   -0.0044 | $    702.39 | $    182.59 | 0.020045
2025-06-08 15:39:00,343 - INFO - 1270 | HOLD | 25800.72 |  43.0 |  -3.56% |   -0.0043 | $    699.77 | $    182.59 | 0.020045
2025-06-08 15:39:00,343 - INFO - 1271 | SELL | 25868.80 |  47.4 |  -4.05% |   -0.0044 | $    694.66 | $    305.75 | 0.015034
2025-06-08 15:39:00,343 - INFO - 1272 | BUY  | 25969.57 |  47.6 |  -3.79% |   -0.0043 | $    694.67 | $    229.31 | 0.017920
2025-06-08 15:39:00,343 - INFO - 1273 | BUY  | 25812.42 |  47.7 |  -2.88% |   -0.0043 | $    690.73 | $    171.98 | 0.020097
2025-06-08 15:39:00,343 - INFO - 1274 | BUY  | 25779.98 |  46.8 |  -3.11% |   -0.0038 | $    689.24 | $    128.99 | 0.021732
2025-06-08 15:39:00,343 - INFO - 1275 | HOLD | 25753.24 |  47.4 |  -2.99% |   -0.0030 | $    688.66 | $    128.99 | 0.021732
2025-06-08 15:39:00,343 - INFO - 1276 | SELL | 26240.20 |  42.4 |  -3.09% |   -0.0024 | $    692.11 | $    264.42 | 0.016299
2025-06-08 15:39:00,343 - INFO - 1277 | HOLD | 25905.65 |  50.8 |  -1.26% |   -0.0027 | $    686.66 | $    264.42 | 0.016299
2025-06-08 15:39:00,343 - INFO - 1278 | BUY  | 25895.68 |  48.5 |  -2.52% |   -0.0029 | $    685.20 | $    198.32 | 0.018802
2025-06-08 15:39:00,343 - INFO - 1279 | BUY  | 25832.23 |  48.8 |  -2.23% |   -0.0027 | $    683.03 | $    148.74 | 0.020683
2025-06-08 15:39:00,343 - INFO - 1280 | HOLD | 25162.65 |  47.3 |  -2.25% |   -0.0031 | $    669.19 | $    148.74 | 0.020683
2025-06-08 15:39:00,343 - INFO - 1281 | SELL | 25833.34 |  41.4 |  -4.78% |   -0.0027 | $    676.38 | $    275.64 | 0.015513
2025-06-08 15:39:00,343 - INFO - 
Action distribution for Episode 410:
2025-06-08 15:39:00,343 - INFO -   HOLD:  493 ( 38.5%)
2025-06-08 15:39:00,343 - INFO -   BUY:   333 ( 26.0%)
2025-06-08 15:39:00,343 - INFO -   SELL:  456 ( 35.6%)
2025-06-08 15:39:00,344 - INFO - --------------------------------------------------------------------------------------------------------------
2025-06-08 15:39:00,786 - INFO - Step 526000: Loss = 0.012906, Epsilon = 0.4927
2025-06-08 15:39:00,786 - INFO - Step 526000: Target network updated
2025-06-08 15:39:01,756 - INFO - Episode 411: Reward = -2.0324, Portfolio = $861.40, Return = -91.39%, Cash = $772.05, Crypto = 0.003459, Steps = 1282
2025-06-08 15:39:01,864 - INFO - Step 527000: Loss = 0.029039, Epsilon = 0.4917
2025-06-08 15:39:02,868 - INFO - Step 528000: Loss = 0.007140, Epsilon = 0.4907
2025-06-08 15:39:02,868 - INFO - Step 528000: Target network updated
2025-06-08 15:39:03,056 - INFO - Episode 412: Reward = -2.4606, Portfolio = $1078.89, Return = -89.21%, Cash = $881.11, Crypto = 0.007656, Steps = 1282
2025-06-08 15:39:03,883 - INFO - Step 529000: Loss = 0.031603, Epsilon = 0.4898
2025-06-08 15:39:04,358 - INFO - Episode 413: Reward = -2.1787, Portfolio = $1516.31, Return = -84.84%, Cash = $989.36, Crypto = 0.020398, Steps = 1282
2025-06-08 15:39:04,907 - INFO - Step 530000: Loss = 0.008515, Epsilon = 0.4888
2025-06-08 15:39:04,907 - INFO - Step 530000: Target network updated
2025-06-08 15:39:05,655 - INFO - Episode 414: Reward = -2.3875, Portfolio = $531.55, Return = -94.68%, Cash = $179.47, Crypto = 0.013629, Steps = 1282
2025-06-08 15:39:05,916 - INFO - Step 531000: Loss = 0.013191, Epsilon = 0.4878
2025-06-08 15:39:07,159 - INFO - Step 532000: Loss = 0.007532, Epsilon = 0.4869
2025-06-08 15:39:07,160 - INFO - Step 532000: Target network updated
2025-06-08 15:39:07,193 - INFO - Episode 415: Reward = -2.3632, Portfolio = $577.55, Return = -94.22%, Cash = $428.66, Crypto = 0.005763, Steps = 1282
2025-06-08 15:39:08,276 - INFO - Step 533000: Loss = 0.027673, Epsilon = 0.4859
2025-06-08 15:39:08,631 - INFO - Episode 416: Reward = -1.8470, Portfolio = $678.41, Return = -93.22%, Cash = $284.44, Crypto = 0.015250, Steps = 1282
2025-06-08 15:39:09,385 - INFO - Step 534000: Loss = 0.006975, Epsilon = 0.4849
2025-06-08 15:39:09,385 - INFO - Step 534000: Target network updated
2025-06-08 15:39:09,997 - INFO - Episode 417: Reward = -2.3388, Portfolio = $670.58, Return = -93.29%, Cash = $38.59, Crypto = 0.024464, Steps = 1282
2025-06-08 15:39:10,437 - INFO - Step 535000: Loss = 0.036378, Epsilon = 0.4840
2025-06-08 15:39:11,417 - INFO - Episode 418: Reward = -2.3188, Portfolio = $823.22, Return = -91.77%, Cash = $547.66, Crypto = 0.010667, Steps = 1282
2025-06-08 15:39:11,562 - INFO - Step 536000: Loss = 0.007735, Epsilon = 0.4830
2025-06-08 15:39:11,562 - INFO - Step 536000: Target network updated
2025-06-08 15:39:12,627 - INFO - Step 537000: Loss = 0.016583, Epsilon = 0.4820
2025-06-08 15:39:12,779 - INFO - Episode 419: Reward = -2.5556, Portfolio = $426.09, Return = -95.74%, Cash = $143.63, Crypto = 0.010934, Steps = 1282
2025-06-08 15:39:13,622 - INFO - Step 538000: Loss = 0.030656, Epsilon = 0.4811
2025-06-08 15:39:13,623 - INFO - Step 538000: Target network updated
2025-06-08 15:39:14,066 - INFO - Episode 420: Reward = -2.1509, Portfolio = $621.87, Return = -93.78%, Cash = $382.81, Crypto = 0.009254, Steps = 1282
2025-06-08 15:39:14,066 - INFO - Episode 420 Summary: Avg Reward (100 eps) = -2.2838, Avg Portfolio (100 eps) = $767.15, Epsilon = 0.481
2025-06-08 15:39:14,066 - INFO - 
Detailed steps for Episode 420:
2025-06-08 15:39:14,066 - INFO - Step | Action | Price    | RSI   | PnL    | Reward    | Portfolio   | Cash       | Crypto
2025-06-08 15:39:14,066 - INFO - --------------------------------------------------------------------------------------------------------------
2025-06-08 15:39:14,066 - INFO -    0 | HOLD |  7909.73 |  21.9 |  -2.00% |    0.0000 | $  10000.00 | $  10000.00 | 0.000000
2025-06-08 15:39:14,066 - INFO -    1 | SELL |  7911.43 |  24.3 |  -2.00% |   -0.0100 | $  10000.00 | $  10000.00 | 0.000000
2025-06-08 15:39:14,066 - INFO -    2 | HOLD |  4970.79 |  29.9 |  -2.00% |    0.0000 | $  10000.00 | $  10000.00 | 0.000000
2025-06-08 15:39:14,066 - INFO -    3 | HOLD |  5563.71 |  13.1 |  -2.00% |    0.0000 | $  10000.00 | $  10000.00 | 0.000000
2025-06-08 15:39:14,066 - INFO -    4 | SELL |  5200.37 |  22.5 |  -2.00% |   -0.0100 | $  10000.00 | $  10000.00 | 0.000000
2025-06-08 15:39:14,067 - INFO -    5 | HOLD |  5392.31 |  21.4 |  -2.00% |    0.0000 | $  10000.00 | $  10000.00 | 0.000000
2025-06-08 15:39:14,067 - INFO -    6 | SELL |  5014.48 |  24.0 |  -2.00% |   -0.0100 | $  10000.00 | $  10000.00 | 0.000000
2025-06-08 15:39:14,067 - INFO -    7 | SELL |  5225.63 |  18.7 |  -2.00% |   -0.0100 | $  10000.00 | $  10000.00 | 0.000000
2025-06-08 15:39:14,067 - INFO -    8 | SELL |  5238.44 |  21.7 |  -2.00% |   -0.0100 | $  10000.00 | $  10000.00 | 0.000000
2025-06-08 15:39:14,067 - INFO -    9 | BUY  |  6191.19 |  22.0 |  -2.00% |   -0.0049 | $   9950.98 | $   7500.00 | 0.395882
2025-06-08 15:39:14,067 - INFO -   10 | HOLD |  6198.78 |  29.1 |   0.00% |    0.0003 | $   9953.98 | $   7500.00 | 0.395882
2025-06-08 15:39:14,067 - INFO -   11 | BUY  |  6185.07 |  28.7 |   0.12% |   -0.0042 | $   9911.79 | $   5625.00 | 0.693087
2025-06-08 15:39:14,067 - INFO -   12 | BUY  |  5830.25 |  29.6 |  -0.06% |   -0.0276 | $   9638.30 | $   4218.75 | 0.929557
2025-06-08 15:39:14,067 - INFO -   13 | HOLD |  6416.31 |  31.7 |  -4.38% |    0.0565 | $  10183.08 | $   4218.75 | 0.929557
2025-06-08 15:39:14,067 - INFO -   14 | BUY  |  6734.80 |  38.6 |   5.23% |    0.0270 | $  10458.45 | $   3164.06 | 1.083088
2025-06-08 15:39:14,067 - INFO -   15 | SELL |  6681.06 |  41.5 |   8.84% |   -0.0142 | $  10309.79 | $   4882.66 | 0.812316
2025-06-08 15:39:14,067 - INFO -   16 | SELL |  6716.44 |  41.2 |   7.97% |   -0.0038 | $  10270.33 | $   6178.43 | 0.609237
2025-06-08 15:39:14,067 - INFO -   17 | HOLD |  6469.80 |  71.4 |   8.54% |   -0.0146 | $  10120.07 | $   6178.43 | 0.609237
2025-06-08 15:39:14,067 - INFO -   18 | HOLD |  6242.19 |  62.2 |   4.56% |   -0.0137 | $   9981.40 | $   6178.43 | 0.609237
2025-06-08 15:39:14,067 - INFO -   19 | HOLD |  5922.04 |  64.5 |   0.88% |   -0.0006 | $   9786.36 | $   6178.43 | 0.609237
2025-06-08 15:39:14,067 - INFO -   ...    ...      ...       ...     ...       ...         ...          ...         ...
2025-06-08 15:39:14,067 - INFO - 1262 | HOLD | 26162.37 |  15.2 | -10.14% |   -0.0037 | $    653.18 | $     14.92 | 0.024396
2025-06-08 15:39:14,067 - INFO - 1263 | HOLD | 26047.67 |  14.8 | -11.05% |   -0.0035 | $    650.38 | $     14.92 | 0.024396
2025-06-08 15:39:14,067 - INFO - 1264 | HOLD | 26008.46 |  14.5 | -11.44% |   -0.0036 | $    649.43 | $     14.92 | 0.024396
2025-06-08 15:39:14,067 - INFO - 1265 | BUY  | 26089.69 |  14.0 | -11.58% |   -0.0035 | $    651.34 | $     11.19 | 0.024537
2025-06-08 15:39:14,067 - INFO - 1266 | HOLD | 26106.15 |  15.9 | -11.24% |   -0.0040 | $    651.74 | $     11.19 | 0.024537
2025-06-08 15:39:14,067 - INFO - 1267 | HOLD | 27727.39 |  13.9 | -11.19% |   -0.0014 | $    691.52 | $     11.19 | 0.024537
2025-06-08 15:39:14,067 - INFO - 1268 | BUY  | 27297.27 |  37.9 |  -5.67% |   -0.0016 | $    680.91 | $      8.39 | 0.024637
2025-06-08 15:39:14,067 - INFO - 1269 | HOLD | 25931.47 |  38.1 |  -7.11% |   -0.0024 | $    647.26 | $      8.39 | 0.024637
2025-06-08 15:39:14,067 - INFO - 1270 | SELL | 25800.72 |  43.0 | -11.76% |   -0.0028 | $    636.10 | $    159.36 | 0.018478
2025-06-08 15:39:14,067 - INFO - 1271 | HOLD | 25868.80 |  47.4 | -12.20% |   -0.0027 | $    637.35 | $    159.36 | 0.018478
2025-06-08 15:39:14,067 - INFO - 1272 | HOLD | 25969.57 |  47.6 | -11.97% |   -0.0027 | $    639.22 | $    159.36 | 0.018478
2025-06-08 15:39:14,067 - INFO - 1273 | HOLD | 25812.42 |  47.7 | -11.63% |   -0.0026 | $    636.31 | $    159.36 | 0.018478
2025-06-08 15:39:14,067 - INFO - 1274 | SELL | 25779.98 |  46.8 | -12.16% |   -0.0025 | $    629.76 | $    272.49 | 0.013858
2025-06-08 15:39:14,067 - INFO - 1275 | BUY  | 25753.24 |  47.4 | -12.27% |   -0.0014 | $    628.05 | $    204.37 | 0.016452
2025-06-08 15:39:14,067 - INFO - 1276 | SELL | 26240.20 |  42.4 | -10.62% |   -0.0008 | $    630.67 | $    306.90 | 0.012339
2025-06-08 15:39:14,067 - INFO - 1277 | SELL | 25905.65 |  50.8 |  -8.93% |   -0.0011 | $    622.54 | $    382.81 | 0.009254
2025-06-08 15:39:14,067 - INFO - 1278 | HOLD | 25895.68 |  48.5 | -10.09% |   -0.0012 | $    622.45 | $    382.81 | 0.009254
2025-06-08 15:39:14,067 - INFO - 1279 | HOLD | 25832.23 |  48.8 | -10.13% |   -0.0012 | $    621.86 | $    382.81 | 0.009254
2025-06-08 15:39:14,067 - INFO - 1280 | HOLD | 25162.65 |  47.3 | -10.35% |   -0.0014 | $    615.67 | $    382.81 | 0.009254
2025-06-08 15:39:14,067 - INFO - 1281 | HOLD | 25833.34 |  41.4 | -12.67% |   -0.0015 | $    621.87 | $    382.81 | 0.009254
2025-06-08 15:39:14,067 - INFO - 
Action distribution for Episode 420:
2025-06-08 15:39:14,067 - INFO -   HOLD:  443 ( 34.6%)
2025-06-08 15:39:14,067 - INFO -   BUY:   434 ( 33.9%)
2025-06-08 15:39:14,067 - INFO -   SELL:  405 ( 31.6%)
2025-06-08 15:39:14,067 - INFO - --------------------------------------------------------------------------------------------------------------
2025-06-08 15:39:14,624 - INFO - Step 539000: Loss = 0.030242, Epsilon = 0.4801
2025-06-08 15:39:15,330 - INFO - Episode 421: Reward = -2.0231, Portfolio = $651.28, Return = -93.49%, Cash = $318.18, Crypto = 0.012894, Steps = 1282
2025-06-08 15:39:15,605 - INFO - Step 540000: Loss = 0.008536, Epsilon = 0.4792
2025-06-08 15:39:15,605 - INFO - Step 540000: Target network updated
2025-06-08 15:39:16,618 - INFO - Step 541000: Loss = 0.034751, Epsilon = 0.4782
2025-06-08 15:39:16,622 - INFO - Episode 422: Reward = -2.1371, Portfolio = $767.18, Return = -92.33%, Cash = $225.31, Crypto = 0.020976, Steps = 1282
2025-06-08 15:39:17,697 - INFO - Step 542000: Loss = 0.009765, Epsilon = 0.4772
2025-06-08 15:39:17,698 - INFO - Step 542000: Target network updated
2025-06-08 15:39:18,044 - INFO - Episode 423: Reward = -1.9377, Portfolio = $1147.74, Return = -88.52%, Cash = $631.84, Crypto = 0.019970, Steps = 1282
2025-06-08 15:39:18,866 - INFO - Step 543000: Loss = 0.044652, Epsilon = 0.4763
2025-06-08 15:39:19,503 - INFO - Episode 424: Reward = -2.1255, Portfolio = $932.37, Return = -90.68%, Cash = $92.51, Crypto = 0.032510, Steps = 1282
2025-06-08 15:39:19,985 - INFO - Step 544000: Loss = 0.008718, Epsilon = 0.4753
2025-06-08 15:39:19,985 - INFO - Step 544000: Target network updated
2025-06-08 15:39:20,884 - INFO - Episode 425: Reward = -2.5180, Portfolio = $1292.19, Return = -87.08%, Cash = $528.59, Crypto = 0.029559, Steps = 1282
2025-06-08 15:39:21,052 - INFO - Step 545000: Loss = 0.023742, Epsilon = 0.4743
2025-06-08 15:39:22,139 - INFO - Step 546000: Loss = 0.004850, Epsilon = 0.4734
2025-06-08 15:39:22,139 - INFO - Step 546000: Target network updated
2025-06-08 15:39:22,269 - INFO - Episode 426: Reward = -2.2013, Portfolio = $536.72, Return = -94.63%, Cash = $255.99, Crypto = 0.010867, Steps = 1282
2025-06-08 15:39:23,140 - INFO - Step 547000: Loss = 0.026622, Epsilon = 0.4724
2025-06-08 15:39:23,541 - INFO - Episode 427: Reward = -2.3298, Portfolio = $532.79, Return = -94.67%, Cash = $161.36, Crypto = 0.014378, Steps = 1282
2025-06-08 15:39:24,124 - INFO - Step 548000: Loss = 0.007739, Epsilon = 0.4714
2025-06-08 15:39:24,124 - INFO - Step 548000: Target network updated
2025-06-08 15:39:24,813 - INFO - Episode 428: Reward = -2.6592, Portfolio = $805.39, Return = -91.95%, Cash = $411.65, Crypto = 0.015242, Steps = 1282
2025-06-08 15:39:25,197 - INFO - Step 549000: Loss = 0.018821, Epsilon = 0.4705
2025-06-08 15:39:26,192 - INFO - Episode 429: Reward = -2.4176, Portfolio = $573.31, Return = -94.27%, Cash = $294.45, Crypto = 0.010795, Steps = 1282
2025-06-08 15:39:26,216 - INFO - Step 550000: Loss = 0.008428, Epsilon = 0.4695
2025-06-08 15:39:26,216 - INFO - Step 550000: Target network updated
2025-06-08 15:39:27,225 - INFO - Step 551000: Loss = 0.017905, Epsilon = 0.4685
2025-06-08 15:39:27,476 - INFO - Episode 430: Reward = -2.1703, Portfolio = $550.30, Return = -94.50%, Cash = $272.58, Crypto = 0.010750, Steps = 1282
2025-06-08 15:39:27,476 - INFO - Episode 430 Summary: Avg Reward (100 eps) = -2.2788, Avg Portfolio (100 eps) = $775.76, Epsilon = 0.468
2025-06-08 15:39:27,476 - INFO - 
Detailed steps for Episode 430:
2025-06-08 15:39:27,476 - INFO - Step | Action | Price    | RSI   | PnL    | Reward    | Portfolio   | Cash       | Crypto
2025-06-08 15:39:27,476 - INFO - --------------------------------------------------------------------------------------------------------------
2025-06-08 15:39:27,476 - INFO -    0 | SELL |  7909.73 |  21.9 |  -2.00% |   -0.0100 | $  10000.00 | $  10000.00 | 0.000000
2025-06-08 15:39:27,476 - INFO -    1 | HOLD |  7911.43 |  24.3 |  -2.00% |    0.0000 | $  10000.00 | $  10000.00 | 0.000000
2025-06-08 15:39:27,476 - INFO -    2 | HOLD |  4970.79 |  29.9 |  -2.00% |    0.0000 | $  10000.00 | $  10000.00 | 0.000000
2025-06-08 15:39:27,476 - INFO -    3 | BUY  |  5563.71 |  13.1 |  -2.00% |   -0.0049 | $   9950.98 | $   7500.00 | 0.440530
2025-06-08 15:39:27,476 - INFO -    4 | BUY  |  5200.37 |  22.5 |   0.00% |   -0.0198 | $   9754.15 | $   5625.00 | 0.794012
2025-06-08 15:39:27,476 - INFO -    5 | HOLD |  5392.31 |  21.4 |  -3.73% |    0.0156 | $   9906.56 | $   5625.00 | 0.794012
2025-06-08 15:39:27,476 - INFO -    6 | BUY  |  5014.48 |  24.0 |  -0.18% |   -0.0331 | $   9578.98 | $   4218.75 | 1.068951
2025-06-08 15:39:27,476 - INFO -    7 | SELL |  5225.63 |  18.7 |  -5.43% |    0.0163 | $   9734.87 | $   5545.41 | 0.801713
2025-06-08 15:39:27,476 - INFO -    8 | SELL |  5238.44 |  21.7 |  -1.45% |   -0.0043 | $   9692.64 | $   6542.85 | 0.601285
2025-06-08 15:39:27,476 - INFO -    9 | SELL |  6191.19 |  22.0 |  -1.20% |    0.0543 | $  10218.98 | $   7426.98 | 0.450964
2025-06-08 15:39:27,476 - INFO -   10 | HOLD |  6198.78 |  29.1 |  16.76% |    0.0003 | $  10222.40 | $   7426.98 | 0.450964
2025-06-08 15:39:27,476 - INFO -   11 | HOLD |  6185.07 |  28.7 |  16.91% |   -0.0006 | $  10216.22 | $   7426.98 | 0.450964
2025-06-08 15:39:27,477 - INFO -   12 | SELL |  5830.25 |  29.6 |  16.65% |   -0.0189 | $  10023.35 | $   8051.42 | 0.338223
2025-06-08 15:39:27,477 - INFO -   13 | HOLD |  6416.31 |  31.7 |   9.96% |    0.0198 | $  10221.57 | $   8051.42 | 0.338223
2025-06-08 15:39:27,477 - INFO -   14 | HOLD |  6734.80 |  38.6 |  21.01% |    0.0105 | $  10329.29 | $   8051.42 | 0.338223
2025-06-08 15:39:27,477 - INFO -   15 | SELL |  6681.06 |  41.5 |  27.02% |   -0.0045 | $  10282.87 | $   8588.10 | 0.253667
2025-06-08 15:39:27,477 - INFO -   16 | BUY  |  6716.44 |  41.2 |  26.00% |   -0.0032 | $  10249.74 | $   6441.07 | 0.567066
2025-06-08 15:39:27,477 - INFO -   17 | HOLD |  6469.80 |  71.4 |  10.40% |   -0.0136 | $  10109.88 | $   6441.07 | 0.567066
2025-06-08 15:39:27,477 - INFO -   18 | SELL |  6242.19 |  62.2 |   6.34% |   -0.0171 | $   9936.56 | $   7281.76 | 0.425300
2025-06-08 15:39:27,477 - INFO -   19 | SELL |  5922.04 |  64.5 |   2.60% |   -0.0006 | $   9768.92 | $   7879.94 | 0.318975
2025-06-08 15:39:27,477 - INFO -   ...    ...      ...       ...     ...       ...         ...          ...         ...
2025-06-08 15:39:27,477 - INFO - 1262 | SELL | 26162.37 |  15.2 |  -2.73% |   -0.0088 | $    583.17 | $    463.41 | 0.004578
2025-06-08 15:39:27,477 - INFO - 1263 | BUY  | 26047.67 |  14.8 |  -3.72% |   -0.0088 | $    580.37 | $    347.55 | 0.008938
2025-06-08 15:39:27,477 - INFO - 1264 | HOLD | 26008.46 |  14.5 |  -2.16% |   -0.0089 | $    580.02 | $    347.55 | 0.008938
2025-06-08 15:39:27,477 - INFO - 1265 | HOLD | 26089.69 |  14.0 |  -2.31% |   -0.0085 | $    580.74 | $    347.55 | 0.008938
2025-06-08 15:39:27,477 - INFO - 1266 | BUY  | 26106.15 |  15.9 |  -2.01% |   -0.0102 | $    579.19 | $    260.67 | 0.012201
2025-06-08 15:39:27,477 - INFO - 1267 | HOLD | 27727.39 |  13.9 |  -1.43% |   -0.0035 | $    598.97 | $    260.67 | 0.012201
2025-06-08 15:39:27,477 - INFO - 1268 | BUY  | 27297.27 |  37.9 |   4.69% |   -0.0036 | $    592.44 | $    195.50 | 0.014542
2025-06-08 15:39:27,477 - INFO - 1269 | HOLD | 25931.47 |  38.1 |   2.56% |   -0.0043 | $    572.58 | $    195.50 | 0.014542
2025-06-08 15:39:27,477 - INFO - 1270 | HOLD | 25800.72 |  43.0 |  -2.57% |   -0.0042 | $    570.68 | $    195.50 | 0.014542
2025-06-08 15:39:27,477 - INFO - 1271 | SELL | 25868.80 |  47.4 |  -3.06% |   -0.0042 | $    566.97 | $    284.84 | 0.010906
2025-06-08 15:39:27,477 - INFO - 1272 | SELL | 25969.57 |  47.6 |  -2.81% |   -0.0043 | $    564.53 | $    352.11 | 0.008180
2025-06-08 15:39:27,477 - INFO - 1273 | HOLD | 25812.42 |  47.7 |  -2.43% |   -0.0041 | $    563.24 | $    352.11 | 0.008180
2025-06-08 15:39:27,477 - INFO - 1274 | BUY  | 25779.98 |  46.8 |  -3.02% |   -0.0038 | $    561.25 | $    264.08 | 0.011527
2025-06-08 15:39:27,477 - INFO - 1275 | BUY  | 25753.24 |  47.4 |  -2.25% |   -0.0031 | $    559.65 | $    198.06 | 0.014040
2025-06-08 15:39:27,477 - INFO - 1276 | HOLD | 26240.20 |  42.4 |  -1.94% |   -0.0021 | $    566.49 | $    198.06 | 0.014040
2025-06-08 15:39:27,477 - INFO - 1277 | BUY  | 25905.65 |  50.8 |  -0.08% |   -0.0026 | $    560.82 | $    148.54 | 0.015914
2025-06-08 15:39:27,477 - INFO - 1278 | HOLD | 25895.68 |  48.5 |  -1.20% |   -0.0024 | $    560.66 | $    148.54 | 0.015914
2025-06-08 15:39:27,477 - INFO - 1279 | SELL | 25832.23 |  48.8 |  -1.24% |   -0.0027 | $    554.51 | $    246.18 | 0.011936
2025-06-08 15:39:27,477 - INFO - 1280 | BUY  | 25162.65 |  47.3 |  -1.48% |   -0.0030 | $    545.31 | $    184.64 | 0.014334
2025-06-08 15:39:27,477 - INFO - 1281 | SELL | 25833.34 |  41.4 |  -3.38% |   -0.0026 | $    550.30 | $    272.58 | 0.010750
2025-06-08 15:39:27,477 - INFO - 
Action distribution for Episode 430:
2025-06-08 15:39:27,477 - INFO -   HOLD:  442 ( 34.5%)
2025-06-08 15:39:27,477 - INFO -   BUY:   400 ( 31.2%)
2025-06-08 15:39:27,477 - INFO -   SELL:  440 ( 34.3%)
2025-06-08 15:39:27,477 - INFO - --------------------------------------------------------------------------------------------------------------
2025-06-08 15:39:28,222 - INFO - Step 552000: Loss = 0.004768, Epsilon = 0.4676
2025-06-08 15:39:28,223 - INFO - Step 552000: Target network updated
2025-06-08 15:39:28,770 - INFO - Episode 431: Reward = -2.2110, Portfolio = $804.52, Return = -91.95%, Cash = $182.59, Crypto = 0.024075, Steps = 1282
2025-06-08 15:39:29,250 - INFO - Step 553000: Loss = 0.027676, Epsilon = 0.4666
2025-06-08 15:39:30,234 - INFO - Episode 432: Reward = -2.2212, Portfolio = $645.16, Return = -93.55%, Cash = $456.41, Crypto = 0.007307, Steps = 1282
2025-06-08 15:39:30,444 - INFO - Step 554000: Loss = 0.006997, Epsilon = 0.4656
2025-06-08 15:39:30,445 - INFO - Step 554000: Target network updated
2025-06-08 15:39:31,687 - INFO - Step 555000: Loss = 0.023426, Epsilon = 0.4647
2025-06-08 15:39:31,806 - INFO - Episode 433: Reward = -2.0366, Portfolio = $549.58, Return = -94.50%, Cash = $267.38, Crypto = 0.010924, Steps = 1282
2025-06-08 15:39:32,854 - INFO - Step 556000: Loss = 0.005488, Epsilon = 0.4637
2025-06-08 15:39:32,854 - INFO - Step 556000: Target network updated
2025-06-08 15:39:33,313 - INFO - Episode 434: Reward = -2.0326, Portfolio = $631.85, Return = -93.68%, Cash = $396.53, Crypto = 0.009109, Steps = 1282
2025-06-08 15:39:34,012 - INFO - Step 557000: Loss = 0.021731, Epsilon = 0.4628
2025-06-08 15:39:34,734 - INFO - Episode 435: Reward = -2.1817, Portfolio = $581.21, Return = -94.19%, Cash = $209.54, Crypto = 0.014387, Steps = 1282
2025-06-08 15:39:35,062 - INFO - Step 558000: Loss = 0.013013, Epsilon = 0.4618
2025-06-08 15:39:35,062 - INFO - Step 558000: Target network updated
2025-06-08 15:39:36,031 - INFO - Episode 436: Reward = -2.5881, Portfolio = $709.48, Return = -92.91%, Cash = $311.52, Crypto = 0.015405, Steps = 1282
2025-06-08 15:39:36,101 - INFO - Step 559000: Loss = 0.025238, Epsilon = 0.4608
2025-06-08 15:39:37,122 - INFO - Step 560000: Loss = 0.010865, Epsilon = 0.4599
2025-06-08 15:39:37,122 - INFO - Step 560000: Target network updated
2025-06-08 15:39:37,350 - INFO - Episode 437: Reward = -2.4689, Portfolio = $1030.86, Return = -89.69%, Cash = $776.35, Crypto = 0.009852, Steps = 1282
2025-06-08 15:39:38,118 - INFO - Step 561000: Loss = 0.032765, Epsilon = 0.4589
2025-06-08 15:39:38,641 - INFO - Episode 438: Reward = -1.9414, Portfolio = $1339.50, Return = -86.61%, Cash = $926.48, Crypto = 0.015988, Steps = 1282
2025-06-08 15:39:39,128 - INFO - Step 562000: Loss = 0.007471, Epsilon = 0.4579
2025-06-08 15:39:39,128 - INFO - Step 562000: Target network updated
2025-06-08 15:39:39,925 - INFO - Episode 439: Reward = -2.3014, Portfolio = $827.98, Return = -91.72%, Cash = $533.41, Crypto = 0.011403, Steps = 1282
2025-06-08 15:39:40,121 - INFO - Step 563000: Loss = 0.039778, Epsilon = 0.4570
2025-06-08 15:39:41,122 - INFO - Step 564000: Loss = 0.007001, Epsilon = 0.4560
2025-06-08 15:39:41,122 - INFO - Step 564000: Target network updated
2025-06-08 15:39:41,207 - INFO - Episode 440: Reward = -2.0627, Portfolio = $474.41, Return = -95.26%, Cash = $303.73, Crypto = 0.006607, Steps = 1282
2025-06-08 15:39:41,207 - INFO - Episode 440 Summary: Avg Reward (100 eps) = -2.2755, Avg Portfolio (100 eps) = $787.51, Epsilon = 0.456
2025-06-08 15:39:41,207 - INFO - 
Detailed steps for Episode 440:
2025-06-08 15:39:41,207 - INFO - Step | Action | Price    | RSI   | PnL    | Reward    | Portfolio   | Cash       | Crypto
2025-06-08 15:39:41,207 - INFO - --------------------------------------------------------------------------------------------------------------
2025-06-08 15:39:41,207 - INFO -    0 | HOLD |  7909.73 |  21.9 |  -2.00% |    0.0000 | $  10000.00 | $  10000.00 | 0.000000
2025-06-08 15:39:41,207 - INFO -    1 | SELL |  7911.43 |  24.3 |  -2.00% |   -0.0100 | $  10000.00 | $  10000.00 | 0.000000
2025-06-08 15:39:41,207 - INFO -    2 | SELL |  4970.79 |  29.9 |  -2.00% |   -0.0100 | $  10000.00 | $  10000.00 | 0.000000
2025-06-08 15:39:41,207 - INFO -    3 | BUY  |  5563.71 |  13.1 |  -2.00% |   -0.0049 | $   9950.98 | $   7500.00 | 0.440530
2025-06-08 15:39:41,207 - INFO -    4 | SELL |  5200.37 |  22.5 |   0.00% |   -0.0190 | $   9762.28 | $   8044.09 | 0.330398
2025-06-08 15:39:41,207 - INFO -    5 | SELL |  5392.31 |  21.4 |  -6.53% |    0.0042 | $   9803.43 | $   8467.22 | 0.247798
2025-06-08 15:39:41,207 - INFO -    6 | SELL |  5014.48 |  24.0 |  -3.08% |   -0.0111 | $   9694.27 | $   8762.34 | 0.185849
2025-06-08 15:39:41,207 - INFO -    7 | HOLD |  5225.63 |  18.7 |  -9.87% |    0.0040 | $   9733.51 | $   8762.34 | 0.185849
2025-06-08 15:39:41,207 - INFO -    8 | BUY  |  5238.44 |  21.7 |  -6.08% |   -0.0042 | $   9692.94 | $   6571.75 | 0.595824
2025-06-08 15:39:41,207 - INFO -    9 | BUY  |  6191.19 |  22.0 |  -1.90% |    0.0552 | $  10228.40 | $   4928.81 | 0.855988
2025-06-08 15:39:41,207 - INFO -   10 | SELL |  6198.78 |  29.1 |  10.58% |   -0.0058 | $  10168.57 | $   6189.01 | 0.641991
2025-06-08 15:39:41,207 - INFO -   11 | BUY  |  6185.07 |  28.7 |  10.72% |   -0.0038 | $  10129.43 | $   4641.76 | 0.887245
2025-06-08 15:39:41,207 - INFO -   12 | SELL |  5830.25 |  29.6 |   7.37% |   -0.0375 | $   9749.96 | $   5870.31 | 0.665434
2025-06-08 15:39:41,207 - INFO -   13 | BUY  |  6416.31 |  31.7 |   1.21% |    0.0370 | $  10111.17 | $   4402.73 | 0.889675
2025-06-08 15:39:41,207 - INFO -   14 | SELL |  6734.80 |  38.6 |   8.27% |    0.0206 | $  10319.62 | $   5825.78 | 0.667256
2025-06-08 15:39:41,207 - INFO -   15 | SELL |  6681.06 |  41.5 |  13.65% |   -0.0089 | $  10228.04 | $   6884.55 | 0.500442
2025-06-08 15:39:41,207 - INFO -   16 | HOLD |  6716.44 |  41.2 |  12.74% |    0.0017 | $  10245.74 | $   6884.55 | 0.500442
2025-06-08 15:39:41,207 - INFO -   17 | BUY  |  6469.80 |  71.4 |  13.34% |   -0.0153 | $  10088.57 | $   5163.42 | 0.761253
2025-06-08 15:39:41,207 - INFO -   18 | HOLD |  6242.19 |  62.2 |   5.85% |   -0.0172 | $   9915.30 | $   5163.42 | 0.761253
2025-06-08 15:39:41,207 - INFO -   19 | HOLD |  5922.04 |  64.5 |   2.13% |   -0.0008 | $   9671.59 | $   5163.42 | 0.761253
2025-06-08 15:39:41,207 - INFO -   ...    ...      ...       ...     ...       ...         ...          ...         ...
2025-06-08 15:39:41,207 - INFO - 1262 | SELL | 26162.37 |  15.2 |  -4.32% |   -0.0062 | $    515.85 | $    296.45 | 0.008386
2025-06-08 15:39:41,207 - INFO - 1263 | BUY  | 26047.67 |  14.8 |  -5.30% |   -0.0064 | $    513.44 | $    222.33 | 0.011176
2025-06-08 15:39:41,207 - INFO - 1264 | HOLD | 26008.46 |  14.5 |  -4.35% |   -0.0063 | $    513.00 | $    222.33 | 0.011176
2025-06-08 15:39:41,207 - INFO - 1265 | SELL | 26089.69 |  14.0 |  -4.49% |   -0.0068 | $    510.26 | $    291.58 | 0.008382
2025-06-08 15:39:41,207 - INFO - 1266 | BUY  | 26106.15 |  15.9 |  -4.20% |   -0.0092 | $    508.97 | $    218.69 | 0.011119
2025-06-08 15:39:41,207 - INFO - 1267 | BUY  | 27727.39 |  13.9 |  -3.15% |   -0.0044 | $    525.92 | $    164.02 | 0.013052
2025-06-08 15:39:41,207 - INFO - 1268 | HOLD | 27297.27 |  37.9 |   2.43% |   -0.0046 | $    520.31 | $    164.02 | 0.013052
2025-06-08 15:39:41,207 - INFO - 1269 | SELL | 25931.47 |  38.1 |   0.84% |   -0.0053 | $    498.25 | $    244.40 | 0.009789
2025-06-08 15:39:41,207 - INFO - 1270 | HOLD | 25800.72 |  43.0 |  -4.20% |   -0.0054 | $    496.97 | $    244.40 | 0.009789
2025-06-08 15:39:41,207 - INFO - 1271 | BUY  | 25868.80 |  47.4 |  -4.69% |   -0.0052 | $    496.44 | $    183.30 | 0.012105
2025-06-08 15:39:41,207 - INFO - 1272 | BUY  | 25969.57 |  47.6 |  -3.62% |   -0.0049 | $    496.76 | $    137.48 | 0.013835
2025-06-08 15:39:41,207 - INFO - 1273 | BUY  | 25812.42 |  47.7 |  -2.85% |   -0.0046 | $    493.91 | $    103.11 | 0.015140
2025-06-08 15:39:41,207 - INFO - 1274 | HOLD | 25779.98 |  46.8 |  -3.15% |   -0.0041 | $    493.42 | $    103.11 | 0.015140
2025-06-08 15:39:41,207 - INFO - 1275 | BUY  | 25753.24 |  47.4 |  -3.27% |   -0.0034 | $    492.51 | $     77.33 | 0.016122
2025-06-08 15:39:41,207 - INFO - 1276 | BUY  | 26240.20 |  42.4 |  -3.17% |   -0.0022 | $    499.98 | $     58.00 | 0.016844
2025-06-08 15:39:41,208 - INFO - 1277 | SELL | 25905.65 |  50.8 |  -1.28% |   -0.0027 | $    488.89 | $    161.63 | 0.012633
2025-06-08 15:39:41,208 - INFO - 1278 | SELL | 25895.68 |  48.5 |  -2.54% |   -0.0029 | $    484.68 | $    239.33 | 0.009475
2025-06-08 15:39:41,208 - INFO - 1279 | BUY  | 25832.23 |  48.8 |  -2.58% |   -0.0030 | $    482.90 | $    179.49 | 0.011745
2025-06-08 15:39:41,208 - INFO - 1280 | SELL | 25162.65 |  47.3 |  -2.29% |   -0.0034 | $    471.35 | $    249.69 | 0.008809
2025-06-08 15:39:41,208 - INFO - 1281 | SELL | 25833.34 |  41.4 |  -4.82% |   -0.0033 | $    474.41 | $    303.73 | 0.006607
2025-06-08 15:39:41,208 - INFO - 
Action distribution for Episode 440:
2025-06-08 15:39:41,208 - INFO -   HOLD:  477 ( 37.2%)
2025-06-08 15:39:41,208 - INFO -   BUY:   395 ( 30.8%)
2025-06-08 15:39:41,208 - INFO -   SELL:  410 ( 32.0%)
2025-06-08 15:39:41,208 - INFO - --------------------------------------------------------------------------------------------------------------
2025-06-08 15:39:42,113 - INFO - Step 565000: Loss = 0.029159, Epsilon = 0.4550
2025-06-08 15:39:42,474 - INFO - Episode 441: Reward = -2.1589, Portfolio = $931.76, Return = -90.68%, Cash = $636.87, Crypto = 0.011415, Steps = 1282
2025-06-08 15:39:43,165 - INFO - Step 566000: Loss = 0.004514, Epsilon = 0.4541
2025-06-08 15:39:43,166 - INFO - Step 566000: Target network updated
2025-06-08 15:39:43,821 - INFO - Episode 442: Reward = -1.8363, Portfolio = $1023.79, Return = -89.76%, Cash = $539.30, Crypto = 0.018755, Steps = 1282
2025-06-08 15:39:44,188 - INFO - Step 567000: Loss = 0.024702, Epsilon = 0.4531
2025-06-08 15:39:45,131 - INFO - Episode 443: Reward = -2.1862, Portfolio = $681.30, Return = -93.19%, Cash = $264.94, Crypto = 0.016117, Steps = 1282
2025-06-08 15:39:45,210 - INFO - Step 568000: Loss = 0.007949, Epsilon = 0.4521
2025-06-08 15:39:45,211 - INFO - Step 568000: Target network updated
2025-06-08 15:39:46,251 - INFO - Step 569000: Loss = 0.017312, Epsilon = 0.4512
2025-06-08 15:39:46,458 - INFO - Episode 444: Reward = -2.1996, Portfolio = $848.28, Return = -91.52%, Cash = $311.95, Crypto = 0.020761, Steps = 1282
2025-06-08 15:39:47,308 - INFO - Step 570000: Loss = 0.008475, Epsilon = 0.4502
2025-06-08 15:39:47,309 - INFO - Step 570000: Target network updated
2025-06-08 15:39:47,785 - INFO - Episode 445: Reward = -2.8766, Portfolio = $365.74, Return = -96.34%, Cash = $315.49, Crypto = 0.001945, Steps = 1282
2025-06-08 15:39:48,339 - INFO - Step 571000: Loss = 0.024745, Epsilon = 0.4492
2025-06-08 15:39:49,164 - INFO - Episode 446: Reward = -2.1156, Portfolio = $992.67, Return = -90.07%, Cash = $916.92, Crypto = 0.002932, Steps = 1282
2025-06-08 15:39:49,407 - INFO - Step 572000: Loss = 0.006736, Epsilon = 0.4483
2025-06-08 15:39:49,407 - INFO - Step 572000: Target network updated
2025-06-08 15:39:50,410 - INFO - Step 573000: Loss = 0.030647, Epsilon = 0.4473
2025-06-08 15:39:50,464 - INFO - Episode 447: Reward = -2.3289, Portfolio = $820.13, Return = -91.80%, Cash = $342.71, Crypto = 0.018481, Steps = 1282
2025-06-08 15:39:51,450 - INFO - Step 574000: Loss = 0.003457, Epsilon = 0.4464
2025-06-08 15:39:51,450 - INFO - Step 574000: Target network updated
2025-06-08 15:39:51,781 - INFO - Episode 448: Reward = -2.3977, Portfolio = $481.69, Return = -95.18%, Cash = $202.77, Crypto = 0.010797, Steps = 1282
2025-06-08 15:39:52,448 - INFO - Step 575000: Loss = 0.021670, Epsilon = 0.4454
2025-06-08 15:39:53,058 - INFO - Episode 449: Reward = -2.0794, Portfolio = $498.33, Return = -95.02%, Cash = $320.17, Crypto = 0.006896, Steps = 1282
2025-06-08 15:39:53,450 - INFO - Step 576000: Loss = 0.004703, Epsilon = 0.4444
2025-06-08 15:39:53,450 - INFO - Step 576000: Target network updated
2025-06-08 15:39:54,404 - INFO - Episode 450: Reward = -2.1089, Portfolio = $763.57, Return = -92.36%, Cash = $174.73, Crypto = 0.022794, Steps = 1282
2025-06-08 15:39:54,404 - INFO - Episode 450 Summary: Avg Reward (100 eps) = -2.2678, Avg Portfolio (100 eps) = $790.90, Epsilon = 0.444
2025-06-08 15:39:54,404 - INFO - 
Detailed steps for Episode 450:
2025-06-08 15:39:54,404 - INFO - Step | Action | Price    | RSI   | PnL    | Reward    | Portfolio   | Cash       | Crypto
2025-06-08 15:39:54,404 - INFO - --------------------------------------------------------------------------------------------------------------
2025-06-08 15:39:54,404 - INFO -    0 | HOLD |  7909.73 |  21.9 |  -2.00% |    0.0000 | $  10000.00 | $  10000.00 | 0.000000
2025-06-08 15:39:54,405 - INFO -    1 | SELL |  7911.43 |  24.3 |  -2.00% |   -0.0100 | $  10000.00 | $  10000.00 | 0.000000
2025-06-08 15:39:54,405 - INFO -    2 | SELL |  4970.79 |  29.9 |  -2.00% |   -0.0100 | $  10000.00 | $  10000.00 | 0.000000
2025-06-08 15:39:54,405 - INFO -    3 | HOLD |  5563.71 |  13.1 |  -2.00% |    0.0000 | $  10000.00 | $  10000.00 | 0.000000
2025-06-08 15:39:54,405 - INFO -    4 | SELL |  5200.37 |  22.5 |  -2.00% |   -0.0100 | $  10000.00 | $  10000.00 | 0.000000
2025-06-08 15:39:54,405 - INFO -    5 | SELL |  5392.31 |  21.4 |  -2.00% |   -0.0100 | $  10000.00 | $  10000.00 | 0.000000
2025-06-08 15:39:54,405 - INFO -    6 | HOLD |  5014.48 |  24.0 |  -2.00% |    0.0000 | $  10000.00 | $  10000.00 | 0.000000
2025-06-08 15:39:54,405 - INFO -    7 | HOLD |  5225.63 |  18.7 |  -2.00% |    0.0000 | $  10000.00 | $  10000.00 | 0.000000
2025-06-08 15:39:54,405 - INFO -    8 | SELL |  5238.44 |  21.7 |  -2.00% |   -0.0100 | $  10000.00 | $  10000.00 | 0.000000
2025-06-08 15:39:54,405 - INFO -    9 | SELL |  6191.19 |  22.0 |  -2.00% |   -0.0100 | $  10000.00 | $  10000.00 | 0.000000
2025-06-08 15:39:54,405 - INFO -   10 | SELL |  6198.78 |  29.1 |  -2.00% |   -0.0100 | $  10000.00 | $  10000.00 | 0.000000
2025-06-08 15:39:54,405 - INFO -   11 | HOLD |  6185.07 |  28.7 |  -2.00% |    0.0000 | $  10000.00 | $  10000.00 | 0.000000
2025-06-08 15:39:54,405 - INFO -   12 | HOLD |  5830.25 |  29.6 |  -2.00% |    0.0000 | $  10000.00 | $  10000.00 | 0.000000
2025-06-08 15:39:54,405 - INFO -   13 | SELL |  6416.31 |  31.7 |  -2.00% |   -0.0100 | $  10000.00 | $  10000.00 | 0.000000
2025-06-08 15:39:54,405 - INFO -   14 | SELL |  6734.80 |  38.6 |  -2.00% |   -0.0100 | $  10000.00 | $  10000.00 | 0.000000
2025-06-08 15:39:54,405 - INFO -   15 | BUY  |  6681.06 |  41.5 |  -2.00% |   -0.0049 | $   9950.98 | $   7500.00 | 0.366855
2025-06-08 15:39:54,405 - INFO -   16 | HOLD |  6716.44 |  41.2 |   0.00% |    0.0013 | $   9963.96 | $   7500.00 | 0.366855
2025-06-08 15:39:54,405 - INFO -   17 | BUY  |  6469.80 |  71.4 |   0.53% |   -0.0128 | $   9836.71 | $   5625.00 | 0.650980
2025-06-08 15:39:54,405 - INFO -   18 | BUY  |  6242.19 |  62.2 |  -1.81% |   -0.0179 | $   9660.97 | $   4218.75 | 0.871845
2025-06-08 15:39:54,405 - INFO -   19 | SELL |  5922.04 |  64.5 |  -3.98% |   -0.0041 | $   9317.31 | $   5444.99 | 0.653883
2025-06-08 15:39:54,405 - INFO -   ...    ...      ...       ...     ...       ...         ...          ...         ...
2025-06-08 15:39:54,405 - INFO - 1262 | BUY  | 26162.37 |  15.2 |  -2.45% |   -0.0071 | $    833.35 | $    438.60 | 0.015088
2025-06-08 15:39:54,405 - INFO - 1263 | BUY  | 26047.67 |  14.8 |  -2.22% |   -0.0069 | $    829.47 | $    328.95 | 0.019215
2025-06-08 15:39:54,405 - INFO - 1264 | SELL | 26008.46 |  14.5 |  -2.09% |   -0.0076 | $    822.47 | $    447.65 | 0.014412
2025-06-08 15:39:54,405 - INFO - 1265 | BUY  | 26089.69 |  14.0 |  -2.24% |   -0.0076 | $    821.44 | $    335.73 | 0.018617
2025-06-08 15:39:54,405 - INFO - 1266 | BUY  | 26106.15 |  15.9 |  -1.50% |   -0.0107 | $    820.10 | $    251.80 | 0.021769
2025-06-08 15:39:54,405 - INFO - 1267 | BUY  | 27727.39 |  13.9 |  -1.23% |   -0.0026 | $    854.16 | $    188.85 | 0.023995
2025-06-08 15:39:54,405 - INFO - 1268 | BUY  | 27297.27 |  37.9 |   4.42% |   -0.0027 | $    842.92 | $    141.64 | 0.025690
2025-06-08 15:39:54,405 - INFO - 1269 | SELL | 25931.47 |  38.1 |   2.61% |   -0.0035 | $    799.50 | $    299.86 | 0.019268
2025-06-08 15:39:54,405 - INFO - 1270 | SELL | 25800.72 |  43.0 |  -2.52% |   -0.0037 | $    790.77 | $    417.92 | 0.014451
2025-06-08 15:39:54,405 - INFO - 1271 | SELL | 25868.80 |  47.4 |  -3.01% |   -0.0037 | $    787.08 | $    506.71 | 0.010838
2025-06-08 15:39:54,405 - INFO - 1272 | HOLD | 25969.57 |  47.6 |  -2.76% |   -0.0037 | $    788.17 | $    506.71 | 0.010838
2025-06-08 15:39:54,405 - INFO - 1273 | BUY  | 25812.42 |  47.7 |  -2.38% |   -0.0036 | $    783.98 | $    380.03 | 0.015650
2025-06-08 15:39:54,405 - INFO - 1274 | BUY  | 25779.98 |  46.8 |  -2.07% |   -0.0034 | $    781.61 | $    285.02 | 0.019263
2025-06-08 15:39:54,405 - INFO - 1275 | SELL | 25753.24 |  47.4 |  -1.79% |   -0.0031 | $    774.90 | $    402.84 | 0.014447
2025-06-08 15:39:54,405 - INFO - 1276 | BUY  | 26240.20 |  42.4 |  -1.89% |   -0.0026 | $    779.96 | $    302.13 | 0.018210
2025-06-08 15:39:54,405 - INFO - 1277 | SELL | 25905.65 |  50.8 |  -0.03% |   -0.0030 | $    767.97 | $    414.17 | 0.013657
2025-06-08 15:39:54,405 - INFO - 1278 | BUY  | 25895.68 |  48.5 |  -1.31% |   -0.0032 | $    765.80 | $    310.63 | 0.017577
2025-06-08 15:39:54,405 - INFO - 1279 | BUY  | 25832.23 |  48.8 |  -1.05% |   -0.0032 | $    763.16 | $    232.97 | 0.020525
2025-06-08 15:39:54,405 - INFO - 1280 | BUY  | 25162.65 |  47.3 |  -1.11% |   -0.0035 | $    748.28 | $    174.73 | 0.022794
2025-06-08 15:39:54,405 - INFO - 1281 | HOLD | 25833.34 |  41.4 |  -3.32% |   -0.0028 | $    763.57 | $    174.73 | 0.022794
2025-06-08 15:39:54,405 - INFO - 
Action distribution for Episode 450:
2025-06-08 15:39:54,406 - INFO -   HOLD:  475 ( 37.1%)
2025-06-08 15:39:54,406 - INFO -   BUY:   386 ( 30.1%)
2025-06-08 15:39:54,406 - INFO -   SELL:  421 ( 32.8%)
2025-06-08 15:39:54,406 - INFO - --------------------------------------------------------------------------------------------------------------
2025-06-08 15:39:54,516 - INFO - Step 577000: Loss = 0.023866, Epsilon = 0.4435
2025-06-08 15:39:55,566 - INFO - Step 578000: Loss = 0.005830, Epsilon = 0.4425
2025-06-08 15:39:55,566 - INFO - Step 578000: Target network updated
2025-06-08 15:39:55,758 - INFO - Episode 451: Reward = -2.0617, Portfolio = $874.77, Return = -91.25%, Cash = $366.04, Crypto = 0.019693, Steps = 1282
2025-06-08 15:39:56,646 - INFO - Step 579000: Loss = 0.078620, Epsilon = 0.4415
2025-06-08 15:39:57,126 - INFO - Episode 452: Reward = -2.1292, Portfolio = $1282.76, Return = -87.17%, Cash = $479.71, Crypto = 0.031086, Steps = 1282
2025-06-08 15:39:57,650 - INFO - Step 580000: Loss = 0.003682, Epsilon = 0.4406
2025-06-08 15:39:57,650 - INFO - Step 580000: Target network updated
2025-06-08 15:39:58,388 - INFO - Episode 453: Reward = -2.0360, Portfolio = $1225.67, Return = -87.74%, Cash = $671.71, Crypto = 0.021443, Steps = 1282
2025-06-08 15:39:58,651 - INFO - Step 581000: Loss = 0.042669, Epsilon = 0.4396
2025-06-08 15:39:59,696 - INFO - Step 582000: Loss = 0.003474, Epsilon = 0.4386
2025-06-08 15:39:59,696 - INFO - Step 582000: Target network updated
2025-06-08 15:39:59,727 - INFO - Episode 454: Reward = -1.8930, Portfolio = $1203.74, Return = -87.96%, Cash = $648.88, Crypto = 0.021479, Steps = 1282
2025-06-08 15:40:00,708 - INFO - Step 583000: Loss = 0.021460, Epsilon = 0.4377
2025-06-08 15:40:01,028 - INFO - Episode 455: Reward = -2.3327, Portfolio = $439.48, Return = -95.61%, Cash = $82.69, Crypto = 0.013811, Steps = 1282
2025-06-08 15:40:01,743 - INFO - Step 584000: Loss = 0.008547, Epsilon = 0.4367
2025-06-08 15:40:01,743 - INFO - Step 584000: Target network updated
2025-06-08 15:40:02,334 - INFO - Episode 456: Reward = -2.6984, Portfolio = $794.43, Return = -92.06%, Cash = $257.11, Crypto = 0.020799, Steps = 1282
2025-06-08 15:40:02,727 - INFO - Step 585000: Loss = 0.011480, Epsilon = 0.4357
2025-06-08 15:40:03,580 - INFO - Episode 457: Reward = -1.8681, Portfolio = $1047.93, Return = -89.52%, Cash = $206.15, Crypto = 0.032585, Steps = 1282
2025-06-08 15:40:03,705 - INFO - Step 586000: Loss = 0.009306, Epsilon = 0.4348
2025-06-08 15:40:03,706 - INFO - Step 586000: Target network updated
2025-06-08 15:40:04,667 - INFO - Step 587000: Loss = 0.045359, Epsilon = 0.4338
2025-06-08 15:40:04,817 - INFO - Episode 458: Reward = -2.3676, Portfolio = $1126.92, Return = -88.73%, Cash = $936.26, Crypto = 0.007380, Steps = 1282
2025-06-08 15:40:05,694 - INFO - Step 588000: Loss = 0.007771, Epsilon = 0.4329
2025-06-08 15:40:05,695 - INFO - Step 588000: Target network updated
2025-06-08 15:40:06,233 - INFO - Episode 459: Reward = -2.4356, Portfolio = $735.63, Return = -92.64%, Cash = $407.35, Crypto = 0.012707, Steps = 1282
2025-06-08 15:40:06,836 - INFO - Step 589000: Loss = 0.014576, Epsilon = 0.4319
2025-06-08 15:40:07,546 - INFO - Episode 460: Reward = -2.4225, Portfolio = $873.55, Return = -91.26%, Cash = $457.27, Crypto = 0.016114, Steps = 1282
2025-06-08 15:40:07,546 - INFO - Episode 460 Summary: Avg Reward (100 eps) = -2.2638, Avg Portfolio (100 eps) = $797.99, Epsilon = 0.431
2025-06-08 15:40:07,546 - INFO - 
Detailed steps for Episode 460:
2025-06-08 15:40:07,546 - INFO - Step | Action | Price    | RSI   | PnL    | Reward    | Portfolio   | Cash       | Crypto
2025-06-08 15:40:07,546 - INFO - --------------------------------------------------------------------------------------------------------------
2025-06-08 15:40:07,546 - INFO -    0 | SELL |  7909.73 |  21.9 |  -2.00% |   -0.0100 | $  10000.00 | $  10000.00 | 0.000000
2025-06-08 15:40:07,546 - INFO -    1 | HOLD |  7911.43 |  24.3 |  -2.00% |    0.0000 | $  10000.00 | $  10000.00 | 0.000000
2025-06-08 15:40:07,546 - INFO -    2 | SELL |  4970.79 |  29.9 |  -2.00% |   -0.0100 | $  10000.00 | $  10000.00 | 0.000000
2025-06-08 15:40:07,546 - INFO -    3 | HOLD |  5563.71 |  13.1 |  -2.00% |    0.0000 | $  10000.00 | $  10000.00 | 0.000000
2025-06-08 15:40:07,546 - INFO -    4 | HOLD |  5200.37 |  22.5 |  -2.00% |    0.0000 | $  10000.00 | $  10000.00 | 0.000000
2025-06-08 15:40:07,546 - INFO -    5 | HOLD |  5392.31 |  21.4 |  -2.00% |    0.0000 | $  10000.00 | $  10000.00 | 0.000000
2025-06-08 15:40:07,547 - INFO -    6 | HOLD |  5014.48 |  24.0 |  -2.00% |    0.0000 | $  10000.00 | $  10000.00 | 0.000000
2025-06-08 15:40:07,547 - INFO -    7 | HOLD |  5225.63 |  18.7 |  -2.00% |    0.0000 | $  10000.00 | $  10000.00 | 0.000000
2025-06-08 15:40:07,547 - INFO -    8 | HOLD |  5238.44 |  21.7 |  -2.00% |    0.0000 | $  10000.00 | $  10000.00 | 0.000000
2025-06-08 15:40:07,547 - INFO -    9 | BUY  |  6191.19 |  22.0 |  -2.00% |   -0.0049 | $   9950.98 | $   7500.00 | 0.395882
2025-06-08 15:40:07,547 - INFO -   10 | HOLD |  6198.78 |  29.1 |   0.00% |    0.0003 | $   9953.98 | $   7500.00 | 0.395882
2025-06-08 15:40:07,547 - INFO -   11 | HOLD |  6185.07 |  28.7 |   0.12% |   -0.0005 | $   9948.56 | $   7500.00 | 0.395882
2025-06-08 15:40:07,547 - INFO -   12 | BUY  |  5830.25 |  29.6 |  -0.10% |   -0.0178 | $   9771.33 | $   5625.00 | 0.711174
2025-06-08 15:40:07,547 - INFO -   13 | SELL |  6416.31 |  31.7 |  -3.33% |    0.0368 | $  10131.08 | $   6708.74 | 0.533381
2025-06-08 15:40:07,547 - INFO -   14 | HOLD |  6734.80 |  38.6 |   6.39% |    0.0168 | $  10300.95 | $   6708.74 | 0.533381
2025-06-08 15:40:07,547 - INFO -   15 | BUY  |  6681.06 |  41.5 |  11.67% |   -0.0060 | $  10239.40 | $   5031.56 | 0.779494
2025-06-08 15:40:07,547 - INFO -   16 | HOLD |  6716.44 |  41.2 |   7.13% |    0.0027 | $  10266.98 | $   5031.56 | 0.779494
2025-06-08 15:40:07,547 - INFO -   17 | BUY  |  6469.80 |  71.4 |   7.70% |   -0.0211 | $  10050.06 | $   3773.67 | 0.970107
2025-06-08 15:40:07,547 - INFO -   18 | HOLD |  6242.19 |  62.2 |   2.99% |   -0.0220 | $   9829.26 | $   3773.67 | 0.970107
2025-06-08 15:40:07,547 - INFO -   19 | HOLD |  5922.04 |  64.5 |  -0.64% |   -0.0018 | $   9518.68 | $   3773.67 | 0.970107
2025-06-08 15:40:07,547 - INFO -   ...    ...      ...       ...     ...       ...         ...          ...         ...
2025-06-08 15:40:07,547 - INFO - 1262 | HOLD | 26162.37 |  15.2 |  -3.25% |   -0.0063 | $    943.84 | $    497.32 | 0.017067
2025-06-08 15:40:07,547 - INFO - 1263 | BUY  | 26047.67 |  14.8 |  -4.24% |   -0.0067 | $    939.44 | $    372.99 | 0.021747
2025-06-08 15:40:07,547 - INFO - 1264 | BUY  | 26008.46 |  14.5 |  -3.69% |   -0.0069 | $    936.76 | $    279.74 | 0.025262
2025-06-08 15:40:07,547 - INFO - 1265 | BUY  | 26089.69 |  14.0 |  -3.32% |   -0.0071 | $    937.44 | $    209.81 | 0.027890
2025-06-08 15:40:07,547 - INFO - 1266 | BUY  | 26106.15 |  15.9 |  -2.74% |   -0.0083 | $    936.87 | $    157.36 | 0.029860
2025-06-08 15:40:07,547 - INFO - 1267 | BUY  | 27727.39 |  13.9 |  -2.51% |   -0.0019 | $    984.51 | $    118.02 | 0.031250
2025-06-08 15:40:07,547 - INFO - 1268 | SELL | 27297.27 |  37.9 |   3.38% |   -0.0024 | $    960.41 | $    320.62 | 0.023438
2025-06-08 15:40:07,547 - INFO - 1269 | SELL | 25931.47 |  38.1 |   1.78% |   -0.0032 | $    920.80 | $    464.96 | 0.017578
2025-06-08 15:40:07,547 - INFO - 1270 | SELL | 25800.72 |  43.0 |  -3.31% |   -0.0033 | $    912.83 | $    572.68 | 0.013184
2025-06-08 15:40:07,547 - INFO - 1271 | BUY  | 25868.80 |  47.4 |  -3.80% |   -0.0032 | $    910.92 | $    429.51 | 0.018610
2025-06-08 15:40:07,547 - INFO - 1272 | SELL | 25969.57 |  47.6 |  -2.54% |   -0.0034 | $    906.75 | $    544.29 | 0.013957
2025-06-08 15:40:07,547 - INFO - 1273 | SELL | 25812.42 |  47.7 |  -2.16% |   -0.0035 | $    900.06 | $    629.85 | 0.010468
2025-06-08 15:40:07,547 - INFO - 1274 | SELL | 25779.98 |  46.8 |  -2.75% |   -0.0032 | $    896.34 | $    693.95 | 0.007851
2025-06-08 15:40:07,547 - INFO - 1275 | BUY  | 25753.24 |  47.4 |  -2.87% |   -0.0027 | $    892.73 | $    520.46 | 0.014455
2025-06-08 15:40:07,547 - INFO - 1276 | BUY  | 26240.20 |  42.4 |  -1.64% |   -0.0021 | $    897.22 | $    390.35 | 0.019317
2025-06-08 15:40:07,547 - INFO - 1277 | HOLD | 25905.65 |  50.8 |   0.17% |   -0.0022 | $    890.76 | $    390.35 | 0.019317
2025-06-08 15:40:07,547 - INFO - 1278 | BUY  | 25895.68 |  48.5 |  -1.11% |   -0.0022 | $    888.65 | $    292.76 | 0.023011
2025-06-08 15:40:07,547 - INFO - 1279 | SELL | 25832.23 |  48.8 |  -0.97% |   -0.0025 | $    879.76 | $    433.94 | 0.017258
2025-06-08 15:40:07,547 - INFO - 1280 | BUY  | 25162.65 |  47.3 |  -1.21% |   -0.0027 | $    866.08 | $    325.45 | 0.021485
2025-06-08 15:40:07,547 - INFO - 1281 | SELL | 25833.34 |  41.4 |  -3.05% |   -0.0025 | $    873.55 | $    457.27 | 0.016114
2025-06-08 15:40:07,548 - INFO - 
Action distribution for Episode 460:
2025-06-08 15:40:07,548 - INFO -   HOLD:  435 ( 33.9%)
2025-06-08 15:40:07,548 - INFO -   BUY:   394 ( 30.7%)
2025-06-08 15:40:07,548 - INFO -   SELL:  453 ( 35.3%)
2025-06-08 15:40:07,548 - INFO - --------------------------------------------------------------------------------------------------------------
2025-06-08 15:40:07,859 - INFO - Step 590000: Loss = 0.007910, Epsilon = 0.4309
2025-06-08 15:40:07,859 - INFO - Step 590000: Target network updated
